"Molecule ChEMBL ID";"Molecule Name";"Molecule Max Phase";"Molecular Weight";"#RO5 Violations";"AlogP";"Compound Key";"Smiles";"Standard Type";"Standard Relation";"Standard Value";"Standard Units";"pChEMBL Value";"Data Validity Comment";"Comment";"Uo Units";"Ligand Efficiency BEI";"Ligand Efficiency LE";"Ligand Efficiency LLE";"Ligand Efficiency SEI";"Potential Duplicate";"Assay ChEMBL ID";"Assay Description";"Assay Type";"BAO Format ID";"BAO Label";"Assay Organism";"Assay Tissue ChEMBL ID";"Assay Tissue Name";"Assay Cell Type";"Assay Subcellular Fraction";"Assay Parameters";"Assay Variant Accession";"Assay Variant Mutation";"Target ChEMBL ID";"Target Name";"Target Organism";"Target Type";"Document ChEMBL ID";"Source ID";"Source Description";"Document Journal";"Document Year";"Cell ChEMBL ID";"Properties";"Action Type";"Standard Text Value";"Value"
"CHEMBL404605";"";"None";"163.22";"0";"1.55";"17";"CCc1ccc(NC(=N)N)cc1";"Ki";"'='";"5770000.0";"nM";"";"Outside typical range";"";"UO_0000065";"";"";"";"";"0";"CHEMBL815752";"Inhibition against Trypsin";"B";"BAO_0000357";"single protein format";"Bos taurus";"None";"None";"None";"None";"";"";"";"CHEMBL3769";"Serine protease 1";"Bos taurus";"SINGLE PROTEIN";"CHEMBL1125001";"1";"Scientific Literature";"J Med Chem";"1990";"None";"";"";"";"5.77"
"CHEMBL49958";"";"None";"423.47";"0";"3.77";"14c";"Cc1c(F)c(N(C)c2cccc(C(=N)N)c2)nc(N(C)c2cccc(C(=N)N)c2)c1F";"Ki";"'='";"360.0";"nM";"6.44";"";"";"UO_0000065";"15.22";"0.28";"2.67";"5.41";"0";"CHEMBL817573";"Compound was tested for inhibition activity against bovine trypsin.";"B";"BAO_0000357";"single protein format";"Bos taurus";"None";"None";"None";"None";"";"";"";"CHEMBL3769";"Serine protease 1";"Bos taurus";"SINGLE PROTEIN";"CHEMBL1132209";"1";"Scientific Literature";"J Med Chem";"1999";"None";"";"";"";"360.0"
"CHEMBL421880";"";"None";"508.69";"1";"3.66";"5";"CN(C)c1cccc2c(S(=O)(=O)N[C@@H](Cc3ccc(CN)cc3)C(=O)N(C)C3CCCC3)cccc12";"Ki";"'='";"17100.0";"nM";"4.77";"";"";"UO_0000065";"9.37";"0.18";"1.11";"4.98";"0";"CHEMBL817623";"Binding affinity towards bovine trypsin was evaluated in vitro";"B";"BAO_0000357";"single protein format";"Bos taurus";"None";"None";"None";"None";"";"";"";"CHEMBL3769";"Serine protease 1";"Bos taurus";"SINGLE PROTEIN";"CHEMBL1130583";"1";"Scientific Literature";"Bioorg Med Chem Lett";"1998";"None";"";"";"";"17100.0"
"CHEMBL3349045";"";"None";"659.63";"None";"None";"9a";"COCCC[C@@H](NC(=O)[C@@H]1CCCN1C(=O)[C@@H](Cc1ccccc1)NC(=O)OCc1ccccc1)B1O[C@@H]2CC3CC(C3(C)C)[C@]2(C)O1";"Ki";"'='";"0.67";"nM";"9.17";"";"";"UO_0000065";"13.91";"None";"None";"None";"0";"CHEMBL817620";"Binding affinity against Trypsin";"B";"BAO_0000357";"single protein format";"Bos taurus";"None";"None";"None";"None";"";"";"";"CHEMBL3769";"Serine protease 1";"Bos taurus";"SINGLE PROTEIN";"CHEMBL1128727";"1";"Scientific Literature";"J Med Chem";"1995";"None";"";"";"";"0.67"
"CHEMBL357067";"";"None";"536.65";"1";"2.82";"4";"CCOC(=O)C1CCN(C(=O)C(Cc2cccc(C(=N)N)c2)NS(=O)(=O)c2ccc3ccccc3c2)CC1";"Ki";"'='";"8.4";"nM";"8.08";"";"";"UO_0000065";"15.05";"0.29";"5.26";"5.66";"0";"CHEMBL819016";"Inhibitory activity against bovine trypsin expressed as dissociation constant";"B";"BAO_0000357";"single protein format";"Bos taurus";"None";"None";"None";"None";"";"";"";"CHEMBL3769";"Serine protease 1";"Bos taurus";"SINGLE PROTEIN";"CHEMBL1131451";"1";"Scientific Literature";"J Med Chem";"1998";"None";"";"";"";"0.0084"
"CHEMBL148317";"";"None";"677.91";"2";"5.34";"6a";"CC(C)c1cc(C(C)C)c(S(=O)(=O)NC(Cc2cccc(C(N)N)c2)C(=O)N2CCN(C(=O)OCc3ccccc3)CC2)c(C(C)C)c1";"Ki";"'='";"200.0";"nM";"6.70";"";"";"UO_0000065";"9.88";"0.19";"1.36";"4.52";"0";"CHEMBL819016";"Inhibitory activity against bovine trypsin expressed as dissociation constant";"B";"BAO_0000357";"single protein format";"Bos taurus";"None";"None";"None";"None";"";"";"";"CHEMBL3769";"Serine protease 1";"Bos taurus";"SINGLE PROTEIN";"CHEMBL1131451";"1";"Scientific Literature";"J Med Chem";"1998";"None";"";"";"";"0.2"
"CHEMBL314585";"";"None";"515.68";"1";"4.74";"10";"CN(C(=O)[C@H](Cc1ccc(CN)cc1)NS(=O)(=O)c1ccc2cc3ccccc3cc2c1)C1CCCC1";"Ki";"'='";"3300.0";"nM";"5.48";"";"";"UO_0000065";"10.63";"0.20";"0.74";"5.93";"0";"CHEMBL817623";"Binding affinity towards bovine trypsin was evaluated in vitro";"B";"BAO_0000357";"single protein format";"Bos taurus";"None";"None";"None";"None";"";"";"";"CHEMBL3769";"Serine protease 1";"Bos taurus";"SINGLE PROTEIN";"CHEMBL1130583";"1";"Scientific Literature";"Bioorg Med Chem Lett";"1998";"None";"";"";"";"3300.0"
"CHEMBL358918";"";"None";"386.50";"0";"4.25";"4c";"N=C(N)c1ccc(/C=C2/CCCCC/C(=C/c3ccc(C(=N)N)cc3)C2=O)cc1";"Ki";"'='";"100.0";"nM";"7.00";"";"";"UO_0000065";"18.11";"0.33";"2.75";"5.99";"0";"CHEMBL815005";"In vitro inhibition of bovine trypsin(Trp).";"B";"BAO_0000357";"single protein format";"Bos taurus";"None";"None";"None";"None";"";"";"";"CHEMBL3769";"Serine protease 1";"Bos taurus";"SINGLE PROTEIN";"CHEMBL1132552";"1";"Scientific Literature";"J Med Chem";"1999";"None";"";"";"";"100.0"
"CHEMBL7758";"";"None";"519.67";"1";"4.38";"22";"CNc1ccc(C#CC[C@H](NS(=O)(=O)c2ccc3cc(OC)ccc3c2)C(=O)N(C)C2CCCC2)cc1";"Ki";"'>'";"30000.0";"nM";"";"";"";"UO_0000065";"";"";"";"";"0";"CHEMBL817586";"Inhibitory activity against bovine trypsin";"B";"BAO_0000357";"single protein format";"Bos taurus";"None";"None";"None";"None";"";"";"";"CHEMBL3769";"Serine protease 1";"Bos taurus";"SINGLE PROTEIN";"CHEMBL1132084";"1";"Scientific Literature";"Bioorg Med Chem Lett";"1999";"None";"";"";"";"30.0"
"CHEMBL108458";"";"None";"469.57";"0";"1.51";"19";"Cc1ccc(NS(=O)(=O)Cc2ccccc2)c(=O)n1CC(=O)NC1CCc2nn(C)cc2C1";"Ki";"'='";"807000.0";"nM";"";"Outside typical range";"";"UO_0000065";"";"";"";"";"0";"CHEMBL815006";"Inhibitory activity against Trypsin";"B";"BAO_0000357";"single protein format";"Bos taurus";"None";"None";"None";"None";"";"";"";"CHEMBL3769";"Serine protease 1";"Bos taurus";"SINGLE PROTEIN";"CHEMBL1136225";"1";"Scientific Literature";"Bioorg Med Chem Lett";"2003";"None";"";"";"";"807.0"
"CHEMBL419671";"";"None";"498.67";"0";"3.56";"13";"CN(C(=O)[C@H](Cc1ccc(CN)cc1)NS(=O)(=O)c1ccc(-c2ccccn2)s1)C1CCCC1";"Ki";"";"";"nM";"";"";"Not Determined";"UO_0000065";"";"";"";"";"0";"CHEMBL817624";"Binding affinity towards bovine trypsin was evaluated in vitro; Not determined";"B";"BAO_0000357";"single protein format";"Bos taurus";"None";"None";"None";"None";"";"";"";"CHEMBL3769";"Serine protease 1";"Bos taurus";"SINGLE PROTEIN";"CHEMBL1130583";"1";"Scientific Literature";"Bioorg Med Chem Lett";"1998";"None";"";"";"";""
"CHEMBL137269";"";"None";"371.18";"0";"2.69";"Lactone IIb";"N=C(N)Nc1ccc(C2CC(=O)O/C(=C\I)C2)cc1";"Ki";"'='";"4280.0";"nM";"5.37";"";"";"UO_0000065";"14.46";"0.39";"2.68";"6.09";"0";"CHEMBL817576";"Compound was tested for its binding affinity against the enzyme trypsin";"B";"BAO_0000357";"single protein format";"Bos taurus";"None";"None";"None";"None";"";"";"";"CHEMBL3769";"Serine protease 1";"Bos taurus";"SINGLE PROTEIN";"CHEMBL1125358";"1";"Scientific Literature";"J Med Chem";"1992";"None";"";"";"";"4.28"
"CHEMBL266196";"";"None";"465.62";"0";"3.59";"4";"CN(C(=O)[C@H](Cc1ccc(CN)cc1)NS(=O)(=O)c1ccc2ccccc2c1)C1CCCC1";"Ki";"'='";"13600.0";"nM";"4.87";"";"";"UO_0000065";"10.45";"0.20";"1.28";"5.26";"0";"CHEMBL817623";"Binding affinity towards bovine trypsin was evaluated in vitro";"B";"BAO_0000357";"single protein format";"Bos taurus";"None";"None";"None";"None";"";"";"";"CHEMBL3769";"Serine protease 1";"Bos taurus";"SINGLE PROTEIN";"CHEMBL1130583";"1";"Scientific Literature";"Bioorg Med Chem Lett";"1998";"None";"";"";"";"13600.0"
"CHEMBL94336";"";"None";"372.47";"0";"3.86";"2a";"N=C(N)c1ccc(/C=C2/CCCC/C(=C\c3ccc(C(=N)N)cc3)C2=O)cc1";"Ki";"'='";"29.0";"nM";"7.54";"";"";"UO_0000065";"20.24";"0.37";"3.68";"6.45";"0";"CHEMBL817625";"Compound (isomer) was tested in the absence of light for inhibitory activity against trypsin.";"B";"BAO_0000357";"single protein format";"Bos taurus";"None";"None";"None";"None";"";"";"";"CHEMBL3769";"Serine protease 1";"Bos taurus";"SINGLE PROTEIN";"CHEMBL1131630";"1";"Scientific Literature";"J Med Chem";"1998";"None";"";"";"";"29.0"
"CHEMBL159816";"";"None";"460.52";"0";"3.95";"15";"CS(=O)(=O)c1ccccc1-c1ccc(NC(=O)c2conc2-c2cccc(C(=N)N)c2)cc1";"Ki";"'='";"25.0";"nM";"7.60";"";"";"UO_0000065";"16.51";"0.31";"3.65";"5.46";"0";"CHEMBL817587";"Inhibitory activity against trypsin";"B";"BAO_0000357";"single protein format";"Bos taurus";"None";"None";"None";"None";"";"";"";"CHEMBL3769";"Serine protease 1";"Bos taurus";"SINGLE PROTEIN";"CHEMBL1133078";"1";"Scientific Literature";"Bioorg Med Chem Lett";"2000";"None";"";"";"";"25.0"
"CHEMBL265315";"";"None";"422.96";"0";"0.32";"PPACK";"NC(N)=NCCC[C@@H](CCl)NC(=O)[C@@H]1CCCN1C(=O)[C@H](N)Cc1ccccc1";"Ki";"";"";"nM";"";"";"Not Determined";"UO_0000065";"";"";"";"";"0";"CHEMBL878754";"Inhibitory concentration against trypsin; Not determined";"B";"BAO_0000357";"single protein format";"Bos taurus";"None";"None";"None";"None";"";"";"";"CHEMBL3769";"Serine protease 1";"Bos taurus";"SINGLE PROTEIN";"CHEMBL1132633";"1";"Scientific Literature";"J Med Chem";"1999";"None";"";"";"";""
"CHEMBL151481";"";"None";"400.53";"0";"4.47";"14b";"CN(C)C(=N)c1ccc(/C=C2/CCCC/C(=C\c3ccc(C(=N)N)cc3)C2=O)cc1";"Ki";"'='";"15.0";"nM";"7.82";"";"";"UO_0000065";"19.53";"0.36";"3.35";"8.32";"0";"CHEMBL618434";"In vitro inhibition of bovine trypsin(Trp).";"B";"BAO_0000357";"single protein format";"Bos taurus";"None";"None";"None";"None";"";"";"";"CHEMBL3769";"Serine protease 1";"Bos taurus";"SINGLE PROTEIN";"CHEMBL1132552";"1";"Scientific Literature";"J Med Chem";"1999";"None";"";"";"";"15.0"
"CHEMBL55035";"";"None";"372.47";"0";"3.86";"1c";"N=C(N)c1ccc(/C=C2/CCCC/C(=C/c3ccc(C(=N)N)cc3)C2=O)cc1";"Ki";"'='";"33.0";"nM";"7.48";"";"";"UO_0000065";"20.09";"0.36";"3.62";"6.40";"1";"CHEMBL618434";"In vitro inhibition of bovine trypsin(Trp).";"B";"BAO_0000357";"single protein format";"Bos taurus";"None";"None";"None";"None";"";"";"";"CHEMBL3769";"Serine protease 1";"Bos taurus";"SINGLE PROTEIN";"CHEMBL1132552";"1";"Scientific Literature";"J Med Chem";"1999";"None";"";"";"";"33.0"
"CHEMBL3735513";"";"None";"1221.52";"None";"None";"peptide8";"CC(C)C[C@@H]1NC(=O)[C@H](C)NC(=O)[C@H](CC2CCN(C(=N)N)CC2)NC(=O)[C@H](Cc2ccccc2)NC(=O)[C@H](CCCNC(=N)N)NC(=O)[C@H](C)NC(=O)[C@@H]2CCCN2C(=O)[C@@H](N)CSSC[C@@H](C(=O)O)NC(=O)[C@H](Cc2ccccc2)NC1=O";"Ki";"'='";"18200.0";"nM";"4.74";"";"";"UO_0000065";"3.88";"None";"None";"None";"0";"CHEMBL3739088";"Inhibition of bovine beta-trypsin after 15 mins using Bz-Ile-Glu(g-OR)-Gly-Arg-p-nitroanilide as substrate";"B";"BAO_0000357";"single protein format";"Bos taurus";"None";"None";"None";"None";"";"";"";"CHEMBL3769";"Serine protease 1";"Bos taurus";"SINGLE PROTEIN";"CHEMBL3734702";"1";"Scientific Literature";"J Med Chem";"2015";"None";"";"";"";"18.2"
"CHEMBL134926";"";"None";"245.28";"0";"1.93";"2a";"C=C1CC(c2ccc(NC(=N)N)cc2)CC(=O)O1";"Ki";"'='";"9400.0";"nM";"5.03";"";"";"UO_0000065";"20.49";"0.38";"3.10";"5.70";"0";"CHEMBL817576";"Compound was tested for its binding affinity against the enzyme trypsin";"B";"BAO_0000357";"single protein format";"Bos taurus";"None";"None";"None";"None";"";"";"";"CHEMBL3769";"Serine protease 1";"Bos taurus";"SINGLE PROTEIN";"CHEMBL1125358";"1";"Scientific Literature";"J Med Chem";"1992";"None";"";"";"";"9.4"
"CHEMBL24479";"";"None";"138.17";"0";"0.49";"4";"OCCNc1ccncc1";"Ki";"'>'";"500000.0";"nM";"";"Outside typical range";"";"UO_0000065";"";"";"";"";"0";"CHEMBL818253";"Tested for the Inhibition of the catalytic activity of bovine trypsin at 25 degree C and pH 7.5.";"B";"BAO_0000357";"single protein format";"Bos taurus";"None";"None";"None";"None";"";"";"";"CHEMBL3769";"Serine protease 1";"Bos taurus";"SINGLE PROTEIN";"CHEMBL1150979";"1";"Scientific Literature";"Bioorg Med Chem Lett";"1997";"None";"";"";"";"500.0"
"CHEMBL120162";"";"None";"442.46";"0";"-1.45";"25";"NC(N)=NCCCCNC(=O)[C@@H]1CS[C@H]2CC[C@H](N)C(=O)N21.O=C(O)C(F)(F)F";"Ki";"'='";"3580.0";"nM";"5.45";"";"";"UO_0000065";"16.58";"0.34";"6.90";"3.89";"0";"CHEMBL815750";"In vitro inhibition was measured against Human bovine pancreatic trypsin.";"B";"BAO_0000357";"single protein format";"Bos taurus";"None";"None";"None";"None";"";"";"";"CHEMBL3769";"Serine protease 1";"Bos taurus";"SINGLE PROTEIN";"CHEMBL1131291";"1";"Scientific Literature";"J Med Chem";"1998";"None";"";"";"";"3.58"
"CHEMBL421428";"";"None";"582.63";"0";"-0.47";"27";"N=C(N)NCCCNC(=O)[C@@H]1CS[C@H]2CC[C@H](NS(=O)(=O)Cc3ccccc3)C(=O)N21.O=C(O)C(F)(F)F";"Ki";"'='";"7900.0";"nM";"5.10";"";"";"UO_0000065";"10.89";"0.22";"5.57";"3.24";"0";"CHEMBL815750";"In vitro inhibition was measured against Human bovine pancreatic trypsin.";"B";"BAO_0000357";"single protein format";"Bos taurus";"None";"None";"None";"None";"";"";"";"CHEMBL3769";"Serine protease 1";"Bos taurus";"SINGLE PROTEIN";"CHEMBL1131291";"1";"Scientific Literature";"J Med Chem";"1998";"None";"";"";"";"7.9"
"CHEMBL101343";"";"None";"249.32";"0";"2.97";"20";"N=C(N)c1ccc2c(ccn2Cc2ccccc2)c1";"Ki";"'='";"15400.0";"nM";"4.81";"";"";"UO_0000065";"19.30";"0.35";"1.84";"8.78";"0";"CHEMBL817581";"Inhibition constant against bovine trypsin";"B";"BAO_0000357";"single protein format";"Bos taurus";"None";"None";"None";"None";"";"";"";"CHEMBL3769";"Serine protease 1";"Bos taurus";"SINGLE PROTEIN";"CHEMBL1122336";"1";"Scientific Literature";"J Med Chem";"1983";"None";"";"";"";"15.4"
"CHEMBL96484";"";"None";"429.52";"0";"0.88";"18";"O=C(O)CN[C@H](CC1CCCCC1)C(=O)N1CCC[C@H]1C(=O)NCC#Cc1c[nH]cn1";"Ki";"";"";"nM";"";"";"Not Determined";"UO_0000065";"";"";"";"";"0";"CHEMBL817585";"Inhibitory activity against Bovine Trypsin; No data";"B";"BAO_0000357";"single protein format";"Bos taurus";"None";"None";"None";"None";"";"";"";"CHEMBL3769";"Serine protease 1";"Bos taurus";"SINGLE PROTEIN";"CHEMBL1133054";"1";"Scientific Literature";"Bioorg Med Chem Lett";"2000";"None";"";"";"";""
"CHEMBL283022";"";"None";"597.16";"2";"0.95";"19d MOL150";"N=C(N)NCCC[C@H](NC(=O)[C@@H]1CCN2CC[C@@](N)(Cc3ccccc3)CN12)C(=O)C(=O)NCCc1ccc(Cl)cc1";"Ki";"";"";"nM";"";"";"Not Determined";"UO_0000065";"";"";"";"";"0";"CHEMBL878754";"Inhibitory concentration against trypsin; Not determined";"B";"BAO_0000357";"single protein format";"Bos taurus";"None";"None";"None";"None";"";"";"";"CHEMBL3769";"Serine protease 1";"Bos taurus";"SINGLE PROTEIN";"CHEMBL1132633";"1";"Scientific Literature";"J Med Chem";"1999";"None";"";"";"";""
"CHEMBL101027";"";"None";"372.48";"0";"3.64";"24";"N=C(N)c1ccc2c(ccn2CCCCn2ccc3cc(C(=N)N)ccc32)c1";"Ki";"'='";"3200.0";"nM";"5.50";"";"";"UO_0000065";"14.75";"0.27";"1.85";"5.01";"0";"CHEMBL817581";"Inhibition constant against bovine trypsin";"B";"BAO_0000357";"single protein format";"Bos taurus";"None";"None";"None";"None";"";"";"";"CHEMBL3769";"Serine protease 1";"Bos taurus";"SINGLE PROTEIN";"CHEMBL1122336";"1";"Scientific Literature";"J Med Chem";"1983";"None";"";"";"";"3.2"
"CHEMBL540073";"";"None";"569.13";"1";"2.93";"3g";"Cl.N=C(N)N1CCC[C@H](CNC(=O)[C@@H](Cc2c[nH]c3ccccc23)NS(=O)(=O)c2ccc3ccccc3c2)C1";"Ki";"'='";"130000.0";"nM";"";"Outside typical range";"";"UO_0000065";"";"";"";"";"0";"CHEMBL878759";"In vitro binding affinity by measuring the inhibition of bovine trypsin";"B";"BAO_0000357";"single protein format";"Bos taurus";"None";"None";"None";"None";"";"";"";"CHEMBL3769";"Serine protease 1";"Bos taurus";"SINGLE PROTEIN";"CHEMBL1127404";"1";"Scientific Literature";"J Med Chem";"1994";"None";"";"";"";"130.0"
"CHEMBL48133";"";"None";"476.67";"0";"3.28";"6";"CCCc1ccc(S(=O)(=O)N[C@@H](Cc2ccc(C(=N)N)s2)C(=O)N(C)C2CCCC2)cc1";"Ki";"'='";"150.0";"nM";"6.82";"";"";"UO_0000065";"14.32";"0.29";"3.54";"5.86";"0";"CHEMBL817570";"Compound was evaluated for its inhibitory activity against bovine trypsin";"B";"BAO_0000357";"single protein format";"Bos taurus";"None";"None";"None";"None";"";"";"";"CHEMBL3769";"Serine protease 1";"Bos taurus";"SINGLE PROTEIN";"CHEMBL1130864";"1";"Scientific Literature";"Bioorg Med Chem Lett";"1998";"None";"";"";"";"150.0"
"CHEMBL106079";"";"None";"554.80";"2";"5.49";"table 5";"CC1CCN(C(=O)C(Cc2cccc(C(=N)N)c2)NS(=O)(=O)c2c(C(C)C)cc(C(C)C)cc2C(C)C)CC1";"Ki";"'='";"690.0";"nM";"6.16";"";"";"UO_0000065";"11.11";"0.22";"0.67";"5.30";"0";"CHEMBL819016";"Inhibitory activity against bovine trypsin expressed as dissociation constant";"B";"BAO_0000357";"single protein format";"Bos taurus";"None";"None";"None";"None";"";"";"";"CHEMBL3769";"Serine protease 1";"Bos taurus";"SINGLE PROTEIN";"CHEMBL1131451";"1";"Scientific Literature";"J Med Chem";"1998";"None";"";"";"";"0.69"
"CHEMBL101726";"";"None";"291.36";"0";"2.26";"17";"N=C(N)c1cccc(Cn2ccc3cc(C(=N)N)ccc32)c1";"Ki";"'='";"8290.0";"nM";"5.08";"";"";"UO_0000065";"17.44";"0.32";"2.82";"4.85";"0";"CHEMBL817581";"Inhibition constant against bovine trypsin";"B";"BAO_0000357";"single protein format";"Bos taurus";"None";"None";"None";"None";"";"";"";"CHEMBL3769";"Serine protease 1";"Bos taurus";"SINGLE PROTEIN";"CHEMBL1122336";"1";"Scientific Literature";"J Med Chem";"1983";"None";"";"";"";"8.29"
"CHEMBL102002";"";"None";"410.44";"1";"3.47";"2";"N=C(N)c1ccc2[nH]c(Oc3ccc(-c4nc5cc(C(=N)N)ccc5[nH]4)cc3)nc2c1";"Ki";"'='";"4670.0";"nM";"5.33";"";"";"UO_0000065";"12.99";"0.23";"1.86";"3.20";"0";"CHEMBL817581";"Inhibition constant against bovine trypsin";"B";"BAO_0000357";"single protein format";"Bos taurus";"None";"None";"None";"None";"";"";"";"CHEMBL3769";"Serine protease 1";"Bos taurus";"SINGLE PROTEIN";"CHEMBL1122336";"1";"Scientific Literature";"J Med Chem";"1983";"None";"";"";"";"4.67"
"CHEMBL415700";"";"None";"255.20";"0";"2.20";"12";"N=C(N)c1ccc2c(C(=O)C(F)(F)F)c[nH]c2c1";"Ki";"'>'";"1000000.0";"nM";"";"Outside typical range";"";"UO_0000065";"";"";"";"";"0";"CHEMBL817581";"Inhibition constant against bovine trypsin";"B";"BAO_0000357";"single protein format";"Bos taurus";"None";"None";"None";"None";"";"";"";"CHEMBL3769";"Serine protease 1";"Bos taurus";"SINGLE PROTEIN";"CHEMBL1122336";"1";"Scientific Literature";"J Med Chem";"1983";"None";"";"";"";"1000.0"
"CHEMBL23246";"";"None";"419.51";"0";"4.53";"13a";"O=S(=O)(Nc1cccc(OCCNc2ccncc2)c1)c1ccc2ccccc2c1";"Ki";"'>'";"500000.0";"nM";"";"Outside typical range";"";"UO_0000065";"";"";"";"";"0";"CHEMBL818253";"Tested for the Inhibition of the catalytic activity of bovine trypsin at 25 degree C and pH 7.5.";"B";"BAO_0000357";"single protein format";"Bos taurus";"None";"None";"None";"None";"";"";"";"CHEMBL3769";"Serine protease 1";"Bos taurus";"SINGLE PROTEIN";"CHEMBL1150979";"1";"Scientific Literature";"Bioorg Med Chem Lett";"1997";"None";"";"";"";"500.0"
"CHEMBL100296";"";"None";"294.31";"0";"2.88";"23";"N=C(N)c1ccc(Cn2ccc3cc([N+](=O)[O-])ccc32)cc1";"Ki";"'='";"3440.0";"nM";"5.46";"";"";"UO_0000065";"18.56";"0.34";"2.58";"5.58";"0";"CHEMBL817581";"Inhibition constant against bovine trypsin";"B";"BAO_0000357";"single protein format";"Bos taurus";"None";"None";"None";"None";"";"";"";"CHEMBL3769";"Serine protease 1";"Bos taurus";"SINGLE PROTEIN";"CHEMBL1122336";"1";"Scientific Literature";"J Med Chem";"1983";"None";"";"";"";"3.44"
"CHEMBL404605";"";"None";"163.22";"0";"1.55";"17";"CCc1ccc(NC(=N)N)cc1";"Ki";"'='";"5767664.63";"nM";"";"Outside typical range";"";"UO_0000065";"";"";"";"";"0";"CHEMBL815775";"log1/Ki value was calculated against Trypsin";"B";"BAO_0000357";"single protein format";"Bos taurus";"None";"None";"None";"None";"";"";"";"CHEMBL3769";"Serine protease 1";"Bos taurus";"SINGLE PROTEIN";"CHEMBL1125001";"1";"Scientific Literature";"J Med Chem";"1990";"None";"";"";"";"2.239"
"CHEMBL332322";"";"None";"596.59";"1";"3.55";"29";"CN1CCN=C1c1cccc(Oc2nc(Oc3cc(C(=N)N)ccc3O)c(F)c(OC3CCN(CC(=O)O)CC3)c2F)c1";"Ki";"'='";"330.0";"nM";"6.48";"";"";"UO_0000065";"10.86";"0.21";"2.93";"3.89";"0";"CHEMBL817592";"Inhibitory potency was measured against bovine trypsin.";"B";"BAO_0000357";"single protein format";"Bos taurus";"None";"None";"None";"None";"";"";"";"CHEMBL3769";"Serine protease 1";"Bos taurus";"SINGLE PROTEIN";"CHEMBL1131090";"1";"Scientific Literature";"J Med Chem";"1998";"None";"";"";"";"330.0"
"CHEMBL298415";"";"None";"347.38";"0";"3.23";"3";"N=C(N)c1ccc(Oc2cccc(Oc3ccc(C(=N)N)cc3)n2)cc1";"Ki";"'='";"2800.0";"nM";"5.55";"";"";"UO_0000065";"15.98";"0.29";"2.32";"4.24";"0";"CHEMBL817592";"Inhibitory potency was measured against bovine trypsin.";"B";"BAO_0000357";"single protein format";"Bos taurus";"None";"None";"None";"None";"";"";"";"CHEMBL3769";"Serine protease 1";"Bos taurus";"SINGLE PROTEIN";"CHEMBL1131090";"1";"Scientific Literature";"J Med Chem";"1998";"None";"";"";"";"2800.0"
"CHEMBL81852";"";"None";"355.34";"0";"4.54";"4a";"Cc1c(F)c(Oc2ccccc2)nc(Oc2cccc(C(=N)N)c2)c1F";"Ki";"'>'";"5000.0";"nM";"";"";"";"UO_0000065";"";"";"";"";"1";"CHEMBL818251";"Inhibitory constant against bovine trypsin for general specificity against serine proteases";"B";"BAO_0000357";"single protein format";"Bos taurus";"None";"None";"None";"None";"";"";"";"CHEMBL3769";"Serine protease 1";"Bos taurus";"SINGLE PROTEIN";"CHEMBL1135740";"1";"Scientific Literature";"J Med Chem";"2002";"None";"";"";"";"5000.0"
"CHEMBL359422";"";"None";"438.55";"0";"2.54";"64";"CC(C)NC(=O)[C@H](Cc1cccc(C(=N)N)c1)NS(=O)(=O)c1ccc2ccccc2c1";"Ki";"'='";"15995.58";"nM";"4.80";"";"";"UO_0000065";"10.94";"0.21";"2.26";"3.83";"0";"CHEMBL821446";"Binding affinity towards trypsin";"B";"BAO_0000357";"single protein format";"Bos taurus";"None";"None";"None";"None";"";"";"";"CHEMBL3769";"Serine protease 1";"Bos taurus";"SINGLE PROTEIN";"CHEMBL1132189";"1";"Scientific Literature";"J Med Chem";"1999";"None";"";"";"";"4.796"
"CHEMBL356862";"";"None";"414.55";"1";"5.04";"6b";"N=C(N)c1ccc(/C=C2/CCCCCCC/C(=C\c3ccc(C(=N)N)cc3)C2=O)cc1";"Ki";"'='";"2100.0";"nM";"5.68";"";"";"UO_0000065";"13.70";"0.25";"0.64";"4.86";"0";"CHEMBL815005";"In vitro inhibition of bovine trypsin(Trp).";"B";"BAO_0000357";"single protein format";"Bos taurus";"None";"None";"None";"None";"";"";"";"CHEMBL3769";"Serine protease 1";"Bos taurus";"SINGLE PROTEIN";"CHEMBL1132552";"1";"Scientific Literature";"J Med Chem";"1999";"None";"";"";"";"2100.0"
"CHEMBL145108";"";"None";"492.60";"0";"2.45";"19";"N=C(N)c1cccc(C[C@H](NS(=O)(=O)c2ccc3ccccc3c2)C(=O)N2CCC(C=O)CC2)c1";"Ki";"'='";"219.79";"nM";"6.66";"";"";"UO_0000065";"13.52";"0.26";"4.21";"4.99";"0";"CHEMBL821446";"Binding affinity towards trypsin";"B";"BAO_0000357";"single protein format";"Bos taurus";"None";"None";"None";"None";"";"";"";"CHEMBL3769";"Serine protease 1";"Bos taurus";"SINGLE PROTEIN";"CHEMBL1132189";"1";"Scientific Literature";"J Med Chem";"1999";"None";"";"";"";"6.658"
"CHEMBL319868";"";"None";"465.58";"0";"1.45";"table 4";"N=C(N)c1cccc(CC(NS(=O)(=O)c2ccc3ccccc3c2)C(=O)N2CCNCC2)c1";"Ki";"'='";"220.0";"nM";"6.66";"";"";"UO_0000065";"14.30";"0.28";"5.21";"5.19";"0";"CHEMBL819016";"Inhibitory activity against bovine trypsin expressed as dissociation constant";"B";"BAO_0000357";"single protein format";"Bos taurus";"None";"None";"None";"None";"";"";"";"CHEMBL3769";"Serine protease 1";"Bos taurus";"SINGLE PROTEIN";"CHEMBL1131451";"1";"Scientific Literature";"J Med Chem";"1998";"None";"";"";"";"0.22"
"CHEMBL541285";"";"None";"537.13";"1";"1.98";"8";"CN(C)c1cccc2c(S(=O)(=O)NC(CCCN3CCN=C3N)C(=O)N3CCCCC3)cccc12.Cl";"Ki";"'='";"278000.0";"nM";"";"Outside typical range";"";"UO_0000065";"";"";"";"";"0";"CHEMBL817621";"Binding affinity determined against trypsin by Dixon method";"B";"BAO_0000357";"single protein format";"Bos taurus";"None";"None";"None";"None";"";"";"";"CHEMBL3769";"Serine protease 1";"Bos taurus";"SINGLE PROTEIN";"CHEMBL1133878";"1";"Scientific Literature";"Bioorg Med Chem Lett";"2001";"None";"";"";"";"278.0"
"CHEMBL317713";"";"None";"187.20";"0";"1.26";"10";"N=C(N)c1ccc2c(C=O)c[nH]c2c1";"Ki";"'='";"25500.0";"nM";"4.59";"";"";"UO_0000065";"24.54";"0.45";"3.33";"5.55";"0";"CHEMBL817581";"Inhibition constant against bovine trypsin";"B";"BAO_0000357";"single protein format";"Bos taurus";"None";"None";"None";"None";"";"";"";"CHEMBL3769";"Serine protease 1";"Bos taurus";"SINGLE PROTEIN";"CHEMBL1122336";"1";"Scientific Literature";"J Med Chem";"1983";"None";"";"";"";"25.5"
"CHEMBL322444";"";"None";"840.04";"2";"5.07";"4b";"Cc1ccc(S(=O)(=O)N/C(N)=N\CCC[C@@H](NC(=O)[C@H]2CCCN2C(=O)[C@H](Cc2ccccc2)N(C)C(=O)OCc2ccccc2)C(O)c2nc3ccccc3s2)cc1";"Ki";"'>'";"150000.0";"nM";"";"Outside typical range";"";"UO_0000065";"";"";"";"";"0";"CHEMBL815751";"Inhibition of bovine trypsin";"B";"BAO_0000357";"single protein format";"Bos taurus";"None";"None";"None";"None";"";"";"";"CHEMBL3769";"Serine protease 1";"Bos taurus";"SINGLE PROTEIN";"CHEMBL1129256";"1";"Scientific Literature";"J Med Chem";"1996";"None";"";"";"";"150000.0"
"CHEMBL102121";"";"None";"553.73";"1";"1.56";"3d";"CN[C@H](Cc1ccccc1)C(=O)N1CCC[C@H]1C(=O)N[C@@H](CCCN=C(N)N)C(=O)c1nc2c(s1)CCCC2";"Ki";"'='";"4.4";"nM";"8.36";"";"";"UO_0000065";"15.09";"0.29";"6.80";"5.36";"0";"CHEMBL815751";"Inhibition of bovine trypsin";"B";"BAO_0000357";"single protein format";"Bos taurus";"None";"None";"None";"None";"";"";"";"CHEMBL3769";"Serine protease 1";"Bos taurus";"SINGLE PROTEIN";"CHEMBL1129256";"1";"Scientific Literature";"J Med Chem";"1996";"None";"";"";"";"4.4"
"CHEMBL367647";"";"None";"560.66";"1";"0.88";"56";"CN[C@H](Cc1ccccc1)C(=O)N1CCC[C@H]1C(=O)NC(CCCN=C(N)N)C(=O)c1nc(O)c2ccccc2n1";"Ki";"'='";"8.3";"nM";"8.08";"";"";"UO_0000065";"14.41";"0.27";"7.20";"4.28";"0";"CHEMBL828215";"Binding affinity against bovine trypsin";"B";"BAO_0000357";"single protein format";"Bos taurus";"None";"None";"None";"None";"";"";"";"CHEMBL3769";"Serine protease 1";"Bos taurus";"SINGLE PROTEIN";"CHEMBL1142732";"1";"Scientific Literature";"J Med Chem";"2005";"None";"";"";"";"8.3"
"CHEMBL3084979";"";"None";"561.75";"1";"3.55";"41";"CN[C@H](Cc1ccccc1)C(=O)N1CCC[C@H]1C(=O)N[C@H](C(=O)c1nc2ccccc2s1)[C@H]1CC[C@H](CN)CC1";"Ki";"'='";"54.0";"nM";"7.27";"";"";"UO_0000065";"12.94";"0.25";"3.72";"6.19";"0";"CHEMBL828215";"Binding affinity against bovine trypsin";"B";"BAO_0000357";"single protein format";"Bos taurus";"None";"None";"None";"None";"";"";"";"CHEMBL3769";"Serine protease 1";"Bos taurus";"SINGLE PROTEIN";"CHEMBL1142732";"1";"Scientific Literature";"J Med Chem";"2005";"None";"";"";"";"54.0"
"CHEMBL175612";"";"None";"547.73";"1";"3.30";"69";"CN[C@H](Cc1ccccc1)C(=O)N1CCC[C@H]1C(=O)NC(C(=O)c1nc2ccccc2s1)C1CCC(N)CC1";"Ki";"'='";"330.0";"nM";"6.48";"";"";"UO_0000065";"11.83";"0.23";"3.18";"5.52";"0";"CHEMBL828215";"Binding affinity against bovine trypsin";"B";"BAO_0000357";"single protein format";"Bos taurus";"None";"None";"None";"None";"";"";"";"CHEMBL3769";"Serine protease 1";"Bos taurus";"SINGLE PROTEIN";"CHEMBL1142732";"1";"Scientific Literature";"J Med Chem";"2005";"None";"";"";"";"330.0"
"CHEMBL401737";"";"None";"705.89";"1";"1.14";"76";"CS(=O)(=O)CC[C@H](NS(=O)(=O)Cc1ccccc1)C(=O)N1CCC[C@H]1C(=O)N[C@@H](CCCNC(=N)N)C(=O)c1nc2ccccc2s1";"Ki";"'='";"2.7";"nM";"8.57";"";"";"UO_0000065";"12.14";"0.25";"7.43";"3.87";"0";"CHEMBL828215";"Binding affinity against bovine trypsin";"B";"BAO_0000357";"single protein format";"Bos taurus";"None";"None";"None";"None";"";"";"";"CHEMBL3769";"Serine protease 1";"Bos taurus";"SINGLE PROTEIN";"CHEMBL1142732";"1";"Scientific Literature";"J Med Chem";"2005";"None";"";"";"";"2.7"
"CHEMBL24508";"";"None";"409.51";"0";"4.08";"4b";"CC(=N)N1CCC(Oc2ccc(NC/C=C/c3cccc(C(=N)N)c3)cc2F)CC1";"Ki";"'='";"70.0";"nM";"7.16";"";"";"UO_0000065";"17.47";"0.33";"3.07";"7.28";"0";"CHEMBL873992";"Competitive inhibition of trypsin";"B";"BAO_0000357";"single protein format";"Bos taurus";"None";"None";"None";"None";"";"";"";"CHEMBL3769";"Serine protease 1";"Bos taurus";"SINGLE PROTEIN";"CHEMBL1135303";"1";"Scientific Literature";"Bioorg Med Chem Lett";"2002";"None";"";"";"";"70.0"
"CHEMBL1160764";"";"None";"165.20";"0";"1.00";"2";"COc1ccccc1NC(=N)N";"Ki";"'='";"881000.0";"nM";"";"Outside typical range";"";"UO_0000065";"";"";"";"";"0";"CHEMBL815752";"Inhibition against Trypsin";"B";"BAO_0000357";"single protein format";"Bos taurus";"None";"None";"None";"None";"";"";"";"CHEMBL3769";"Serine protease 1";"Bos taurus";"SINGLE PROTEIN";"CHEMBL1125001";"1";"Scientific Literature";"J Med Chem";"1990";"None";"";"";"";"0.881"
"CHEMBL21485";"PHENYLBORONIC ACID";"None";"121.93";"None";"None";"2";"OB(O)c1ccccc1";"Ki";"'='";"10200000.0";"nM";"";"Outside typical range";"";"UO_0000065";"";"";"";"";"0";"CHEMBL817761";"Compound was tested for the inhibition of trypsin";"B";"BAO_0000357";"single protein format";"Bos taurus";"None";"None";"None";"None";"";"";"";"CHEMBL3769";"Serine protease 1";"Bos taurus";"SINGLE PROTEIN";"CHEMBL1127999";"1";"Scientific Literature";"Bioorg Med Chem Lett";"1994";"None";"";"";"";"10200.0"
"CHEMBL101878";"";"None";"173.22";"0";"1.46";"8";"Cn1ccc2cc(C(=N)N)ccc21";"Ki";"'='";"85300.0";"nM";"4.07";"";"";"UO_0000065";"23.49";"0.43";"2.61";"7.43";"0";"CHEMBL817581";"Inhibition constant against bovine trypsin";"B";"BAO_0000357";"single protein format";"Bos taurus";"None";"None";"None";"None";"";"";"";"CHEMBL3769";"Serine protease 1";"Bos taurus";"SINGLE PROTEIN";"CHEMBL1122336";"1";"Scientific Literature";"J Med Chem";"1983";"None";"";"";"";"85.3"
"CHEMBL55035";"";"None";"372.47";"0";"3.86";"3a";"N=C(N)c1ccc(/C=C2/CCCC/C(=C/c3ccc(C(=N)N)cc3)C2=O)cc1";"Ki";"'='";"33.0";"nM";"7.48";"";"";"UO_0000065";"20.09";"0.36";"3.62";"6.40";"1";"CHEMBL817625";"Compound (isomer) was tested in the absence of light for inhibitory activity against trypsin.";"B";"BAO_0000357";"single protein format";"Bos taurus";"None";"None";"None";"None";"";"";"";"CHEMBL3769";"Serine protease 1";"Bos taurus";"SINGLE PROTEIN";"CHEMBL1131630";"1";"Scientific Literature";"J Med Chem";"1998";"None";"";"";"";"33.0"
"CHEMBL366535";"";"None";"553.71";"1";"4.91";"13e";"COC(=O)C(C)CN(c1ccc2nc(C)n(Cc3ccc4ccc(C(=N)N)cc4c3)c2c1)C1CCN(C(C)=N)CC1";"Ki";"'='";"41.0";"nM";"7.39";"";"";"UO_0000065";"13.34";"0.25";"2.48";"5.94";"0";"CHEMBL815753";"In vitro inhibitory activity against bovine cationic trypsin";"B";"BAO_0000357";"single protein format";"Bos taurus";"None";"None";"None";"None";"";"";"";"CHEMBL3769";"Serine protease 1";"Bos taurus";"SINGLE PROTEIN";"CHEMBL1133358";"1";"Scientific Literature";"Bioorg Med Chem Lett";"2000";"None";"";"";"";"41.0"
"CHEMBL331437";"";"None";"372.47";"0";"3.86";"3c";"N=C(N)c1cccc(/C=C2/CCCC/C(=C/c3cccc(C(=N)N)c3)C2=O)c1";"Ki";"'='";"44.0";"nM";"7.36";"";"";"UO_0000065";"19.75";"0.36";"3.50";"6.30";"0";"CHEMBL817625";"Compound (isomer) was tested in the absence of light for inhibitory activity against trypsin.";"B";"BAO_0000357";"single protein format";"Bos taurus";"None";"None";"None";"None";"";"";"";"CHEMBL3769";"Serine protease 1";"Bos taurus";"SINGLE PROTEIN";"CHEMBL1131630";"1";"Scientific Literature";"J Med Chem";"1998";"None";"";"";"";"44.0"
"CHEMBL72527";"";"None";"537.58";"1";"4.46";"22b";"Cc1nc2c(Oc3cccc(C(=O)N(C)C)c3)nc(Oc3cc(C(=N)N)ccc3O)nc2n1Cc1ccccc1";"Ki";"'='";"760.0";"nM";"6.12";"";"";"UO_0000065";"11.38";"0.21";"1.66";"4.01";"0";"CHEMBL817575";"Compound was tested for inhibitory activity against bovine trypsin";"B";"BAO_0000357";"single protein format";"Bos taurus";"None";"None";"None";"None";"";"";"";"CHEMBL3769";"Serine protease 1";"Bos taurus";"SINGLE PROTEIN";"CHEMBL1130936";"1";"Scientific Literature";"Bioorg Med Chem Lett";"1998";"None";"";"";"";"760.0"
"CHEMBL176744";"";"None";"482.63";"1";"5.49";"8d";"CC(=N)N1CCC(Oc2ccc3c(c2)nc(C(C)C)n3Cc2ccc3ccc(C(=N)N)cc3c2)CC1";"Ki";"'='";"16.0";"nM";"7.80";"";"";"UO_0000065";"16.15";"0.30";"2.31";"7.50";"0";"CHEMBL815753";"In vitro inhibitory activity against bovine cationic trypsin";"B";"BAO_0000357";"single protein format";"Bos taurus";"None";"None";"None";"None";"";"";"";"CHEMBL3769";"Serine protease 1";"Bos taurus";"SINGLE PROTEIN";"CHEMBL1133358";"1";"Scientific Literature";"Bioorg Med Chem Lett";"2000";"None";"";"";"";"16.0"
"CHEMBL23243";"";"None";"228.29";"0";"2.88";"2";"Cc1cccc(OCCNc2ccncc2)c1";"Ki";"'>'";"500000.0";"nM";"";"Outside typical range";"";"UO_0000065";"";"";"";"";"0";"CHEMBL818253";"Tested for the Inhibition of the catalytic activity of bovine trypsin at 25 degree C and pH 7.5.";"B";"BAO_0000357";"single protein format";"Bos taurus";"None";"None";"None";"None";"";"";"";"CHEMBL3769";"Serine protease 1";"Bos taurus";"SINGLE PROTEIN";"CHEMBL1150979";"1";"Scientific Literature";"Bioorg Med Chem Lett";"1997";"None";"";"";"";"500.0"
"CHEMBL25835";"";"None";"509.63";"1";"2.51";"(R)-11a";"O=C(CNS(=O)(=O)c1ccc2ccccc2c1)N[C@H](CCNc1ccncc1)C(=O)N1CCCCC1";"Ki";"'>'";"500000.0";"nM";"";"Outside typical range";"";"UO_0000065";"";"";"";"";"0";"CHEMBL818253";"Tested for the Inhibition of the catalytic activity of bovine trypsin at 25 degree C and pH 7.5.";"B";"BAO_0000357";"single protein format";"Bos taurus";"None";"None";"None";"None";"";"";"";"CHEMBL3769";"Serine protease 1";"Bos taurus";"SINGLE PROTEIN";"CHEMBL1150979";"1";"Scientific Literature";"Bioorg Med Chem Lett";"1997";"None";"";"";"";"500.0"
"CHEMBL150138";"";"None";"374.44";"0";"3.49";"17c";"NC(=O)c1ccc(/C=C2/CCCC/C(=C/c3ccc(C(N)=O)cc3)C2=O)cc1";"Ki";"'>'";"5000.0";"nM";"";"";"";"UO_0000065";"";"";"";"";"0";"CHEMBL815005";"In vitro inhibition of bovine trypsin(Trp).";"B";"BAO_0000357";"single protein format";"Bos taurus";"None";"None";"None";"None";"";"";"";"CHEMBL3769";"Serine protease 1";"Bos taurus";"SINGLE PROTEIN";"CHEMBL1132552";"1";"Scientific Literature";"J Med Chem";"1999";"None";"";"";"";"5000.0"
"CHEMBL151113";"";"None";"428.58";"1";"5.07";"18a";"CN(C)C(=N)c1ccc(/C=C2\CCCC/C(=C\c3ccc(C(=N)N(C)C)cc3)C2=O)cc1";"Ki";"'>'";"5000.0";"nM";"";"";"";"UO_0000065";"";"";"";"";"0";"CHEMBL817762";"In vitro inhibition of bovine trypsin (Trp).";"B";"BAO_0000357";"single protein format";"Bos taurus";"None";"None";"None";"None";"";"";"";"CHEMBL3769";"Serine protease 1";"Bos taurus";"SINGLE PROTEIN";"CHEMBL1132552";"1";"Scientific Literature";"J Med Chem";"1999";"None";"";"";"";"5000.0"
"CHEMBL153660";"";"None";"386.50";"0";"3.92";"13a";"C/N=C(\N)c1ccc(/C=C2\CCCC/C(=C\c3ccc(C(=N)N)cc3)C2=O)cc1";"Ki";"'='";"840.0";"nM";"6.08";"";"";"UO_0000065";"15.72";"0.29";"2.16";"5.77";"0";"CHEMBL815005";"In vitro inhibition of bovine trypsin(Trp).";"B";"BAO_0000357";"single protein format";"Bos taurus";"None";"None";"None";"None";"";"";"";"CHEMBL3769";"Serine protease 1";"Bos taurus";"SINGLE PROTEIN";"CHEMBL1132552";"1";"Scientific Literature";"J Med Chem";"1999";"None";"";"";"";"840.0"
"CHEMBL371051";"";"None";"493.66";"0";"4.56";"12m";"CN1CCN(CCCN(Cc2ccc3ccc(C(=N)N)cc3c2)C(=O)c2cccc3ccccc23)CC1";"Ki";"'='";"500.0";"nM";"6.30";"";"";"UO_0000065";"12.76";"0.23";"1.74";"8.22";"0";"CHEMBL830293";"Inhibition constant towards bovine trypsin";"B";"BAO_0000357";"single protein format";"Bos taurus";"None";"None";"None";"None";"";"";"";"CHEMBL3769";"Serine protease 1";"Bos taurus";"SINGLE PROTEIN";"CHEMBL1144375";"1";"Scientific Literature";"Bioorg Med Chem Lett";"2005";"None";"";"";"";"500.0"
"CHEMBL143501";"";"None";"374.47";"0";"0.91";"88";"CNC(=O)[C@H](Cc1cccc(C(=N)N)c1)NS(=O)(=O)c1ccc(C)cc1";"Ki";"'='";"46025.66";"nM";"4.34";"";"";"UO_0000065";"11.58";"0.23";"3.43";"3.47";"0";"CHEMBL821446";"Binding affinity towards trypsin";"B";"BAO_0000357";"single protein format";"Bos taurus";"None";"None";"None";"None";"";"";"";"CHEMBL3769";"Serine protease 1";"Bos taurus";"SINGLE PROTEIN";"CHEMBL1132189";"1";"Scientific Literature";"J Med Chem";"1999";"None";"";"";"";"4.337"
"CHEMBL553108";"";"None";"481.66";"0";"4.17";"20";"CCCc1ccc(S(=O)(=O)N[C@@H](CC#Cc2ccc(NC)cc2)C(=O)N(C)C2CCCC2)cc1";"Ki";"'>'";"30000.0";"nM";"";"";"";"UO_0000065";"";"";"";"";"0";"CHEMBL817586";"Inhibitory activity against bovine trypsin";"B";"BAO_0000357";"single protein format";"Bos taurus";"None";"None";"None";"None";"";"";"";"CHEMBL3769";"Serine protease 1";"Bos taurus";"SINGLE PROTEIN";"CHEMBL1132084";"1";"Scientific Literature";"Bioorg Med Chem Lett";"1999";"None";"";"";"";"30.0"
"CHEMBL3989843";"TRANYLCYPROMINE";"4.0";"266.39";"None";"None";"TPB4";"N[C@@H]1C[C@H]1c1ccccc1.N[C@H]1C[C@@H]1c1ccccc1";"Ki";"'='";"13300.0";"nM";"4.88";"";"";"UO_0000065";"18.30";"None";"None";"None";"0";"CHEMBL817760";"Binding affinity against bovine trypsin";"B";"BAO_0000357";"single protein format";"Bos taurus";"None";"None";"None";"None";"";"";"";"CHEMBL3769";"Serine protease 1";"Bos taurus";"SINGLE PROTEIN";"CHEMBL1135460";"1";"Scientific Literature";"J Med Chem";"2002";"None";"";"";"";"13.3"
"CHEMBL101049";"";"None";"569.71";"2";"0.49";"3c";"N=C(N)NCCC[C@H]1NC(=O)[C@H]2CCCN2C(=O)[C@H](Cc2ccccc2)NC(=O)CCCCCCCNC(=O)C1=O";"Ki";"'='";"10.0";"nM";"8.00";"";"";"UO_0000065";"14.04";"0.27";"7.51";"4.29";"0";"CHEMBL817569";"Inhibition of bovine trypsin";"B";"BAO_0000357";"single protein format";"Bos taurus";"None";"None";"None";"None";"";"";"";"CHEMBL3769";"Serine protease 1";"Bos taurus";"SINGLE PROTEIN";"CHEMBL1128948";"1";"Scientific Literature";"Bioorg Med Chem Lett";"1996";"None";"";"";"";"10.0"
"CHEMBL101855";"";"None";"532.65";"1";"1.11";"3e";"CN[C@H](Cc1ccccc1)C(=O)N1CCC[C@H]1C(=O)N[C@@H](CCCN=C(N)N)C(=O)c1nc2ccccc2[nH]1";"Ki";"'='";"38.0";"nM";"7.42";"";"";"UO_0000065";"13.93";"0.26";"6.31";"4.32";"0";"CHEMBL815751";"Inhibition of bovine trypsin";"B";"BAO_0000357";"single protein format";"Bos taurus";"None";"None";"None";"None";"";"";"";"CHEMBL3769";"Serine protease 1";"Bos taurus";"SINGLE PROTEIN";"CHEMBL1129256";"1";"Scientific Literature";"J Med Chem";"1996";"None";"";"";"";"38.0"
"CHEMBL309541";"";"None";"445.44";"0";"3.75";"21";"Cn1ccnc1-c1cccc(Oc2cc(C(=O)O)cc(Oc3cc(C(=N)N)ccc3O)n2)c1";"Ki";"'='";"660.0";"nM";"6.18";"";"";"UO_0000065";"13.87";"0.26";"2.43";"3.95";"0";"CHEMBL817592";"Inhibitory potency was measured against bovine trypsin.";"B";"BAO_0000357";"single protein format";"Bos taurus";"None";"None";"None";"None";"";"";"";"CHEMBL3769";"Serine protease 1";"Bos taurus";"SINGLE PROTEIN";"CHEMBL1131090";"1";"Scientific Literature";"J Med Chem";"1998";"None";"";"";"";"660.0"
"CHEMBL26287";"";"None";"587.64";"2";"5.22";"5b";"CCOC(=O)CCC(=O)N(C/C=C/c1cccc(C(=N)N)c1)c1ccc(OC2CCN(C(C)=N)CC2)c(C(F)(F)F)c1";"Ki";"'='";"76.0";"nM";"7.12";"";"";"UO_0000065";"12.11";"0.23";"1.90";"5.36";"0";"CHEMBL873992";"Competitive inhibition of trypsin";"B";"BAO_0000357";"single protein format";"Bos taurus";"None";"None";"None";"None";"";"";"";"CHEMBL3769";"Serine protease 1";"Bos taurus";"SINGLE PROTEIN";"CHEMBL1135303";"1";"Scientific Literature";"Bioorg Med Chem Lett";"2002";"None";"";"";"";"76.0"
"CHEMBL26500";"";"None";"459.52";"0";"4.96";"4d";"CC(=N)N1CCC(Oc2ccc(NC/C=C/c3cccc(C(=N)N)c3)cc2C(F)(F)F)CC1";"Ki";"'='";"50.0";"nM";"7.30";"";"";"UO_0000065";"15.89";"0.30";"2.34";"7.43";"0";"CHEMBL873992";"Competitive inhibition of trypsin";"B";"BAO_0000357";"single protein format";"Bos taurus";"None";"None";"None";"None";"";"";"";"CHEMBL3769";"Serine protease 1";"Bos taurus";"SINGLE PROTEIN";"CHEMBL1135303";"1";"Scientific Literature";"Bioorg Med Chem Lett";"2002";"None";"";"";"";"50.0"
"CHEMBL338669";"";"None";"600.74";"1";"1.84";"19e";"N=C(N)N1CCC[C@@H](CNC(=O)C[C@H](NS(=O)(=O)c2ccc3ccccc3c2)C(=O)N(CC(=O)O)C2CCCCC2)C1";"Ki";"'='";"3800.0";"nM";"5.42";"";"";"UO_0000065";"9.02";"0.18";"3.58";"2.91";"0";"CHEMBL878759";"In vitro binding affinity by measuring the inhibition of bovine trypsin";"B";"BAO_0000357";"single protein format";"Bos taurus";"None";"None";"None";"None";"";"";"";"CHEMBL3769";"Serine protease 1";"Bos taurus";"SINGLE PROTEIN";"CHEMBL1127404";"1";"Scientific Literature";"J Med Chem";"1994";"None";"";"";"";"3.8"
"CHEMBL384295";"";"None";"428.56";"0";"2.18";"TPB8";"Cc1ccc(S(=O)(=O)NC(Cc2cccc(C(=N)N)c2)C(=O)N2CCCCC2)cc1";"Ki";"'='";"1200.0";"nM";"5.92";"";"";"UO_0000065";"13.82";"0.27";"3.74";"5.09";"0";"CHEMBL817760";"Binding affinity against bovine trypsin";"B";"BAO_0000357";"single protein format";"Bos taurus";"None";"None";"None";"None";"";"";"";"CHEMBL3769";"Serine protease 1";"Bos taurus";"SINGLE PROTEIN";"CHEMBL1135460";"1";"Scientific Literature";"J Med Chem";"2002";"None";"";"";"";"1.2"
"CHEMBL543419";"";"None";"623.18";"1";"1.15";"18f";"CCOC(=O)CN(C(=O)[C@H](CC(=O)NC[C@@H]1CCCN(C(=N)N)C1)NS(=O)(=O)c1ccc2ccccc2c1)C1CC1.Cl";"Ki";"'='";"30000.0";"nM";"4.52";"";"";"UO_0000065";"7.71";"0.15";"3.37";"2.58";"0";"CHEMBL878759";"In vitro binding affinity by measuring the inhibition of bovine trypsin";"B";"BAO_0000357";"single protein format";"Bos taurus";"None";"None";"None";"None";"";"";"";"CHEMBL3769";"Serine protease 1";"Bos taurus";"SINGLE PROTEIN";"CHEMBL1127404";"1";"Scientific Literature";"J Med Chem";"1994";"None";"";"";"";"30.0"
"CHEMBL79512";"4-PHENYL-BUTYLAMINE";"None";"149.24";"0";"1.97";"TPB3";"NCCCCc1ccccc1";"Ki";"'='";"20000.0";"nM";"4.70";"";"";"UO_0000065";"31.49";"0.58";"2.73";"18.06";"0";"CHEMBL817760";"Binding affinity against bovine trypsin";"B";"BAO_0000357";"single protein format";"Bos taurus";"None";"None";"None";"None";"";"";"";"CHEMBL3769";"Serine protease 1";"Bos taurus";"SINGLE PROTEIN";"CHEMBL1135460";"1";"Scientific Literature";"J Med Chem";"2002";"None";"";"";"";"20.0"
"CHEMBL557617";"";"None";"551.16";"1";"2.28";"5";"CN(C)c1cccc2c(S(=O)(=O)NC(CCCNC3=NCCCN3)C(=O)N3CCCCC3)cccc12.Cl";"Ki";"";"";"nM";"";"";"Not Determined";"UO_0000065";"";"";"";"";"0";"CHEMBL817622";"Binding affinity determined against trypsin by Dixon method; No data";"B";"BAO_0000357";"single protein format";"Bos taurus";"None";"None";"None";"None";"";"";"";"CHEMBL3769";"Serine protease 1";"Bos taurus";"SINGLE PROTEIN";"CHEMBL1133878";"1";"Scientific Literature";"Bioorg Med Chem Lett";"2001";"None";"";"";"";""
"CHEMBL149960";"";"None";"344.42";"0";"3.08";"2b";"N=C(N)c1ccc(/C=C2/CC/C(=C\c3ccc(C(=N)N)cc3)C2=O)cc1";"Ki";"'='";"730.0";"nM";"6.14";"";"";"UO_0000065";"17.82";"0.32";"3.06";"5.25";"0";"CHEMBL815005";"In vitro inhibition of bovine trypsin(Trp).";"B";"BAO_0000357";"single protein format";"Bos taurus";"None";"None";"None";"None";"";"";"";"CHEMBL3769";"Serine protease 1";"Bos taurus";"SINGLE PROTEIN";"CHEMBL1132552";"1";"Scientific Literature";"J Med Chem";"1999";"None";"";"";"";"730.0"
"CHEMBL150612";"";"None";"434.54";"0";"4.87";"10b";"N=C(N)c1ccc(/C=C2/CC(c3ccccc3)C/C(=C\c3ccc(C(=N)N)cc3)C2=O)cc1";"Ki";"'='";"160.0";"nM";"6.80";"";"";"UO_0000065";"15.64";"0.28";"1.93";"5.82";"0";"CHEMBL815005";"In vitro inhibition of bovine trypsin(Trp).";"B";"BAO_0000357";"single protein format";"Bos taurus";"None";"None";"None";"None";"";"";"";"CHEMBL3769";"Serine protease 1";"Bos taurus";"SINGLE PROTEIN";"CHEMBL1132552";"1";"Scientific Literature";"J Med Chem";"1999";"None";"";"";"";"160.0"
"CHEMBL151144";"";"None";"416.48";"0";"2.87";"9c";"COC(=O)C1C/C(=C/c2ccc(C(=N)N)cc2)C(=O)/C(=C\c2ccc(C(=N)N)cc2)C1";"Ki";"'='";"100.0";"nM";"7.00";"";"";"UO_0000065";"16.81";"0.31";"4.13";"4.89";"0";"CHEMBL815005";"In vitro inhibition of bovine trypsin(Trp).";"B";"BAO_0000357";"single protein format";"Bos taurus";"None";"None";"None";"None";"";"";"";"CHEMBL3769";"Serine protease 1";"Bos taurus";"SINGLE PROTEIN";"CHEMBL1132552";"1";"Scientific Literature";"J Med Chem";"1999";"None";"";"";"";"100.0"
"CHEMBL356071";"";"None";"584.70";"1";"3.75";"51";"N=C(N)c1cccc(C[C@H](NS(=O)(=O)c2ccc3ccccc3c2)C(=O)N2CCC[C@H]2C(=O)OCc2ccccc2)c1";"Ki";"'='";"1000.0";"nM";"6.00";"";"";"UO_0000065";"10.26";"0.20";"2.25";"4.21";"0";"CHEMBL821446";"Binding affinity towards trypsin";"B";"BAO_0000357";"single protein format";"Bos taurus";"None";"None";"None";"None";"";"";"";"CHEMBL3769";"Serine protease 1";"Bos taurus";"SINGLE PROTEIN";"CHEMBL1132189";"1";"Scientific Literature";"J Med Chem";"1999";"None";"";"";"";"6.0"
"CHEMBL367840";"";"None";"468.61";"0";"4.92";"7c";"CCc1nc2ccc(OC3CCN(C(C)=N)CC3)cc2n1Cc1ccc2ccc(C(=N)N)cc2c1";"Ki";"'='";"7.7";"nM";"8.11";"";"";"UO_0000065";"17.31";"0.32";"3.19";"7.80";"0";"CHEMBL815753";"In vitro inhibitory activity against bovine cationic trypsin";"B";"BAO_0000357";"single protein format";"Bos taurus";"None";"None";"None";"None";"";"";"";"CHEMBL3769";"Serine protease 1";"Bos taurus";"SINGLE PROTEIN";"CHEMBL1133358";"1";"Scientific Literature";"Bioorg Med Chem Lett";"2000";"None";"";"";"";"7.7"
"CHEMBL165909";"";"None";"492.65";"0";"3.68";"6";"CNC(=N)c1ccc(C[C@H](NS(=O)(=O)c2ccc3ccccc3c2)C(=O)N2CCCCCC2)cc1";"Ki";"'='";"545000.0";"nM";"";"Outside typical range";"";"UO_0000065";"";"";"";"";"0";"CHEMBL817590";"Inhibitory effect of compound was measured in bovine trypsin";"B";"BAO_0000357";"single protein format";"Bos taurus";"None";"None";"None";"None";"";"";"";"CHEMBL3769";"Serine protease 1";"Bos taurus";"SINGLE PROTEIN";"CHEMBL1129885";"1";"Scientific Literature";"Bioorg Med Chem Lett";"1997";"None";"";"";"";"545.0"
"CHEMBL358441";"";"None";"470.64";"0";"3.04";"table 5";"Cc1cc(C)c(S(=O)(=O)NC(Cc2cccc(C(=N)N)c2)C(=O)N2CCC(C)CC2)c(C)c1";"Ki";"'='";"4000.0";"nM";"5.40";"";"";"UO_0000065";"11.47";"0.22";"2.36";"4.64";"0";"CHEMBL819016";"Inhibitory activity against bovine trypsin expressed as dissociation constant";"B";"BAO_0000357";"single protein format";"Bos taurus";"None";"None";"None";"None";"";"";"";"CHEMBL3769";"Serine protease 1";"Bos taurus";"SINGLE PROTEIN";"CHEMBL1131451";"1";"Scientific Literature";"J Med Chem";"1998";"None";"";"";"";"4.0"
"CHEMBL79258";"";"None";"497.50";"0";"3.94";"5g";"Cc1c(F)c(Oc2cccc(C(=N)N)c2)nc(Oc2cc(C(=O)N(C)C)cc(C(=O)N(C)C)c2)c1F";"Ki";"'='";"1600.0";"nM";"5.80";"";"";"UO_0000065";"11.65";"0.22";"1.86";"4.76";"0";"CHEMBL818251";"Inhibitory constant against bovine trypsin for general specificity against serine proteases";"B";"BAO_0000357";"single protein format";"Bos taurus";"None";"None";"None";"None";"";"";"";"CHEMBL3769";"Serine protease 1";"Bos taurus";"SINGLE PROTEIN";"CHEMBL1135740";"1";"Scientific Literature";"J Med Chem";"2002";"None";"";"";"";"1600.0"
"CHEMBL81632";"";"None";"428.44";"0";"4.61";"5r";"COc1ccc(N(C)C)cc1Oc1nc(Oc2cccc(C(=N)N)c2)c(F)c(C)c1F";"Ki";"'>'";"5000.0";"nM";"";"";"";"UO_0000065";"";"";"";"";"0";"CHEMBL818251";"Inhibitory constant against bovine trypsin for general specificity against serine proteases";"B";"BAO_0000357";"single protein format";"Bos taurus";"None";"None";"None";"None";"";"";"";"CHEMBL3769";"Serine protease 1";"Bos taurus";"SINGLE PROTEIN";"CHEMBL1135740";"1";"Scientific Literature";"J Med Chem";"2002";"None";"";"";"";"5000.0"
"CHEMBL20936";"BENZAMIDINE";"None";"120.16";"0";"0.97";"Benzamidine";"N=C(N)c1ccccc1";"Ki";"'='";"20000.0";"nM";"4.70";"";"";"UO_0000065";"39.11";"0.71";"3.73";"9.42";"0";"CHEMBL844336";"Inhibitory concentration against bovine trypsin";"B";"BAO_0000357";"single protein format";"Bos taurus";"None";"None";"None";"None";"";"";"";"CHEMBL3769";"Serine protease 1";"Bos taurus";"SINGLE PROTEIN";"CHEMBL1135884";"1";"Scientific Literature";"J Med Chem";"2002";"None";"";"";"";"20.0"
"CHEMBL297076";"";"None";"165.20";"0";"1.00";"15";"COc1ccc(NC(=N)N)cc1";"Ki";"'='";"5888436.55";"nM";"";"Outside typical range";"";"UO_0000065";"";"";"";"";"0";"CHEMBL815775";"log1/Ki value was calculated against Trypsin";"B";"BAO_0000357";"single protein format";"Bos taurus";"None";"None";"None";"None";"";"";"";"CHEMBL3769";"Serine protease 1";"Bos taurus";"SINGLE PROTEIN";"CHEMBL1125001";"1";"Scientific Literature";"J Med Chem";"1990";"None";"";"";"";"2.23"
"CHEMBL150547";"";"None";"373.46";"0";"3.68";"15a";"N=C(N)c1ccc(/C=C2\CCCC/C(=C\c3ccc(C(N)=O)cc3)C2=O)cc1";"Ki";"'>'";"500.0";"nM";"";"";"";"UO_0000065";"";"";"";"";"0";"CHEMBL815005";"In vitro inhibition of bovine trypsin(Trp).";"B";"BAO_0000357";"single protein format";"Bos taurus";"None";"None";"None";"None";"";"";"";"CHEMBL3769";"Serine protease 1";"Bos taurus";"SINGLE PROTEIN";"CHEMBL1132552";"1";"Scientific Literature";"J Med Chem";"1999";"None";"";"";"";"500.0"
"CHEMBL98856";"";"None";"541.65";"2";"-0.29";"3a";"N=C(N)NCCC[C@H]1NC(=O)[C@H]2CCCN2C(=O)[C@H](Cc2ccccc2)NC(=O)CCCCCNC(=O)C1=O";"Ki";"'='";"710.0";"nM";"6.15";"";"";"UO_0000065";"11.35";"0.22";"6.44";"3.30";"0";"CHEMBL817569";"Inhibition of bovine trypsin";"B";"BAO_0000357";"single protein format";"Bos taurus";"None";"None";"None";"None";"";"";"";"CHEMBL3769";"Serine protease 1";"Bos taurus";"SINGLE PROTEIN";"CHEMBL1128948";"1";"Scientific Literature";"Bioorg Med Chem Lett";"1996";"None";"";"";"";"710.0"
"CHEMBL340276";"";"None";"460.43";"0";"2.69";"7";"Cc1cc(OCC/C=N/N=C(N)N)cc(OS(=O)(=O)c2ccccc2OC(F)(F)F)c1";"Ki";"'='";"59000.0";"nM";"4.23";"";"";"UO_0000065";"9.19";"0.19";"1.54";"3.05";"0";"CHEMBL817572";"Inhibitory constant against human trypsin";"B";"BAO_0000357";"single protein format";"Bos taurus";"None";"None";"None";"None";"";"";"";"CHEMBL3769";"Serine protease 1";"Bos taurus";"SINGLE PROTEIN";"CHEMBL1132849";"1";"Scientific Literature";"Bioorg Med Chem Lett";"2000";"None";"";"";"";"59.0"
"CHEMBL319017";"";"None";"778.96";"2";"2.42";"4a";"N=C(N)NCCC[C@H]1NC(=O)[C@H]2CCCN2C(=O)[C@H](Cc2ccccc2)NC(=O)CCCCCNC(=O)[C@H](CC(c2ccccc2)c2ccccc2)NC(=O)C1=O";"Ki";"'='";"2.5";"nM";"8.60";"";"";"UO_0000065";"11.04";"0.21";"6.18";"3.99";"0";"CHEMBL817569";"Inhibition of bovine trypsin";"B";"BAO_0000357";"single protein format";"Bos taurus";"None";"None";"None";"None";"";"";"";"CHEMBL3769";"Serine protease 1";"Bos taurus";"SINGLE PROTEIN";"CHEMBL1128948";"1";"Scientific Literature";"Bioorg Med Chem Lett";"1996";"None";"";"";"";"2.5"
"CHEMBL48409";"";"None";"404.43";"0";"2.59";"6y";"CNC(=O)c1cc(Oc2cccc(C(=N)N)c2)nc(Oc2cccc(C(=N)N)c2)c1";"Ki";"'='";"750.0";"nM";"6.12";"";"";"UO_0000065";"15.14";"0.28";"3.53";"3.82";"0";"CHEMBL817573";"Compound was tested for inhibition activity against bovine trypsin.";"B";"BAO_0000357";"single protein format";"Bos taurus";"None";"None";"None";"None";"";"";"";"CHEMBL3769";"Serine protease 1";"Bos taurus";"SINGLE PROTEIN";"CHEMBL1132209";"1";"Scientific Literature";"J Med Chem";"1999";"None";"";"";"";"750.0"
"CHEMBL79303";"";"None";"436.42";"0";"3.06";"7d";"CN(C)C(=O)c1cccc(Oc2cc(C(=O)O)cc(Oc3cc(C(=N)N)ccc3O)n2)c1";"Ki";"'='";"150.0";"nM";"6.82";"";"";"UO_0000065";"15.64";"0.29";"3.76";"4.29";"0";"CHEMBL818251";"Inhibitory constant against bovine trypsin for general specificity against serine proteases";"B";"BAO_0000357";"single protein format";"Bos taurus";"None";"None";"None";"None";"";"";"";"CHEMBL3769";"Serine protease 1";"Bos taurus";"SINGLE PROTEIN";"CHEMBL1135740";"1";"Scientific Literature";"J Med Chem";"2002";"None";"";"";"";"150.0"
"CHEMBL82456";"";"None";"458.42";"0";"3.65";"6c";"Cc1c(F)c(Oc2cccc(C(=O)N(C)C)c2)nc(Oc2cc(C(=N)N)cc(O)c2O)c1F";"Ki";"'='";"1100.0";"nM";"5.96";"";"";"UO_0000065";"13.00";"0.25";"2.31";"4.20";"0";"CHEMBL818251";"Inhibitory constant against bovine trypsin for general specificity against serine proteases";"B";"BAO_0000357";"single protein format";"Bos taurus";"None";"None";"None";"None";"";"";"";"CHEMBL3769";"Serine protease 1";"Bos taurus";"SINGLE PROTEIN";"CHEMBL1135740";"1";"Scientific Literature";"J Med Chem";"2002";"None";"";"";"";"1100.0"
"CHEMBL277424";"";"None";"548.56";"1";"4.08";"6g";"CN1CCC(Oc2ccc(N(C/C=C/c3cc(C(=N)N)ccc3O)C(=O)CCC(=O)O)cc2C(F)(F)F)CC1";"Ki";"'='";"765.0";"nM";"6.12";"";"";"UO_0000065";"11.15";"0.21";"2.04";"4.36";"0";"CHEMBL873992";"Competitive inhibition of trypsin";"B";"BAO_0000357";"single protein format";"Bos taurus";"None";"None";"None";"None";"";"";"";"CHEMBL3769";"Serine protease 1";"Bos taurus";"SINGLE PROTEIN";"CHEMBL1135303";"1";"Scientific Literature";"Bioorg Med Chem Lett";"2002";"None";"";"";"";"765.0"
"CHEMBL337923";"";"None";"571.72";"1";"4.61";"14d";"Cc1cc(N)nc(C)c1CNC(=O)[C@@H]1CCCN1C(=O)[C@H](NC(=O)OC(C)(C)C)C(c1ccccc1)c1ccccc1";"Ki";"'='";"2500.0";"nM";"5.60";"";"";"UO_0000065";"9.80";"0.18";"0.99";"4.42";"0";"CHEMBL817580";"In vitro inhibitory activity against bovine trypsin";"B";"BAO_0000357";"single protein format";"Bos taurus";"None";"None";"None";"None";"";"";"";"CHEMBL3769";"Serine protease 1";"Bos taurus";"SINGLE PROTEIN";"CHEMBL1130400";"1";"Scientific Literature";"J Med Chem";"1997";"None";"";"";"";"2500.0"
"CHEMBL121661";"";"None";"549.70";"1";"4.06";"15d";"CC(C)(C)OC(=O)N[C@@H](C(=O)N1CCC[C@H]1C(=O)NCc1csc(N)n1)C(c1ccccc1)c1ccccc1";"Ki";"'>'";"100000.0";"nM";"";"";"";"UO_0000065";"";"";"";"";"0";"CHEMBL817580";"In vitro inhibitory activity against bovine trypsin";"B";"BAO_0000357";"single protein format";"Bos taurus";"None";"None";"None";"None";"";"";"";"CHEMBL3769";"Serine protease 1";"Bos taurus";"SINGLE PROTEIN";"CHEMBL1130400";"1";"Scientific Literature";"J Med Chem";"1997";"None";"";"";"";"100000.0"
"CHEMBL23468";"";"None";"494.02";"0";"2.01";"(R)-11b";"O=C(CNS(=O)(=O)c1ccc(Cl)cc1)N[C@H](CCNc1ccncc1)C(=O)N1CCCCC1";"Ki";"'>'";"500000.0";"nM";"";"Outside typical range";"";"UO_0000065";"";"";"";"";"0";"CHEMBL818253";"Tested for the Inhibition of the catalytic activity of bovine trypsin at 25 degree C and pH 7.5.";"B";"BAO_0000357";"single protein format";"Bos taurus";"None";"None";"None";"None";"";"";"";"CHEMBL3769";"Serine protease 1";"Bos taurus";"SINGLE PROTEIN";"CHEMBL1150979";"1";"Scientific Literature";"Bioorg Med Chem Lett";"1997";"None";"";"";"";"500.0"
"CHEMBL84870";"";"None";"491.66";"0";"4.10";"12";"CN(C(=O)[C@H](Cc1ccc(CN)cc1)NS(=O)(=O)c1ccc(-c2ccccc2)cc1)C1CCCC1";"Ki";"";"";"nM";"";"";"Not Determined";"UO_0000065";"";"";"";"";"0";"CHEMBL817624";"Binding affinity towards bovine trypsin was evaluated in vitro; Not determined";"B";"BAO_0000357";"single protein format";"Bos taurus";"None";"None";"None";"None";"";"";"";"CHEMBL3769";"Serine protease 1";"Bos taurus";"SINGLE PROTEIN";"CHEMBL1130583";"1";"Scientific Literature";"Bioorg Med Chem Lett";"1998";"None";"";"";"";""
"CHEMBL150308";"";"None";"358.45";"0";"3.47";"3a";"N=C(N)c1ccc(/C=C2\CCC/C(=C\c3ccc(C(=N)N)cc3)C2=O)cc1";"Ki";"'='";"170.0";"nM";"6.77";"";"";"UO_0000065";"18.89";"0.34";"3.30";"5.80";"0";"CHEMBL815005";"In vitro inhibition of bovine trypsin(Trp).";"B";"BAO_0000357";"single protein format";"Bos taurus";"None";"None";"None";"None";"";"";"";"CHEMBL3769";"Serine protease 1";"Bos taurus";"SINGLE PROTEIN";"CHEMBL1132552";"1";"Scientific Literature";"J Med Chem";"1999";"None";"";"";"";"170.0"
"CHEMBL102148";"";"None";"428.50";"0";"3.65";"4";"N=C(N)c1ccc(OCCCOc2ccc(-c3nc4cc(C(=N)N)ccc4[nH]3)cc2)cc1";"Ki";"'='";"2960.0";"nM";"5.53";"";"";"UO_0000065";"12.90";"0.24";"1.88";"3.76";"0";"CHEMBL817581";"Inhibition constant against bovine trypsin";"B";"BAO_0000357";"single protein format";"Bos taurus";"None";"None";"None";"None";"";"";"";"CHEMBL3769";"Serine protease 1";"Bos taurus";"SINGLE PROTEIN";"CHEMBL1122336";"1";"Scientific Literature";"J Med Chem";"1983";"None";"";"";"";"2.96"
"CHEMBL355969";"";"None";"414.55";"1";"5.04";"6c";"N=C(N)c1ccc(/C=C2/CCCCCCC/C(=C/c3ccc(C(=N)N)cc3)C2=O)cc1";"Ki";"'='";"2200.0";"nM";"5.66";"";"";"UO_0000065";"13.65";"0.25";"0.62";"4.84";"0";"CHEMBL815005";"In vitro inhibition of bovine trypsin(Trp).";"B";"BAO_0000357";"single protein format";"Bos taurus";"None";"None";"None";"None";"";"";"";"CHEMBL3769";"Serine protease 1";"Bos taurus";"SINGLE PROTEIN";"CHEMBL1132552";"1";"Scientific Literature";"J Med Chem";"1999";"None";"";"";"";"2200.0"
"CHEMBL26400";"";"None";"476.50";"0";"4.21";"6a";"CC(=O)N1CCC(Oc2ccc(NC/C=C/c3cc(C(=N)N)ccc3O)cc2C(F)(F)F)CC1";"Ki";"'='";"830.0";"nM";"6.08";"";"";"UO_0000065";"12.76";"0.24";"1.87";"5.45";"0";"CHEMBL873992";"Competitive inhibition of trypsin";"B";"BAO_0000357";"single protein format";"Bos taurus";"None";"None";"None";"None";"";"";"";"CHEMBL3769";"Serine protease 1";"Bos taurus";"SINGLE PROTEIN";"CHEMBL1135303";"1";"Scientific Literature";"Bioorg Med Chem Lett";"2002";"None";"";"";"";"830.0"
"CHEMBL544830";"";"None";"530.09";"0";"2.45";"3c";"Cl.N=C(N)N1CCC[C@@H](CNC(=O)[C@@H](Cc2ccccc2)NS(=O)(=O)c2ccc3ccccc3c2)C1";"Ki";"'='";"26000.0";"nM";"4.58";"";"";"UO_0000065";"9.29";"0.18";"2.14";"3.57";"0";"CHEMBL878759";"In vitro binding affinity by measuring the inhibition of bovine trypsin";"B";"BAO_0000357";"single protein format";"Bos taurus";"None";"None";"None";"None";"";"";"";"CHEMBL3769";"Serine protease 1";"Bos taurus";"SINGLE PROTEIN";"CHEMBL1127404";"1";"Scientific Literature";"J Med Chem";"1994";"None";"";"";"";"26.0"
"CHEMBL351298";"";"None";"462.98";"0";"2.87";"1";"N=C(N)c1cccc(CN2CCN(S(=O)(=O)c3cc4ccc(Cl)cc4s3)CC2=O)c1";"Ki";"'>'";"2900.0";"nM";"";"";"";"UO_0000065";"";"";"";"";"0";"CHEMBL873993";"Binding affinity of compound toward bovine trypsin was evaluated";"B";"BAO_0000357";"single protein format";"Bos taurus";"None";"None";"None";"None";"";"";"";"CHEMBL3769";"Serine protease 1";"Bos taurus";"SINGLE PROTEIN";"CHEMBL1145974";"1";"Scientific Literature";"J Med Chem";"2003";"None";"";"";"";"2900.0"
"CHEMBL326552";"";"None";"372.47";"0";"3.86";"19a";"N=C(N)c1cccc(/C=C2\CCCC/C(=C\c3cccc(C(=N)N)c3)C2=O)c1";"Ki";"'='";"410.0";"nM";"6.39";"";"";"UO_0000065";"17.15";"0.31";"2.53";"5.47";"1";"CHEMBL815005";"In vitro inhibition of bovine trypsin(Trp).";"B";"BAO_0000357";"single protein format";"Bos taurus";"None";"None";"None";"None";"";"";"";"CHEMBL3769";"Serine protease 1";"Bos taurus";"SINGLE PROTEIN";"CHEMBL1132552";"1";"Scientific Literature";"J Med Chem";"1999";"None";"";"";"";"410.0"
"CHEMBL427125";"";"None";"567.69";"1";"1.98";"65";"CN[C@H](Cc1ccccc1)C(=O)N1CCC[C@H]1C(=O)NC(CCCN=C(N)N)C(=O)c1nc2ccc(F)cc2s1";"Ki";"'='";"1.5";"nM";"8.82";"";"";"UO_0000065";"15.54";"0.30";"6.84";"5.66";"0";"CHEMBL828215";"Binding affinity against bovine trypsin";"B";"BAO_0000357";"single protein format";"Bos taurus";"None";"None";"None";"None";"";"";"";"CHEMBL3769";"Serine protease 1";"Bos taurus";"SINGLE PROTEIN";"CHEMBL1142732";"1";"Scientific Literature";"J Med Chem";"2005";"None";"";"";"";"1.5"
"CHEMBL110440";"";"None";"469.57";"0";"1.74";"16";"Cc1ccc(NS(=O)(=O)Cc2ccccc2)c(=O)n1CC(=O)NCC1CCc2n[nH]cc2C1";"Ki";"";"";"nM";"";"";"Not Active";"UO_0000065";"";"";"";"";"0";"CHEMBL818249";"Inhibitory activity was evaluated against Trypsin; Inactive";"B";"BAO_0000357";"single protein format";"Bos taurus";"None";"None";"None";"None";"";"";"";"CHEMBL3769";"Serine protease 1";"Bos taurus";"SINGLE PROTEIN";"CHEMBL1136225";"1";"Scientific Literature";"Bioorg Med Chem Lett";"2003";"None";"";"";"";""
"CHEMBL2062141";"";"None";"471.60";"0";"0.13";"1, (L-370518)";"CNC(=O)C(=O)[C@@H](NC(=O)[C@@H]1CCCN1C(=O)[C@@H](Cc1ccccc1)NC)[C@H]1CC[C@H](N)CC1";"Ki";"'='";"1150.0";"nM";"5.94";"";"";"UO_0000065";"12.59";"0.24";"5.81";"4.44";"0";"CHEMBL817579";"In vitro inhibition against bovine trypsin was determined";"B";"BAO_0000357";"single protein format";"Bos taurus";"None";"None";"None";"None";"";"";"";"CHEMBL3769";"Serine protease 1";"Bos taurus";"SINGLE PROTEIN";"CHEMBL1129865";"1";"Scientific Literature";"Bioorg Med Chem Lett";"1997";"None";"";"";"";"1150.0"
"CHEMBL2448441";"";"None";"784.63";"None";"None";"17";"Br.CC1(C)C2CC1[C@]1(C)OB(C(CCC/C(S)=N/N)NC(=O)[C@@H]3CCCN3C(=O)[C@H](Cc3ccccc3)NC(=O)OCc3ccccc3)O[C@@H]1C2";"Ki";"'='";"0.0015";"nM";"";"Outside typical range";"";"UO_0000065";"";"";"";"";"0";"CHEMBL817620";"Binding affinity against Trypsin";"B";"BAO_0000357";"single protein format";"Bos taurus";"None";"None";"None";"None";"";"";"";"CHEMBL3769";"Serine protease 1";"Bos taurus";"SINGLE PROTEIN";"CHEMBL1128727";"1";"Scientific Literature";"J Med Chem";"1995";"None";"";"";"";"0.0015"
"CHEMBL105980";"";"None";"455.54";"0";"1.50";"17";"Cc1ccc(NS(=O)(=O)Cc2ccccc2)c(=O)n1CC(=O)NC1CCc2n[nH]cc2C1";"Ki";"'='";"438000.0";"nM";"";"Outside typical range";"";"UO_0000065";"";"";"";"";"0";"CHEMBL815006";"Inhibitory activity against Trypsin";"B";"BAO_0000357";"single protein format";"Bos taurus";"None";"None";"None";"None";"";"";"";"CHEMBL3769";"Serine protease 1";"Bos taurus";"SINGLE PROTEIN";"CHEMBL1136225";"1";"Scientific Literature";"Bioorg Med Chem Lett";"2003";"None";"";"";"";"438.0"
"CHEMBL82339";"";"None";"461.48";"0";"3.48";"7m";"CC1(C)CN=C(c2cccc(Oc3cc(C(=O)O)cc(Oc4cc(C(=N)N)ccc4O)n3)c2)N1";"Ki";"'='";"1400.0";"nM";"5.85";"";"";"UO_0000065";"12.68";"0.24";"2.37";"3.59";"0";"CHEMBL818251";"Inhibitory constant against bovine trypsin for general specificity against serine proteases";"B";"BAO_0000357";"single protein format";"Bos taurus";"None";"None";"None";"None";"";"";"";"CHEMBL3769";"Serine protease 1";"Bos taurus";"SINGLE PROTEIN";"CHEMBL1135740";"1";"Scientific Literature";"J Med Chem";"2002";"None";"";"";"";"1400.0"
"CHEMBL7895";"";"None";"553.71";"1";"2.39";"11b";"CS(=O)(=O)N[C@@H](C(=O)N1CCC[C@H]1C(=O)NCc1ccc(C(=N)N)s1)C(c1ccccc1)c1ccccc1";"Ki";"'='";"0.6";"nM";"9.22";"";"";"UO_0000065";"16.65";"0.33";"6.83";"6.34";"0";"CHEMBL817758";"Binding affinity against bovine trypsin";"B";"BAO_0000357";"single protein format";"Bos taurus";"None";"None";"None";"None";"";"";"";"CHEMBL3769";"Serine protease 1";"Bos taurus";"SINGLE PROTEIN";"CHEMBL1135262";"1";"Scientific Literature";"Bioorg Med Chem Lett";"2002";"None";"";"";"";"0.6"
"CHEMBL14047";"PHENYLGUANIDINE";"None";"135.17";"0";"0.99";"1";"N=C(N)Nc1ccccc1";"Ki";"'='";"162929.6";"nM";"";"Outside typical range";"";"UO_0000065";"";"";"";"";"0";"CHEMBL815775";"log1/Ki value was calculated against Trypsin";"B";"BAO_0000357";"single protein format";"Bos taurus";"None";"None";"None";"None";"";"";"";"CHEMBL3769";"Serine protease 1";"Bos taurus";"SINGLE PROTEIN";"CHEMBL1125001";"1";"Scientific Literature";"J Med Chem";"1990";"None";"";"";"";"3.788"
"CHEMBL414655";"";"None";"532.65";"1";"1.11";"53";"CN[C@H](Cc1ccccc1)C(=O)N1CCC[C@H]1C(=O)NC(CCCN=C(N)N)C(=O)c1nc2ccccc2[nH]1";"Ki";"'='";"12.0";"nM";"7.92";"";"";"UO_0000065";"14.87";"0.28";"6.81";"4.62";"0";"CHEMBL828215";"Binding affinity against bovine trypsin";"B";"BAO_0000357";"single protein format";"Bos taurus";"None";"None";"None";"None";"";"";"";"CHEMBL3769";"Serine protease 1";"Bos taurus";"SINGLE PROTEIN";"CHEMBL1142732";"1";"Scientific Literature";"J Med Chem";"2005";"None";"";"";"";"12.0"
"CHEMBL4172393";"";"None";"1623.93";"None";"None";"SFTI-Bip7";"CC[C@H](C)[C@@H]1NC(=O)[C@@H]2CCCN2C(=O)[C@@H]2CCCN2C(=O)[C@H](Cc2ccc(-c3ccccc3)cc2)NC(=O)[C@H](CO)NC(=O)[C@H](CCCCN)NC(=O)[C@H]([C@@H](C)O)NC(=O)[C@@H]2CSSC[C@H](NC1=O)C(=O)N[C@@H](Cc1ccccc1)C(=O)N1CCC[C@H]1C(=O)N[C@@H](CC(=O)O)C(=O)NCC(=O)N[C@@H](CCCNC(=N)N)C(=O)N2";"Ki";"'='";"0.062";"nM";"10.21";"";"";"UO_0000065";"6.29";"None";"None";"None";"0";"CHEMBL4156167";"Inhibition of bovine beta-trypsin using Boc-QAR-MCA as substrate measured every 30 secs for 10 mins";"B";"BAO_0000357";"single protein format";"Bos taurus";"None";"None";"None";"None";"";"";"";"CHEMBL3769";"Serine protease 1";"Bos taurus";"SINGLE PROTEIN";"CHEMBL4152317";"1";"Scientific Literature";"Eur J Med Chem";"2018";"None";"";"";"";"0.062"
"CHEMBL4162159";"";"None";"1457.70";"None";"None";"SFTI-Gly7";"CC[C@H](C)[C@@H]1NC(=O)[C@@H]2CCCN2C(=O)[C@@H]2CCCN2C(=O)CNC(=O)[C@H](CO)NC(=O)[C@H](CCCCN)NC(=O)[C@H]([C@@H](C)O)NC(=O)[C@@H]2CSSC[C@H](NC1=O)C(=O)N[C@@H](Cc1ccccc1)C(=O)N1CCC[C@H]1C(=O)N[C@@H](CC(=O)O)C(=O)NCC(=O)N[C@@H](CCCNC(=N)N)C(=O)N2";"Ki";"'='";"81.0";"nM";"7.09";"";"";"UO_0000065";"4.86";"None";"None";"None";"0";"CHEMBL4156167";"Inhibition of bovine beta-trypsin using Boc-QAR-MCA as substrate measured every 30 secs for 10 mins";"B";"BAO_0000357";"single protein format";"Bos taurus";"None";"None";"None";"None";"";"";"";"CHEMBL3769";"Serine protease 1";"Bos taurus";"SINGLE PROTEIN";"CHEMBL4152317";"1";"Scientific Literature";"Eur J Med Chem";"2018";"None";"";"";"";"81.0"
"CHEMBL79986";"";"None";"441.44";"0";"3.82";"17";"Cc1c(F)c(Oc2cccc(C(=O)N(C)C)c2)nc(Oc2cc(C(=N)N)ccc2N)c1F";"Ki";"'='";"550.0";"nM";"6.26";"";"";"UO_0000065";"14.18";"0.27";"2.44";"4.91";"0";"CHEMBL817592";"Inhibitory potency was measured against bovine trypsin.";"B";"BAO_0000357";"single protein format";"Bos taurus";"None";"None";"None";"None";"";"";"";"CHEMBL3769";"Serine protease 1";"Bos taurus";"SINGLE PROTEIN";"CHEMBL1131090";"1";"Scientific Literature";"J Med Chem";"1998";"None";"";"";"";"550.0"
"CHEMBL350499";"";"None";"507.57";"1";"2.43";"7";"COCC1(C(=O)Nc2ccc(-c3ccccc3S(N)(=O)=O)cc2)CC(c2cccc(C(=N)N)c2)=NO1";"Ki";"'='";"70.0";"nM";"7.16";"";"";"UO_0000065";"14.10";"0.27";"4.72";"4.21";"0";"CHEMBL817587";"Inhibitory activity against trypsin";"B";"BAO_0000357";"single protein format";"Bos taurus";"None";"None";"None";"None";"";"";"";"CHEMBL3769";"Serine protease 1";"Bos taurus";"SINGLE PROTEIN";"CHEMBL1133078";"1";"Scientific Literature";"Bioorg Med Chem Lett";"2000";"None";"";"";"";"70.0"
"CHEMBL142241";"";"None";"554.76";"1";"4.15";"17";"Cc1c(C)c(S(=O)(=O)N[C@@H](Cc2cccc(C(=N)N)c2)C(=O)N2CCC(C)CC2)c(C)c2c1OC(C)(C)CC2";"Ki";"'='";"729.46";"nM";"6.14";"";"";"UO_0000065";"11.06";"0.21";"1.99";"4.89";"0";"CHEMBL821446";"Binding affinity towards trypsin";"B";"BAO_0000357";"single protein format";"Bos taurus";"None";"None";"None";"None";"";"";"";"CHEMBL3769";"Serine protease 1";"Bos taurus";"SINGLE PROTEIN";"CHEMBL1132189";"1";"Scientific Literature";"J Med Chem";"1999";"None";"";"";"";"6.137"
"CHEMBL145211";"";"None";"450.56";"0";"2.64";"78";"N=C(N)c1cccc(C[C@H](NS(=O)(=O)c2ccc3ccccc3c2)C(=O)N2CCCC2)c1";"Ki";"'='";"436.52";"nM";"6.36";"";"";"UO_0000065";"14.12";"0.27";"3.72";"5.47";"0";"CHEMBL821446";"Binding affinity towards trypsin";"B";"BAO_0000357";"single protein format";"Bos taurus";"None";"None";"None";"None";"";"";"";"CHEMBL3769";"Serine protease 1";"Bos taurus";"SINGLE PROTEIN";"CHEMBL1132189";"1";"Scientific Literature";"J Med Chem";"1999";"None";"";"";"";"6.36"
"CHEMBL358081";"";"None";"478.62";"0";"3.27";"8";"CC1CCN(C(=O)[C@H](Cc2cccc(C(=N)N)c2)NS(=O)(=O)c2cccc3ccccc23)CC1";"Ki";"'='";"630.96";"nM";"6.20";"";"";"UO_0000065";"12.95";"0.25";"2.93";"5.33";"0";"CHEMBL821446";"Binding affinity towards trypsin";"B";"BAO_0000357";"single protein format";"Bos taurus";"None";"None";"None";"None";"";"";"";"CHEMBL3769";"Serine protease 1";"Bos taurus";"SINGLE PROTEIN";"CHEMBL1132189";"1";"Scientific Literature";"J Med Chem";"1999";"None";"";"";"";"6.2"
"CHEMBL1161247";"";"None";"556.64";"1";"3.05";"10";"N=C(N)c1cccc(C[C@H](NS(=O)(=O)c2ccc3ccccc3c2)C(=O)N2Cc3ccccc3C[C@@H]2C(=O)O)c1";"Ki";"'='";"130.02";"nM";"6.89";"";"";"UO_0000065";"12.37";"0.24";"3.84";"4.48";"0";"CHEMBL821446";"Binding affinity towards trypsin";"B";"BAO_0000357";"single protein format";"Bos taurus";"None";"None";"None";"None";"";"";"";"CHEMBL3769";"Serine protease 1";"Bos taurus";"SINGLE PROTEIN";"CHEMBL1132189";"1";"Scientific Literature";"J Med Chem";"1999";"None";"";"";"";"6.886"
"CHEMBL142312";"";"None";"521.64";"1";"2.00";"81";"CNC(=O)[C@H]1CCCN(C(=O)[C@H](Cc2cccc(C(=N)N)c2)NS(=O)(=O)c2ccc3ccccc3c2)C1";"Ki";"'='";"309.74";"nM";"6.51";"";"";"UO_0000065";"12.48";"0.24";"4.51";"4.48";"0";"CHEMBL821446";"Binding affinity towards trypsin";"B";"BAO_0000357";"single protein format";"Bos taurus";"None";"None";"None";"None";"";"";"";"CHEMBL3769";"Serine protease 1";"Bos taurus";"SINGLE PROTEIN";"CHEMBL1132189";"1";"Scientific Literature";"J Med Chem";"1999";"None";"";"";"";"6.509"
"CHEMBL356348";"";"None";"543.67";"1";"1.12";"75";"CS(=O)(=O)N1CCN(C(=O)[C@H](Cc2cccc(C(=N)N)c2)NS(=O)(=O)c2cccc3ccccc23)CC1";"Ki";"'='";"319.89";"nM";"6.50";"";"";"UO_0000065";"11.95";"0.24";"5.37";"4.22";"0";"CHEMBL821446";"Binding affinity towards trypsin";"B";"BAO_0000357";"single protein format";"Bos taurus";"None";"None";"None";"None";"";"";"";"CHEMBL3769";"Serine protease 1";"Bos taurus";"SINGLE PROTEIN";"CHEMBL1132189";"1";"Scientific Literature";"J Med Chem";"1999";"None";"";"";"";"6.495"
"CHEMBL143205";"";"None";"521.64";"1";"2.00";"34";"CNC(=O)C1CCN(C(=O)[C@H](Cc2cccc(C(=N)N)c2)NS(=O)(=O)c2ccc3ccccc3c2)CC1";"Ki";"'='";"159.96";"nM";"6.80";"";"";"UO_0000065";"13.03";"0.25";"4.80";"4.67";"0";"CHEMBL821446";"Binding affinity towards trypsin";"B";"BAO_0000357";"single protein format";"Bos taurus";"None";"None";"None";"None";"";"";"";"CHEMBL3769";"Serine protease 1";"Bos taurus";"SINGLE PROTEIN";"CHEMBL1132189";"1";"Scientific Literature";"J Med Chem";"1999";"None";"";"";"";"6.796"
"CHEMBL171966";"";"None";"539.68";"1";"4.96";"14d";"CC(=N)N1CCC(N(CCCC(=O)O)c2ccc3c(c2)nc(C)n3Cc2ccc3ccc(C(=N)N)cc3c2)CC1";"Ki";"'='";"800.0";"nM";"6.10";"";"";"UO_0000065";"11.30";"0.21";"1.14";"4.51";"0";"CHEMBL815753";"In vitro inhibitory activity against bovine cationic trypsin";"B";"BAO_0000357";"single protein format";"Bos taurus";"None";"None";"None";"None";"";"";"";"CHEMBL3769";"Serine protease 1";"Bos taurus";"SINGLE PROTEIN";"CHEMBL1133358";"1";"Scientific Literature";"Bioorg Med Chem Lett";"2000";"None";"";"";"";"800.0"
"CHEMBL176813";"";"None";"482.63";"1";"5.31";"7g";"CCCc1nc2ccc(OC3CCN(C(C)=N)CC3)cc2n1Cc1ccc2ccc(C(=N)N)cc2c1";"Ki";"'='";"6.8";"nM";"8.17";"";"";"UO_0000065";"16.92";"0.31";"2.86";"7.85";"0";"CHEMBL815753";"In vitro inhibitory activity against bovine cationic trypsin";"B";"BAO_0000357";"single protein format";"Bos taurus";"None";"None";"None";"None";"";"";"";"CHEMBL3769";"Serine protease 1";"Bos taurus";"SINGLE PROTEIN";"CHEMBL1133358";"1";"Scientific Literature";"Bioorg Med Chem Lett";"2000";"None";"";"";"";"6.8"
"CHEMBL1161255";"";"None";"584.78";"1";"4.55";"65";"CC(C)c1cc(C(C)C)c(S(=O)(=O)N[C@@H](Cc2cccc(C(=N)N)c2)C(=O)N2CCC[C@H](C(=O)O)C2)c(C(C)C)c1";"Ki";"'='";"2398.83";"nM";"5.62";"";"";"UO_0000065";"9.61";"0.19";"1.07";"3.66";"0";"CHEMBL821446";"Binding affinity towards trypsin";"B";"BAO_0000357";"single protein format";"Bos taurus";"None";"None";"None";"None";"";"";"";"CHEMBL3769";"Serine protease 1";"Bos taurus";"SINGLE PROTEIN";"CHEMBL1132189";"1";"Scientific Literature";"J Med Chem";"1999";"None";"";"";"";"5.62"
"CHEMBL288573";"";"None";"397.27";"0";"0.88";"4m";"NCCCCC1NC(=O)CNC(=O)c2cc(ccc2CBr)NC1=O";"Ki";"'='";"80000.0";"nM";"4.10";"";"";"UO_0000065";"10.31";"0.23";"3.22";"3.62";"0";"CHEMBL816811";"Apparent binding constant against bovine trypsin";"B";"BAO_0000357";"single protein format";"Bos taurus";"None";"None";"None";"None";"";"";"";"CHEMBL3769";"Serine protease 1";"Bos taurus";"SINGLE PROTEIN";"CHEMBL1126701";"1";"Scientific Literature";"J Med Chem";"1993";"None";"";"";"";"0.00008"
"CHEMBL150434";"";"None";"414.55";"1";"5.04";"6a";"N=C(N)c1ccc(/C=C2\CCCCCCC/C(=C\c3ccc(C(=N)N)cc3)C2=O)cc1";"Ki";"'='";"3000.0";"nM";"5.52";"";"";"UO_0000065";"13.32";"0.24";"0.48";"4.73";"0";"CHEMBL815005";"In vitro inhibition of bovine trypsin(Trp).";"B";"BAO_0000357";"single protein format";"Bos taurus";"None";"None";"None";"None";"";"";"";"CHEMBL3769";"Serine protease 1";"Bos taurus";"SINGLE PROTEIN";"CHEMBL1132552";"1";"Scientific Literature";"J Med Chem";"1999";"None";"";"";"";"3000.0"
"CHEMBL345710";"";"None";"402.45";"0";"2.79";"8a";"N=C(N)c1ccc(/C=C2\CC(C(=O)O)C/C(=C\c3ccc(C(=N)N)cc3)C2=O)cc1";"Ki";"'='";"880.0";"nM";"6.06";"";"";"UO_0000065";"15.05";"0.28";"3.27";"3.93";"0";"CHEMBL815005";"In vitro inhibition of bovine trypsin(Trp).";"B";"BAO_0000357";"single protein format";"Bos taurus";"None";"None";"None";"None";"";"";"";"CHEMBL3769";"Serine protease 1";"Bos taurus";"SINGLE PROTEIN";"CHEMBL1132552";"1";"Scientific Literature";"J Med Chem";"1999";"None";"";"";"";"880.0"
"CHEMBL43415";"";"None";"149.20";"0";"1.30";"11";"Cc1ccc(NC(=N)N)cc1";"Ki";"'='";"317687.41";"nM";"";"Outside typical range";"";"UO_0000065";"";"";"";"";"0";"CHEMBL815775";"log1/Ki value was calculated against Trypsin";"B";"BAO_0000357";"single protein format";"Bos taurus";"None";"None";"None";"None";"";"";"";"CHEMBL3769";"Serine protease 1";"Bos taurus";"SINGLE PROTEIN";"CHEMBL1125001";"1";"Scientific Literature";"J Med Chem";"1990";"None";"";"";"";"3.498"
"CHEMBL358970";"";"None";"478.62";"0";"3.27";"4";"CC1CCN(C(=O)[C@H](Cc2cccc(C(=N)N)c2)NS(=O)(=O)c2ccc3ccccc3c2)CC1";"Ki";"'='";"141.25";"nM";"6.85";"";"";"UO_0000065";"14.31";"0.28";"3.58";"5.89";"0";"CHEMBL821446";"Binding affinity towards trypsin";"B";"BAO_0000357";"single protein format";"Bos taurus";"None";"None";"None";"None";"";"";"";"CHEMBL3769";"Serine protease 1";"Bos taurus";"SINGLE PROTEIN";"CHEMBL1132189";"1";"Scientific Literature";"J Med Chem";"1999";"None";"";"";"";"6.85"
"CHEMBL356580";"";"None";"550.68";"1";"3.20";"49";"CC(C)OC(=O)[C@H]1CCCN(C(=O)[C@H](Cc2cccc(C(=N)N)c2)NS(=O)(=O)c2ccc3ccccc3c2)C1";"Ki";"'='";"426.58";"nM";"6.37";"";"";"UO_0000065";"11.57";"0.22";"3.17";"4.47";"0";"CHEMBL821446";"Binding affinity towards trypsin";"B";"BAO_0000357";"single protein format";"Bos taurus";"None";"None";"None";"None";"";"";"";"CHEMBL3769";"Serine protease 1";"Bos taurus";"SINGLE PROTEIN";"CHEMBL1132189";"1";"Scientific Literature";"J Med Chem";"1999";"None";"";"";"";"6.37"
"CHEMBL319615";"";"None";"840.04";"2";"5.07";"4a";"Cc1ccc(S(=O)(=O)N/C(N)=N\CCC[C@H](NC(=O)[C@@H]2CCCN2C(=O)[C@@H](Cc2ccccc2)N(C)C(=O)OCc2ccccc2)C(O)c2nc3ccccc3s2)cc1";"Ki";"'>'";"150000.0";"nM";"";"Outside typical range";"";"UO_0000065";"";"";"";"";"0";"CHEMBL815751";"Inhibition of bovine trypsin";"B";"BAO_0000357";"single protein format";"Bos taurus";"None";"None";"None";"None";"";"";"";"CHEMBL3769";"Serine protease 1";"Bos taurus";"SINGLE PROTEIN";"CHEMBL1129256";"1";"Scientific Literature";"J Med Chem";"1996";"None";"";"";"";"150000.0"
"CHEMBL48233";"";"None";"372.47";"0";"3.86";"1a";"N=C(N)c1ccc(/C=C2\CCCC/C(=C\c3ccc(C(=N)N)cc3)C2=O)cc1";"Ki";"'='";"280.0";"nM";"6.55";"";"";"UO_0000065";"17.59";"0.32";"2.69";"5.61";"1";"CHEMBL815005";"In vitro inhibition of bovine trypsin(Trp).";"B";"BAO_0000357";"single protein format";"Bos taurus";"None";"None";"None";"None";"";"";"";"CHEMBL3769";"Serine protease 1";"Bos taurus";"SINGLE PROTEIN";"CHEMBL1132552";"1";"Scientific Literature";"J Med Chem";"1999";"None";"";"";"";"280.0"
"CHEMBL165781";"";"None";"494.62";"0";"3.23";"4";"N/C(=N\O)c1ccc(C[C@H](NS(=O)(=O)c2ccc3ccccc3c2)C(=O)N2CCCCCC2)cc1";"Ki";"'='";"316000.0";"nM";"";"Outside typical range";"";"UO_0000065";"";"";"";"";"0";"CHEMBL817590";"Inhibitory effect of compound was measured in bovine trypsin";"B";"BAO_0000357";"single protein format";"Bos taurus";"None";"None";"None";"None";"";"";"";"CHEMBL3769";"Serine protease 1";"Bos taurus";"SINGLE PROTEIN";"CHEMBL1129885";"1";"Scientific Literature";"Bioorg Med Chem Lett";"1997";"None";"";"";"";"316.0"
"CHEMBL1161244";"";"None";"465.58";"0";"1.45";"48";"N=C(N)c1cccc(C[C@H](NS(=O)(=O)c2ccc3ccccc3c2)C(=O)N2CCNCC2)c1";"Ki";"'='";"219.79";"nM";"6.66";"";"";"UO_0000065";"14.30";"0.28";"5.21";"5.19";"0";"CHEMBL821446";"Binding affinity towards trypsin";"B";"BAO_0000357";"single protein format";"Bos taurus";"None";"None";"None";"None";"";"";"";"CHEMBL3769";"Serine protease 1";"Bos taurus";"SINGLE PROTEIN";"CHEMBL1132189";"1";"Scientific Literature";"J Med Chem";"1999";"None";"";"";"";"6.658"
"CHEMBL101672";"";"None";"456.55";"0";"4.43";"6";"N=C(N)c1ccc(OCCCCCOc2ccc(-c3nc4cc(C(=N)N)ccc4[nH]3)cc2)cc1";"Ki";"'='";"1440.0";"nM";"5.84";"";"";"UO_0000065";"12.80";"0.23";"1.41";"3.98";"0";"CHEMBL817581";"Inhibition constant against bovine trypsin";"B";"BAO_0000357";"single protein format";"Bos taurus";"None";"None";"None";"None";"";"";"";"CHEMBL3769";"Serine protease 1";"Bos taurus";"SINGLE PROTEIN";"CHEMBL1122336";"1";"Scientific Literature";"J Med Chem";"1983";"None";"";"";"";"1.44"
"CHEMBL71175";"";"None";"463.45";"0";"2.12";"16a";"CN(C)C(=O)c1cccc(Oc2nc3c(c(Oc4cc(C(=N)N)ccc4O)n2)NC(=O)CN3)c1";"Ki";"'='";"320.0";"nM";"6.50";"";"";"UO_0000065";"14.01";"0.26";"4.37";"3.69";"0";"CHEMBL817575";"Compound was tested for inhibitory activity against bovine trypsin";"B";"BAO_0000357";"single protein format";"Bos taurus";"None";"None";"None";"None";"";"";"";"CHEMBL3769";"Serine protease 1";"Bos taurus";"SINGLE PROTEIN";"CHEMBL1130936";"1";"Scientific Literature";"Bioorg Med Chem Lett";"1998";"None";"";"";"";"320.0"
"CHEMBL7213";"";"None";"548.71";"1";"2.81";"10c";"Cc1cc(CNC(=O)[C@@H]2CCCN2C(=O)[C@H](NS(C)(=O)=O)C(c2ccccc2)c2ccccc2)ccc1CN";"Ki";"'='";"110.0";"nM";"6.96";"";"";"UO_0000065";"12.68";"0.24";"4.15";"5.72";"0";"CHEMBL817758";"Binding affinity against bovine trypsin";"B";"BAO_0000357";"single protein format";"Bos taurus";"None";"None";"None";"None";"";"";"";"CHEMBL3769";"Serine protease 1";"Bos taurus";"SINGLE PROTEIN";"CHEMBL1135262";"1";"Scientific Literature";"Bioorg Med Chem Lett";"2002";"None";"";"";"";"110.0"
"CHEMBL343892";"";"None";"522.63";"1";"2.43";"9";"COC(=O)C1CCN(C(=O)[C@H](Cc2cccc(C(=N)N)c2)NS(=O)(=O)c2ccc3ccccc3c2)CC1";"Ki";"'='";"35.97";"nM";"7.44";"";"";"UO_0000065";"14.24";"0.27";"5.01";"5.22";"0";"CHEMBL821446";"Binding affinity towards trypsin";"B";"BAO_0000357";"single protein format";"Bos taurus";"None";"None";"None";"None";"";"";"";"CHEMBL3769";"Serine protease 1";"Bos taurus";"SINGLE PROTEIN";"CHEMBL1132189";"1";"Scientific Literature";"J Med Chem";"1999";"None";"";"";"";"7.444"
"CHEMBL358491";"";"None";"414.53";"0";"1.79";"46";"Cc1ccc(S(=O)(=O)N[C@@H](Cc2cccc(C(=N)N)c2)C(=O)N2CCCC2)cc1";"Ki";"'='";"2197.86";"nM";"5.66";"";"";"UO_0000065";"13.65";"0.27";"3.87";"4.86";"0";"CHEMBL821446";"Binding affinity towards trypsin";"B";"BAO_0000357";"single protein format";"Bos taurus";"None";"None";"None";"None";"";"";"";"CHEMBL3769";"Serine protease 1";"Bos taurus";"SINGLE PROTEIN";"CHEMBL1132189";"1";"Scientific Literature";"J Med Chem";"1999";"None";"";"";"";"5.658"
"CHEMBL609702";"";"None";"180.17";"0";"0.90";"10";"N=C(N)Nc1ccc([N+](=O)[O-])cc1";"Ki";"'='";"352370.87";"nM";"";"Outside typical range";"";"UO_0000065";"";"";"";"";"0";"CHEMBL815775";"log1/Ki value was calculated against Trypsin";"B";"BAO_0000357";"single protein format";"Bos taurus";"None";"None";"None";"None";"";"";"";"CHEMBL3769";"Serine protease 1";"Bos taurus";"SINGLE PROTEIN";"CHEMBL1125001";"1";"Scientific Literature";"J Med Chem";"1990";"None";"";"";"";"3.453"
"CHEMBL1159685";"";"None";"744.84";"1";"3.54";"11h";"N=C(N)c1ccc(CNC(=O)[C@@H]2CCCN2C(=O)[C@H](NS(=O)(=O)NC2CCCCC2)C(c2ccccc2)c2ccccc2)cc1.O=C(O)C(F)(F)F";"Ki";"'='";"0.25";"nM";"9.60";"";"";"UO_0000065";"15.22";"0.29";"6.06";"6.10";"0";"CHEMBL817758";"Binding affinity against bovine trypsin";"B";"BAO_0000357";"single protein format";"Bos taurus";"None";"None";"None";"None";"";"";"";"CHEMBL3769";"Serine protease 1";"Bos taurus";"SINGLE PROTEIN";"CHEMBL1135262";"1";"Scientific Literature";"Bioorg Med Chem Lett";"2002";"None";"";"";"";"0.25"
"CHEMBL142447";"";"None";"466.56";"0";"1.87";"21";"N=C(N)c1cccc(C[C@H](NS(=O)(=O)c2ccc3ccccc3c2)C(=O)N2CCOCC2)c1";"Ki";"'='";"209.89";"nM";"6.68";"";"";"UO_0000065";"14.31";"0.28";"4.81";"5.32";"0";"CHEMBL821446";"Binding affinity towards trypsin";"B";"BAO_0000357";"single protein format";"Bos taurus";"None";"None";"None";"None";"";"";"";"CHEMBL3769";"Serine protease 1";"Bos taurus";"SINGLE PROTEIN";"CHEMBL1132189";"1";"Scientific Literature";"J Med Chem";"1999";"None";"";"";"";"6.678"
"CHEMBL170911";"";"None";"430.91";"0";"4.28";"14";"Cc1cc(OCc2cccc(C(=N)N)c2)cc(OS(=O)(=O)c2ccccc2Cl)c1";"Ki";"'='";"1500.0";"nM";"5.82";"";"";"UO_0000065";"13.52";"0.27";"1.54";"5.68";"0";"CHEMBL817568";"Compound was evaluated for inhibition of Trypsin";"B";"BAO_0000357";"single protein format";"Bos taurus";"None";"None";"None";"None";"";"";"";"CHEMBL3769";"Serine protease 1";"Bos taurus";"SINGLE PROTEIN";"CHEMBL1133126";"1";"Scientific Literature";"Bioorg Med Chem Lett";"2000";"None";"";"";"";"1.5"
"CHEMBL159418";"";"None";"545.59";"1";"1.47";"9";"N=C(N)c1cccc(C2=NOC(Cn3cnnn3)(C(=O)Nc3ccc(-c4ccccc4S(N)(=O)=O)cc3)C2)c1";"Ki";"'='";"91.0";"nM";"7.04";"";"";"UO_0000065";"12.91";"0.25";"5.57";"3.45";"0";"CHEMBL817587";"Inhibitory activity against trypsin";"B";"BAO_0000357";"single protein format";"Bos taurus";"None";"None";"None";"None";"";"";"";"CHEMBL3769";"Serine protease 1";"Bos taurus";"SINGLE PROTEIN";"CHEMBL1133078";"1";"Scientific Literature";"Bioorg Med Chem Lett";"2000";"None";"";"";"";"91.0"
"CHEMBL380813";"";"None";"517.63";"2";"6.18";"12c";"COc1ccc(CCN(Cc2ccc3ccc(C(=N)N)cc3c2)C(=O)c2cccc3ccccc23)cc1OC";"Ki";"'='";"105.0";"nM";"6.98";"";"";"UO_0000065";"13.48";"0.24";"0.80";"7.87";"0";"CHEMBL830293";"Inhibition constant towards bovine trypsin";"B";"BAO_0000357";"single protein format";"Bos taurus";"None";"None";"None";"None";"";"";"";"CHEMBL3769";"Serine protease 1";"Bos taurus";"SINGLE PROTEIN";"CHEMBL1144375";"1";"Scientific Literature";"Bioorg Med Chem Lett";"2005";"None";"";"";"";"105.0"
"CHEMBL195032";"";"None";"458.57";"1";"5.56";"12f";"N=C(N)c1ccc2ccc(CN(CCc3ccccn3)C(=O)c3cccc4ccccc34)cc2c1";"Ki";"'='";"299.0";"nM";"6.52";"";"";"UO_0000065";"14.23";"0.25";"0.96";"7.85";"0";"CHEMBL830293";"Inhibition constant towards bovine trypsin";"B";"BAO_0000357";"single protein format";"Bos taurus";"None";"None";"None";"None";"";"";"";"CHEMBL3769";"Serine protease 1";"Bos taurus";"SINGLE PROTEIN";"CHEMBL1144375";"1";"Scientific Literature";"Bioorg Med Chem Lett";"2005";"None";"";"";"";"299.0"
"CHEMBL196182";"";"None";"462.58";"0";"4.63";"12h";"N=C(N)c1ccc2ccc(CN(CCC[n+]3cc[nH]c3)C(=O)c3cccc4ccccc34)cc2c1";"Ki";"'='";"752.0";"nM";"6.12";"";"";"UO_0000065";"13.24";"0.24";"1.49";"6.82";"0";"CHEMBL830293";"Inhibition constant towards bovine trypsin";"B";"BAO_0000357";"single protein format";"Bos taurus";"None";"None";"None";"None";"";"";"";"CHEMBL3769";"Serine protease 1";"Bos taurus";"SINGLE PROTEIN";"CHEMBL1144375";"1";"Scientific Literature";"Bioorg Med Chem Lett";"2005";"None";"";"";"";"752.0"
"CHEMBL325022";"";"None";"372.47";"0";"3.86";"19b";"N=C(N)c1cccc(/C=C2/CCCC/C(=C\c3cccc(C(=N)N)c3)C2=O)c1";"Ki";"'='";"200.0";"nM";"6.70";"";"";"UO_0000065";"17.99";"0.33";"2.84";"5.73";"1";"CHEMBL815005";"In vitro inhibition of bovine trypsin(Trp).";"B";"BAO_0000357";"single protein format";"Bos taurus";"None";"None";"None";"None";"";"";"";"CHEMBL3769";"Serine protease 1";"Bos taurus";"SINGLE PROTEIN";"CHEMBL1132552";"1";"Scientific Literature";"J Med Chem";"1999";"None";"";"";"";"200.0"
"CHEMBL70730";"";"None";"426.42";"0";"4.24";"4f";"Cc1c(F)c(Oc2cccc(C(=N)N)c2)nc(Oc2cccc(C(=O)N(C)C)c2)c1F";"Ki";"'='";"2700.0";"nM";"5.57";"";"";"UO_0000065";"13.06";"0.25";"1.33";"5.48";"1";"CHEMBL818251";"Inhibitory constant against bovine trypsin for general specificity against serine proteases";"B";"BAO_0000357";"single protein format";"Bos taurus";"None";"None";"None";"None";"";"";"";"CHEMBL3769";"Serine protease 1";"Bos taurus";"SINGLE PROTEIN";"CHEMBL1135740";"1";"Scientific Literature";"J Med Chem";"2002";"None";"";"";"";"2700.0"
"CHEMBL291261";"";"None";"733.76";"None";"None";"22";"CCC(C)(C)C(NC(=O)[C@@H]1CCCN1C(=O)[C@@H](NC(=O)OCc1ccccc1)C(c1ccccc1)c1ccccc1)B1O[C@@H]2CC3CC(C3(C)C)[C@]2(C)O1";"Ki";"'='";"0.56";"nM";"9.25";"";"";"UO_0000065";"12.61";"None";"None";"None";"0";"CHEMBL817620";"Binding affinity against Trypsin";"B";"BAO_0000357";"single protein format";"Bos taurus";"None";"None";"None";"None";"";"";"";"CHEMBL3769";"Serine protease 1";"Bos taurus";"SINGLE PROTEIN";"CHEMBL1128727";"1";"Scientific Literature";"J Med Chem";"1995";"None";"";"";"";"0.56"
"CHEMBL1161253";"";"None";"508.60";"1";"2.48";"40";"N=C(N)c1cccc(C[C@H](NS(=O)(=O)c2ccc3ccccc3c2)C(=O)N2CCCC[C@@H]2C(=O)O)c1";"Ki";"'='";"630.96";"nM";"6.20";"";"";"UO_0000065";"12.19";"0.24";"3.72";"4.04";"0";"CHEMBL821446";"Binding affinity towards trypsin";"B";"BAO_0000357";"single protein format";"Bos taurus";"None";"None";"None";"None";"";"";"";"CHEMBL3769";"Serine protease 1";"Bos taurus";"SINGLE PROTEIN";"CHEMBL1132189";"1";"Scientific Literature";"J Med Chem";"1999";"None";"";"";"";"6.2"
"CHEMBL356630";"";"None";"386.50";"0";"3.92";"13b";"C/N=C(/N)c1ccc(/C=C2/CCCC/C(=C\c3ccc(C(=N)N)cc3)C2=O)cc1";"Ki";"'='";"155.0";"nM";"6.81";"";"";"UO_0000065";"17.62";"0.32";"2.89";"6.47";"0";"CHEMBL815005";"In vitro inhibition of bovine trypsin(Trp).";"B";"BAO_0000357";"single protein format";"Bos taurus";"None";"None";"None";"None";"";"";"";"CHEMBL3769";"Serine protease 1";"Bos taurus";"SINGLE PROTEIN";"CHEMBL1132552";"1";"Scientific Literature";"J Med Chem";"1999";"None";"";"";"";"155.0"
"CHEMBL123942";"";"None";"483.70";"0";"3.99";"14c";"Cc1cc(N)nc(C)c1CNC(=O)[C@@H]1CCCN1C(=O)[C@H](N)C(C1CCCCC1)C1CCCCC1";"Ki";"'='";"3000.0";"nM";"5.52";"";"";"UO_0000065";"11.42";"0.22";"1.53";"4.83";"0";"CHEMBL817580";"In vitro inhibitory activity against bovine trypsin";"B";"BAO_0000357";"single protein format";"Bos taurus";"None";"None";"None";"None";"";"";"";"CHEMBL3769";"Serine protease 1";"Bos taurus";"SINGLE PROTEIN";"CHEMBL1130400";"1";"Scientific Literature";"J Med Chem";"1997";"None";"";"";"";"3000.0"
"CHEMBL347158";"";"None";"493.63";"0";"2.92";"5";"N=C(NN)c1ccc(C[C@H](NS(=O)(=O)c2ccc3ccccc3c2)C(=O)N2CCCCCC2)cc1";"Ki";"'='";"3730.0";"nM";"5.43";"";"";"UO_0000065";"11.00";"0.21";"2.51";"4.23";"0";"CHEMBL817590";"Inhibitory effect of compound was measured in bovine trypsin";"B";"BAO_0000357";"single protein format";"Bos taurus";"None";"None";"None";"None";"";"";"";"CHEMBL3769";"Serine protease 1";"Bos taurus";"SINGLE PROTEIN";"CHEMBL1129885";"1";"Scientific Literature";"Bioorg Med Chem Lett";"1997";"None";"";"";"";"3.73"
"CHEMBL340184";"";"None";"572.69";"1";"0.92";"19c";"N=C(N)N1CCCC(CNC(=O)C[C@H](NS(=O)(=O)c2ccc3ccccc3c2)C(=O)N2CCC(C(=O)O)CC2)C1";"Ki";"'='";"130000.0";"nM";"";"Outside typical range";"";"UO_0000065";"";"";"";"";"0";"CHEMBL878759";"In vitro binding affinity by measuring the inhibition of bovine trypsin";"B";"BAO_0000357";"single protein format";"Bos taurus";"None";"None";"None";"None";"";"";"";"CHEMBL3769";"Serine protease 1";"Bos taurus";"SINGLE PROTEIN";"CHEMBL1127404";"1";"Scientific Literature";"J Med Chem";"1994";"None";"";"";"";"130.0"
"CHEMBL163147";"";"None";"506.67";"1";"4.07";"7";"CCNC(=N)c1ccc(C[C@H](NS(=O)(=O)c2ccc3ccccc3c2)C(=O)N2CCCCCC2)cc1";"Ki";"";"";"nM";"";"";"Not Determined";"UO_0000065";"";"";"";"";"0";"CHEMBL817591";"Inhibitory effect of compound was measured in bovine trypsin; no data";"B";"BAO_0000357";"single protein format";"Bos taurus";"None";"None";"None";"None";"";"";"";"CHEMBL3769";"Serine protease 1";"Bos taurus";"SINGLE PROTEIN";"CHEMBL1129885";"1";"Scientific Literature";"Bioorg Med Chem Lett";"1997";"None";"";"";"";""
"CHEMBL175599";"";"None";"319.39";"0";"0.86";"22";"N=C(N)NCCCC(NC=O)C(=O)c1nc2ccccc2s1";"Ki";"'='";"1300.0";"nM";"5.89";"";"";"UO_0000065";"18.43";"0.37";"5.03";"4.87";"0";"CHEMBL828215";"Binding affinity against bovine trypsin";"B";"BAO_0000357";"single protein format";"Bos taurus";"None";"None";"None";"None";"";"";"";"CHEMBL3769";"Serine protease 1";"Bos taurus";"SINGLE PROTEIN";"CHEMBL1142732";"1";"Scientific Literature";"J Med Chem";"2005";"None";"";"";"";"1300.0"
"CHEMBL270437";"";"None";"549.70";"1";"1.84";"3";"CN[C@H](Cc1ccccc1)C(=O)N1CCC[C@H]1C(=O)N[C@@H](CCCN=C(N)N)C(=O)c1nc2ccccc2s1";"Ki";"'='";"3.1";"nM";"8.51";"";"";"UO_0000065";"15.48";"0.30";"6.67";"5.46";"1";"CHEMBL828215";"Binding affinity against bovine trypsin";"B";"BAO_0000357";"single protein format";"Bos taurus";"None";"None";"None";"None";"";"";"";"CHEMBL3769";"Serine protease 1";"Bos taurus";"SINGLE PROTEIN";"CHEMBL1142732";"1";"Scientific Literature";"J Med Chem";"2005";"None";"";"";"";"3.1"
"CHEMBL312275";"";"None";"399.35";"0";"4.24";"4d";"Cc1c(F)c(Oc2cccc(C(=N)N)c2)nc(Oc2cccc(C(=O)O)c2)c1F";"Ki";"'>'";"5000.0";"nM";"";"";"";"UO_0000065";"";"";"";"";"0";"CHEMBL818251";"Inhibitory constant against bovine trypsin for general specificity against serine proteases";"B";"BAO_0000357";"single protein format";"Bos taurus";"None";"None";"None";"None";"";"";"";"CHEMBL3769";"Serine protease 1";"Bos taurus";"SINGLE PROTEIN";"CHEMBL1135740";"1";"Scientific Literature";"J Med Chem";"2002";"None";"";"";"";"5000.0"
"CHEMBL3084980";"";"None";"561.75";"1";"3.69";"71";"CN[C@H](Cc1ccccc1)C(=O)N1CCC[C@H]1C(=O)N[C@H](CC(=O)c1nc2ccccc2s1)[C@H]1CC[C@H](N)CC1";"Ki";"";"";"nM";"";"";"Not Determined";"UO_0000065";"";"";"";"";"0";"CHEMBL828772";"Binding affinity against bovine trypsin; ND=Not determined";"B";"BAO_0000357";"single protein format";"Bos taurus";"None";"None";"None";"None";"";"";"";"CHEMBL3769";"Serine protease 1";"Bos taurus";"SINGLE PROTEIN";"CHEMBL1142732";"1";"Scientific Literature";"J Med Chem";"2005";"None";"";"";"";""
"CHEMBL436235";"";"None";"477.55";"0";"2.66";"4";"C[C@H]1ON=C(c2cccc(C(=N)N)c2)[C@@H]1C(=O)Nc1ccc(-c2ccccc2S(N)(=O)=O)cc1";"Ki";"'='";"110.0";"nM";"6.96";"";"";"UO_0000065";"14.57";"0.28";"4.30";"4.33";"0";"CHEMBL817587";"Inhibitory activity against trypsin";"B";"BAO_0000357";"single protein format";"Bos taurus";"None";"None";"None";"None";"";"";"";"CHEMBL3769";"Serine protease 1";"Bos taurus";"SINGLE PROTEIN";"CHEMBL1133078";"1";"Scientific Literature";"Bioorg Med Chem Lett";"2000";"None";"";"";"";"110.0"
"CHEMBL348255";"";"None";"619.85";"1";"3.33";"82";"CC(C)c1cc(C(C)C)c(S(=O)(=O)N[C@@H](Cc2cccc(C(=N)N)c2)C(=O)N2CCN(S(C)(=O)=O)CC2)c(C(C)C)c1";"Ki";"'='";"979.49";"nM";"6.01";"";"";"UO_0000065";"9.69";"0.20";"2.68";"3.91";"0";"CHEMBL821446";"Binding affinity towards trypsin";"B";"BAO_0000357";"single protein format";"Bos taurus";"None";"None";"None";"None";"";"";"";"CHEMBL3769";"Serine protease 1";"Bos taurus";"SINGLE PROTEIN";"CHEMBL1132189";"1";"Scientific Literature";"J Med Chem";"1999";"None";"";"";"";"6.009"
"CHEMBL125181";"";"None";"386.54";"0";"1.44";"2, (L-371912)";"CN[C@H](Cc1ccccc1)C(=O)N1CCC[C@H]1C(=O)NC[C@H]1CC[C@H](N)CC1";"Ki";"'='";"11000.0";"nM";"4.96";"";"";"UO_0000065";"12.83";"0.24";"3.52";"5.67";"0";"CHEMBL817579";"In vitro inhibition against bovine trypsin was determined";"B";"BAO_0000357";"single protein format";"Bos taurus";"None";"None";"None";"None";"";"";"";"CHEMBL3769";"Serine protease 1";"Bos taurus";"SINGLE PROTEIN";"CHEMBL1129865";"1";"Scientific Literature";"Bioorg Med Chem Lett";"1997";"None";"";"";"";"11000.0"
"CHEMBL168290";"";"None";"430.91";"0";"4.28";"13";"Cc1cc(OCc2ccc(C(=N)N)cc2)cc(OS(=O)(=O)c2ccccc2Cl)c1";"Ki";"'='";"2700.0";"nM";"5.57";"";"";"UO_0000065";"12.92";"0.26";"1.29";"5.43";"0";"CHEMBL817568";"Compound was evaluated for inhibition of Trypsin";"B";"BAO_0000357";"single protein format";"Bos taurus";"None";"None";"None";"None";"";"";"";"CHEMBL3769";"Serine protease 1";"Bos taurus";"SINGLE PROTEIN";"CHEMBL1133126";"1";"Scientific Literature";"Bioorg Med Chem Lett";"2000";"None";"";"";"";"2.7"
"CHEMBL97597";"";"None";"478.62";"0";"3.27";"table 4";"CC1CCN(C(=O)C(Cc2cccc(C(=N)N)c2)NS(=O)(=O)c2ccc3ccccc3c2)CC1";"Ki";"'='";"140.0";"nM";"6.85";"";"";"UO_0000065";"14.32";"0.28";"3.58";"5.89";"0";"CHEMBL819016";"Inhibitory activity against bovine trypsin expressed as dissociation constant";"B";"BAO_0000357";"single protein format";"Bos taurus";"None";"None";"None";"None";"";"";"";"CHEMBL3769";"Serine protease 1";"Bos taurus";"SINGLE PROTEIN";"CHEMBL1131451";"1";"Scientific Literature";"J Med Chem";"1998";"None";"";"";"";"0.14"
"CHEMBL14047";"PHENYLGUANIDINE";"None";"135.17";"0";"0.99";"1";"N=C(N)Nc1ccccc1";"Ki";"'='";"163000.0";"nM";"";"Outside typical range";"";"UO_0000065";"";"";"";"";"0";"CHEMBL815752";"Inhibition against Trypsin";"B";"BAO_0000357";"single protein format";"Bos taurus";"None";"None";"None";"None";"";"";"";"CHEMBL3769";"Serine protease 1";"Bos taurus";"SINGLE PROTEIN";"CHEMBL1125001";"1";"Scientific Literature";"J Med Chem";"1990";"None";"";"";"";"0.163"
"CHEMBL70730";"";"None";"426.42";"0";"4.24";"16";"Cc1c(F)c(Oc2cccc(C(=N)N)c2)nc(Oc2cccc(C(=O)N(C)C)c2)c1F";"Ki";"'='";"2700.0";"nM";"5.57";"";"";"UO_0000065";"13.06";"0.25";"1.33";"5.48";"1";"CHEMBL817592";"Inhibitory potency was measured against bovine trypsin.";"B";"BAO_0000357";"single protein format";"Bos taurus";"None";"None";"None";"None";"";"";"";"CHEMBL3769";"Serine protease 1";"Bos taurus";"SINGLE PROTEIN";"CHEMBL1131090";"1";"Scientific Literature";"J Med Chem";"1998";"None";"";"";"";"2700.0"
"CHEMBL298415";"";"None";"347.38";"0";"3.23";"6a";"N=C(N)c1ccc(Oc2cccc(Oc3ccc(C(=N)N)cc3)n2)cc1";"Ki";"'='";"2800.0";"nM";"5.55";"";"";"UO_0000065";"15.98";"0.29";"2.32";"4.24";"1";"CHEMBL817573";"Compound was tested for inhibition activity against bovine trypsin.";"B";"BAO_0000357";"single protein format";"Bos taurus";"None";"None";"None";"None";"";"";"";"CHEMBL3769";"Serine protease 1";"Bos taurus";"SINGLE PROTEIN";"CHEMBL1132209";"1";"Scientific Literature";"J Med Chem";"1999";"None";"";"";"";"2800.0"
"CHEMBL419651";"";"None";"442.42";"0";"3.94";"6i";"Cc1c(F)c(Oc2cccc(C(=O)N(C)C)c2)nc(Oc2cc(C(=N)N)ccc2O)c1F";"Ki";"'='";"1100.0";"nM";"5.96";"";"";"UO_0000065";"13.47";"0.25";"2.02";"4.89";"1";"CHEMBL818251";"Inhibitory constant against bovine trypsin for general specificity against serine proteases";"B";"BAO_0000357";"single protein format";"Bos taurus";"None";"None";"None";"None";"";"";"";"CHEMBL3769";"Serine protease 1";"Bos taurus";"SINGLE PROTEIN";"CHEMBL1135740";"1";"Scientific Literature";"J Med Chem";"2002";"None";"";"";"";"1100.0"
"CHEMBL174215";"";"None";"437.37";"0";"2.82";"13d";"CC(C)C(NC(=O)Cn1ccc2c3cccc(C(=O)O)c3nc-2c1O)C(=O)C(F)(F)F";"Ki";"";"";"nM";"";"";"No inhibition";"UO_0000065";"";"";"";"";"0";"CHEMBL817583";"Inhibitory activity against bovine trypsin; No inhibition at the highest concentration tested (400 uM)";"B";"BAO_0000357";"single protein format";"Bos taurus";"None";"None";"None";"None";"";"";"";"CHEMBL3769";"Serine protease 1";"Bos taurus";"SINGLE PROTEIN";"CHEMBL1128347";"1";"Scientific Literature";"J Med Chem";"1995";"None";"";"";"";""
"CHEMBL13823";"";"None";"169.62";"0";"1.65";"8";"N=C(N)Nc1cccc(Cl)c1";"Ki";"'='";"1099005.84";"nM";"";"Outside typical range";"";"UO_0000065";"";"";"";"";"0";"CHEMBL815775";"log1/Ki value was calculated against Trypsin";"B";"BAO_0000357";"single protein format";"Bos taurus";"None";"None";"None";"None";"";"";"";"CHEMBL3769";"Serine protease 1";"Bos taurus";"SINGLE PROTEIN";"CHEMBL1125001";"1";"Scientific Literature";"J Med Chem";"1990";"None";"";"";"";"2.959"
"CHEMBL290577";"";"None";"657.66";"None";"None";"5";"CCC(C)(C)C(NC(=O)[C@@H]1CCCN1C(=O)[C@H](Cc1ccccc1)NC(=O)OCc1ccccc1)B1O[C@@H]2CC3CC(C3(C)C)[C@]2(C)O1";"Ki";"'='";"0.27";"nM";"9.57";"";"";"UO_0000065";"14.55";"None";"None";"None";"0";"CHEMBL817620";"Binding affinity against Trypsin";"B";"BAO_0000357";"single protein format";"Bos taurus";"None";"None";"None";"None";"";"";"";"CHEMBL3769";"Serine protease 1";"Bos taurus";"SINGLE PROTEIN";"CHEMBL1128727";"1";"Scientific Literature";"J Med Chem";"1995";"None";"";"";"";"0.27"
"CHEMBL150277";"";"None";"358.45";"0";"3.47";"3c";"N=C(N)c1ccc(/C=C2/CCC/C(=C/c3ccc(C(=N)N)cc3)C2=O)cc1";"Ki";"'='";"440.0";"nM";"6.36";"";"";"UO_0000065";"17.73";"0.32";"2.89";"5.44";"0";"CHEMBL815005";"In vitro inhibition of bovine trypsin(Trp).";"B";"BAO_0000357";"single protein format";"Bos taurus";"None";"None";"None";"None";"";"";"";"CHEMBL3769";"Serine protease 1";"Bos taurus";"SINGLE PROTEIN";"CHEMBL1132552";"1";"Scientific Literature";"J Med Chem";"1999";"None";"";"";"";"440.0"
"CHEMBL102919";"";"None";"560.66";"1";"0.04";"3h";"CN[C@H](Cc1ccccc1)C(=O)N1CCC[C@H]1C(=O)N[C@@H](CCCN=C(N)N)C(=O)C1=NC(=O)C2C=CC=CC2=N1";"Ki";"'='";"8.2";"nM";"8.09";"";"";"UO_0000065";"14.42";"0.27";"8.05";"4.38";"0";"CHEMBL815751";"Inhibition of bovine trypsin";"B";"BAO_0000357";"single protein format";"Bos taurus";"None";"None";"None";"None";"";"";"";"CHEMBL3769";"Serine protease 1";"Bos taurus";"SINGLE PROTEIN";"CHEMBL1129256";"1";"Scientific Literature";"J Med Chem";"1996";"None";"";"";"";"8.2"
"CHEMBL151661";"";"None";"431.50";"0";"2.76";"11b";"CCOC(=O)N1C/C(=C/c2ccc(C(=N)N)cc2)C(=O)/C(=C/c2ccc(C(=N)N)cc2)C1";"Ki";"'='";"61.0";"nM";"7.21";"";"";"UO_0000065";"16.72";"0.31";"4.45";"4.93";"0";"CHEMBL618434";"In vitro inhibition of bovine trypsin(Trp).";"B";"BAO_0000357";"single protein format";"Bos taurus";"None";"None";"None";"None";"";"";"";"CHEMBL3769";"Serine protease 1";"Bos taurus";"SINGLE PROTEIN";"CHEMBL1132552";"1";"Scientific Literature";"J Med Chem";"1999";"None";"";"";"";"61.0"
"CHEMBL123759";"";"None";"574.53";"1";"4.33";"10";"O=C(NCc1ccccc1)[C@@H]1CCCN1C(=O)[C@@H](Cc1ccc(Cl)c(Cl)c1)NS(=O)(=O)Cc1ccccc1";"Ki";"'='";"384000.0";"nM";"";"Outside typical range";"";"UO_0000065";"";"";"";"";"0";"CHEMBL817580";"In vitro inhibitory activity against bovine trypsin";"B";"BAO_0000357";"single protein format";"Bos taurus";"None";"None";"None";"None";"";"";"";"CHEMBL3769";"Serine protease 1";"Bos taurus";"SINGLE PROTEIN";"CHEMBL1130400";"1";"Scientific Literature";"J Med Chem";"1997";"None";"";"";"";"384000.0"
"CHEMBL423656";"";"None";"475.52";"0";"4.66";"5a";"CC(=N)N1CCC(Oc2ccc(NC/C=C/c3cc(C(=N)N)ccc3O)cc2C(F)(F)F)CC1";"Ki";"'='";"200.0";"nM";"6.70";"";"";"UO_0000065";"14.09";"0.27";"2.04";"5.66";"0";"CHEMBL873992";"Competitive inhibition of trypsin";"B";"BAO_0000357";"single protein format";"Bos taurus";"None";"None";"None";"None";"";"";"";"CHEMBL3769";"Serine protease 1";"Bos taurus";"SINGLE PROTEIN";"CHEMBL1135303";"1";"Scientific Literature";"Bioorg Med Chem Lett";"2002";"None";"";"";"";"200.0"
"CHEMBL539047";"";"None";"530.09";"0";"2.45";"3b";"Cl.N=C(N)N1CCCC(CNC(=O)[C@@H](Cc2ccccc2)NS(=O)(=O)c2ccc3ccccc3c2)C1";"Ki";"'='";"42000.0";"nM";"4.38";"";"";"UO_0000065";"8.87";"0.17";"1.93";"3.41";"0";"CHEMBL878759";"In vitro binding affinity by measuring the inhibition of bovine trypsin";"B";"BAO_0000357";"single protein format";"Bos taurus";"None";"None";"None";"None";"";"";"";"CHEMBL3769";"Serine protease 1";"Bos taurus";"SINGLE PROTEIN";"CHEMBL1127404";"1";"Scientific Literature";"J Med Chem";"1994";"None";"";"";"";"42.0"
"CHEMBL84437";"";"None";"408.41";"0";"3.42";"7e";"CN(C)c1cccc(Oc2cc(C(=O)O)cc(Oc3cc(C(=N)N)ccc3O)n2)c1";"Ki";"'='";"750.0";"nM";"6.12";"";"";"UO_0000065";"15.00";"0.28";"2.70";"4.31";"0";"CHEMBL818251";"Inhibitory constant against bovine trypsin for general specificity against serine proteases";"B";"BAO_0000357";"single protein format";"Bos taurus";"None";"None";"None";"None";"";"";"";"CHEMBL3769";"Serine protease 1";"Bos taurus";"SINGLE PROTEIN";"CHEMBL1135740";"1";"Scientific Literature";"J Med Chem";"2002";"None";"";"";"";"750.0"
"CHEMBL114124";"";"None";"456.52";"0";"3.38";"29c";"COc1ccc(C)cc1S(=O)(=O)Oc1cccc(OCCc2ccc(C(=N)N)c(O)c2)c1";"Ki";"'='";"28183.83";"nM";"4.55";"";"";"UO_0000065";"9.97";"0.19";"1.17";"3.45";"0";"CHEMBL818258";"Inhibitory activity against bovine Trypsin";"B";"BAO_0000357";"single protein format";"Bos taurus";"None";"None";"None";"None";"";"";"";"CHEMBL3769";"Serine protease 1";"Bos taurus";"SINGLE PROTEIN";"CHEMBL1134416";"1";"Scientific Literature";"J Med Chem";"2001";"None";"";"";"";"-4.55"
"CHEMBL81579";"";"None";"398.37";"0";"3.64";"14";"Cc1c(F)c(Oc2cccc(C(=N)N)c2)nc(Oc2cccc(C(N)=O)c2)c1F";"Ki";"'>'";"5000.0";"nM";"";"";"";"UO_0000065";"";"";"";"";"0";"CHEMBL817592";"Inhibitory potency was measured against bovine trypsin.";"B";"BAO_0000357";"single protein format";"Bos taurus";"None";"None";"None";"None";"";"";"";"CHEMBL3769";"Serine protease 1";"Bos taurus";"SINGLE PROTEIN";"CHEMBL1131090";"1";"Scientific Literature";"J Med Chem";"1998";"None";"";"";"";"5000.0"
"CHEMBL48604";"";"None";"391.39";"0";"2.93";"7";"N=C(N)c1cccc(Oc2cc(C(=O)O)cc(Oc3cccc(C(=N)N)c3)n2)c1";"Ki";"'='";"570.0";"nM";"6.24";"";"";"UO_0000065";"15.95";"0.29";"3.31";"3.71";"0";"CHEMBL817592";"Inhibitory potency was measured against bovine trypsin.";"B";"BAO_0000357";"single protein format";"Bos taurus";"None";"None";"None";"None";"";"";"";"CHEMBL3769";"Serine protease 1";"Bos taurus";"SINGLE PROTEIN";"CHEMBL1131090";"1";"Scientific Literature";"J Med Chem";"1998";"None";"";"";"";"570.0"
"CHEMBL47264";"";"None";"362.39";"0";"2.82";"6j";"N=C(N)c1cccc(Oc2ccc(N)c(Oc3cccc(C(=N)N)c3)n2)c1";"Ki";"'='";"1300.0";"nM";"5.89";"";"";"UO_0000065";"16.24";"0.30";"3.07";"3.75";"0";"CHEMBL817573";"Compound was tested for inhibition activity against bovine trypsin.";"B";"BAO_0000357";"single protein format";"Bos taurus";"None";"None";"None";"None";"";"";"";"CHEMBL3769";"Serine protease 1";"Bos taurus";"SINGLE PROTEIN";"CHEMBL1132209";"1";"Scientific Literature";"J Med Chem";"1999";"None";"";"";"";"1300.0"
"CHEMBL26299";"";"None";"603.64";"1";"4.93";"5c";"CCOC(=O)CCC(=O)N(C/C=C/c1cc(C(=N)N)ccc1O)c1ccc(OC2CCN(C(C)=N)CC2)c(C(F)(F)F)c1";"Ki";"'='";"230.0";"nM";"6.64";"";"";"UO_0000065";"11.00";"0.21";"1.71";"4.34";"0";"CHEMBL873992";"Competitive inhibition of trypsin";"B";"BAO_0000357";"single protein format";"Bos taurus";"None";"None";"None";"None";"";"";"";"CHEMBL3769";"Serine protease 1";"Bos taurus";"SINGLE PROTEIN";"CHEMBL1135303";"1";"Scientific Literature";"Bioorg Med Chem Lett";"2002";"None";"";"";"";"230.0"
"CHEMBL82057";"";"None";"497.67";"0";"2.64";"7";"CN(C(=O)[C@H](Cc1ccc(C(=N)NN)cc1)NS(=O)(=O)c1ccc2c(c1)CCCC2)C1CCCC1";"Ki";"'='";"4600.0";"nM";"5.34";"";"";"UO_0000065";"10.72";"0.21";"2.70";"4.16";"0";"CHEMBL817589";"Inhibitory constant against bovine trypsin was determined in vitro.";"B";"BAO_0000357";"single protein format";"Bos taurus";"None";"None";"None";"None";"";"";"";"CHEMBL3769";"Serine protease 1";"Bos taurus";"SINGLE PROTEIN";"CHEMBL1132097";"1";"Scientific Literature";"Bioorg Med Chem Lett";"1999";"None";"";"";"";"4.6"
"CHEMBL145664";"";"None";"586.74";"1";"1.18";"1";"CN(C)c1cccc2c(S(=O)(=O)N[C@@H](Cc3cccc(C(=N)N)c3)C(=O)N3CCN(S(C)(=O)=O)CC3)cccc12";"Ki";"'='";"169.82";"nM";"6.77";"";"";"UO_0000065";"11.54";"0.23";"5.59";"4.31";"0";"CHEMBL821446";"Binding affinity towards trypsin";"B";"BAO_0000357";"single protein format";"Bos taurus";"None";"None";"None";"None";"";"";"";"CHEMBL3769";"Serine protease 1";"Bos taurus";"SINGLE PROTEIN";"CHEMBL1132189";"1";"Scientific Literature";"J Med Chem";"1999";"None";"";"";"";"6.77"
"CHEMBL430844";"";"None";"555.68";"2";"0.10";"3b";"N=C(N)NCCC[C@H]1NC(=O)[C@H]2CCCN2C(=O)[C@H](Cc2ccccc2)NC(=O)CCCCCCNC(=O)C1=O";"Ki";"'='";"280.0";"nM";"6.55";"";"";"UO_0000065";"11.79";"0.22";"6.45";"3.51";"0";"CHEMBL817569";"Inhibition of bovine trypsin";"B";"BAO_0000357";"single protein format";"Bos taurus";"None";"None";"None";"None";"";"";"";"CHEMBL3769";"Serine protease 1";"Bos taurus";"SINGLE PROTEIN";"CHEMBL1128948";"1";"Scientific Literature";"Bioorg Med Chem Lett";"1996";"None";"";"";"";"280.0"
"CHEMBL312592";"";"None";"420.43";"0";"3.35";"7c";"CN(C)C(=O)c1cccc(Oc2cc(C(=O)O)cc(Oc3cccc(C(=N)N)c3)n2)c1";"Ki";"'='";"730.0";"nM";"6.14";"";"";"UO_0000065";"14.60";"0.27";"2.79";"4.42";"0";"CHEMBL818251";"Inhibitory constant against bovine trypsin for general specificity against serine proteases";"B";"BAO_0000357";"single protein format";"Bos taurus";"None";"None";"None";"None";"";"";"";"CHEMBL3769";"Serine protease 1";"Bos taurus";"SINGLE PROTEIN";"CHEMBL1135740";"1";"Scientific Literature";"J Med Chem";"2002";"None";"";"";"";"730.0"
"CHEMBL36744";"";"None";"735.73";"None";"None";"18";"COCCCC(NC(=O)[C@@H]1CCCN1C(=O)[C@@H](NC(=O)OCc1ccccc1)C(c1ccccc1)c1ccccc1)B1O[C@@H]2CC3CC(C3(C)C)[C@]2(C)O1";"Ki";"'='";"0.054";"nM";"10.27";"";"";"UO_0000065";"13.96";"None";"None";"None";"0";"CHEMBL817620";"Binding affinity against Trypsin";"B";"BAO_0000357";"single protein format";"Bos taurus";"None";"None";"None";"None";"";"";"";"CHEMBL3769";"Serine protease 1";"Bos taurus";"SINGLE PROTEIN";"CHEMBL1128727";"1";"Scientific Literature";"J Med Chem";"1995";"None";"";"";"";"0.054"
"CHEMBL45785";"";"None";"349.35";"0";"2.02";"12a";"N=C(N)c1cccc(Oc2cncc(Oc3cccc(C(=N)N)n3)n2)c1";"Ki";"'='";"970.0";"nM";"6.01";"";"";"UO_0000065";"17.21";"0.32";"3.99";"3.83";"0";"CHEMBL817573";"Compound was tested for inhibition activity against bovine trypsin.";"B";"BAO_0000357";"single protein format";"Bos taurus";"None";"None";"None";"None";"";"";"";"CHEMBL3769";"Serine protease 1";"Bos taurus";"SINGLE PROTEIN";"CHEMBL1132209";"1";"Scientific Literature";"J Med Chem";"1999";"None";"";"";"";"970.0"
"CHEMBL48206";"";"None";"390.40";"0";"2.33";"6r";"N=C(N)c1cccc(Oc2ccc(C(N)=O)c(Oc3cccc(C(=N)N)c3)n2)c1";"Ki";"'='";"1200.0";"nM";"5.92";"";"";"UO_0000065";"15.17";"0.28";"3.59";"3.40";"0";"CHEMBL817573";"Compound was tested for inhibition activity against bovine trypsin.";"B";"BAO_0000357";"single protein format";"Bos taurus";"None";"None";"None";"None";"";"";"";"CHEMBL3769";"Serine protease 1";"Bos taurus";"SINGLE PROTEIN";"CHEMBL1132209";"1";"Scientific Literature";"J Med Chem";"1999";"None";"";"";"";"1200.0"
"CHEMBL84379";"";"None";"454.48";"0";"4.56";"4t";"Cc1c(F)c(Oc2cccc(CCC(=O)N(C)C)c2)nc(Oc2cccc(C(=N)N)c2)c1F";"Ki";"'='";"4900.0";"nM";"5.31";"";"";"UO_0000065";"11.68";"0.22";"0.75";"5.23";"0";"CHEMBL818251";"Inhibitory constant against bovine trypsin for general specificity against serine proteases";"B";"BAO_0000357";"single protein format";"Bos taurus";"None";"None";"None";"None";"";"";"";"CHEMBL3769";"Serine protease 1";"Bos taurus";"SINGLE PROTEIN";"CHEMBL1135740";"1";"Scientific Literature";"J Med Chem";"2002";"None";"";"";"";"4900.0"
"CHEMBL122331";"";"None";"555.76";"1";"4.94";"13b";"CC(C)(C)OC(=O)N[C@@H](C(=O)N1CCC[C@H]1C(=O)NCc1ccc(N)nc1)C(C1CCCCC1)C1CCCCC1";"Ki";"'='";"657.0";"nM";"6.18";"";"";"UO_0000065";"11.12";"0.21";"1.24";"4.88";"0";"CHEMBL817580";"In vitro inhibitory activity against bovine trypsin";"B";"BAO_0000357";"single protein format";"Bos taurus";"None";"None";"None";"None";"";"";"";"CHEMBL3769";"Serine protease 1";"Bos taurus";"SINGLE PROTEIN";"CHEMBL1130400";"1";"Scientific Literature";"J Med Chem";"1997";"None";"";"";"";"657.0"
"CHEMBL193745";"";"None";"423.56";"1";"5.97";"12k";"CC(C)CCN(Cc1ccc2ccc(C(=N)N)cc2c1)C(=O)c1ccc2ccccc2c1";"Ki";"'='";"460.0";"nM";"6.34";"";"";"UO_0000065";"14.96";"0.27";"0.37";"9.03";"0";"CHEMBL830293";"Inhibition constant towards bovine trypsin";"B";"BAO_0000357";"single protein format";"Bos taurus";"None";"None";"None";"None";"";"";"";"CHEMBL3769";"Serine protease 1";"Bos taurus";"SINGLE PROTEIN";"CHEMBL1144375";"1";"Scientific Literature";"Bioorg Med Chem Lett";"2005";"None";"";"";"";"460.0"
"CHEMBL1160765";"";"None";"193.21";"0";"0.78";"13";"COC(=O)c1ccc(NC(=N)N)cc1";"Ki";"'='";"651628.39";"nM";"";"Outside typical range";"";"UO_0000065";"";"";"";"";"0";"CHEMBL815775";"log1/Ki value was calculated against Trypsin";"B";"BAO_0000357";"single protein format";"Bos taurus";"None";"None";"None";"None";"";"";"";"CHEMBL3769";"Serine protease 1";"Bos taurus";"SINGLE PROTEIN";"CHEMBL1125001";"1";"Scientific Literature";"J Med Chem";"1990";"None";"";"";"";"3.186"
"CHEMBL20767";"4-GUANIDINO-BENZOIC ACID";"None";"179.18";"0";"0.69";"9";"N=C(N)Nc1ccc(C(=O)O)cc1";"Ki";"'='";"10000000.0";"nM";"";"Outside typical range";"";"UO_0000065";"";"";"";"";"0";"CHEMBL815752";"Inhibition against Trypsin";"B";"BAO_0000357";"single protein format";"Bos taurus";"None";"None";"None";"None";"";"";"";"CHEMBL3769";"Serine protease 1";"Bos taurus";"SINGLE PROTEIN";"CHEMBL1125001";"1";"Scientific Literature";"J Med Chem";"1990";"None";"";"";"";"10.0"
"CHEMBL20767";"4-GUANIDINO-BENZOIC ACID";"None";"179.18";"0";"0.69";"9";"N=C(N)Nc1ccc(C(=O)O)cc1";"Ki";"'='";"10000000.0";"nM";"";"Outside typical range";"";"UO_0000065";"";"";"";"";"0";"CHEMBL815775";"log1/Ki value was calculated against Trypsin";"B";"BAO_0000357";"single protein format";"Bos taurus";"None";"None";"None";"None";"";"";"";"CHEMBL3769";"Serine protease 1";"Bos taurus";"SINGLE PROTEIN";"CHEMBL1125001";"1";"Scientific Literature";"J Med Chem";"1990";"None";"";"";"";"2.0"
"CHEMBL52205";"";"None";"410.43";"0";"3.80";"14b";"Cc1c(F)c(Oc2cccc(C(=N)N)c2)nc(N(C)c2cccc(C(=N)N)c2)c1F";"Ki";"'='";"690.0";"nM";"6.16";"";"";"UO_0000065";"15.01";"0.28";"2.36";"4.92";"0";"CHEMBL817573";"Compound was tested for inhibition activity against bovine trypsin.";"B";"BAO_0000357";"single protein format";"Bos taurus";"None";"None";"None";"None";"";"";"";"CHEMBL3769";"Serine protease 1";"Bos taurus";"SINGLE PROTEIN";"CHEMBL1132209";"1";"Scientific Literature";"J Med Chem";"1999";"None";"";"";"";"690.0"
"CHEMBL104970";"";"None";"541.68";"1";"3.36";"table 4";"N=C(N)c1cccc(CC(NS(=O)(=O)c2ccc3ccccc3c2)C(=O)N2CCN(c3ccccc3)CC2)c1";"Ki";"'='";"27.0";"nM";"7.57";"";"";"UO_0000065";"13.97";"0.27";"4.21";"6.33";"0";"CHEMBL819016";"Inhibitory activity against bovine trypsin expressed as dissociation constant";"B";"BAO_0000357";"single protein format";"Bos taurus";"None";"None";"None";"None";"";"";"";"CHEMBL3769";"Serine protease 1";"Bos taurus";"SINGLE PROTEIN";"CHEMBL1131451";"1";"Scientific Literature";"J Med Chem";"1998";"None";"";"";"";"0.027"
"CHEMBL307989";"";"None";"463.45";"0";"2.12";"16b";"CN(C)C(=O)c1cccc(Oc2nc(Oc3cc(C(=N)N)ccc3O)nc3c2NC(=O)CN3)c1";"Ki";"'='";"2200.0";"nM";"5.66";"";"";"UO_0000065";"12.21";"0.23";"3.54";"3.22";"0";"CHEMBL817575";"Compound was tested for inhibitory activity against bovine trypsin";"B";"BAO_0000357";"single protein format";"Bos taurus";"None";"None";"None";"None";"";"";"";"CHEMBL3769";"Serine protease 1";"Bos taurus";"SINGLE PROTEIN";"CHEMBL1130936";"1";"Scientific Literature";"Bioorg Med Chem Lett";"1998";"None";"";"";"";"2200.0"
"CHEMBL84410";"";"None";"439.34";"1";"5.44";"4mm";"Cc1c(F)c(Oc2cccc(OC(F)(F)F)c2)nc(Oc2cccc(C(=N)N)c2)c1F";"Ki";"'>'";"5000.0";"nM";"";"";"";"UO_0000065";"";"";"";"";"0";"CHEMBL818251";"Inhibitory constant against bovine trypsin for general specificity against serine proteases";"B";"BAO_0000357";"single protein format";"Bos taurus";"None";"None";"None";"None";"";"";"";"CHEMBL3769";"Serine protease 1";"Bos taurus";"SINGLE PROTEIN";"CHEMBL1135740";"1";"Scientific Literature";"J Med Chem";"2002";"None";"";"";"";"5000.0"
"CHEMBL349986";"";"None";"478.62";"0";"3.42";"3";"N=C(N)c1ccc(C[C@H](NS(=O)(=O)c2ccc3ccccc3c2)C(=O)N2CCCCCC2)cc1";"Ki";"'='";"8650.0";"nM";"5.06";"";"";"UO_0000065";"10.58";"0.20";"1.64";"4.35";"0";"CHEMBL817590";"Inhibitory effect of compound was measured in bovine trypsin";"B";"BAO_0000357";"single protein format";"Bos taurus";"None";"None";"None";"None";"";"";"";"CHEMBL3769";"Serine protease 1";"Bos taurus";"SINGLE PROTEIN";"CHEMBL1129885";"1";"Scientific Literature";"Bioorg Med Chem Lett";"1997";"None";"";"";"";"8.65"
"CHEMBL359275";"";"None";"400.53";"0";"4.65";"5a";"N=C(N)c1ccc(/C=C2\CCCCCC/C(=C\c3ccc(C(=N)N)cc3)C2=O)cc1";"Ki";"'='";"1500.0";"nM";"5.82";"";"";"UO_0000065";"14.54";"0.27";"1.17";"4.99";"0";"CHEMBL815005";"In vitro inhibition of bovine trypsin(Trp).";"B";"BAO_0000357";"single protein format";"Bos taurus";"None";"None";"None";"None";"";"";"";"CHEMBL3769";"Serine protease 1";"Bos taurus";"SINGLE PROTEIN";"CHEMBL1132552";"1";"Scientific Literature";"J Med Chem";"1999";"None";"";"";"";"1500.0"
"CHEMBL8079";"";"None";"540.71";"1";"2.56";"10g";"CS(=O)(=O)N[C@@H](C(=O)N1CCC[C@H]1C(=O)NCc1csc(CN)c1)C(c1ccccc1)c1ccccc1";"Ki";"'='";"606.0";"nM";"6.22";"";"";"UO_0000065";"11.50";"0.23";"3.66";"5.11";"0";"CHEMBL817758";"Binding affinity against bovine trypsin";"B";"BAO_0000357";"single protein format";"Bos taurus";"None";"None";"None";"None";"";"";"";"CHEMBL3769";"Serine protease 1";"Bos taurus";"SINGLE PROTEIN";"CHEMBL1135262";"1";"Scientific Literature";"Bioorg Med Chem Lett";"2002";"None";"";"";"";"606.0"
"CHEMBL319996";"";"None";"511.67";"1";"3.37";"20";"COC(=O)N[C@@H](C(=O)N1CCC[C@H]1C(=O)NCC#Cc1c[nH]cn1)C(C1CCCCC1)C1CCCCC1";"Ki";"'='";"30.0";"nM";"7.52";"";"";"UO_0000065";"14.70";"0.28";"4.15";"6.46";"0";"CHEMBL878650";"Inhibitory activity against Bovine Trypsin";"B";"BAO_0000357";"single protein format";"Bos taurus";"None";"None";"None";"None";"";"";"";"CHEMBL3769";"Serine protease 1";"Bos taurus";"SINGLE PROTEIN";"CHEMBL1133054";"1";"Scientific Literature";"Bioorg Med Chem Lett";"2000";"None";"";"";"";"30.0"
"CHEMBL296530";"";"None";"404.43";"0";"2.59";"6s";"CNC(=O)c1ccc(Oc2cccc(C(=N)N)c2)nc1Oc1cccc(C(=N)N)c1";"Ki";"'='";"1400.0";"nM";"5.85";"";"";"UO_0000065";"14.47";"0.27";"3.26";"3.65";"0";"CHEMBL817573";"Compound was tested for inhibition activity against bovine trypsin.";"B";"BAO_0000357";"single protein format";"Bos taurus";"None";"None";"None";"None";"";"";"";"CHEMBL3769";"Serine protease 1";"Bos taurus";"SINGLE PROTEIN";"CHEMBL1132209";"1";"Scientific Literature";"J Med Chem";"1999";"None";"";"";"";"1400.0"
"CHEMBL82873";"";"None";"491.52";"0";"3.97";"6n";"Cc1c(F)c(Oc2cccc(N(C)C)c2)nc(Oc2cc(C(=N)N)ccc2NS(C)(=O)=O)c1F";"Ki";"'>'";"5000.0";"nM";"";"";"";"UO_0000065";"";"";"";"";"0";"CHEMBL818251";"Inhibitory constant against bovine trypsin for general specificity against serine proteases";"B";"BAO_0000357";"single protein format";"Bos taurus";"None";"None";"None";"None";"";"";"";"CHEMBL3769";"Serine protease 1";"Bos taurus";"SINGLE PROTEIN";"CHEMBL1135740";"1";"Scientific Literature";"J Med Chem";"2002";"None";"";"";"";"5000.0"
"CHEMBL296618";"";"None";"462.47";"1";"1.84";"6p";"N=C(N)c1cccc(Oc2ccc(NC(=O)NCC(N)=O)c(Oc3cccc(C(=N)N)c3)n2)c1";"Ki";"'='";"280.0";"nM";"6.55";"";"";"UO_0000065";"14.17";"0.26";"4.71";"3.04";"0";"CHEMBL817573";"Compound was tested for inhibition activity against bovine trypsin.";"B";"BAO_0000357";"single protein format";"Bos taurus";"None";"None";"None";"None";"";"";"";"CHEMBL3769";"Serine protease 1";"Bos taurus";"SINGLE PROTEIN";"CHEMBL1132209";"1";"Scientific Literature";"J Med Chem";"1999";"None";"";"";"";"280.0"
"CHEMBL44236";"";"None";"203.17";"0";"2.01";"7";"N=C(N)Nc1cccc(C(F)(F)F)c1";"Ki";"'='";"10690548.79";"nM";"";"Outside typical range";"";"UO_0000065";"";"";"";"";"0";"CHEMBL815775";"log1/Ki value was calculated against Trypsin";"B";"BAO_0000357";"single protein format";"Bos taurus";"None";"None";"None";"None";"";"";"";"CHEMBL3769";"Serine protease 1";"Bos taurus";"SINGLE PROTEIN";"CHEMBL1125001";"1";"Scientific Literature";"J Med Chem";"1990";"None";"";"";"";"1.971"
"CHEMBL7292";"";"None";"568.73";"1";"1.89";"9c";"CS(=O)(=O)N[C@@H](C(=O)N1CCC[C@H]1C(=O)NCc1csc(C(=N)NN)c1)C(c1ccccc1)c1ccccc1";"Ki";"'='";"540.0";"nM";"6.27";"";"";"UO_0000065";"11.02";"0.22";"4.38";"3.98";"0";"CHEMBL817758";"Binding affinity against bovine trypsin";"B";"BAO_0000357";"single protein format";"Bos taurus";"None";"None";"None";"None";"";"";"";"CHEMBL3769";"Serine protease 1";"Bos taurus";"SINGLE PROTEIN";"CHEMBL1135262";"1";"Scientific Literature";"Bioorg Med Chem Lett";"2002";"None";"";"";"";"540.0"
"CHEMBL7197";"";"None";"499.57";"0";"2.43";"5";"COC(=O)N[C@@H](C(=O)N1CCC[C@H]1C(=O)NCC#Cc1c[nH]cn1)C(c1ccccc1)c1ccccc1";"Ki";"'='";"24000.0";"nM";"4.62";"";"";"UO_0000065";"9.25";"0.17";"2.19";"3.97";"0";"CHEMBL817758";"Binding affinity against bovine trypsin";"B";"BAO_0000357";"single protein format";"Bos taurus";"None";"None";"None";"None";"";"";"";"CHEMBL3769";"Serine protease 1";"Bos taurus";"SINGLE PROTEIN";"CHEMBL1135262";"1";"Scientific Literature";"Bioorg Med Chem Lett";"2002";"None";"";"";"";"24.0"
"CHEMBL151562";"";"None";"386.50";"0";"3.92";"13c";"C/N=C(\N)c1ccc(/C=C2/CCCC/C(=C/c3ccc(C(=N)N)cc3)C2=O)cc1";"Ki";"'='";"30.0";"nM";"7.52";"";"";"UO_0000065";"19.46";"0.35";"3.60";"7.14";"0";"CHEMBL618434";"In vitro inhibition of bovine trypsin(Trp).";"B";"BAO_0000357";"single protein format";"Bos taurus";"None";"None";"None";"None";"";"";"";"CHEMBL3769";"Serine protease 1";"Bos taurus";"SINGLE PROTEIN";"CHEMBL1132552";"1";"Scientific Literature";"J Med Chem";"1999";"None";"";"";"";"30.0"
"CHEMBL27852";"";"None";"547.73";"1";"2.79";"19h MOL174";"N=C(N)NCCC[C@H](NC(=O)[C@@H]1CCC2CC[C@@](N)(Cc3ccccc3)CN21)C(=O)c1nc2ccccc2s1";"Ki";"'='";"0.23";"nM";"9.64";"";"";"UO_0000065";"17.60";"0.34";"6.85";"6.42";"0";"CHEMBL818250";"Inhibitory concentration against trypsin.";"B";"BAO_0000357";"single protein format";"Bos taurus";"None";"None";"None";"None";"";"";"";"CHEMBL3769";"Serine protease 1";"Bos taurus";"SINGLE PROTEIN";"CHEMBL1132633";"1";"Scientific Literature";"J Med Chem";"1999";"None";"";"";"";"0.23"
"CHEMBL49786";"";"None";"416.27";"0";"4.54";"5";"N=C(N)c1ccc(Oc2nc(Oc3ccc(C(=N)N)cc3)c(Cl)cc2Cl)cc1";"Ki";"'='";"2700.0";"nM";"5.57";"";"";"UO_0000065";"13.38";"0.27";"1.03";"4.25";"0";"CHEMBL817592";"Inhibitory potency was measured against bovine trypsin.";"B";"BAO_0000357";"single protein format";"Bos taurus";"None";"None";"None";"None";"";"";"";"CHEMBL3769";"Serine protease 1";"Bos taurus";"SINGLE PROTEIN";"CHEMBL1131090";"1";"Scientific Literature";"J Med Chem";"1998";"None";"";"";"";"2700.0"
"CHEMBL103649";"";"None";"442.52";"0";"4.04";"5";"N=C(N)c1ccc(OCCCCOc2ccc(-c3nc4cc(C(=N)N)ccc4[nH]3)cc2)cc1";"Ki";"'='";"4010.0";"nM";"5.40";"";"";"UO_0000065";"12.20";"0.22";"1.36";"3.67";"0";"CHEMBL817581";"Inhibition constant against bovine trypsin";"B";"BAO_0000357";"single protein format";"Bos taurus";"None";"None";"None";"None";"";"";"";"CHEMBL3769";"Serine protease 1";"Bos taurus";"SINGLE PROTEIN";"CHEMBL1122336";"1";"Scientific Literature";"J Med Chem";"1983";"None";"";"";"";"4.01"
"CHEMBL358077";"";"None";"598.73";"1";"4.00";"37";"N=C(N)c1cccc(C[C@H](NS(=O)(=O)c2ccc3ccccc3c2)C(=O)N2CCC(C(=O)OCc3ccccc3)CC2)c1";"Ki";"'='";"66.99";"nM";"7.17";"";"";"UO_0000065";"11.98";"0.23";"3.17";"5.03";"0";"CHEMBL821446";"Binding affinity towards trypsin";"B";"BAO_0000357";"single protein format";"Bos taurus";"None";"None";"None";"None";"";"";"";"CHEMBL3769";"Serine protease 1";"Bos taurus";"SINGLE PROTEIN";"CHEMBL1132189";"1";"Scientific Literature";"J Med Chem";"1999";"None";"";"";"";"7.174"
"CHEMBL176348";"";"None";"613.77";"1";"1.73";"74";"N=C(N)NCCC[C@H](NC(=O)CN1CCCC[C@H](NS(=O)(=O)Cc2ccccc2)C1=O)C(=O)c1nc2ccccc2s1";"Ki";"'='";"9.4";"nM";"8.03";"";"";"UO_0000065";"13.08";"0.26";"6.30";"4.28";"0";"CHEMBL828215";"Binding affinity against bovine trypsin";"B";"BAO_0000357";"single protein format";"Bos taurus";"None";"None";"None";"None";"";"";"";"CHEMBL3769";"Serine protease 1";"Bos taurus";"SINGLE PROTEIN";"CHEMBL1142732";"1";"Scientific Literature";"J Med Chem";"2005";"None";"";"";"";"9.4"
"CHEMBL435514";"";"None";"627.79";"1";"1.56";"10";"CCS(=O)(=O)N[C@H](Cc1ccccc1)C(=O)N1CCC[C@H]1C(=O)NC(CCCN=C(N)N)C(=O)c1nc2ccccc2s1";"Ki";"'='";"31.0";"nM";"7.51";"";"";"UO_0000065";"11.96";"0.24";"5.95";"3.95";"0";"CHEMBL828215";"Binding affinity against bovine trypsin";"B";"BAO_0000357";"single protein format";"Bos taurus";"None";"None";"None";"None";"";"";"";"CHEMBL3769";"Serine protease 1";"Bos taurus";"SINGLE PROTEIN";"CHEMBL1142732";"1";"Scientific Literature";"J Med Chem";"2005";"None";"";"";"";"31.0"
"CHEMBL175497";"";"None";"430.53";"0";"1.03";"20";"CC(=O)N1CCC[C@H]1C(=O)NC(CCCN=C(N)N)C(=O)c1nc2ccccc2s1";"Ki";"'='";"3.7";"nM";"8.43";"";"";"UO_0000065";"19.58";"0.38";"7.40";"5.86";"0";"CHEMBL828215";"Binding affinity against bovine trypsin";"B";"BAO_0000357";"single protein format";"Bos taurus";"None";"None";"None";"None";"";"";"";"CHEMBL3769";"Serine protease 1";"Bos taurus";"SINGLE PROTEIN";"CHEMBL1142732";"1";"Scientific Literature";"J Med Chem";"2005";"None";"";"";"";"3.7"
"CHEMBL176143";"";"None";"563.73";"1";"2.18";"29";"CN[C@H](Cc1ccccc1)C(=O)N1CCC[C@H]1C(=O)N(C)[C@@H](CCCN=C(N)N)C(=O)c1nc2ccccc2s1";"Ki";"'='";"5300.0";"nM";"5.28";"";"";"UO_0000065";"9.36";"0.18";"3.10";"3.59";"0";"CHEMBL828215";"Binding affinity against bovine trypsin";"B";"BAO_0000357";"single protein format";"Bos taurus";"None";"None";"None";"None";"";"";"";"CHEMBL3769";"Serine protease 1";"Bos taurus";"SINGLE PROTEIN";"CHEMBL1142732";"1";"Scientific Literature";"J Med Chem";"2005";"None";"";"";"";"5300.0"
"CHEMBL406070";"";"None";"1433.70";"None";"None";"I";"CC[C@H](C)[C@H](NC(=O)[C@H](CCCCN)NC(=O)CNC(=O)[C@H](Cc1ccc(O)cc1)NC(=O)[C@@H](N)Cc1ccc(O)cc1)C(=O)N[C@@H](Cc1ccc(O)cc1)C(=O)N[C@@H](CCCN=C(N)N)C(=O)N1CCC[C@H]1C(=O)N[C@@H](CC(=O)O)C(=O)N[C@@H](CCCCN)C(=O)N[C@@H](CCSC)C(=O)O";"Ki";"'='";"9400.0";"nM";"5.03";"";"";"UO_0000065";"3.51";"None";"None";"None";"0";"CHEMBL819020";"Inhibitory activity against trypsin mediated Tyr-Gly-Aer-p- nitroaniline";"B";"BAO_0000357";"single protein format";"Bos taurus";"None";"None";"None";"None";"";"";"";"CHEMBL3769";"Serine protease 1";"Bos taurus";"SINGLE PROTEIN";"CHEMBL1150452";"1";"Scientific Literature";"Bioorg Med Chem Lett";"1995";"None";"";"";"";"9.4"
"CHEMBL317974";"MACROCYCLIC TRIPEPTIDE MOTIF";"None";"731.81";"2";"-1.74";"Cyclotheonamide";"N=C(N)NCCC[C@H]1NC(=O)[C@H]2CCCN2C(=O)[C@H](NC=O)CNC(=O)/C=C\[C@@H](Cc2ccc(O)cc2)NC(=O)[C@H](Cc2ccccc2)NC(=O)C1=O";"Ki";"'='";"1.0";"nM";"9.00";"";"";"UO_0000065";"12.30";"0.23";"10.74";"3.40";"0";"CHEMBL817569";"Inhibition of bovine trypsin";"B";"BAO_0000357";"single protein format";"Bos taurus";"None";"None";"None";"None";"";"";"";"CHEMBL3769";"Serine protease 1";"Bos taurus";"SINGLE PROTEIN";"CHEMBL1128948";"1";"Scientific Literature";"Bioorg Med Chem Lett";"1996";"None";"";"";"";"1.0"
"CHEMBL72318";"";"None";"515.47";"1";"3.16";"5";"CN(C)C(=O)c1cccc(Oc2nc(Oc3cc(C(=N)N)ccc3O)c(F)c(N(C)CC(=O)O)c2F)c1";"Ki";"'='";"1100.0";"nM";"5.96";"";"";"UO_0000065";"11.56";"0.22";"2.80";"3.67";"0";"CHEMBL817575";"Compound was tested for inhibitory activity against bovine trypsin";"B";"BAO_0000357";"single protein format";"Bos taurus";"None";"None";"None";"None";"";"";"";"CHEMBL3769";"Serine protease 1";"Bos taurus";"SINGLE PROTEIN";"CHEMBL1130936";"1";"Scientific Literature";"Bioorg Med Chem Lett";"1998";"None";"";"";"";"1100.0"
"CHEMBL423417";"";"None";"436.95";"0";"2.87";"4";"O=C1CN(S(=O)(=O)/C=C/c2ccc(Cl)s2)CCN1Cc1cc2c[nH]ccc-2n1";"Ki";"'>'";"2900.0";"nM";"";"";"";"UO_0000065";"";"";"";"";"0";"CHEMBL873993";"Binding affinity of compound toward bovine trypsin was evaluated";"B";"BAO_0000357";"single protein format";"Bos taurus";"None";"None";"None";"None";"";"";"";"CHEMBL3769";"Serine protease 1";"Bos taurus";"SINGLE PROTEIN";"CHEMBL1145974";"1";"Scientific Literature";"J Med Chem";"2003";"None";"";"";"";"2900.0"
"CHEMBL45732";"";"None";"349.35";"0";"2.02";"12b";"N=C(N)c1cccc(Oc2nccc(Oc3cccc(C(=N)N)n3)n2)c1";"Ki";"'='";"760.0";"nM";"6.12";"";"";"UO_0000065";"17.52";"0.32";"4.10";"3.90";"0";"CHEMBL817573";"Compound was tested for inhibition activity against bovine trypsin.";"B";"BAO_0000357";"single protein format";"Bos taurus";"None";"None";"None";"None";"";"";"";"CHEMBL3769";"Serine protease 1";"Bos taurus";"SINGLE PROTEIN";"CHEMBL1132209";"1";"Scientific Literature";"J Med Chem";"1999";"None";"";"";"";"760.0"
"CHEMBL28365";"";"None";"548.69";"2";"0.26";"19b";"N=C(N)NCCC[C@H](NC(=O)[C@@H]1CCN2CC[C@@](N)(Cc3ccccc3)CN12)C(=O)C(=O)NCc1ccccc1";"Ki";"'='";"0.073";"nM";"10.14";"";"";"UO_0000065";"18.47";"0.35";"9.88";"5.97";"0";"CHEMBL818250";"Inhibitory concentration against trypsin.";"B";"BAO_0000357";"single protein format";"Bos taurus";"None";"None";"None";"None";"";"";"";"CHEMBL3769";"Serine protease 1";"Bos taurus";"SINGLE PROTEIN";"CHEMBL1132633";"1";"Scientific Literature";"J Med Chem";"1999";"None";"";"";"";"0.073"
"CHEMBL81579";"";"None";"398.37";"0";"3.64";"4b";"Cc1c(F)c(Oc2cccc(C(=N)N)c2)nc(Oc2cccc(C(N)=O)c2)c1F";"Ki";"'>'";"5000.0";"nM";"";"";"";"UO_0000065";"";"";"";"";"1";"CHEMBL818251";"Inhibitory constant against bovine trypsin for general specificity against serine proteases";"B";"BAO_0000357";"single protein format";"Bos taurus";"None";"None";"None";"None";"";"";"";"CHEMBL3769";"Serine protease 1";"Bos taurus";"SINGLE PROTEIN";"CHEMBL1135740";"1";"Scientific Literature";"J Med Chem";"2002";"None";"";"";"";"5000.0"
"CHEMBL128436";"";"None";"427.49";"0";"2.05";"20";"Cc1cc(OCC2(/C=N/N=C(N)N)CC2)cc(OS(=O)(=O)c2ccccc2C#N)c1";"Ki";"'='";"17000.0";"nM";"4.77";"";"";"UO_0000065";"11.16";"0.22";"2.72";"3.11";"0";"CHEMBL817572";"Inhibitory constant against human trypsin";"B";"BAO_0000357";"single protein format";"Bos taurus";"None";"None";"None";"None";"";"";"";"CHEMBL3769";"Serine protease 1";"Bos taurus";"SINGLE PROTEIN";"CHEMBL1132849";"1";"Scientific Literature";"Bioorg Med Chem Lett";"2000";"None";"";"";"";"17.0"
"CHEMBL80119";"";"None";"441.43";"0";"4.64";"4p";"CCOC(=O)Cc1cccc(Oc2nc(Oc3cccc(C(=N)N)c3)c(F)c(C)c2F)c1";"Ki";"'>'";"5000.0";"nM";"";"";"";"UO_0000065";"";"";"";"";"0";"CHEMBL818251";"Inhibitory constant against bovine trypsin for general specificity against serine proteases";"B";"BAO_0000357";"single protein format";"Bos taurus";"None";"None";"None";"None";"";"";"";"CHEMBL3769";"Serine protease 1";"Bos taurus";"SINGLE PROTEIN";"CHEMBL1135740";"1";"Scientific Literature";"J Med Chem";"2002";"None";"";"";"";"5000.0"
"CHEMBL1159693";"";"None";"625.65";"1";"2.91";"11l";"CC(=O)N[C@@H](C(=O)N1CCC[C@H]1C(=O)NCc1ccc(C(=N)N)cc1)C(c1ccccc1)c1ccccc1.O=C(O)C(F)(F)F";"Ki";"";"";"nM";"";"";"Not Determined";"UO_0000065";"";"";"";"";"0";"CHEMBL817759";"Compound was evaluated for the binding affinity against bovine trypsin; not tested";"B";"BAO_0000357";"single protein format";"Bos taurus";"None";"None";"None";"None";"";"";"";"CHEMBL3769";"Serine protease 1";"Bos taurus";"SINGLE PROTEIN";"CHEMBL1135262";"1";"Scientific Literature";"Bioorg Med Chem Lett";"2002";"None";"";"";"";""
"CHEMBL101067";"";"None";"291.36";"0";"2.26";"15";"N=C(N)c1ccc(Cn2ccc3cc(C(=N)N)ccc32)cc1";"Ki";"'='";"3180.0";"nM";"5.50";"";"";"UO_0000065";"18.87";"0.34";"3.24";"5.25";"0";"CHEMBL817581";"Inhibition constant against bovine trypsin";"B";"BAO_0000357";"single protein format";"Bos taurus";"None";"None";"None";"None";"";"";"";"CHEMBL3769";"Serine protease 1";"Bos taurus";"SINGLE PROTEIN";"CHEMBL1122336";"1";"Scientific Literature";"J Med Chem";"1983";"None";"";"";"";"3.18"
"CHEMBL94787";"";"None";"519.63";"1";"1.62";"14";"CS(=O)(=O)N[C@@H](C(=O)N1CCC[C@H]1C(=O)NCC#Cc1c[nH]cn1)C(c1ccccc1)c1ccccc1";"Ki";"'='";"14.0";"nM";"7.85";"";"";"UO_0000065";"15.11";"0.29";"6.23";"6.32";"0";"CHEMBL878650";"Inhibitory activity against Bovine Trypsin";"B";"BAO_0000357";"single protein format";"Bos taurus";"None";"None";"None";"None";"";"";"";"CHEMBL3769";"Serine protease 1";"Bos taurus";"SINGLE PROTEIN";"CHEMBL1133054";"1";"Scientific Literature";"Bioorg Med Chem Lett";"2000";"None";"";"";"";"14.0"
"CHEMBL4175285";"";"None";"1485.72";"None";"None";"SFTI-Arg5Gly7";"CC[C@H](C)[C@@H]1NC(=O)[C@@H]2CCCN2C(=O)[C@@H]2CCCN2C(=O)CNC(=O)[C@H](CO)NC(=O)[C@H](CCCNC(=N)N)NC(=O)[C@H]([C@@H](C)O)NC(=O)[C@@H]2CSSC[C@H](NC1=O)C(=O)N[C@@H](Cc1ccccc1)C(=O)N1CCC[C@H]1C(=O)N[C@@H](CC(=O)O)C(=O)NCC(=O)N[C@@H](CCCNC(=N)N)C(=O)N2";"Ki";"'='";"196.0";"nM";"6.71";"";"";"UO_0000065";"4.51";"None";"None";"None";"0";"CHEMBL4156167";"Inhibition of bovine beta-trypsin using Boc-QAR-MCA as substrate measured every 30 secs for 10 mins";"B";"BAO_0000357";"single protein format";"Bos taurus";"None";"None";"None";"None";"";"";"";"CHEMBL3769";"Serine protease 1";"Bos taurus";"SINGLE PROTEIN";"CHEMBL4152317";"1";"Scientific Literature";"Eur J Med Chem";"2018";"None";"";"";"";"196.0"
"CHEMBL79929";"";"None";"442.42";"0";"3.94";"6a";"Cc1c(F)c(Oc2cccc(C(=O)N(C)C)c2)nc(Oc2cccc(C(=N)N)c2O)c1F";"Ki";"'>'";"5000.0";"nM";"";"";"";"UO_0000065";"";"";"";"";"0";"CHEMBL818251";"Inhibitory constant against bovine trypsin for general specificity against serine proteases";"B";"BAO_0000357";"single protein format";"Bos taurus";"None";"None";"None";"None";"";"";"";"CHEMBL3769";"Serine protease 1";"Bos taurus";"SINGLE PROTEIN";"CHEMBL1135740";"1";"Scientific Literature";"J Med Chem";"2002";"None";"";"";"";"5000.0"
"CHEMBL7962";"";"None";"493.63";"0";"2.92";"1";"CN(C(=O)[C@H](Cc1ccc(C(=N)NN)cc1)NS(=O)(=O)c1ccc2ccccc2c1)C1CCCC1";"Ki";"'='";"33000.0";"nM";"4.48";"";"";"UO_0000065";"9.08";"0.17";"1.56";"3.49";"0";"CHEMBL817589";"Inhibitory constant against bovine trypsin was determined in vitro.";"B";"BAO_0000357";"single protein format";"Bos taurus";"None";"None";"None";"None";"";"";"";"CHEMBL3769";"Serine protease 1";"Bos taurus";"SINGLE PROTEIN";"CHEMBL1132097";"1";"Scientific Literature";"Bioorg Med Chem Lett";"1999";"None";"";"";"";"33.0"
"CHEMBL367237";"";"None";"563.73";"1";"2.23";"28";"CN[C@H](Cc1ccccc1)C(=O)N1CCC[C@H]1C(=O)N[C@@](C)(CCCN=C(N)N)C(=O)c1nc2ccccc2s1";"Ki";"'='";"6000.0";"nM";"5.22";"";"";"UO_0000065";"9.26";"0.18";"2.99";"3.35";"0";"CHEMBL828215";"Binding affinity against bovine trypsin";"B";"BAO_0000357";"single protein format";"Bos taurus";"None";"None";"None";"None";"";"";"";"CHEMBL3769";"Serine protease 1";"Bos taurus";"SINGLE PROTEIN";"CHEMBL1142732";"1";"Scientific Literature";"J Med Chem";"2005";"None";"";"";"";"6000.0"
"CHEMBL43961";"";"None";"203.17";"0";"2.01";"19";"N=C(N)Nc1ccc(C(F)(F)F)cc1";"Ki";"'='";"63100.0";"nM";"4.20";"";"";"UO_0000065";"20.67";"0.41";"2.19";"6.79";"0";"CHEMBL815752";"Inhibition against Trypsin";"B";"BAO_0000357";"single protein format";"Bos taurus";"None";"None";"None";"None";"";"";"";"CHEMBL3769";"Serine protease 1";"Bos taurus";"SINGLE PROTEIN";"CHEMBL1125001";"1";"Scientific Literature";"J Med Chem";"1990";"None";"";"";"";"0.0631"
"CHEMBL312244";"";"None";"523.66";"1";"2.93";"10";"COc1ccc2cc(S(=O)(=O)N[C@@H](Cc3ccc(C(=N)NN)cc3)C(=O)N(C)C3CCCC3)ccc2c1";"Ki";"'='";"9200.0";"nM";"5.04";"";"";"UO_0000065";"9.62";"0.19";"2.11";"3.66";"0";"CHEMBL817589";"Inhibitory constant against bovine trypsin was determined in vitro.";"B";"BAO_0000357";"single protein format";"Bos taurus";"None";"None";"None";"None";"";"";"";"CHEMBL3769";"Serine protease 1";"Bos taurus";"SINGLE PROTEIN";"CHEMBL1132097";"1";"Scientific Literature";"Bioorg Med Chem Lett";"1999";"None";"";"";"";"9.2"
"CHEMBL84275";"";"None";"413.43";"0";"4.19";"6m";"Cc1c(F)c(Oc2cccc(N(C)C)c2)nc(Oc2cc(C(=N)N)ccc2N)c1F";"Ki";"'='";"400.0";"nM";"6.40";"";"";"UO_0000065";"15.48";"0.29";"2.21";"5.79";"0";"CHEMBL818251";"Inhibitory constant against bovine trypsin for general specificity against serine proteases";"B";"BAO_0000357";"single protein format";"Bos taurus";"None";"None";"None";"None";"";"";"";"CHEMBL3769";"Serine protease 1";"Bos taurus";"SINGLE PROTEIN";"CHEMBL1135740";"1";"Scientific Literature";"J Med Chem";"2002";"None";"";"";"";"400.0"
"CHEMBL49358";"";"None";"447.46";"1";"1.45";"6u";"N=C(N)c1cccc(Oc2ccc(C(=O)NCC(N)=O)c(Oc3cccc(C(=N)N)c3)n2)c1";"Ki";"'='";"2000.0";"nM";"5.70";"";"";"UO_0000065";"12.74";"0.24";"4.25";"2.80";"0";"CHEMBL817573";"Compound was tested for inhibition activity against bovine trypsin.";"B";"BAO_0000357";"single protein format";"Bos taurus";"None";"None";"None";"None";"";"";"";"CHEMBL3769";"Serine protease 1";"Bos taurus";"SINGLE PROTEIN";"CHEMBL1132209";"1";"Scientific Literature";"J Med Chem";"1999";"None";"";"";"";"2000.0"
"CHEMBL43415";"";"None";"149.20";"0";"1.30";"11";"Cc1ccc(NC(=N)N)cc1";"Ki";"'='";"318000.0";"nM";"";"Outside typical range";"";"UO_0000065";"";"";"";"";"0";"CHEMBL815752";"Inhibition against Trypsin";"B";"BAO_0000357";"single protein format";"Bos taurus";"None";"None";"None";"None";"";"";"";"CHEMBL3769";"Serine protease 1";"Bos taurus";"SINGLE PROTEIN";"CHEMBL1125001";"1";"Scientific Literature";"J Med Chem";"1990";"None";"";"";"";"0.318"
"CHEMBL41040";"";"None";"169.62";"0";"1.65";"14";"N=C(N)Nc1ccc(Cl)cc1";"Ki";"'='";"119949.93";"nM";"";"Outside typical range";"";"UO_0000065";"";"";"";"";"0";"CHEMBL815775";"log1/Ki value was calculated against Trypsin";"B";"BAO_0000357";"single protein format";"Bos taurus";"None";"None";"None";"None";"";"";"";"CHEMBL3769";"Serine protease 1";"Bos taurus";"SINGLE PROTEIN";"CHEMBL1125001";"1";"Scientific Literature";"J Med Chem";"1990";"None";"";"";"";"3.921"
"CHEMBL79344";"";"None";"412.44";"0";"4.91";"5q";"Cc1ccc(N(C)C)cc1Oc1nc(Oc2cccc(C(=N)N)c2)c(F)c(C)c1F";"Ki";"'>'";"5000.0";"nM";"";"";"";"UO_0000065";"";"";"";"";"0";"CHEMBL818251";"Inhibitory constant against bovine trypsin for general specificity against serine proteases";"B";"BAO_0000357";"single protein format";"Bos taurus";"None";"None";"None";"None";"";"";"";"CHEMBL3769";"Serine protease 1";"Bos taurus";"SINGLE PROTEIN";"CHEMBL1135740";"1";"Scientific Literature";"J Med Chem";"2002";"None";"";"";"";"5000.0"
"CHEMBL415479";"";"None";"489.64";"0";"4.37";"13";"CNc1ccc(C#CC[C@H](NS(=O)(=O)c2ccc3ccccc3c2)C(=O)N(C)C2CCCC2)cc1";"Ki";"'='";"37000.0";"nM";"4.43";"";"";"UO_0000065";"9.05";"0.17";"0.06";"5.64";"0";"CHEMBL817586";"Inhibitory activity against bovine trypsin";"B";"BAO_0000357";"single protein format";"Bos taurus";"None";"None";"None";"None";"";"";"";"CHEMBL3769";"Serine protease 1";"Bos taurus";"SINGLE PROTEIN";"CHEMBL1132084";"1";"Scientific Literature";"Bioorg Med Chem Lett";"1999";"None";"";"";"";"37.0"
"CHEMBL1159687";"";"None";"662.69";"1";"1.57";"11f";"N=C(N)c1ccc(CNC(=O)[C@@H]2CCCN2C(=O)[C@H](NS(N)(=O)=O)C(c2ccccc2)c2ccccc2)cc1.O=C(O)C(F)(F)F";"Ki";"'='";"0.3";"nM";"9.52";"";"";"UO_0000065";"17.36";"0.33";"7.95";"5.55";"0";"CHEMBL817758";"Binding affinity against bovine trypsin";"B";"BAO_0000357";"single protein format";"Bos taurus";"None";"None";"None";"None";"";"";"";"CHEMBL3769";"Serine protease 1";"Bos taurus";"SINGLE PROTEIN";"CHEMBL1135262";"1";"Scientific Literature";"Bioorg Med Chem Lett";"2002";"None";"";"";"";"0.3"
"CHEMBL197563";"";"None";"480.61";"0";"4.64";"12b";"N=C(N)c1ccc2ccc(CN(CCCN3CCOCC3)C(=O)c3cccc4ccccc34)cc2c1";"Ki";"'='";"378.0";"nM";"6.42";"";"";"UO_0000065";"13.36";"0.24";"1.78";"7.77";"0";"CHEMBL830293";"Inhibition constant towards bovine trypsin";"B";"BAO_0000357";"single protein format";"Bos taurus";"None";"None";"None";"None";"";"";"";"CHEMBL3769";"Serine protease 1";"Bos taurus";"SINGLE PROTEIN";"CHEMBL1144375";"1";"Scientific Literature";"Bioorg Med Chem Lett";"2005";"None";"";"";"";"378.0"
"CHEMBL369868";"";"None";"521.69";"1";"2.91";"37";"CN[C@H](Cc1ccccc1)C(=O)N1CCC[C@H]1C(=O)N[C@@H](CCCCN)C(=O)c1nc2ccccc2s1";"Ki";"'='";"4.3";"nM";"8.37";"";"";"UO_0000065";"16.04";"0.31";"5.46";"7.13";"0";"CHEMBL828215";"Binding affinity against bovine trypsin";"B";"BAO_0000357";"single protein format";"Bos taurus";"None";"None";"None";"None";"";"";"";"CHEMBL3769";"Serine protease 1";"Bos taurus";"SINGLE PROTEIN";"CHEMBL1142732";"1";"Scientific Literature";"J Med Chem";"2005";"None";"";"";"";"4.3"
"CHEMBL360684";"";"None";"387.51";"0";"2.42";"23";"N=C(N)NCCCC(NC(=O)C1CCCC1)C(=O)c1nc2ccccc2s1";"Ki";"'='";"30.0";"nM";"7.52";"";"";"UO_0000065";"19.41";"0.38";"5.10";"6.22";"0";"CHEMBL828215";"Binding affinity against bovine trypsin";"B";"BAO_0000357";"single protein format";"Bos taurus";"None";"None";"None";"None";"";"";"";"CHEMBL3769";"Serine protease 1";"Bos taurus";"SINGLE PROTEIN";"CHEMBL1142732";"1";"Scientific Literature";"J Med Chem";"2005";"None";"";"";"";"30.0"
"CHEMBL197032";"";"None";"492.67";"1";"6.18";"12j";"CC1CCCCN1CCCN(Cc1ccc2ccc(C(=N)N)cc2c1)C(=O)c1cccc2ccccc12";"Ki";"'='";"367.0";"nM";"6.43";"";"";"UO_0000065";"13.06";"0.24";"0.26";"8.77";"0";"CHEMBL830293";"Inhibition constant towards bovine trypsin";"B";"BAO_0000357";"single protein format";"Bos taurus";"None";"None";"None";"None";"";"";"";"CHEMBL3769";"Serine protease 1";"Bos taurus";"SINGLE PROTEIN";"CHEMBL1144375";"1";"Scientific Literature";"Bioorg Med Chem Lett";"2005";"None";"";"";"";"367.0"
"CHEMBL1159686";"";"None";"737.80";"1";"3.90";"11g";"N=C(N)c1ccc(CNC(=O)[C@@H]2CCCN2C(=O)[C@H](NS(=O)(=O)Cc2ccccc2)C(c2ccccc2)c2ccccc2)cc1.O=C(O)C(F)(F)F";"Ki";"'='";"0.58";"nM";"9.24";"";"";"UO_0000065";"14.81";"0.28";"5.34";"6.35";"0";"CHEMBL817758";"Binding affinity against bovine trypsin";"B";"BAO_0000357";"single protein format";"Bos taurus";"None";"None";"None";"None";"";"";"";"CHEMBL3769";"Serine protease 1";"Bos taurus";"SINGLE PROTEIN";"CHEMBL1135262";"1";"Scientific Literature";"Bioorg Med Chem Lett";"2002";"None";"";"";"";"0.58"
"CHEMBL8133";"";"None";"562.70";"1";"1.83";"9a";"CS(=O)(=O)N[C@@H](C(=O)N1CCC[C@H]1C(=O)NCc1ccc(C(=N)NN)cc1)C(c1ccccc1)c1ccccc1";"Ki";"'='";"150.0";"nM";"6.82";"";"";"UO_0000065";"12.13";"0.23";"4.99";"4.33";"0";"CHEMBL817758";"Binding affinity against bovine trypsin";"B";"BAO_0000357";"single protein format";"Bos taurus";"None";"None";"None";"None";"";"";"";"CHEMBL3769";"Serine protease 1";"Bos taurus";"SINGLE PROTEIN";"CHEMBL1135262";"1";"Scientific Literature";"Bioorg Med Chem Lett";"2002";"None";"";"";"";"150.0"
"CHEMBL1159694";"";"None";"583.61";"0";"2.74";"11o";"N=C(N)c1ccc(CNC(=O)[C@@H]2CCCN2C(=O)[C@H](N)C(c2ccccc2)c2ccccc2)cc1.O=C(O)C(F)(F)F";"Ki";"'='";"2.5";"nM";"8.60";"";"";"UO_0000065";"18.32";"0.34";"5.86";"6.87";"0";"CHEMBL817758";"Binding affinity against bovine trypsin";"B";"BAO_0000357";"single protein format";"Bos taurus";"None";"None";"None";"None";"";"";"";"CHEMBL3769";"Serine protease 1";"Bos taurus";"SINGLE PROTEIN";"CHEMBL1135262";"1";"Scientific Literature";"Bioorg Med Chem Lett";"2002";"None";"";"";"";"2.5"
"CHEMBL28817";"";"None";"562.72";"2";"0.30";"19c MOL126";"N=C(N)NCCC[C@H](NC(=O)[C@@H]1CCN2CC[C@@](N)(Cc3ccccc3)CN12)C(=O)C(=O)NCCc1ccccc1";"Ki";"'='";"0.027";"nM";"10.57";"";"";"UO_0000065";"18.78";"0.35";"10.27";"6.23";"0";"CHEMBL818250";"Inhibitory concentration against trypsin.";"B";"BAO_0000357";"single protein format";"Bos taurus";"None";"None";"None";"None";"";"";"";"CHEMBL3769";"Serine protease 1";"Bos taurus";"SINGLE PROTEIN";"CHEMBL1132633";"1";"Scientific Literature";"J Med Chem";"1999";"None";"";"";"";"0.027"
"CHEMBL81301";"";"None";"458.42";"0";"3.65";"5e";"Cc1c(F)c(Oc2cccc(C(=N)N)c2)nc(Oc2cc(C(=O)N(C)C)cc(O)c2O)c1F";"Ki";"'='";"3400.0";"nM";"5.47";"";"";"UO_0000065";"11.93";"0.23";"1.82";"3.85";"0";"CHEMBL818251";"Inhibitory constant against bovine trypsin for general specificity against serine proteases";"B";"BAO_0000357";"single protein format";"Bos taurus";"None";"None";"None";"None";"";"";"";"CHEMBL3769";"Serine protease 1";"Bos taurus";"SINGLE PROTEIN";"CHEMBL1135740";"1";"Scientific Literature";"J Med Chem";"2002";"None";"";"";"";"3400.0"
"CHEMBL329730";"";"None";"294.31";"0";"2.88";"19";"N=C(N)c1ccc2c(ccn2Cc2cccc([N+](=O)[O-])c2)c1";"Ki";"'='";"7770.0";"nM";"5.11";"";"";"UO_0000065";"17.36";"0.32";"2.23";"5.22";"0";"CHEMBL817581";"Inhibition constant against bovine trypsin";"B";"BAO_0000357";"single protein format";"Bos taurus";"None";"None";"None";"None";"";"";"";"CHEMBL3769";"Serine protease 1";"Bos taurus";"SINGLE PROTEIN";"CHEMBL1122336";"1";"Scientific Literature";"J Med Chem";"1983";"None";"";"";"";"7.77"
"CHEMBL128980";"";"None";"532.62";"1";"0.14";"19i";"CN(CC(=O)O)C(=O)[C@H](CC(=O)NC[C@@H]1CCCN(C(=N)N)C1)NS(=O)(=O)c1ccc2ccccc2c1";"Ki";"'='";"20000.0";"nM";"4.70";"";"";"UO_0000065";"8.82";"0.17";"4.56";"2.53";"0";"CHEMBL878759";"In vitro binding affinity by measuring the inhibition of bovine trypsin";"B";"BAO_0000357";"single protein format";"Bos taurus";"None";"None";"None";"None";"";"";"";"CHEMBL3769";"Serine protease 1";"Bos taurus";"SINGLE PROTEIN";"CHEMBL1127404";"1";"Scientific Literature";"J Med Chem";"1994";"None";"";"";"";"20.0"
"CHEMBL539557";"";"None";"593.19";"1";"2.39";"18b";"Cl.N=C(N)N1CCCC(CNC(=O)C[C@H](NS(=O)(=O)c2ccc3ccccc3c2)C(=O)N2CCCCCCC2)C1";"Ki";"'='";"28000.0";"nM";"4.55";"";"";"UO_0000065";"8.18";"0.16";"2.16";"3.06";"0";"CHEMBL878759";"In vitro binding affinity by measuring the inhibition of bovine trypsin";"B";"BAO_0000357";"single protein format";"Bos taurus";"None";"None";"None";"None";"";"";"";"CHEMBL3769";"Serine protease 1";"Bos taurus";"SINGLE PROTEIN";"CHEMBL1127404";"1";"Scientific Literature";"J Med Chem";"1994";"None";"";"";"";"28.0"
"CHEMBL4210529";"";"None";"3140.74";"None";"None";"Cycloviolacin O2";"CC[C@H](C)[C@@H]1NC(=O)[C@H](C)NC(=O)[C@H](CO)NC(=O)[C@H](CO)NC(=O)[C@H]([C@@H](C)CC)NC(=O)[C@@H]2CSSC[C@@H]3NC(=O)[C@H](C(C)C)NC(=O)[C@H](CCCCN)NC(=O)[C@H](CO)NC(=O)[C@H](CCCCN)NC(=O)[C@@H]4CSSC[C@H](NC(=O)[C@H](CO)NC(=O)[C@H](CCC(=O)O)NC(=O)CNC(=O)[C@H](CSSC[C@H](NC(=O)CNC1=O)C(=O)N[C@@H](CO)C(=O)N4)NC(=O)[C@@H]1CCCN1C(=O)[C@H]([C@@H](C)CC)NC(=O)CNC(=O)[C@H](CC(N)=O)NC(=O)[C@H](CCCNC(=N)N)NC(=O)[C@H](Cc1ccc(O)cc1)NC3=O)C(=O)N[C@@H](C(C)C)C(=O)N[C@@H](Cc1c[nH]c3ccccc13)C(=O)N[C@@H]([C@@H](C)CC)C(=O)N1CCC[C@H]1C(=O)N2";"Ki";"'='";"0.02";"nM";"10.70";"";"";"UO_0000065";"3.41";"None";"None";"None";"0";"CHEMBL4181672";"Inhibition of bovine beta-trypsin incubated for 5 mins using BAPNA as substrate by colorimetric assay";"B";"BAO_0000357";"single protein format";"Bos taurus";"None";"None";"None";"None";"";"";"";"CHEMBL3769";"Serine protease 1";"Bos taurus";"SINGLE PROTEIN";"CHEMBL4177674";"1";"Scientific Literature";"Bioorg Med Chem Lett";"2017";"None";"";"";"";"20.0"
"CHEMBL49636";"";"None";"397.39";"0";"3.82";"1";"Cc1c(F)c(Oc2cccc(C(=N)N)c2)nc(Oc2cccc(C(=N)N)c2)c1F";"Ki";"'='";"810.0";"nM";"6.09";"";"";"UO_0000065";"15.33";"0.29";"2.27";"4.65";"1";"CHEMBL818251";"Inhibitory constant against bovine trypsin for general specificity against serine proteases";"B";"BAO_0000357";"single protein format";"Bos taurus";"None";"None";"None";"None";"";"";"";"CHEMBL3769";"Serine protease 1";"Bos taurus";"SINGLE PROTEIN";"CHEMBL1135740";"1";"Scientific Literature";"J Med Chem";"2002";"None";"";"";"";"810.0"
"CHEMBL322205";"";"None";"499.64";"0";"0.69";"3a";"CN[C@H](Cc1ccccc1)C(=O)N1CCC[C@H]1C(=O)N[C@@H](CCCN=C(N)N)C(=O)c1nccs1";"Ki";"'='";"1.6";"nM";"8.80";"";"";"UO_0000065";"17.60";"0.34";"8.11";"5.65";"0";"CHEMBL815751";"Inhibition of bovine trypsin";"B";"BAO_0000357";"single protein format";"Bos taurus";"None";"None";"None";"None";"";"";"";"CHEMBL3769";"Serine protease 1";"Bos taurus";"SINGLE PROTEIN";"CHEMBL1129256";"1";"Scientific Literature";"J Med Chem";"1996";"None";"";"";"";"1.6"
"CHEMBL180163";"";"None";"535.71";"1";"3.18";"39";"CNCCCC[C@H](NC(=O)[C@@H]1CCCN1C(=O)[C@@H](Cc1ccccc1)NC)C(=O)c1nc2ccccc2s1";"Ki";"'='";"1200.0";"nM";"5.92";"";"";"UO_0000065";"11.05";"0.21";"2.74";"5.72";"0";"CHEMBL828215";"Binding affinity against bovine trypsin";"B";"BAO_0000357";"single protein format";"Bos taurus";"None";"None";"None";"None";"";"";"";"CHEMBL3769";"Serine protease 1";"Bos taurus";"SINGLE PROTEIN";"CHEMBL1142732";"1";"Scientific Literature";"J Med Chem";"2005";"None";"";"";"";"1200.0"
"CHEMBL144993";"";"None";"598.73";"1";"4.00";"83";"N=C(N)c1cccc(C[C@H](NS(=O)(=O)c2ccc3ccccc3c2)C(=O)N2CCC[C@H](C(=O)OCc3ccccc3)C2)c1";"Ki";"'='";"159.96";"nM";"6.80";"";"";"UO_0000065";"11.35";"0.22";"2.80";"4.76";"0";"CHEMBL821446";"Binding affinity towards trypsin";"B";"BAO_0000357";"single protein format";"Bos taurus";"None";"None";"None";"None";"";"";"";"CHEMBL3769";"Serine protease 1";"Bos taurus";"SINGLE PROTEIN";"CHEMBL1132189";"1";"Scientific Literature";"J Med Chem";"1999";"None";"";"";"";"6.796"
"CHEMBL552997";"";"None";"699.30";"1";"3.56";"3l";"Cc1ccc(S(=O)(=O)Nc2ccc(C[C@@H](NS(=O)(=O)c3ccc4ccccc4c3)C(=O)NCC3CCCN(C(=N)N)C3)cc2)cc1.Cl";"Ki";"'='";"32000.0";"nM";"4.50";"";"";"UO_0000065";"6.78";"0.13";"0.93";"2.58";"0";"CHEMBL878759";"In vitro binding affinity by measuring the inhibition of bovine trypsin";"B";"BAO_0000357";"single protein format";"Bos taurus";"None";"None";"None";"None";"";"";"";"CHEMBL3769";"Serine protease 1";"Bos taurus";"SINGLE PROTEIN";"CHEMBL1127404";"1";"Scientific Literature";"J Med Chem";"1994";"None";"";"";"";"32.0"
"CHEMBL7865";"";"None";"534.68";"1";"2.50";"10a";"CS(=O)(=O)N[C@@H](C(=O)N1CCC[C@H]1C(=O)NCc1ccc(CN)cc1)C(c1ccccc1)c1ccccc1";"Ki";"'='";"9.9";"nM";"8.00";"";"";"UO_0000065";"14.97";"0.29";"5.50";"6.58";"0";"CHEMBL817758";"Binding affinity against bovine trypsin";"B";"BAO_0000357";"single protein format";"Bos taurus";"None";"None";"None";"None";"";"";"";"CHEMBL3769";"Serine protease 1";"Bos taurus";"SINGLE PROTEIN";"CHEMBL1135262";"1";"Scientific Literature";"Bioorg Med Chem Lett";"2002";"None";"";"";"";"9.9"
"CHEMBL542951";"";"None";"569.13";"1";"2.93";"3e";"Cl.N=C(N)N1CCCC(CNC(=O)[C@H](Cc2c[nH]c3ccccc23)NS(=O)(=O)c2ccc3ccccc3c2)C1";"Ki";"'='";"27000.0";"nM";"4.57";"";"";"UO_0000065";"8.58";"0.16";"1.64";"3.17";"0";"CHEMBL878759";"In vitro binding affinity by measuring the inhibition of bovine trypsin";"B";"BAO_0000357";"single protein format";"Bos taurus";"None";"None";"None";"None";"";"";"";"CHEMBL3769";"Serine protease 1";"Bos taurus";"SINGLE PROTEIN";"CHEMBL1127404";"1";"Scientific Literature";"J Med Chem";"1994";"None";"";"";"";"27.0"
"CHEMBL453539";"";"None";"1513.81";"None";"None";"SFTI-1";"CC[C@H](C)[C@@H]1NC(=O)[C@@H]2CCCN2C(=O)[C@@H]2CCCN2C(=O)[C@H]([C@@H](C)CC)NC(=O)[C@H](CO)NC(=O)[C@H](CCCCN)NC(=O)[C@H]([C@@H](C)O)NC(=O)[C@@H]2CSSC[C@H](NC1=O)C(=O)N[C@@H](Cc1ccccc1)C(=O)N1CCC[C@H]1C(=O)N[C@@H](CC(=O)O)C(=O)NCC(=O)N[C@@H](CCCNC(=N)N)C(=O)N2";"Ki";"'='";"13.0";"nM";"7.89";"";"";"UO_0000065";"5.21";"None";"None";"None";"0";"CHEMBL4001016";"Inhibition of bovine beta-trypsin";"B";"BAO_0000357";"single protein format";"Bos taurus";"None";"None";"None";"None";"";"";"";"CHEMBL3769";"Serine protease 1";"Bos taurus";"SINGLE PROTEIN";"CHEMBL4000179";"1";"Scientific Literature";"J Med Chem";"2017";"None";"";"";"";"13.0"
"CHEMBL101559";"";"None";"309.33";"0";"2.46";"21";"N=C(N)c1ccc2c(ccn2Cc2ccc([N+](=O)[O-])cc2N)c1";"Ki";"'='";"5310.0";"nM";"5.28";"";"";"UO_0000065";"17.05";"0.31";"2.81";"4.26";"0";"CHEMBL817581";"Inhibition constant against bovine trypsin";"B";"BAO_0000357";"single protein format";"Bos taurus";"None";"None";"None";"None";"";"";"";"CHEMBL3769";"Serine protease 1";"Bos taurus";"SINGLE PROTEIN";"CHEMBL1122336";"1";"Scientific Literature";"J Med Chem";"1983";"None";"";"";"";"5.31"
"CHEMBL322894";"";"None";"187.25";"0";"1.95";"9";"CCn1ccc2cc(C(=N)N)ccc21";"Ki";"'='";"137000.0";"nM";"";"Outside typical range";"";"UO_0000065";"";"";"";"";"0";"CHEMBL817581";"Inhibition constant against bovine trypsin";"B";"BAO_0000357";"single protein format";"Bos taurus";"None";"None";"None";"None";"";"";"";"CHEMBL3769";"Serine protease 1";"Bos taurus";"SINGLE PROTEIN";"CHEMBL1122336";"1";"Scientific Literature";"J Med Chem";"1983";"None";"";"";"";"137.0"
"CHEMBL369008";"";"None";"579.73";"1";"1.33";"66";"CN[C@H](Cc1ccccc1)C(=O)N1CCC[C@H]1C(=O)NC(CCCN=C(N)N)C(=O)c1nc2ccc(CO)cc2s1";"Ki";"'='";"5.3";"nM";"8.28";"";"";"UO_0000065";"14.28";"0.28";"6.95";"4.70";"0";"CHEMBL828215";"Binding affinity against bovine trypsin";"B";"BAO_0000357";"single protein format";"Bos taurus";"None";"None";"None";"None";"";"";"";"CHEMBL3769";"Serine protease 1";"Bos taurus";"SINGLE PROTEIN";"CHEMBL1142732";"1";"Scientific Literature";"J Med Chem";"2005";"None";"";"";"";"5.3"
"CHEMBL2374242";"";"None";"561.75";"1";"3.55";"42";"CN[C@H](Cc1ccccc1)C(=O)N1CCC[C@H]1C(=O)N[C@@H](C(=O)c1nc2ccccc2s1)C1CCC(CN)CC1";"Ki";"'='";"4000.0";"nM";"5.40";"";"";"UO_0000065";"9.61";"0.18";"1.85";"4.60";"0";"CHEMBL828215";"Binding affinity against bovine trypsin";"B";"BAO_0000357";"single protein format";"Bos taurus";"None";"None";"None";"None";"";"";"";"CHEMBL3769";"Serine protease 1";"Bos taurus";"SINGLE PROTEIN";"CHEMBL1142732";"1";"Scientific Literature";"J Med Chem";"2005";"None";"";"";"";"4000.0"
"CHEMBL175473";"";"None";"506.67";"1";"3.98";"44";"CCCC[C@H](NC(=O)[C@@H]1CCCN1C(=O)[C@@H](Cc1ccccc1)NC)C(=O)c1nc2ccccc2s1";"Ki";"";"";"nM";"";"";"Not Active";"UO_0000065";"";"";"";"";"0";"CHEMBL830362";"Binding affinity against bovine trypsin; NA=Not active at 1 uM";"B";"BAO_0000357";"single protein format";"Bos taurus";"None";"None";"None";"None";"";"";"";"CHEMBL3769";"Serine protease 1";"Bos taurus";"SINGLE PROTEIN";"CHEMBL1142732";"1";"Scientific Literature";"J Med Chem";"2005";"None";"";"";"";""
"CHEMBL177769";"";"None";"543.65";"1";"0.38";"58";"CN[C@H](Cc1ccccc1)C(=O)N1CCC[C@H]1C(=O)NC(CCCN=C(N)N)C(=O)c1nc(C(=O)O)cs1";"Ki";"'='";"6.0";"nM";"8.22";"";"";"UO_0000065";"15.12";"0.30";"7.84";"4.26";"0";"CHEMBL828215";"Binding affinity against bovine trypsin";"B";"BAO_0000357";"single protein format";"Bos taurus";"None";"None";"None";"None";"";"";"";"CHEMBL3769";"Serine protease 1";"Bos taurus";"SINGLE PROTEIN";"CHEMBL1142732";"1";"Scientific Literature";"J Med Chem";"2005";"None";"";"";"";"6.0"
"CHEMBL175738";"";"None";"571.70";"1";"0.86";"59";"CCOC(=O)c1csc(C(=O)C(CCCN=C(N)N)NC(=O)[C@@H]2CCCN2C(=O)[C@@H](Cc2ccccc2)NC)n1";"Ki";"'='";"5.4";"nM";"8.27";"";"";"UO_0000065";"14.46";"0.28";"7.41";"4.54";"0";"CHEMBL828215";"Binding affinity against bovine trypsin";"B";"BAO_0000357";"single protein format";"Bos taurus";"None";"None";"None";"None";"";"";"";"CHEMBL3769";"Serine protease 1";"Bos taurus";"SINGLE PROTEIN";"CHEMBL1142732";"1";"Scientific Literature";"J Med Chem";"2005";"None";"";"";"";"5.4"
"CHEMBL297076";"";"None";"165.20";"0";"1.00";"15";"COc1ccc(NC(=N)N)cc1";"Ki";"'='";"5890000.0";"nM";"";"Outside typical range";"";"UO_0000065";"";"";"";"";"0";"CHEMBL815752";"Inhibition against Trypsin";"B";"BAO_0000357";"single protein format";"Bos taurus";"None";"None";"None";"None";"";"";"";"CHEMBL3769";"Serine protease 1";"Bos taurus";"SINGLE PROTEIN";"CHEMBL1125001";"1";"Scientific Literature";"J Med Chem";"1990";"None";"";"";"";"5.89"
"CHEMBL81086";"";"None";"413.38";"0";"4.16";"4q";"Cc1c(F)c(Oc2cccc(CC(=O)O)c2)nc(Oc2cccc(C(=N)N)c2)c1F";"Ki";"'>'";"5000.0";"nM";"";"";"";"UO_0000065";"";"";"";"";"0";"CHEMBL818251";"Inhibitory constant against bovine trypsin for general specificity against serine proteases";"B";"BAO_0000357";"single protein format";"Bos taurus";"None";"None";"None";"None";"";"";"";"CHEMBL3769";"Serine protease 1";"Bos taurus";"SINGLE PROTEIN";"CHEMBL1135740";"1";"Scientific Literature";"J Med Chem";"2002";"None";"";"";"";"5000.0"
"CHEMBL357079";"";"None";"376.50";"0";"3.13";"3";"NC(N)c1ccc(/C=C2\CCCC/C(=C\c3ccc(C(N)N)cc3)C2=O)cc1";"Ki";"'='";"90.0";"nM";"7.05";"";"";"UO_0000065";"18.71";"0.34";"3.92";"5.82";"0";"CHEMBL819016";"Inhibitory activity against bovine trypsin expressed as dissociation constant";"B";"BAO_0000357";"single protein format";"Bos taurus";"None";"None";"None";"None";"";"";"";"CHEMBL3769";"Serine protease 1";"Bos taurus";"SINGLE PROTEIN";"CHEMBL1131451";"1";"Scientific Literature";"J Med Chem";"1998";"None";"";"";"";"0.09"
"CHEMBL420790";"";"None";"469.65";"0";"3.31";"7";"CN(C(=O)[C@H](Cc1ccc(CN)cc1)NS(=O)(=O)c1ccc2c(c1)CCCC2)C1CCCC1";"Ki";"'='";"9800.0";"nM";"5.01";"";"";"UO_0000065";"10.66";"0.21";"1.70";"5.41";"0";"CHEMBL817623";"Binding affinity towards bovine trypsin was evaluated in vitro";"B";"BAO_0000357";"single protein format";"Bos taurus";"None";"None";"None";"None";"";"";"";"CHEMBL3769";"Serine protease 1";"Bos taurus";"SINGLE PROTEIN";"CHEMBL1130583";"1";"Scientific Literature";"Bioorg Med Chem Lett";"1998";"None";"";"";"";"9800.0"
"CHEMBL356466";"";"None";"400.53";"0";"4.47";"14c";"CN(C)C(=N)c1ccc(/C=C2/CCCC/C(=C/c3ccc(C(=N)N)cc3)C2=O)cc1";"Ki";"'='";"90.0";"nM";"7.05";"";"";"UO_0000065";"17.59";"0.32";"2.58";"7.49";"0";"CHEMBL618434";"In vitro inhibition of bovine trypsin(Trp).";"B";"BAO_0000357";"single protein format";"Bos taurus";"None";"None";"None";"None";"";"";"";"CHEMBL3769";"Serine protease 1";"Bos taurus";"SINGLE PROTEIN";"CHEMBL1132552";"1";"Scientific Literature";"J Med Chem";"1999";"None";"";"";"";"90.0"
"CHEMBL195314";"";"None";"447.54";"0";"4.89";"12i";"N=C(N)c1ccc2ccc(CN(CCc3c[nH]cn3)C(=O)c3cccc4ccccc34)cc2c1";"Ki";"'='";"378.0";"nM";"6.42";"";"";"UO_0000065";"14.35";"0.26";"1.53";"6.50";"0";"CHEMBL830293";"Inhibition constant towards bovine trypsin";"B";"BAO_0000357";"single protein format";"Bos taurus";"None";"None";"None";"None";"";"";"";"CHEMBL3769";"Serine protease 1";"Bos taurus";"SINGLE PROTEIN";"CHEMBL1144375";"1";"Scientific Literature";"Bioorg Med Chem Lett";"2005";"None";"";"";"";"378.0"
"CHEMBL110565";"";"None";"501.63";"1";"2.06";"15";"Cc1ccc(NS(=O)(=O)Cc2ccccc2)c(=O)n1CC(=O)NCC1CCc2nc(N)sc2C1";"Ki";"'='";"380000.0";"nM";"";"Outside typical range";"";"UO_0000065";"";"";"";"";"0";"CHEMBL815006";"Inhibitory activity against Trypsin";"B";"BAO_0000357";"single protein format";"Bos taurus";"None";"None";"None";"None";"";"";"";"CHEMBL3769";"Serine protease 1";"Bos taurus";"SINGLE PROTEIN";"CHEMBL1136225";"1";"Scientific Literature";"Bioorg Med Chem Lett";"2003";"None";"";"";"";"380.0"
"CHEMBL105584";"";"None";"533.63";"1";"1.37";"3c";"CN[C@H](Cc1ccccc1)C(=O)N1CCC[C@H]1C(=O)N[C@@H](CCCN=C(N)N)C(=O)c1nc2ccccc2o1";"Ki";"'='";"2.9";"nM";"8.54";"";"";"UO_0000065";"16.00";"0.30";"7.17";"5.05";"0";"CHEMBL815751";"Inhibition of bovine trypsin";"B";"BAO_0000357";"single protein format";"Bos taurus";"None";"None";"None";"None";"";"";"";"CHEMBL3769";"Serine protease 1";"Bos taurus";"SINGLE PROTEIN";"CHEMBL1129256";"1";"Scientific Literature";"J Med Chem";"1996";"None";"";"";"";"2.9"
"CHEMBL1159692";"";"None";"641.65";"1";"3.13";"11m";"COC(=O)N[C@@H](C(=O)N1CCC[C@H]1C(=O)NCc1ccc(C(=N)N)cc1)C(c1ccccc1)c1ccccc1.O=C(O)C(F)(F)F";"Ki";"'='";"0.31";"nM";"9.51";"";"";"UO_0000065";"18.02";"0.33";"6.38";"6.91";"0";"CHEMBL817758";"Binding affinity against bovine trypsin";"B";"BAO_0000357";"single protein format";"Bos taurus";"None";"None";"None";"None";"";"";"";"CHEMBL3769";"Serine protease 1";"Bos taurus";"SINGLE PROTEIN";"CHEMBL1135262";"1";"Scientific Literature";"Bioorg Med Chem Lett";"2002";"None";"";"";"";"0.31"
"CHEMBL179207";"";"None";"535.71";"1";"3.18";"40";"CNCCCC[C@@H](NC(=O)[C@@H]1CCCN1C(=O)[C@@H](Cc1ccccc1)NC)C(=O)c1nc2ccccc2s1";"Ki";"'='";"1000.0";"nM";"6.00";"";"";"UO_0000065";"11.20";"0.22";"2.82";"5.80";"0";"CHEMBL828215";"Binding affinity against bovine trypsin";"B";"BAO_0000357";"single protein format";"Bos taurus";"None";"None";"None";"None";"";"";"";"CHEMBL3769";"Serine protease 1";"Bos taurus";"SINGLE PROTEIN";"CHEMBL1142732";"1";"Scientific Literature";"J Med Chem";"2005";"None";"";"";"";"1000.0"
"CHEMBL179004";"";"None";"540.69";"1";"4.03";"45";"CN[C@H](Cc1ccccc1)C(=O)N1CCC[C@H]1C(=O)N[C@@H](Cc1ccccc1)C(=O)c1nc2ccccc2s1";"Ki";"'='";"12000.0";"nM";"4.92";"";"";"UO_0000065";"9.10";"0.17";"0.89";"5.38";"0";"CHEMBL828215";"Binding affinity against bovine trypsin";"B";"BAO_0000357";"single protein format";"Bos taurus";"None";"None";"None";"None";"";"";"";"CHEMBL3769";"Serine protease 1";"Bos taurus";"SINGLE PROTEIN";"CHEMBL1142732";"1";"Scientific Literature";"J Med Chem";"2005";"None";"";"";"";"12000.0"
"CHEMBL273196";"EFEGATRAN";"2.0";"416.53";"0";"-0.45";"1b";"CN[C@H](Cc1ccccc1)C(=O)N1CCC[C@H]1C(=O)N[C@H](C=O)CCCN=C(N)N";"Ki";"'='";"9.1";"nM";"8.04";"";"";"UO_0000065";"19.30";"0.37";"8.49";"5.63";"0";"CHEMBL828215";"Binding affinity against bovine trypsin";"B";"BAO_0000357";"single protein format";"Bos taurus";"None";"None";"None";"None";"";"";"";"CHEMBL3769";"Serine protease 1";"Bos taurus";"SINGLE PROTEIN";"CHEMBL1142732";"1";"Scientific Literature";"J Med Chem";"2005";"None";"";"";"";"9.1"
"CHEMBL540392";"";"None";"549.50";"0";"0.71";"9m";"C[S+](Cc1ccc2cc1C(=O)NCC(=O)NC(CCCN=C(N)N)C(=O)N2)c1ccccc1.[Br-]";"Ki";"'='";"12000.0";"nM";"4.92";"";"";"UO_0000065";"10.48";"0.20";"4.21";"3.24";"0";"CHEMBL816811";"Apparent binding constant against bovine trypsin";"B";"BAO_0000357";"single protein format";"Bos taurus";"None";"None";"None";"None";"";"";"";"CHEMBL3769";"Serine protease 1";"Bos taurus";"SINGLE PROTEIN";"CHEMBL1126701";"1";"Scientific Literature";"J Med Chem";"1993";"None";"";"";"";"0.000012"
"CHEMBL346222";"";"None";"469.57";"0";"0.51";"5c";"CNC(=O)C(Cc1cccc(C(N)N)c1)NC(=O)CNS(=O)(=O)c1ccc2ccccc2c1";"Ki";"'='";"9200.0";"nM";"5.04";"";"";"UO_0000065";"10.73";"0.21";"4.53";"3.22";"0";"CHEMBL819016";"Inhibitory activity against bovine trypsin expressed as dissociation constant";"B";"BAO_0000357";"single protein format";"Bos taurus";"None";"None";"None";"None";"";"";"";"CHEMBL3769";"Serine protease 1";"Bos taurus";"SINGLE PROTEIN";"CHEMBL1131451";"1";"Scientific Literature";"J Med Chem";"1998";"None";"";"";"";"9.2"
"CHEMBL558610";"";"None";"587.15";"1";"2.41";"3k";"CC(=O)Nc1ccc(C[C@@H](NS(=O)(=O)c2ccc3ccccc3c2)C(=O)NCC2CCCN(C(=N)N)C2)cc1.Cl";"Ki";"'='";"20000.0";"nM";"4.70";"";"";"UO_0000065";"8.53";"0.16";"2.29";"2.98";"0";"CHEMBL878759";"In vitro binding affinity by measuring the inhibition of bovine trypsin";"B";"BAO_0000357";"single protein format";"Bos taurus";"None";"None";"None";"None";"";"";"";"CHEMBL3769";"Serine protease 1";"Bos taurus";"SINGLE PROTEIN";"CHEMBL1127404";"1";"Scientific Literature";"J Med Chem";"1994";"None";"";"";"";"20.0"
"CHEMBL331160";"";"None";"466.58";"0";"3.01";"8";"CC(C)(C)OC(=O)N[C@H](Cc1ccccc1)C(=O)N1CCC[C@H]1C(=O)NCc1ccc(N)cc1";"Ki";"'='";"233000.0";"nM";"";"Outside typical range";"";"UO_0000065";"";"";"";"";"0";"CHEMBL817580";"In vitro inhibitory activity against bovine trypsin";"B";"BAO_0000357";"single protein format";"Bos taurus";"None";"None";"None";"None";"";"";"";"CHEMBL3769";"Serine protease 1";"Bos taurus";"SINGLE PROTEIN";"CHEMBL1130400";"1";"Scientific Literature";"J Med Chem";"1997";"None";"";"";"";"233000.0"
"CHEMBL424036";"";"None";"383.36";"0";"3.51";"6g";"N=C(N)c1cccc(Oc2nc(Oc3cccc(C(=N)N)c3)c(F)cc2F)c1";"Ki";"'='";"1200.0";"nM";"5.92";"";"";"UO_0000065";"15.44";"0.29";"2.41";"4.52";"1";"CHEMBL817573";"Compound was tested for inhibition activity against bovine trypsin.";"B";"BAO_0000357";"single protein format";"Bos taurus";"None";"None";"None";"None";"";"";"";"CHEMBL3769";"Serine protease 1";"Bos taurus";"SINGLE PROTEIN";"CHEMBL1132209";"1";"Scientific Literature";"J Med Chem";"1999";"None";"";"";"";"1200.0"
"CHEMBL331908";"";"None";"575.52";"1";"3.73";"12";"O=C(NCc1ccncc1)[C@@H]1CCCN1C(=O)[C@@H](Cc1ccc(Cl)c(Cl)c1)NS(=O)(=O)Cc1ccccc1";"Ki";"'='";"31000.0";"nM";"4.51";"";"";"UO_0000065";"7.83";"0.16";"0.78";"4.16";"0";"CHEMBL817580";"In vitro inhibitory activity against bovine trypsin";"B";"BAO_0000357";"single protein format";"Bos taurus";"None";"None";"None";"None";"";"";"";"CHEMBL3769";"Serine protease 1";"Bos taurus";"SINGLE PROTEIN";"CHEMBL1130400";"1";"Scientific Literature";"J Med Chem";"1997";"None";"";"";"";"31000.0"
"CHEMBL165413";"";"None";"536.66";"1";"1.65";"9";"N=C(NN)c1ccc(C[C@@H](NC(=O)CNS(=O)(=O)c2ccc3ccccc3c2)C(=O)N2CCCCC2)cc1";"Ki";"'='";"192000.0";"nM";"";"Outside typical range";"";"UO_0000065";"";"";"";"";"0";"CHEMBL817590";"Inhibitory effect of compound was measured in bovine trypsin";"B";"BAO_0000357";"single protein format";"Bos taurus";"None";"None";"None";"None";"";"";"";"CHEMBL3769";"Serine protease 1";"Bos taurus";"SINGLE PROTEIN";"CHEMBL1129885";"1";"Scientific Literature";"Bioorg Med Chem Lett";"1997";"None";"";"";"";"192.0"
"CHEMBL315014";"";"None";"433.42";"0";"2.70";"23";"N=C(N)c1ccc(O)c(Oc2cc(C(=O)O)cc(Oc3cccc(C4=NCCN4)c3)n2)c1";"Ki";"'='";"1400.0";"nM";"5.85";"";"";"UO_0000065";"13.51";"0.25";"3.15";"3.59";"0";"CHEMBL817592";"Inhibitory potency was measured against bovine trypsin.";"B";"BAO_0000357";"single protein format";"Bos taurus";"None";"None";"None";"None";"";"";"";"CHEMBL3769";"Serine protease 1";"Bos taurus";"SINGLE PROTEIN";"CHEMBL1131090";"1";"Scientific Literature";"J Med Chem";"1998";"None";"";"";"";"1400.0"
"CHEMBL72318";"";"None";"515.47";"1";"3.16";"26";"CN(C)C(=O)c1cccc(Oc2nc(Oc3cc(C(=N)N)ccc3O)c(F)c(N(C)CC(=O)O)c2F)c1";"Ki";"'='";"1100.0";"nM";"5.96";"";"";"UO_0000065";"11.56";"0.22";"2.80";"3.67";"1";"CHEMBL817592";"Inhibitory potency was measured against bovine trypsin.";"B";"BAO_0000357";"single protein format";"Bos taurus";"None";"None";"None";"None";"";"";"";"CHEMBL3769";"Serine protease 1";"Bos taurus";"SINGLE PROTEIN";"CHEMBL1131090";"1";"Scientific Literature";"J Med Chem";"1998";"None";"";"";"";"1100.0"
"CHEMBL321524";"";"None";"201.23";"0";"1.65";"11";"CC(=O)c1c[nH]c2cc(C(=N)N)ccc12";"Ki";"'>'";"1000000.0";"nM";"";"Outside typical range";"";"UO_0000065";"";"";"";"";"0";"CHEMBL817581";"Inhibition constant against bovine trypsin";"B";"BAO_0000357";"single protein format";"Bos taurus";"None";"None";"None";"None";"";"";"";"CHEMBL3769";"Serine protease 1";"Bos taurus";"SINGLE PROTEIN";"CHEMBL1122336";"1";"Scientific Literature";"J Med Chem";"1983";"None";"";"";"";"1000.0"
"CHEMBL332578";"";"None";"428.44";"0";"-1.84";"26";"NC(N)=NCCCNC(=O)[C@@H]1CS[C@H]2CC[C@H](N)C(=O)N21.O=C(O)C(F)(F)F";"Ki";"'='";"13300.0";"nM";"4.88";"";"";"UO_0000065";"15.51";"0.32";"6.72";"3.49";"0";"CHEMBL815750";"In vitro inhibition was measured against Human bovine pancreatic trypsin.";"B";"BAO_0000357";"single protein format";"Bos taurus";"None";"None";"None";"None";"";"";"";"CHEMBL3769";"Serine protease 1";"Bos taurus";"SINGLE PROTEIN";"CHEMBL1131291";"1";"Scientific Literature";"J Med Chem";"1998";"None";"";"";"";"13.3"
"CHEMBL7656";"";"None";"478.62";"0";"3.41";"1";"CN(C(=O)[C@H](Cc1ccc(C(=N)N)cc1)NS(=O)(=O)c1ccc2ccccc2c1)C1CCCC1";"Ki";"'='";"16200.0";"nM";"4.79";"";"";"UO_0000065";"10.01";"0.19";"1.38";"4.12";"0";"CHEMBL817570";"Compound was evaluated for its inhibitory activity against bovine trypsin";"B";"BAO_0000357";"single protein format";"Bos taurus";"None";"None";"None";"None";"";"";"";"CHEMBL3769";"Serine protease 1";"Bos taurus";"SINGLE PROTEIN";"CHEMBL1130864";"1";"Scientific Literature";"Bioorg Med Chem Lett";"1998";"None";"";"";"";"16200.0"
"CHEMBL366882";"";"None";"610.74";"1";"3.39";"19";"N=C(N)NCCCC(NC(=O)[C@@H]1CCCN1C(=O)C(O)C1c2ccccc2-c2ccccc21)C(=O)c1nc2ccccc2s1";"Ki";"'='";"2.0";"nM";"8.70";"";"";"UO_0000065";"14.24";"0.27";"5.31";"5.39";"0";"CHEMBL828215";"Binding affinity against bovine trypsin";"B";"BAO_0000357";"single protein format";"Bos taurus";"None";"None";"None";"None";"";"";"";"CHEMBL3769";"Serine protease 1";"Bos taurus";"SINGLE PROTEIN";"CHEMBL1142732";"1";"Scientific Literature";"J Med Chem";"2005";"None";"";"";"";"2.0"
"CHEMBL179735";"";"None";"582.73";"1";"3.31";"33";"CN[C@H](Cc1ccccc1)C(=O)N1CCC[C@H]1C(=O)N[C@H](Cc1cccc(C(=N)N)c1)C(=O)c1nc2ccccc2s1";"Ki";"'='";"2600.0";"nM";"5.58";"";"";"UO_0000065";"9.58";"0.18";"2.28";"3.95";"0";"CHEMBL828215";"Binding affinity against bovine trypsin";"B";"BAO_0000357";"single protein format";"Bos taurus";"None";"None";"None";"None";"";"";"";"CHEMBL3769";"Serine protease 1";"Bos taurus";"SINGLE PROTEIN";"CHEMBL1142732";"1";"Scientific Literature";"J Med Chem";"2005";"None";"";"";"";"2600.0"
"CHEMBL366625";"";"None";"589.77";"1";"2.78";"34";"CN[C@H](Cc1ccccc1)C(=O)N1CCC[C@H]1C(=O)N[C@@H](C[C@@H]1CCCN(C(=N)N)C1)C(=O)c1nc2ccccc2s1";"Ki";"'='";"8.0";"nM";"8.10";"";"";"UO_0000065";"13.73";"0.26";"5.32";"5.60";"0";"CHEMBL828215";"Binding affinity against bovine trypsin";"B";"BAO_0000357";"single protein format";"Bos taurus";"None";"None";"None";"None";"";"";"";"CHEMBL3769";"Serine protease 1";"Bos taurus";"SINGLE PROTEIN";"CHEMBL1142732";"1";"Scientific Literature";"J Med Chem";"2005";"None";"";"";"";"8.0"
"CHEMBL1160768";"";"None";"150.19";"0";"0.57";"6";"N=C(N)Nc1ccccc1N";"Ki";"'='";"1180000.0";"nM";"";"Outside typical range";"";"UO_0000065";"";"";"";"";"0";"CHEMBL815752";"Inhibition against Trypsin";"B";"BAO_0000357";"single protein format";"Bos taurus";"None";"None";"None";"None";"";"";"";"CHEMBL3769";"Serine protease 1";"Bos taurus";"SINGLE PROTEIN";"CHEMBL1125001";"1";"Scientific Literature";"J Med Chem";"1990";"None";"";"";"";"1.18"
"CHEMBL372847";"";"None";"475.57";"1";"6.30";"12e";"N=C(N)c1ccc2ccc(CN(CCc3ccc(F)cc3)C(=O)c3cccc4ccccc34)cc2c1";"Ki";"'='";"501.0";"nM";"6.30";"";"";"UO_0000065";"13.25";"0.24";"0.00";"8.98";"0";"CHEMBL830293";"Inhibition constant towards bovine trypsin";"B";"BAO_0000357";"single protein format";"Bos taurus";"None";"None";"None";"None";"";"";"";"CHEMBL3769";"Serine protease 1";"Bos taurus";"SINGLE PROTEIN";"CHEMBL1144375";"1";"Scientific Literature";"Bioorg Med Chem Lett";"2005";"None";"";"";"";"501.0"
"CHEMBL366687";"";"None";"582.73";"1";"3.31";"31";"CN[C@H](Cc1ccccc1)C(=O)N1CCC[C@H]1C(=O)N[C@@H](Cc1ccc(C(=N)N)cc1)C(=O)c1nc2ccccc2s1";"Ki";"";"";"nM";"";"";"Not Determined";"UO_0000065";"";"";"";"";"0";"CHEMBL839503";"Binding affinity against bovine trypsin; Not determined";"B";"BAO_0000357";"single protein format";"Bos taurus";"None";"None";"None";"None";"";"";"";"CHEMBL3769";"Serine protease 1";"Bos taurus";"SINGLE PROTEIN";"CHEMBL1142732";"1";"Scientific Literature";"J Med Chem";"2005";"None";"";"";"";""
"CHEMBL366688";"";"None";"582.73";"1";"3.31";"32";"CN[C@H](Cc1ccccc1)C(=O)N1CCC[C@H]1C(=O)N[C@@H](Cc1cccc(C(=N)N)c1)C(=O)c1nc2ccccc2s1";"Ki";"'='";"1.8";"nM";"8.74";"";"";"UO_0000065";"15.01";"0.28";"5.43";"6.19";"0";"CHEMBL828215";"Binding affinity against bovine trypsin";"B";"BAO_0000357";"single protein format";"Bos taurus";"None";"None";"None";"None";"";"";"";"CHEMBL3769";"Serine protease 1";"Bos taurus";"SINGLE PROTEIN";"CHEMBL1142732";"1";"Scientific Literature";"J Med Chem";"2005";"None";"";"";"";"1.8"
"CHEMBL2096761";"";"None";"589.77";"1";"2.78";"35";"CN[C@H](Cc1ccccc1)C(=O)N1CCC[C@H]1C(=O)N[C@@H](C[C@H]1CCCN(C(=N)N)C1)C(=O)c1nc2ccccc2s1";"Ki";"'='";"210.0";"nM";"6.68";"";"";"UO_0000065";"11.32";"0.22";"3.90";"4.62";"0";"CHEMBL828215";"Binding affinity against bovine trypsin";"B";"BAO_0000357";"single protein format";"Bos taurus";"None";"None";"None";"None";"";"";"";"CHEMBL3769";"Serine protease 1";"Bos taurus";"SINGLE PROTEIN";"CHEMBL1142732";"1";"Scientific Literature";"J Med Chem";"2005";"None";"";"";"";"210.0"
"CHEMBL609703";"";"None";"180.17";"0";"0.90";"4";"N=C(N)Nc1ccccc1[N+](=O)[O-]";"Ki";"'='";"133045.44";"nM";"";"Outside typical range";"";"UO_0000065";"";"";"";"";"0";"CHEMBL815775";"log1/Ki value was calculated against Trypsin";"B";"BAO_0000357";"single protein format";"Bos taurus";"None";"None";"None";"None";"";"";"";"CHEMBL3769";"Serine protease 1";"Bos taurus";"SINGLE PROTEIN";"CHEMBL1125001";"1";"Scientific Literature";"J Med Chem";"1990";"None";"";"";"";"3.876"
"CHEMBL41040";"";"None";"169.62";"0";"1.65";"14";"N=C(N)Nc1ccc(Cl)cc1";"Ki";"'='";"120000.0";"nM";"";"Outside typical range";"";"UO_0000065";"";"";"";"";"0";"CHEMBL815752";"Inhibition against Trypsin";"B";"BAO_0000357";"single protein format";"Bos taurus";"None";"None";"None";"None";"";"";"";"CHEMBL3769";"Serine protease 1";"Bos taurus";"SINGLE PROTEIN";"CHEMBL1125001";"1";"Scientific Literature";"J Med Chem";"1990";"None";"";"";"";"0.12"
"CHEMBL313296";"";"None";"503.64";"1";"2.86";"6";"CCCc1ccc(S(=O)(=O)N[C@@H](Cc2ccc(C(=N)NN)cc2F)C(=O)N(C)C2CCCC2)cc1";"Ki";"'='";"4000.0";"nM";"5.40";"";"";"UO_0000065";"10.72";"0.21";"2.54";"4.20";"0";"CHEMBL817589";"Inhibitory constant against bovine trypsin was determined in vitro.";"B";"BAO_0000357";"single protein format";"Bos taurus";"None";"None";"None";"None";"";"";"";"CHEMBL3769";"Serine protease 1";"Bos taurus";"SINGLE PROTEIN";"CHEMBL1132097";"1";"Scientific Literature";"Bioorg Med Chem Lett";"1999";"None";"";"";"";"4.0"
"CHEMBL309617";"";"None";"421.41";"0";"4.72";"4kk";"Cc1c(F)c(Oc2cccc(C(=N)N)c2)nc(Oc2cccc(-n3ccnc3)c2)c1F";"Ki";"'='";"4800.0";"nM";"5.32";"";"";"UO_0000065";"12.62";"0.23";"0.60";"5.37";"0";"CHEMBL818251";"Inhibitory constant against bovine trypsin for general specificity against serine proteases";"B";"BAO_0000357";"single protein format";"Bos taurus";"None";"None";"None";"None";"";"";"";"CHEMBL3769";"Serine protease 1";"Bos taurus";"SINGLE PROTEIN";"CHEMBL1135740";"1";"Scientific Literature";"J Med Chem";"2002";"None";"";"";"";"4800.0"
"CHEMBL268833";"";"None";"540.71";"1";"2.56";"10f";"CS(=O)(=O)N[C@@H](C(=O)N1CCC[C@H]1C(=O)NCc1cc(CN)cs1)C(c1ccccc1)c1ccccc1";"Ki";"'='";"68.0";"nM";"7.17";"";"";"UO_0000065";"13.26";"0.26";"4.61";"5.89";"0";"CHEMBL817758";"Binding affinity against bovine trypsin";"B";"BAO_0000357";"single protein format";"Bos taurus";"None";"None";"None";"None";"";"";"";"CHEMBL3769";"Serine protease 1";"Bos taurus";"SINGLE PROTEIN";"CHEMBL1135262";"1";"Scientific Literature";"Bioorg Med Chem Lett";"2002";"None";"";"";"";"68.0"
"CHEMBL84502";"";"None";"432.86";"1";"5.26";"5n";"Cc1c(F)c(Oc2cccc(C(=N)N)c2)nc(Oc2ccc(Cl)c(N(C)C)c2)c1F";"Ki";"'='";"1000.0";"nM";"6.00";"";"";"UO_0000065";"13.86";"0.27";"0.74";"7.10";"0";"CHEMBL818251";"Inhibitory constant against bovine trypsin for general specificity against serine proteases";"B";"BAO_0000357";"single protein format";"Bos taurus";"None";"None";"None";"None";"";"";"";"CHEMBL3769";"Serine protease 1";"Bos taurus";"SINGLE PROTEIN";"CHEMBL1135740";"1";"Scientific Literature";"J Med Chem";"2002";"None";"";"";"";"1000.0"
"CHEMBL311608";"";"None";"456.45";"0";"4.25";"6j";"COc1ccc(C(=N)N)cc1Oc1nc(Oc2cccc(C(=O)N(C)C)c2)c(F)c(C)c1F";"Ki";"'='";"4300.0";"nM";"5.37";"";"";"UO_0000065";"11.76";"0.22";"1.12";"4.85";"1";"CHEMBL818251";"Inhibitory constant against bovine trypsin for general specificity against serine proteases";"B";"BAO_0000357";"single protein format";"Bos taurus";"None";"None";"None";"None";"";"";"";"CHEMBL3769";"Serine protease 1";"Bos taurus";"SINGLE PROTEIN";"CHEMBL1135740";"1";"Scientific Literature";"J Med Chem";"2002";"None";"";"";"";"4300.0"
"CHEMBL310664";"";"None";"485.65";"0";"2.72";"4";"CCCc1ccc(S(=O)(=O)N[C@@H](Cc2ccc(C(=N)NN)cc2)C(=O)N(C)C2CCCC2)cc1";"Ki";"'='";"3500.0";"nM";"5.46";"";"";"UO_0000065";"11.23";"0.22";"2.74";"4.25";"0";"CHEMBL817588";"Inhibitory constant against bovine trypsin was determined in vitro";"B";"BAO_0000357";"single protein format";"Bos taurus";"None";"None";"None";"None";"";"";"";"CHEMBL3769";"Serine protease 1";"Bos taurus";"SINGLE PROTEIN";"CHEMBL1132097";"1";"Scientific Literature";"Bioorg Med Chem Lett";"1999";"None";"";"";"";"3.5"
"CHEMBL124408";"";"None";"575.52";"1";"3.73";"11";"O=C(NCc1cccnc1)[C@@H]1CCCN1C(=O)[C@@H](Cc1ccc(Cl)c(Cl)c1)NS(=O)(=O)Cc1ccccc1";"Ki";"'='";"284000.0";"nM";"";"Outside typical range";"";"UO_0000065";"";"";"";"";"0";"CHEMBL817580";"In vitro inhibitory activity against bovine trypsin";"B";"BAO_0000357";"single protein format";"Bos taurus";"None";"None";"None";"None";"";"";"";"CHEMBL3769";"Serine protease 1";"Bos taurus";"SINGLE PROTEIN";"CHEMBL1130400";"1";"Scientific Literature";"J Med Chem";"1997";"None";"";"";"";"284000.0"
"CHEMBL135724";"";"None";"490.30";"0";"3.10";"4";"N=C(N)Nc1ccc(C2C/C(=C/I)OC(=O)C2NC(=O)c2ccccc2)cc1";"Ki";"'='";"2760.0";"nM";"5.56";"";"";"UO_0000065";"11.34";"0.27";"2.46";"4.74";"0";"CHEMBL817576";"Compound was tested for its binding affinity against the enzyme trypsin";"B";"BAO_0000357";"single protein format";"Bos taurus";"None";"None";"None";"None";"";"";"";"CHEMBL3769";"Serine protease 1";"Bos taurus";"SINGLE PROTEIN";"CHEMBL1125358";"1";"Scientific Literature";"J Med Chem";"1992";"None";"";"";"";"2.76"
"CHEMBL423770";"";"None";"498.61";"0";"1.71";"5b";"CC(C)OC(=O)C(Cc1cccc(C(N)N)c1)NC(=O)CNS(=O)(=O)c1ccc2ccccc2c1";"Ki";"'='";"3700.0";"nM";"5.43";"";"";"UO_0000065";"10.89";"0.21";"3.72";"3.54";"0";"CHEMBL819016";"Inhibitory activity against bovine trypsin expressed as dissociation constant";"B";"BAO_0000357";"single protein format";"Bos taurus";"None";"None";"None";"None";"";"";"";"CHEMBL3769";"Serine protease 1";"Bos taurus";"SINGLE PROTEIN";"CHEMBL1131451";"1";"Scientific Literature";"J Med Chem";"1998";"None";"";"";"";"3.7"
"CHEMBL216318";"";"None";"209.27";"0";"0.37";"1";"N=C(N)N1CCCCC1.O=S(O)O";"Ki";"'='";"360.0";"nM";"6.44";"";"";"UO_0000065";"50.66";"0.98";"6.07";"12.13";"0";"CHEMBL878759";"In vitro binding affinity by measuring the inhibition of bovine trypsin";"B";"BAO_0000357";"single protein format";"Bos taurus";"None";"None";"None";"None";"";"";"";"CHEMBL3769";"Serine protease 1";"Bos taurus";"SINGLE PROTEIN";"CHEMBL1127404";"1";"Scientific Literature";"J Med Chem";"1994";"None";"";"";"";"0.36"
"CHEMBL82175";"";"None";"440.45";"0";"4.17";"4n";"Cc1c(F)c(Oc2cccc(CC(=O)N(C)C)c2)nc(Oc2cccc(C(=N)N)c2)c1F";"Ki";"'='";"4200.0";"nM";"5.38";"";"";"UO_0000065";"12.21";"0.23";"1.21";"5.30";"0";"CHEMBL818251";"Inhibitory constant against bovine trypsin for general specificity against serine proteases";"B";"BAO_0000357";"single protein format";"Bos taurus";"None";"None";"None";"None";"";"";"";"CHEMBL3769";"Serine protease 1";"Bos taurus";"SINGLE PROTEIN";"CHEMBL1135740";"1";"Scientific Literature";"J Med Chem";"2002";"None";"";"";"";"4200.0"
"CHEMBL7124";"";"None";"504.66";"1";"3.95";"14";"CNc1ccc(C#CC[C@H](NS(=O)(=O)c2ccc3ccccc3c2)C(=O)N(C)C2CCCC2)cc1N";"Ki";"'='";"32000.0";"nM";"4.50";"";"";"UO_0000065";"8.91";"0.17";"0.54";"4.30";"0";"CHEMBL817586";"Inhibitory activity against bovine trypsin";"B";"BAO_0000357";"single protein format";"Bos taurus";"None";"None";"None";"None";"";"";"";"CHEMBL3769";"Serine protease 1";"Bos taurus";"SINGLE PROTEIN";"CHEMBL1132084";"1";"Scientific Literature";"Bioorg Med Chem Lett";"1999";"None";"";"";"";"32.0"
"CHEMBL315014";"";"None";"433.42";"0";"2.70";"7k";"N=C(N)c1ccc(O)c(Oc2cc(C(=O)O)cc(Oc3cccc(C4=NCCN4)c3)n2)c1";"Ki";"'='";"1400.0";"nM";"5.85";"";"";"UO_0000065";"13.51";"0.25";"3.15";"3.59";"1";"CHEMBL818251";"Inhibitory constant against bovine trypsin for general specificity against serine proteases";"B";"BAO_0000357";"single protein format";"Bos taurus";"None";"None";"None";"None";"";"";"";"CHEMBL3769";"Serine protease 1";"Bos taurus";"SINGLE PROTEIN";"CHEMBL1135740";"1";"Scientific Literature";"J Med Chem";"2002";"None";"";"";"";"1400.0"
"CHEMBL432939";"";"None";"423.43";"1";"2.72";"7n";"N=C(N)c1ccc(O)c(Oc2cc(C(=O)O)cc(Oc3cccc(NCCN)c3)n2)c1";"Ki";"'='";"350.0";"nM";"6.46";"";"";"UO_0000065";"15.25";"0.28";"3.74";"3.65";"0";"CHEMBL818251";"Inhibitory constant against bovine trypsin for general specificity against serine proteases";"B";"BAO_0000357";"single protein format";"Bos taurus";"None";"None";"None";"None";"";"";"";"CHEMBL3769";"Serine protease 1";"Bos taurus";"SINGLE PROTEIN";"CHEMBL1135740";"1";"Scientific Literature";"J Med Chem";"2002";"None";"";"";"";"350.0"
"CHEMBL327189";"";"None";"520.62";"1";"0.86";"15";"NS(=O)(=O)N[C@@H](C(=O)N1CCC[C@H]1C(=O)NCC#Cc1c[nH]cn1)C(c1ccccc1)c1ccccc1";"Ki";"'='";"18.0";"nM";"7.75";"";"";"UO_0000065";"14.88";"0.29";"6.88";"5.15";"0";"CHEMBL878650";"Inhibitory activity against Bovine Trypsin";"B";"BAO_0000357";"single protein format";"Bos taurus";"None";"None";"None";"None";"";"";"";"CHEMBL3769";"Serine protease 1";"Bos taurus";"SINGLE PROTEIN";"CHEMBL1133054";"1";"Scientific Literature";"Bioorg Med Chem Lett";"2000";"None";"";"";"";"18.0"
"CHEMBL346607";"";"None";"523.66";"1";"1.77";"1";"NC(N)c1ccc(CC(NC(=O)CNS(=O)(=O)c2ccc3ccccc3c2)C(=O)N2CCCCC2)cc1";"Ki";"'='";"690.0";"nM";"6.16";"";"";"UO_0000065";"11.77";"0.23";"4.39";"4.17";"0";"CHEMBL819016";"Inhibitory activity against bovine trypsin expressed as dissociation constant";"B";"BAO_0000357";"single protein format";"Bos taurus";"None";"None";"None";"None";"";"";"";"CHEMBL3769";"Serine protease 1";"Bos taurus";"SINGLE PROTEIN";"CHEMBL1131451";"1";"Scientific Literature";"J Med Chem";"1998";"None";"";"";"";"0.69"
"CHEMBL309541";"";"None";"445.44";"0";"3.75";"7i";"Cn1ccnc1-c1cccc(Oc2cc(C(=O)O)cc(Oc3cc(C(=N)N)ccc3O)n2)c1";"Ki";"'='";"650.0";"nM";"6.19";"";"";"UO_0000065";"13.89";"0.26";"2.44";"3.95";"1";"CHEMBL818251";"Inhibitory constant against bovine trypsin for general specificity against serine proteases";"B";"BAO_0000357";"single protein format";"Bos taurus";"None";"None";"None";"None";"";"";"";"CHEMBL3769";"Serine protease 1";"Bos taurus";"SINGLE PROTEIN";"CHEMBL1135740";"1";"Scientific Literature";"J Med Chem";"2002";"None";"";"";"";"650.0"
"CHEMBL41853";"";"None";"169.62";"0";"1.65";"5";"N=C(N)Nc1ccccc1Cl";"Ki";"'='";"897428.79";"nM";"";"Outside typical range";"";"UO_0000065";"";"";"";"";"0";"CHEMBL815775";"log1/Ki value was calculated against Trypsin";"B";"BAO_0000357";"single protein format";"Bos taurus";"None";"None";"None";"None";"";"";"";"CHEMBL3769";"Serine protease 1";"Bos taurus";"SINGLE PROTEIN";"CHEMBL1125001";"1";"Scientific Literature";"J Med Chem";"1990";"None";"";"";"";"3.047"
"CHEMBL150739";"";"None";"400.53";"0";"4.65";"5c";"N=C(N)c1ccc(/C=C2/CCCCCC/C(=C/c3ccc(C(=N)N)cc3)C2=O)cc1";"Ki";"'='";"190.0";"nM";"6.72";"";"";"UO_0000065";"16.78";"0.31";"2.07";"5.75";"0";"CHEMBL815005";"In vitro inhibition of bovine trypsin(Trp).";"B";"BAO_0000357";"single protein format";"Bos taurus";"None";"None";"None";"None";"";"";"";"CHEMBL3769";"Serine protease 1";"Bos taurus";"SINGLE PROTEIN";"CHEMBL1132552";"1";"Scientific Literature";"J Med Chem";"1999";"None";"";"";"";"190.0"
"CHEMBL79447";"";"None";"440.45";"0";"4.37";"4jj";"Cc1c(F)c(Oc2cccc(C(=N)N)c2)nc(Oc2cccc(N3CCOCC3)c2)c1F";"Ki";"'='";"2000.0";"nM";"5.70";"";"";"UO_0000065";"12.94";"0.24";"1.33";"6.08";"0";"CHEMBL818251";"Inhibitory constant against bovine trypsin for general specificity against serine proteases";"B";"BAO_0000357";"single protein format";"Bos taurus";"None";"None";"None";"None";"";"";"";"CHEMBL3769";"Serine protease 1";"Bos taurus";"SINGLE PROTEIN";"CHEMBL1135740";"1";"Scientific Literature";"J Med Chem";"2002";"None";"";"";"";"2000.0"
"CHEMBL83798";"";"None";"466.49";"1";"5.16";"4k";"Cc1c(F)c(Oc2cccc(C(=N)N)c2)nc(Oc2cccc(C(=O)N3CCCCC3)c2)c1F";"Ki";"'='";"3000.0";"nM";"5.52";"";"";"UO_0000065";"11.84";"0.22";"0.36";"5.44";"0";"CHEMBL818251";"Inhibitory constant against bovine trypsin for general specificity against serine proteases";"B";"BAO_0000357";"single protein format";"Bos taurus";"None";"None";"None";"None";"";"";"";"CHEMBL3769";"Serine protease 1";"Bos taurus";"SINGLE PROTEIN";"CHEMBL1135740";"1";"Scientific Literature";"J Med Chem";"2002";"None";"";"";"";"3000.0"
"CHEMBL52479";"";"None";"418.46";"0";"2.94";"6t";"CN(C)C(=O)c1ccc(Oc2cccc(C(=N)N)c2)nc1Oc1cccc(C(=N)N)c1";"Ki";"'='";"780.0";"nM";"6.11";"";"";"UO_0000065";"14.60";"0.27";"3.17";"4.03";"0";"CHEMBL817573";"Compound was tested for inhibition activity against bovine trypsin.";"B";"BAO_0000357";"single protein format";"Bos taurus";"None";"None";"None";"None";"";"";"";"CHEMBL3769";"Serine protease 1";"Bos taurus";"SINGLE PROTEIN";"CHEMBL1132209";"1";"Scientific Literature";"J Med Chem";"1999";"None";"";"";"";"780.0"
"CHEMBL7418";"";"None";"535.67";"1";"1.90";"10d";"CS(=O)(=O)N[C@@H](C(=O)N1CCC[C@H]1C(=O)NCc1ccc(CN)nc1)C(c1ccccc1)c1ccccc1";"Ki";"'='";"220.0";"nM";"6.66";"";"";"UO_0000065";"12.43";"0.24";"4.76";"4.95";"0";"CHEMBL817758";"Binding affinity against bovine trypsin";"B";"BAO_0000357";"single protein format";"Bos taurus";"None";"None";"None";"None";"";"";"";"CHEMBL3769";"Serine protease 1";"Bos taurus";"SINGLE PROTEIN";"CHEMBL1135262";"1";"Scientific Literature";"Bioorg Med Chem Lett";"2002";"None";"";"";"";"220.0"
"CHEMBL273196";"EFEGATRAN";"2.0";"416.53";"0";"-0.45";"efegatran";"CN[C@H](Cc1ccccc1)C(=O)N1CCC[C@H]1C(=O)N[C@H](C=O)CCCN=C(N)N";"Ki";"'='";"3.9";"nM";"8.41";"";"";"UO_0000065";"20.19";"0.38";"8.86";"5.88";"0";"CHEMBL815751";"Inhibition of bovine trypsin";"B";"BAO_0000357";"single protein format";"Bos taurus";"None";"None";"None";"None";"";"";"";"CHEMBL3769";"Serine protease 1";"Bos taurus";"SINGLE PROTEIN";"CHEMBL1129256";"1";"Scientific Literature";"J Med Chem";"1996";"None";"";"";"";"3.9"
"CHEMBL48497";"";"None";"365.35";"0";"1.26";"12c";"N=C(N)c1cccc(Oc2c[n+]([O-])cc(Oc3cccc(C(=N)N)n3)n2)c1";"Ki";"'='";"1300.0";"nM";"5.89";"";"";"UO_0000065";"16.11";"0.30";"4.63";"3.44";"0";"CHEMBL817573";"Compound was tested for inhibition activity against bovine trypsin.";"B";"BAO_0000357";"single protein format";"Bos taurus";"None";"None";"None";"None";"";"";"";"CHEMBL3769";"Serine protease 1";"Bos taurus";"SINGLE PROTEIN";"CHEMBL1132209";"1";"Scientific Literature";"J Med Chem";"1999";"None";"";"";"";"1300.0"
"CHEMBL20936";"BENZAMIDINE";"None";"120.16";"0";"0.97";"6";"N=C(N)c1ccccc1";"Ki";"'='";"35000.0";"nM";"4.46";"";"";"UO_0000065";"37.08";"0.68";"3.49";"8.94";"0";"CHEMBL818253";"Tested for the Inhibition of the catalytic activity of bovine trypsin at 25 degree C and pH 7.5.";"B";"BAO_0000357";"single protein format";"Bos taurus";"None";"None";"None";"None";"";"";"";"CHEMBL3769";"Serine protease 1";"Bos taurus";"SINGLE PROTEIN";"CHEMBL1150979";"1";"Scientific Literature";"Bioorg Med Chem Lett";"1997";"None";"";"";"";"35.0"
"CHEMBL23252";"";"None";"403.89";"0";"4.03";"13b";"O=S(=O)(Nc1cccc(OCCNc2ccncc2)c1)c1ccc(Cl)cc1";"Ki";"'>'";"500000.0";"nM";"";"Outside typical range";"";"UO_0000065";"";"";"";"";"0";"CHEMBL818253";"Tested for the Inhibition of the catalytic activity of bovine trypsin at 25 degree C and pH 7.5.";"B";"BAO_0000357";"single protein format";"Bos taurus";"None";"None";"None";"None";"";"";"";"CHEMBL3769";"Serine protease 1";"Bos taurus";"SINGLE PROTEIN";"CHEMBL1150979";"1";"Scientific Literature";"Bioorg Med Chem Lett";"1997";"None";"";"";"";"500.0"
"CHEMBL24630";"";"None";"436.52";"0";"3.84";"3b";"CC(=N)N1CCC(Oc2ccc(NC/C=C/c3cccc(C(=N)N)c3)cc2[N+](=O)[O-])CC1";"Ki";"'='";"27.0";"nM";"7.57";"";"";"UO_0000065";"17.34";"0.32";"3.73";"5.35";"0";"CHEMBL873992";"Competitive inhibition of trypsin";"B";"BAO_0000357";"single protein format";"Bos taurus";"None";"None";"None";"None";"";"";"";"CHEMBL3769";"Serine protease 1";"Bos taurus";"SINGLE PROTEIN";"CHEMBL1135303";"1";"Scientific Literature";"Bioorg Med Chem Lett";"2002";"None";"";"";"";"27.0"
"CHEMBL176016";"";"None";"535.72";"1";"2.20";"46";"CN[C@H](Cc1ccccc1)C(=O)N1CCC[C@H]1C(=O)N[C@@H](CCCN=C(N)N)Cc1nc2ccccc2s1";"Ki";"";"";"nM";"";"";"Not Determined";"UO_0000065";"";"";"";"";"0";"CHEMBL876363";"Binding affinity against bovine trypsin; NT=Not determined";"B";"BAO_0000357";"single protein format";"Bos taurus";"None";"None";"None";"None";"";"";"";"CHEMBL3769";"Serine protease 1";"Bos taurus";"SINGLE PROTEIN";"CHEMBL1142732";"1";"Scientific Literature";"J Med Chem";"2005";"None";"";"";"";""
"CHEMBL272931";"";"None";"496.62";"0";"0.17";"52";"CN[C@H](Cc1ccccc1)C(=O)N1CCC[C@H]1C(=O)N[C@@H](CCCNC(=N)N)C(=O)c1nccn1C";"Ki";"'='";"5800.0";"nM";"5.24";"";"";"UO_0000065";"10.54";"0.20";"5.07";"3.31";"0";"CHEMBL828215";"Binding affinity against bovine trypsin";"B";"BAO_0000357";"single protein format";"Bos taurus";"None";"None";"None";"None";"";"";"";"CHEMBL3769";"Serine protease 1";"Bos taurus";"SINGLE PROTEIN";"CHEMBL1142732";"1";"Scientific Literature";"J Med Chem";"2005";"None";"";"";"";"5800.0"
"CHEMBL175464";"";"None";"549.70";"1";"1.84";"27";"CN[C@H](Cc1ccccc1)C(=O)N1CCC[C@H]1C(=O)N[C@H](CCCN=C(N)N)C(=O)c1nc2ccccc2s1";"Ki";"'='";"26.0";"nM";"7.58";"";"";"UO_0000065";"13.80";"0.27";"5.75";"4.87";"0";"CHEMBL828215";"Binding affinity against bovine trypsin";"B";"BAO_0000357";"single protein format";"Bos taurus";"None";"None";"None";"None";"";"";"";"CHEMBL3769";"Serine protease 1";"Bos taurus";"SINGLE PROTEIN";"CHEMBL1142732";"1";"Scientific Literature";"J Med Chem";"2005";"None";"";"";"";"26.0"
"CHEMBL175620";"";"None";"553.73";"1";"1.56";"61";"CN[C@H](Cc1ccccc1)C(=O)N1CCC[C@H]1C(=O)NC(CCCN=C(N)N)C(=O)c1nc2c(s1)CCCC2";"Ki";"'='";"4.4";"nM";"8.36";"";"";"UO_0000065";"15.09";"0.29";"6.80";"5.36";"0";"CHEMBL828215";"Binding affinity against bovine trypsin";"B";"BAO_0000357";"single protein format";"Bos taurus";"None";"None";"None";"None";"";"";"";"CHEMBL3769";"Serine protease 1";"Bos taurus";"SINGLE PROTEIN";"CHEMBL1142732";"1";"Scientific Literature";"J Med Chem";"2005";"None";"";"";"";"4.4"
"CHEMBL444601";"";"None";"452.58";"0";"2.93";"31";"CCCCNC(=O)[C@H](Cc1cccc(C(=N)N)c1)NS(=O)(=O)c1ccc2ccccc2c1";"Ki";"'='";"3999.45";"nM";"5.40";"";"";"UO_0000065";"11.93";"0.23";"2.47";"4.31";"0";"CHEMBL821446";"Binding affinity towards trypsin";"B";"BAO_0000357";"single protein format";"Bos taurus";"None";"None";"None";"None";"";"";"";"CHEMBL3769";"Serine protease 1";"Bos taurus";"SINGLE PROTEIN";"CHEMBL1132189";"1";"Scientific Literature";"J Med Chem";"1999";"None";"";"";"";"5.398"
"CHEMBL358085";"";"None";"646.77";"1";"4.71";"53";"N=C(N)c1cccc(C[C@H](NS(=O)(=O)c2ccc3ccccc3c2)C(=O)N2Cc3ccccc3C[C@@H]2C(=O)OCc2ccccc2)c1";"Ki";"'='";"1199.5";"nM";"5.92";"";"";"UO_0000065";"9.15";"0.17";"1.21";"4.15";"0";"CHEMBL821446";"Binding affinity towards trypsin";"B";"BAO_0000357";"single protein format";"Bos taurus";"None";"None";"None";"None";"";"";"";"CHEMBL3769";"Serine protease 1";"Bos taurus";"SINGLE PROTEIN";"CHEMBL1132189";"1";"Scientific Literature";"J Med Chem";"1999";"None";"";"";"";"5.921"
"CHEMBL323101";"";"None";"543.67";"1";"1.12";"73";"CS(=O)(=O)N1CCN(C(=O)[C@H](Cc2cccc(C(=N)N)c2)NS(=O)(=O)c2ccc3ccccc3c2)CC1";"Ki";"'='";"190.11";"nM";"6.72";"";"";"UO_0000065";"12.36";"0.25";"5.60";"4.37";"0";"CHEMBL821446";"Binding affinity towards trypsin";"B";"BAO_0000357";"single protein format";"Bos taurus";"None";"None";"None";"None";"";"";"";"CHEMBL3769";"Serine protease 1";"Bos taurus";"SINGLE PROTEIN";"CHEMBL1132189";"1";"Scientific Literature";"J Med Chem";"1999";"None";"";"";"";"6.721"
"CHEMBL356094";"";"None";"536.65";"1";"2.81";"85";"COC(=O)[C@H]1[C@@H](C)CCCN1C(=O)[C@H](Cc1cccc(C(=N)N)c1)NS(=O)(=O)c1ccc2ccccc2c1";"Ki";"'='";"1798.87";"nM";"5.75";"";"";"UO_0000065";"10.71";"0.21";"2.94";"4.03";"0";"CHEMBL821446";"Binding affinity towards trypsin";"B";"BAO_0000357";"single protein format";"Bos taurus";"None";"None";"None";"None";"";"";"";"CHEMBL3769";"Serine protease 1";"Bos taurus";"SINGLE PROTEIN";"CHEMBL1132189";"1";"Scientific Literature";"J Med Chem";"1999";"None";"";"";"";"5.745"
"CHEMBL358110";"";"None";"549.72";"1";"1.26";"2";"CC(C)(C)c1ccc(S(=O)(=O)N[C@@H](Cc2cccc(C(=N)N)c2)C(=O)N2CCN(S(C)(=O)=O)CC2)cc1";"Ki";"'='";"159.96";"nM";"6.80";"";"";"UO_0000065";"12.36";"0.25";"5.54";"4.42";"0";"CHEMBL821446";"Binding affinity towards trypsin";"B";"BAO_0000357";"single protein format";"Bos taurus";"None";"None";"None";"None";"";"";"";"CHEMBL3769";"Serine protease 1";"Bos taurus";"SINGLE PROTEIN";"CHEMBL1132189";"1";"Scientific Literature";"J Med Chem";"1999";"None";"";"";"";"6.796"
"CHEMBL342764";"";"None";"479.61";"0";"2.67";"44";"CC1CCN(C(=O)[C@H](Cc2cccc(C(=N)N)c2)NS(=O)(=O)c2cccc3cccnc23)CC1";"Ki";"'='";"3597.49";"nM";"5.44";"";"";"UO_0000065";"11.35";"0.22";"2.77";"4.21";"0";"CHEMBL821446";"Binding affinity towards trypsin";"B";"BAO_0000357";"single protein format";"Bos taurus";"None";"None";"None";"None";"";"";"";"CHEMBL3769";"Serine protease 1";"Bos taurus";"SINGLE PROTEIN";"CHEMBL1132189";"1";"Scientific Literature";"J Med Chem";"1999";"None";"";"";"";"5.444"
"CHEMBL318352";"";"None";"536.66";"1";"1.84";"6";"CN(C)C(=O)N1CCN(C(=O)[C@H](Cc2cccc(C(=N)N)c2)NS(=O)(=O)c2ccc3ccccc3c2)CC1";"Ki";"'='";"169.82";"nM";"6.77";"";"";"UO_0000065";"12.62";"0.24";"4.93";"4.84";"0";"CHEMBL821446";"Binding affinity towards trypsin";"B";"BAO_0000357";"single protein format";"Bos taurus";"None";"None";"None";"None";"";"";"";"CHEMBL3769";"Serine protease 1";"Bos taurus";"SINGLE PROTEIN";"CHEMBL1132189";"1";"Scientific Literature";"J Med Chem";"1999";"None";"";"";"";"6.77"
"CHEMBL145343";"";"None";"486.64";"0";"2.64";"62";"CNC(=O)[C@H](Cc1cccc(C(=N)N)c1)NS(=O)(=O)c1c(C)c(C)c2c(c1C)CCC(C)(C)O2";"Ki";"'='";"31988.95";"nM";"4.50";"";"";"UO_0000065";"9.24";"0.18";"1.86";"3.35";"0";"CHEMBL821446";"Binding affinity towards trypsin";"B";"BAO_0000357";"single protein format";"Bos taurus";"None";"None";"None";"None";"";"";"";"CHEMBL3769";"Serine protease 1";"Bos taurus";"SINGLE PROTEIN";"CHEMBL1132189";"1";"Scientific Literature";"J Med Chem";"1999";"None";"";"";"";"4.495"
"CHEMBL358961";"";"None";"674.91";"2";"6.21";"54";"CC(C)c1cc(C(C)C)c(S(=O)(=O)N[C@@H](Cc2cccc(C(=N)N)c2)C(=O)N2CCC[C@H](C(=O)OCc3ccccc3)C2)c(C(C)C)c1";"Ki";"'='";"851.14";"nM";"6.07";"";"";"UO_0000065";"8.99";"0.17";"-0.14";"4.26";"0";"CHEMBL821446";"Binding affinity towards trypsin";"B";"BAO_0000357";"single protein format";"Bos taurus";"None";"None";"None";"None";"";"";"";"CHEMBL3769";"Serine protease 1";"Bos taurus";"SINGLE PROTEIN";"CHEMBL1132189";"1";"Scientific Literature";"J Med Chem";"1999";"None";"";"";"";"6.07"
"CHEMBL357635";"";"None";"597.74";"1";"3.57";"61";"N=C(N)c1cccc(C[C@H](NS(=O)(=O)c2ccc3ccccc3c2)C(=O)N2CCC(C(=O)NCc3ccccc3)CC2)c1";"Ki";"'='";"269.77";"nM";"6.57";"";"";"UO_0000065";"10.99";"0.21";"3.00";"4.52";"0";"CHEMBL821446";"Binding affinity towards trypsin";"B";"BAO_0000357";"single protein format";"Bos taurus";"None";"None";"None";"None";"";"";"";"CHEMBL3769";"Serine protease 1";"Bos taurus";"SINGLE PROTEIN";"CHEMBL1132189";"1";"Scientific Literature";"J Med Chem";"1999";"None";"";"";"";"6.569"
"CHEMBL153732";"";"None";"478.62";"0";"3.27";"table 4";"CC1CCCN(C(=O)C(Cc2cccc(C(=N)N)c2)NS(=O)(=O)c2ccc3ccccc3c2)C1";"Ki";"'='";"530.0";"nM";"6.28";"";"";"UO_0000065";"13.11";"0.25";"3.01";"5.39";"0";"CHEMBL819016";"Inhibitory activity against bovine trypsin expressed as dissociation constant";"B";"BAO_0000357";"single protein format";"Bos taurus";"None";"None";"None";"None";"";"";"";"CHEMBL3769";"Serine protease 1";"Bos taurus";"SINGLE PROTEIN";"CHEMBL1131451";"1";"Scientific Literature";"J Med Chem";"1998";"None";"";"";"";"0.53"
"CHEMBL1160768";"";"None";"150.19";"0";"0.57";"6";"N=C(N)Nc1ccccc1N";"Ki";"'='";"1180320.64";"nM";"";"Outside typical range";"";"UO_0000065";"";"";"";"";"0";"CHEMBL815775";"log1/Ki value was calculated against Trypsin";"B";"BAO_0000357";"single protein format";"Bos taurus";"None";"None";"None";"None";"";"";"";"CHEMBL3769";"Serine protease 1";"Bos taurus";"SINGLE PROTEIN";"CHEMBL1125001";"1";"Scientific Literature";"J Med Chem";"1990";"None";"";"";"";"2.928"
"CHEMBL13823";"";"None";"169.62";"0";"1.65";"8";"N=C(N)Nc1cccc(Cl)c1";"Ki";"'='";"1100000.0";"nM";"";"Outside typical range";"";"UO_0000065";"";"";"";"";"0";"CHEMBL815752";"Inhibition against Trypsin";"B";"BAO_0000357";"single protein format";"Bos taurus";"None";"None";"None";"None";"";"";"";"CHEMBL3769";"Serine protease 1";"Bos taurus";"SINGLE PROTEIN";"CHEMBL1125001";"1";"Scientific Literature";"J Med Chem";"1990";"None";"";"";"";"1.1"
"CHEMBL317167";"";"None";"483.57";"0";"2.21";"16";"CC(=O)N[C@@H](C(=O)N1CCC[C@H]1C(=O)NCC#Cc1c[nH]cn1)C(c1ccccc1)c1ccccc1";"Ki";"";"";"nM";"";"";"Not Determined";"UO_0000065";"";"";"";"";"0";"CHEMBL817585";"Inhibitory activity against Bovine Trypsin; No data";"B";"BAO_0000357";"single protein format";"Bos taurus";"None";"None";"None";"None";"";"";"";"CHEMBL3769";"Serine protease 1";"Bos taurus";"SINGLE PROTEIN";"CHEMBL1133054";"1";"Scientific Literature";"Bioorg Med Chem Lett";"2000";"None";"";"";"";""
"CHEMBL159757";"";"None";"491.53";"0";"2.68";"13";"N=C(N)c1cccc(-c2noc(CO)c2C(=O)Nc2ccc(-c3ccccc3S(N)(=O)=O)cc2)c1";"Ki";"'='";"50.0";"nM";"7.30";"";"";"UO_0000065";"14.85";"0.28";"4.62";"3.94";"0";"CHEMBL817587";"Inhibitory activity against trypsin";"B";"BAO_0000357";"single protein format";"Bos taurus";"None";"None";"None";"None";"";"";"";"CHEMBL3769";"Serine protease 1";"Bos taurus";"SINGLE PROTEIN";"CHEMBL1133078";"1";"Scientific Literature";"Bioorg Med Chem Lett";"2000";"None";"";"";"";"50.0"
"CHEMBL360542";"";"None";"626.83";"1";"4.77";"73";"Cc1cccc(C(C)(C)CN(CC(=O)N[C@@H](CCCN=C(N)N)C(=O)c2nc3ccccc3s2)C(=O)CCc2ccccc2)c1";"Ki";"'='";"57.0";"nM";"7.24";"";"";"UO_0000065";"11.56";"0.22";"2.47";"5.04";"0";"CHEMBL828215";"Binding affinity against bovine trypsin";"B";"BAO_0000357";"single protein format";"Bos taurus";"None";"None";"None";"None";"";"";"";"CHEMBL3769";"Serine protease 1";"Bos taurus";"SINGLE PROTEIN";"CHEMBL1142732";"1";"Scientific Literature";"J Med Chem";"2005";"None";"";"";"";"57.0"
"CHEMBL409333";"";"None";"674.82";"1";"1.79";"18d";"CC(=O)O.CCOC(=O)[C@H]1C[C@H](C)CCN1C(=O)[C@H](CC(=O)NC[C@@H]1CCCN(C(=N)N)C1)NS(=O)(=O)c1ccc2ccccc2c1";"Ki";"'='";"1100.0";"nM";"5.96";"";"";"UO_0000065";"9.69";"0.19";"4.17";"3.41";"0";"CHEMBL878759";"In vitro binding affinity by measuring the inhibition of bovine trypsin";"B";"BAO_0000357";"single protein format";"Bos taurus";"None";"None";"None";"None";"";"";"";"CHEMBL3769";"Serine protease 1";"Bos taurus";"SINGLE PROTEIN";"CHEMBL1127404";"1";"Scientific Literature";"J Med Chem";"1994";"None";"";"";"";"1.1"
"CHEMBL544130";"";"None";"575.09";"1";"2.36";"3h";"Cl.N=C(N)N1CCCC(CNC(=O)[C@@H](Cc2ccc([N+](=O)[O-])cc2)NS(=O)(=O)c2ccc3ccccc3c2)C1";"Ki";"'='";"31000.0";"nM";"4.51";"";"";"UO_0000065";"8.37";"0.16";"2.15";"2.63";"0";"CHEMBL878759";"In vitro binding affinity by measuring the inhibition of bovine trypsin";"B";"BAO_0000357";"single protein format";"Bos taurus";"None";"None";"None";"None";"";"";"";"CHEMBL3769";"Serine protease 1";"Bos taurus";"SINGLE PROTEIN";"CHEMBL1127404";"1";"Scientific Literature";"J Med Chem";"1994";"None";"";"";"";"31.0"
"CHEMBL357660";"";"None";"536.65";"1";"2.81";"27";"COC(=O)[C@H]1C[C@H](C)CCN1C(=O)[C@H](Cc1cccc(C(=N)N)c1)NS(=O)(=O)c1ccc2ccccc2c1";"Ki";"'='";"2197.86";"nM";"5.66";"";"";"UO_0000065";"10.54";"0.20";"2.85";"3.97";"0";"CHEMBL821446";"Binding affinity towards trypsin";"B";"BAO_0000357";"single protein format";"Bos taurus";"None";"None";"None";"None";"";"";"";"CHEMBL3769";"Serine protease 1";"Bos taurus";"SINGLE PROTEIN";"CHEMBL1132189";"1";"Scientific Literature";"J Med Chem";"1999";"None";"";"";"";"5.658"
"CHEMBL369583";"";"None";"512.61";"1";"4.38";"7i";"CC(=N)N1CCC(Oc2ccc3nc(CCC(=O)O)n(Cc4ccc5ccc(C(=N)N)cc5c4)c3c2)CC1";"Ki";"'='";"18.0";"nM";"7.75";"";"";"UO_0000065";"15.11";"0.28";"3.36";"5.48";"0";"CHEMBL815753";"In vitro inhibitory activity against bovine cationic trypsin";"B";"BAO_0000357";"single protein format";"Bos taurus";"None";"None";"None";"None";"";"";"";"CHEMBL3769";"Serine protease 1";"Bos taurus";"SINGLE PROTEIN";"CHEMBL1133358";"1";"Scientific Literature";"Bioorg Med Chem Lett";"2000";"None";"";"";"";"18.0"
"CHEMBL357211";"";"None";"597.74";"1";"3.57";"42";"N=C(N)c1cccc(C[C@H](NS(=O)(=O)c2ccc3ccccc3c2)C(=O)N2CCC[C@H](C(=O)NCc3ccccc3)C2)c1";"Ki";"'='";"119.95";"nM";"6.92";"";"";"UO_0000065";"11.58";"0.22";"3.35";"4.76";"0";"CHEMBL821446";"Binding affinity towards trypsin";"B";"BAO_0000357";"single protein format";"Bos taurus";"None";"None";"None";"None";"";"";"";"CHEMBL3769";"Serine protease 1";"Bos taurus";"SINGLE PROTEIN";"CHEMBL1132189";"1";"Scientific Literature";"J Med Chem";"1999";"None";"";"";"";"6.921"
"CHEMBL1161256";"";"None";"425.47";"0";"1.67";"70";"N=C(N)c1cccc(C[C@H](NS(=O)(=O)c2ccc3ccccc3c2)C(=O)C(=O)O)c1";"Ki";"'='";"118032.06";"nM";"";"Outside typical range";"";"UO_0000065";"";"";"";"";"0";"CHEMBL821446";"Binding affinity towards trypsin";"B";"BAO_0000357";"single protein format";"Bos taurus";"None";"None";"None";"None";"";"";"";"CHEMBL3769";"Serine protease 1";"Bos taurus";"SINGLE PROTEIN";"CHEMBL1132189";"1";"Scientific Literature";"J Med Chem";"1999";"None";"";"";"";"3.928"
"CHEMBL19902";"DX-9065A";"None";"444.54";"0";"3.99";"DX-9065a";"CC(=N)N1CC[C@H](Oc2ccc([C@H](Cc3ccc4ccc(C(=N)N)cc4c3)C(=O)O)cc2)C1";"Ki";"'='";"630.0";"nM";"6.20";"";"";"UO_0000065";"13.95";"0.26";"2.21";"5.02";"0";"CHEMBL844336";"Inhibitory concentration against bovine trypsin";"B";"BAO_0000357";"single protein format";"Bos taurus";"None";"None";"None";"None";"";"";"";"CHEMBL3769";"Serine protease 1";"Bos taurus";"SINGLE PROTEIN";"CHEMBL1135884";"1";"Scientific Literature";"J Med Chem";"2002";"None";"";"";"";"630.0"
"CHEMBL451242";"";"None";"463.60";"0";"1.08";"11c";"CS(=O)(=O)N[C@@H](C(=O)N1CCC[C@H]1C(=O)NCc1ccc(C(=N)N)cc1)C1CCCCC1";"Ki";"'='";"9.9";"nM";"8.00";"";"";"UO_0000065";"17.27";"0.34";"6.92";"5.50";"0";"CHEMBL817758";"Binding affinity against bovine trypsin";"B";"BAO_0000357";"single protein format";"Bos taurus";"None";"None";"None";"None";"";"";"";"CHEMBL3769";"Serine protease 1";"Bos taurus";"SINGLE PROTEIN";"CHEMBL1135262";"1";"Scientific Literature";"Bioorg Med Chem Lett";"2002";"None";"";"";"";"9.9"
"CHEMBL367973";"";"None";"625.82";"1";"3.02";"70";"CCS(=O)(=O)N[C@H](Cc1ccccc1)C(=O)N1CCC[C@H]1C(=O)NC(C(=O)c1nc2ccccc2s1)C1CCC(N)CC1";"Ki";"'='";"87.0";"nM";"7.06";"";"";"UO_0000065";"11.28";"0.22";"4.04";"4.66";"0";"CHEMBL828215";"Binding affinity against bovine trypsin";"B";"BAO_0000357";"single protein format";"Bos taurus";"None";"None";"None";"None";"";"";"";"CHEMBL3769";"Serine protease 1";"Bos taurus";"SINGLE PROTEIN";"CHEMBL1142732";"1";"Scientific Literature";"J Med Chem";"2005";"None";"";"";"";"87.0"
"CHEMBL296956";"";"None";"514.67";"1";"3.48";"7";"COc1ccc2cc(S(=O)(=O)N[C@@H](Cc3ccc(C(=N)N)s3)C(=O)N(C)C3CCCC3)ccc2c1";"Ki";"'='";"134.0";"nM";"6.87";"";"";"UO_0000065";"13.35";"0.27";"3.39";"5.47";"0";"CHEMBL817570";"Compound was evaluated for its inhibitory activity against bovine trypsin";"B";"BAO_0000357";"single protein format";"Bos taurus";"None";"None";"None";"None";"";"";"";"CHEMBL3769";"Serine protease 1";"Bos taurus";"SINGLE PROTEIN";"CHEMBL1130864";"1";"Scientific Literature";"Bioorg Med Chem Lett";"1998";"None";"";"";"";"134.0"
"CHEMBL140072";"";"None";"461.50";"0";"3.19";"SA862";"N=C(N)c1cccc(-c2nocc2C(=O)Nc2ccc(-c3ccccc3S(N)(=O)=O)cc2)c1";"Ki";"'='";"21.0";"nM";"7.68";"";"";"UO_0000065";"16.64";"0.32";"4.49";"4.65";"0";"CHEMBL817587";"Inhibitory activity against trypsin";"B";"BAO_0000357";"single protein format";"Bos taurus";"None";"None";"None";"None";"";"";"";"CHEMBL3769";"Serine protease 1";"Bos taurus";"SINGLE PROTEIN";"CHEMBL1133078";"1";"Scientific Literature";"Bioorg Med Chem Lett";"2000";"None";"";"";"";"21.0"
"CHEMBL7587";"";"None";"493.67";"0";"4.10";"21";"CNc1ccc(C#CC[C@H](NS(=O)(=O)c2ccc3c(c2)CCCC3)C(=O)N(C)C2CCCC2)cc1";"Ki";"'>'";"30000.0";"nM";"";"";"";"UO_0000065";"";"";"";"";"0";"CHEMBL817586";"Inhibitory activity against bovine trypsin";"B";"BAO_0000357";"single protein format";"Bos taurus";"None";"None";"None";"None";"";"";"";"CHEMBL3769";"Serine protease 1";"Bos taurus";"SINGLE PROTEIN";"CHEMBL1132084";"1";"Scientific Literature";"Bioorg Med Chem Lett";"1999";"None";"";"";"";"30.0"
"CHEMBL160115";"";"None";"506.54";"1";"2.73";"14";"COCc1onc(-c2cccc(C(=N)N)c2)c1C(=O)Nc1ccc(-c2ccccc2S(N)(=O)=O)cn1";"Ki";"'='";"200.0";"nM";"6.70";"";"";"UO_0000065";"13.22";"0.25";"3.97";"3.58";"0";"CHEMBL817587";"Inhibitory activity against trypsin";"B";"BAO_0000357";"single protein format";"Bos taurus";"None";"None";"None";"None";"";"";"";"CHEMBL3769";"Serine protease 1";"Bos taurus";"SINGLE PROTEIN";"CHEMBL1133078";"1";"Scientific Literature";"Bioorg Med Chem Lett";"2000";"None";"";"";"";"200.0"
"CHEMBL100569";"";"None";"249.32";"0";"2.97";"22";"N=C(N)c1ccc(Cn2ccc3ccccc32)cc1";"Ki";"'='";"4590.0";"nM";"5.34";"";"";"UO_0000065";"21.41";"0.38";"2.37";"9.74";"0";"CHEMBL817581";"Inhibition constant against bovine trypsin";"B";"BAO_0000357";"single protein format";"Bos taurus";"None";"None";"None";"None";"";"";"";"CHEMBL3769";"Serine protease 1";"Bos taurus";"SINGLE PROTEIN";"CHEMBL1122336";"1";"Scientific Literature";"J Med Chem";"1983";"None";"";"";"";"4.59"
"CHEMBL180418";"";"None";"551.72";"1";"1.69";"48 (diastereomer)";"CN[C@H](Cc1ccccc1)C(=O)N1CCC[C@H]1C(=O)N[C@@H](CCCN=C(N)N)C(O)c1nc2ccccc2s1";"Ki";"'='";"180000.0";"nM";"";"Outside typical range";"";"UO_0000065";"";"";"";"";"0";"CHEMBL828215";"Binding affinity against bovine trypsin";"B";"BAO_0000357";"single protein format";"Bos taurus";"None";"None";"None";"None";"";"";"";"CHEMBL3769";"Serine protease 1";"Bos taurus";"SINGLE PROTEIN";"CHEMBL1142732";"1";"Scientific Literature";"J Med Chem";"2005";"None";"";"";"";"180000.0"
"CHEMBL361377";"";"None";"599.76";"1";"2.99";"62";"CN[C@H](Cc1ccccc1)C(=O)N1CCC[C@H]1C(=O)NC(CCCN=C(N)N)C(=O)c1nc2ccc3ccccc3c2s1";"Ki";"'='";"15.0";"nM";"7.82";"";"";"UO_0000065";"13.05";"0.25";"4.83";"5.02";"0";"CHEMBL828215";"Binding affinity against bovine trypsin";"B";"BAO_0000357";"single protein format";"Bos taurus";"None";"None";"None";"None";"";"";"";"CHEMBL3769";"Serine protease 1";"Bos taurus";"SINGLE PROTEIN";"CHEMBL1142732";"1";"Scientific Literature";"J Med Chem";"2005";"None";"";"";"";"15.0"
"CHEMBL176031";"";"None";"579.73";"1";"1.85";"63";"CN[C@H](Cc1ccccc1)C(=O)N1CCC[C@H]1C(=O)NC(CCCN=C(N)N)C(=O)c1nc2ccc(OC)cc2s1";"Ki";"'='";"2.0";"nM";"8.70";"";"";"UO_0000065";"15.01";"0.29";"6.85";"5.27";"0";"CHEMBL828215";"Binding affinity against bovine trypsin";"B";"BAO_0000357";"single protein format";"Bos taurus";"None";"None";"None";"None";"";"";"";"CHEMBL3769";"Serine protease 1";"Bos taurus";"SINGLE PROTEIN";"CHEMBL1142732";"1";"Scientific Literature";"J Med Chem";"2005";"None";"";"";"";"2.0"
"CHEMBL176660";"";"None";"565.70";"1";"1.54";"64";"CN[C@H](Cc1ccccc1)C(=O)N1CCC[C@H]1C(=O)NC(CCCN=C(N)N)C(=O)c1nc2ccc(O)cc2s1";"Ki";"'='";"3.5";"nM";"8.46";"";"";"UO_0000065";"14.95";"0.29";"6.92";"4.80";"0";"CHEMBL828215";"Binding affinity against bovine trypsin";"B";"BAO_0000357";"single protein format";"Bos taurus";"None";"None";"None";"None";"";"";"";"CHEMBL3769";"Serine protease 1";"Bos taurus";"SINGLE PROTEIN";"CHEMBL1142732";"1";"Scientific Literature";"J Med Chem";"2005";"None";"";"";"";"3.5"
"CHEMBL28922";"";"None";"498.66";"0";"0.71";"19f MOL127";"N=C(N)NCCC[C@H](NC(=O)[C@@H]1CCN2CC[C@@](N)(Cc3ccccc3)CN12)C(=O)c1nccs1";"Ki";"";"";"nM";"";"";"Not Determined";"UO_0000065";"";"";"";"";"0";"CHEMBL878754";"Inhibitory concentration against trypsin; Not determined";"B";"BAO_0000357";"single protein format";"Bos taurus";"None";"None";"None";"None";"";"";"";"CHEMBL3769";"Serine protease 1";"Bos taurus";"SINGLE PROTEIN";"CHEMBL1132633";"1";"Scientific Literature";"J Med Chem";"1999";"None";"";"";"";""
"CHEMBL176063";"";"None";"551.72";"1";"1.99";"25";"CN[C@H](Cc1ccccc1)C(=O)N[C@H](C(=O)NC(CCCN=C(N)N)C(=O)c1nc2ccccc2s1)C(C)C";"Ki";"'='";"1.5";"nM";"8.82";"";"";"UO_0000065";"15.99";"0.31";"6.83";"5.36";"0";"CHEMBL828215";"Binding affinity against bovine trypsin";"B";"BAO_0000357";"single protein format";"Bos taurus";"None";"None";"None";"None";"";"";"";"CHEMBL3769";"Serine protease 1";"Bos taurus";"SINGLE PROTEIN";"CHEMBL1142732";"1";"Scientific Literature";"J Med Chem";"2005";"None";"";"";"";"1.5"
"CHEMBL358387";"";"None";"288.39";"0";"1.10";"table 5";"CC1CCN(C(=O)C(N)Cc2cccc(C(=N)N)c2)CC1";"Ki";"'='";"29000.0";"nM";"4.54";"";"";"UO_0000065";"15.73";"0.30";"3.44";"4.72";"0";"CHEMBL819016";"Inhibitory activity against bovine trypsin expressed as dissociation constant";"B";"BAO_0000357";"single protein format";"Bos taurus";"None";"None";"None";"None";"";"";"";"CHEMBL3769";"Serine protease 1";"Bos taurus";"SINGLE PROTEIN";"CHEMBL1131451";"1";"Scientific Literature";"J Med Chem";"1998";"None";"";"";"";"29.0"
"CHEMBL369159";"";"None";"512.61";"1";"4.38";"8i";"CC(=N)N1CCC(Oc2ccc3c(c2)nc(CCC(=O)O)n3Cc2ccc3ccc(C(=N)N)cc3c2)CC1";"Ki";"'='";"14.0";"nM";"7.85";"";"";"UO_0000065";"15.32";"0.28";"3.47";"5.56";"0";"CHEMBL815753";"In vitro inhibitory activity against bovine cationic trypsin";"B";"BAO_0000357";"single protein format";"Bos taurus";"None";"None";"None";"None";"";"";"";"CHEMBL3769";"Serine protease 1";"Bos taurus";"SINGLE PROTEIN";"CHEMBL1133358";"1";"Scientific Literature";"Bioorg Med Chem Lett";"2000";"None";"";"";"";"14.0"
"CHEMBL366405";"";"None";"553.71";"1";"4.91";"14e";"COC(=O)C(C)CN(c1ccc2c(c1)nc(C)n2Cc1ccc2ccc(C(=N)N)cc2c1)C1CCN(C(C)=N)CC1";"Ki";"'='";"160.0";"nM";"6.80";"";"";"UO_0000065";"12.27";"0.23";"1.89";"5.47";"0";"CHEMBL815753";"In vitro inhibitory activity against bovine cationic trypsin";"B";"BAO_0000357";"single protein format";"Bos taurus";"None";"None";"None";"None";"";"";"";"CHEMBL3769";"Serine protease 1";"Bos taurus";"SINGLE PROTEIN";"CHEMBL1133358";"1";"Scientific Literature";"Bioorg Med Chem Lett";"2000";"None";"";"";"";"160.0"
"CHEMBL145741";"";"None";"554.80";"2";"5.49";"25";"CC1CCN(C(=O)[C@H](Cc2cccc(C(=N)N)c2)NS(=O)(=O)c2c(C(C)C)cc(C(C)C)cc2C(C)C)CC1";"Ki";"'='";"690.24";"nM";"6.16";"";"";"UO_0000065";"11.10";"0.22";"0.67";"5.30";"0";"CHEMBL821446";"Binding affinity towards trypsin";"B";"BAO_0000357";"single protein format";"Bos taurus";"None";"None";"None";"None";"";"";"";"CHEMBL3769";"Serine protease 1";"Bos taurus";"SINGLE PROTEIN";"CHEMBL1132189";"1";"Scientific Literature";"J Med Chem";"1999";"None";"";"";"";"6.161"
"CHEMBL435423";"";"None";"388.51";"0";"2.66";"56";"CC1CCN(C(=O)[C@H](Cc2cccc(C(=N)N)c2)NC(=O)OC(C)(C)C)CC1";"Ki";"'='";"14125.38";"nM";"4.85";"";"";"UO_0000065";"12.48";"0.24";"2.19";"4.47";"0";"CHEMBL821446";"Binding affinity towards trypsin";"B";"BAO_0000357";"single protein format";"Bos taurus";"None";"None";"None";"None";"";"";"";"CHEMBL3769";"Serine protease 1";"Bos taurus";"SINGLE PROTEIN";"CHEMBL1132189";"1";"Scientific Literature";"J Med Chem";"1999";"None";"";"";"";"4.85"
"CHEMBL1161260";"";"None";"494.57";"0";"2.09";"60";"N=C(N)c1cccc(C[C@H](NS(=O)(=O)c2ccc3ccccc3c2)C(=O)N2CCC[C@H]2C(=O)O)c1";"Ki";"'='";"15995.58";"nM";"4.80";"";"";"UO_0000065";"9.70";"0.19";"2.71";"3.12";"0";"CHEMBL821446";"Binding affinity towards trypsin";"B";"BAO_0000357";"single protein format";"Bos taurus";"None";"None";"None";"None";"";"";"";"CHEMBL3769";"Serine protease 1";"Bos taurus";"SINGLE PROTEIN";"CHEMBL1132189";"1";"Scientific Literature";"J Med Chem";"1999";"None";"";"";"";"4.796"
"CHEMBL145132";"";"None";"508.60";"1";"2.18";"52";"COC(=O)[C@@H]1CCCN1C(=O)[C@H](Cc1cccc(C(=N)N)c1)NS(=O)(=O)c1ccc2ccccc2c1";"Ki";"'='";"8090.96";"nM";"5.09";"";"";"UO_0000065";"10.01";"0.19";"2.91";"3.57";"0";"CHEMBL821446";"Binding affinity towards trypsin";"B";"BAO_0000357";"single protein format";"Bos taurus";"None";"None";"None";"None";"";"";"";"CHEMBL3769";"Serine protease 1";"Bos taurus";"SINGLE PROTEIN";"CHEMBL1132189";"1";"Scientific Literature";"J Med Chem";"1999";"None";"";"";"";"5.092"
"CHEMBL369161";"";"None";"482.63";"1";"5.31";"8g";"CCCc1nc2cc(OC3CCN(C(C)=N)CC3)ccc2n1Cc1ccc2ccc(C(=N)N)cc2c1";"Ki";"'='";"16.0";"nM";"7.80";"";"";"UO_0000065";"16.15";"0.30";"2.49";"7.50";"0";"CHEMBL815753";"In vitro inhibitory activity against bovine cationic trypsin";"B";"BAO_0000357";"single protein format";"Bos taurus";"None";"None";"None";"None";"";"";"";"CHEMBL3769";"Serine protease 1";"Bos taurus";"SINGLE PROTEIN";"CHEMBL1133358";"1";"Scientific Literature";"Bioorg Med Chem Lett";"2000";"None";"";"";"";"16.0"
"CHEMBL439810";"";"None";"410.50";"0";"1.76";"63";"CNC(=O)[C@H](Cc1cccc(C(=N)N)c1)NS(=O)(=O)c1ccc2ccccc2c1";"Ki";"'='";"25118.86";"nM";"4.60";"";"";"UO_0000065";"11.21";"0.22";"2.84";"3.68";"0";"CHEMBL821446";"Binding affinity towards trypsin";"B";"BAO_0000357";"single protein format";"Bos taurus";"None";"None";"None";"None";"";"";"";"CHEMBL3769";"Serine protease 1";"Bos taurus";"SINGLE PROTEIN";"CHEMBL1132189";"1";"Scientific Literature";"J Med Chem";"1999";"None";"";"";"";"4.6"
"CHEMBL543571";"";"None";"525.16";"0";"3.73";"7";"CNC(C)CCCCC(NS(=O)(=O)c1cccc2c(N(C)C)cccc12)C(=O)N1CCCCC1.Cl";"Ki";"";"";"nM";"";"";"Not Determined";"UO_0000065";"";"";"";"";"0";"CHEMBL817622";"Binding affinity determined against trypsin by Dixon method; No data";"B";"BAO_0000357";"single protein format";"Bos taurus";"None";"None";"None";"None";"";"";"";"CHEMBL3769";"Serine protease 1";"Bos taurus";"SINGLE PROTEIN";"CHEMBL1133878";"1";"Scientific Literature";"Bioorg Med Chem Lett";"2001";"None";"";"";"";""
"CHEMBL314591";"";"None";"426.47";"1";"5.38";"4ee";"CCN(CC)c1cccc(Oc2nc(Oc3cccc(C(=N)N)c3)c(F)c(C)c2F)c1";"Ki";"'='";"2100.0";"nM";"5.68";"";"";"UO_0000065";"13.31";"0.25";"0.30";"6.72";"0";"CHEMBL818251";"Inhibitory constant against bovine trypsin for general specificity against serine proteases";"B";"BAO_0000357";"single protein format";"Bos taurus";"None";"None";"None";"None";"";"";"";"CHEMBL3769";"Serine protease 1";"Bos taurus";"SINGLE PROTEIN";"CHEMBL1135740";"1";"Scientific Literature";"J Med Chem";"2002";"None";"";"";"";"2100.0"
"CHEMBL83106";"";"None";"456.45";"0";"4.25";"5d";"COc1ccc(Oc2nc(Oc3cccc(C(=N)N)c3)c(F)c(C)c2F)cc1C(=O)N(C)C";"Ki";"'='";"450.0";"nM";"6.35";"";"";"UO_0000065";"13.90";"0.26";"2.10";"5.73";"0";"CHEMBL818251";"Inhibitory constant against bovine trypsin for general specificity against serine proteases";"B";"BAO_0000357";"single protein format";"Bos taurus";"None";"None";"None";"None";"";"";"";"CHEMBL3769";"Serine protease 1";"Bos taurus";"SINGLE PROTEIN";"CHEMBL1135740";"1";"Scientific Literature";"J Med Chem";"2002";"None";"";"";"";"450.0"
"CHEMBL27228";"";"None";"450.54";"0";"4.23";"3c";"CC(=N)N1CCC(Oc2ccc(NC/C(C)=C/c3cccc(C(=N)N)c3)cc2[N+](=O)[O-])CC1";"Ki";"'='";"5.0";"nM";"8.30";"";"";"UO_0000065";"18.42";"0.34";"4.07";"5.87";"0";"CHEMBL873992";"Competitive inhibition of trypsin";"B";"BAO_0000357";"single protein format";"Bos taurus";"None";"None";"None";"None";"";"";"";"CHEMBL3769";"Serine protease 1";"Bos taurus";"SINGLE PROTEIN";"CHEMBL1135303";"1";"Scientific Literature";"Bioorg Med Chem Lett";"2002";"None";"";"";"";"5.0"
"CHEMBL317527";"";"None";"597.76";"2";"1.27";"3d";"N=C(N)NCCC[C@H]1NC(=O)[C@H]2CCCN2C(=O)[C@H](Cc2ccccc2)NC(=O)CCCCCCCCCNC(=O)C1=O";"Ki";"'='";"2.1";"nM";"8.68";"";"";"UO_0000065";"14.52";"0.28";"7.41";"4.65";"0";"CHEMBL817569";"Inhibition of bovine trypsin";"B";"BAO_0000357";"single protein format";"Bos taurus";"None";"None";"None";"None";"";"";"";"CHEMBL3769";"Serine protease 1";"Bos taurus";"SINGLE PROTEIN";"CHEMBL1128948";"1";"Scientific Literature";"Bioorg Med Chem Lett";"1996";"None";"";"";"";"2.1"
"CHEMBL276864";"";"None";"135.21";"0";"1.58";"TPB2";"NCCCc1ccccc1";"Ki";"'='";"32500.0";"nM";"4.49";"";"";"UO_0000065";"33.19";"0.61";"2.91";"17.25";"0";"CHEMBL817760";"Binding affinity against bovine trypsin";"B";"BAO_0000357";"single protein format";"Bos taurus";"None";"None";"None";"None";"";"";"";"CHEMBL3769";"Serine protease 1";"Bos taurus";"SINGLE PROTEIN";"CHEMBL1135460";"1";"Scientific Literature";"J Med Chem";"2002";"None";"";"";"";"32.5"
"CHEMBL151049";"";"None";"358.45";"0";"3.47";"3b";"N=C(N)c1ccc(/C=C2/CCC/C(=C\c3ccc(C(=N)N)cc3)C2=O)cc1";"Ki";"'='";"260.0";"nM";"6.58";"";"";"UO_0000065";"18.37";"0.33";"3.12";"5.64";"0";"CHEMBL815005";"In vitro inhibition of bovine trypsin(Trp).";"B";"BAO_0000357";"single protein format";"Bos taurus";"None";"None";"None";"None";"";"";"";"CHEMBL3769";"Serine protease 1";"Bos taurus";"SINGLE PROTEIN";"CHEMBL1132552";"1";"Scientific Literature";"J Med Chem";"1999";"None";"";"";"";"260.0"
"CHEMBL70730";"";"None";"426.42";"0";"4.24";"2";"Cc1c(F)c(Oc2cccc(C(=N)N)c2)nc(Oc2cccc(C(=O)N(C)C)c2)c1F";"Ki";"'='";"2700.0";"nM";"5.57";"";"";"UO_0000065";"13.06";"0.25";"1.33";"5.48";"0";"CHEMBL817575";"Compound was tested for inhibitory activity against bovine trypsin";"B";"BAO_0000357";"single protein format";"Bos taurus";"None";"None";"None";"None";"";"";"";"CHEMBL3769";"Serine protease 1";"Bos taurus";"SINGLE PROTEIN";"CHEMBL1130936";"1";"Scientific Literature";"Bioorg Med Chem Lett";"1998";"None";"";"";"";"2700.0"
"CHEMBL51824";"";"None";"347.38";"0";"3.23";"11";"N=C(N)c1ccc(Oc2cccc(Oc3ccccc3C(=N)N)n2)cc1";"Ki";"'='";"1900.0";"nM";"5.72";"";"";"UO_0000065";"16.47";"0.30";"2.49";"4.36";"0";"CHEMBL817573";"Compound was tested for inhibition activity against bovine trypsin.";"B";"BAO_0000357";"single protein format";"Bos taurus";"None";"None";"None";"None";"";"";"";"CHEMBL3769";"Serine protease 1";"Bos taurus";"SINGLE PROTEIN";"CHEMBL1132209";"1";"Scientific Literature";"J Med Chem";"1999";"None";"";"";"";"1900.0"
"CHEMBL96486";"";"None";"443.55";"0";"2.43";"13e";"Nc1ccc(CNC(=O)[C@@H]2CCCN2C(=O)[C@H](N)C(c2ccccc2)c2ccccc2)cn1";"Ki";"'='";"5400.0";"nM";"5.27";"";"";"UO_0000065";"11.88";"0.22";"2.84";"4.61";"0";"CHEMBL817580";"In vitro inhibitory activity against bovine trypsin";"B";"BAO_0000357";"single protein format";"Bos taurus";"None";"None";"None";"None";"";"";"";"CHEMBL3769";"Serine protease 1";"Bos taurus";"SINGLE PROTEIN";"CHEMBL1130400";"1";"Scientific Literature";"J Med Chem";"1997";"None";"";"";"";"5400.0"
"CHEMBL143594";"";"None";"523.62";"1";"1.92";"11";"COC(=O)N1CCN(C(=O)[C@H](Cc2cccc(C(=N)N)c2)NS(=O)(=O)c2ccc3ccccc3c2)CC1";"Ki";"'='";"20.0";"nM";"7.70";"";"";"UO_0000065";"14.70";"0.28";"5.78";"5.28";"0";"CHEMBL821446";"Binding affinity towards trypsin";"B";"BAO_0000357";"single protein format";"Bos taurus";"None";"None";"None";"None";"";"";"";"CHEMBL3769";"Serine protease 1";"Bos taurus";"SINGLE PROTEIN";"CHEMBL1132189";"1";"Scientific Literature";"J Med Chem";"1999";"None";"";"";"";"7.699"
"CHEMBL344552";"";"None";"484.67";"0";"3.42";"3";"CC1CCN(C(=O)[C@H](Cc2cccc(C(=N)N)c2)NS(=O)(=O)c2ccc(C(C)(C)C)cc2)CC1";"Ki";"'='";"199.99";"nM";"6.70";"";"";"UO_0000065";"13.82";"0.27";"3.28";"5.76";"0";"CHEMBL821446";"Binding affinity towards trypsin";"B";"BAO_0000357";"single protein format";"Bos taurus";"None";"None";"None";"None";"";"";"";"CHEMBL3769";"Serine protease 1";"Bos taurus";"SINGLE PROTEIN";"CHEMBL1132189";"1";"Scientific Literature";"J Med Chem";"1999";"None";"";"";"";"6.699"
"CHEMBL145504";"";"None";"464.59";"0";"3.03";"24";"N=C(N)c1cccc(C[C@H](NS(=O)(=O)c2ccc3ccccc3c2)C(=O)N2CCCCC2)c1";"Ki";"'='";"331.13";"nM";"6.48";"";"";"UO_0000065";"13.95";"0.27";"3.45";"5.57";"0";"CHEMBL821446";"Binding affinity towards trypsin";"B";"BAO_0000357";"single protein format";"Bos taurus";"None";"None";"None";"None";"";"";"";"CHEMBL3769";"Serine protease 1";"Bos taurus";"SINGLE PROTEIN";"CHEMBL1132189";"1";"Scientific Literature";"J Med Chem";"1999";"None";"";"";"";"6.48"
"CHEMBL281715";"";"None";"459.57";"0";"1.36";"(R)-11c";"O=C(CNS(=O)(=O)c1ccccc1)N[C@H](CCNc1ccncc1)C(=O)N1CCCCC1";"Ki";"'>'";"500000.0";"nM";"";"Outside typical range";"";"UO_0000065";"";"";"";"";"0";"CHEMBL818253";"Tested for the Inhibition of the catalytic activity of bovine trypsin at 25 degree C and pH 7.5.";"B";"BAO_0000357";"single protein format";"Bos taurus";"None";"None";"None";"None";"";"";"";"CHEMBL3769";"Serine protease 1";"Bos taurus";"SINGLE PROTEIN";"CHEMBL1150979";"1";"Scientific Literature";"Bioorg Med Chem Lett";"1997";"None";"";"";"";"500.0"
"CHEMBL23300";"";"None";"509.63";"1";"2.51";"(S)-11a";"O=C(CNS(=O)(=O)c1ccc2ccccc2c1)N[C@@H](CCNc1ccncc1)C(=O)N1CCCCC1";"Ki";"'>'";"500000.0";"nM";"";"Outside typical range";"";"UO_0000065";"";"";"";"";"0";"CHEMBL818253";"Tested for the Inhibition of the catalytic activity of bovine trypsin at 25 degree C and pH 7.5.";"B";"BAO_0000357";"single protein format";"Bos taurus";"None";"None";"None";"None";"";"";"";"CHEMBL3769";"Serine protease 1";"Bos taurus";"SINGLE PROTEIN";"CHEMBL1150979";"1";"Scientific Literature";"Bioorg Med Chem Lett";"1997";"None";"";"";"";"500.0"
"CHEMBL270437";"";"None";"549.70";"1";"1.84";"2";"CN[C@H](Cc1ccccc1)C(=O)N1CCC[C@H]1C(=O)N[C@@H](CCCN=C(N)N)C(=O)c1nc2ccccc2s1";"Ki";"'='";"3.1";"nM";"8.51";"";"";"UO_0000065";"15.48";"0.30";"6.67";"5.46";"0";"CHEMBL815751";"Inhibition of bovine trypsin";"B";"BAO_0000357";"single protein format";"Bos taurus";"None";"None";"None";"None";"";"";"";"CHEMBL3769";"Serine protease 1";"Bos taurus";"SINGLE PROTEIN";"CHEMBL1129256";"1";"Scientific Literature";"J Med Chem";"1996";"None";"";"";"";"3.1"
"CHEMBL83054";"";"None";"398.41";"0";"4.97";"4dd";"CCNc1cccc(Oc2nc(Oc3cccc(C(=N)N)c3)c(F)c(C)c2F)c1";"Ki";"'='";"2700.0";"nM";"5.57";"";"";"UO_0000065";"13.98";"0.26";"0.60";"5.97";"0";"CHEMBL818251";"Inhibitory constant against bovine trypsin for general specificity against serine proteases";"B";"BAO_0000357";"single protein format";"Bos taurus";"None";"None";"None";"None";"";"";"";"CHEMBL3769";"Serine protease 1";"Bos taurus";"SINGLE PROTEIN";"CHEMBL1135740";"1";"Scientific Literature";"J Med Chem";"2002";"None";"";"";"";"2700.0"
"CHEMBL342722";"";"None";"453.56";"0";"3.36";"74";"CCCCOC(=O)[C@H](Cc1cccc(C(=N)N)c1)NS(=O)(=O)c1ccc2ccccc2c1";"Ki";"'='";"260.02";"nM";"6.58";"";"";"UO_0000065";"14.52";"0.28";"3.22";"5.38";"0";"CHEMBL821446";"Binding affinity towards trypsin";"B";"BAO_0000357";"single protein format";"Bos taurus";"None";"None";"None";"None";"";"";"";"CHEMBL3769";"Serine protease 1";"Bos taurus";"SINGLE PROTEIN";"CHEMBL1132189";"1";"Scientific Literature";"J Med Chem";"1999";"None";"";"";"";"6.585"
"CHEMBL414606";"";"None";"568.73";"1";"1.89";"9d";"CS(=O)(=O)N[C@@H](C(=O)N1CCC[C@H]1C(=O)NCc1cc(C(=N)NN)cs1)C(c1ccccc1)c1ccccc1";"Ki";"'='";"250.0";"nM";"6.60";"";"";"UO_0000065";"11.61";"0.23";"4.71";"4.19";"0";"CHEMBL817758";"Binding affinity against bovine trypsin";"B";"BAO_0000357";"single protein format";"Bos taurus";"None";"None";"None";"None";"";"";"";"CHEMBL3769";"Serine protease 1";"Bos taurus";"SINGLE PROTEIN";"CHEMBL1135262";"1";"Scientific Literature";"Bioorg Med Chem Lett";"2002";"None";"";"";"";"250.0"
"CHEMBL300622";"";"None";"481.52";"1";"4.88";"6m";"N=C(N)c1cccc(Oc2ccc(NC(=O)Nc3ccccc3)c(Oc3cccc(C(=N)N)c3)n2)c1";"Ki";"'='";"100.0";"nM";"7.00";"";"";"UO_0000065";"14.54";"0.27";"2.12";"4.06";"0";"CHEMBL817573";"Compound was tested for inhibition activity against bovine trypsin.";"B";"BAO_0000357";"single protein format";"Bos taurus";"None";"None";"None";"None";"";"";"";"CHEMBL3769";"Serine protease 1";"Bos taurus";"SINGLE PROTEIN";"CHEMBL1132209";"1";"Scientific Literature";"J Med Chem";"1999";"None";"";"";"";"100.0"
"CHEMBL49636";"";"None";"397.39";"0";"3.82";"6h";"Cc1c(F)c(Oc2cccc(C(=N)N)c2)nc(Oc2cccc(C(=N)N)c2)c1F";"Ki";"'='";"810.0";"nM";"6.09";"";"";"UO_0000065";"15.33";"0.29";"2.27";"4.65";"1";"CHEMBL817573";"Compound was tested for inhibition activity against bovine trypsin.";"B";"BAO_0000357";"single protein format";"Bos taurus";"None";"None";"None";"None";"";"";"";"CHEMBL3769";"Serine protease 1";"Bos taurus";"SINGLE PROTEIN";"CHEMBL1132209";"1";"Scientific Literature";"J Med Chem";"1999";"None";"";"";"";"810.0"
"CHEMBL24956";"";"None";"448.49";"0";"4.29";"6d";"CN1CCC(Oc2ccc(NC/C=C/c3cc(C(=N)N)ccc3O)cc2C(F)(F)F)CC1";"Ki";"'='";"630.0";"nM";"6.20";"";"";"UO_0000065";"13.83";"0.26";"1.91";"6.55";"0";"CHEMBL873992";"Competitive inhibition of trypsin";"B";"BAO_0000357";"single protein format";"Bos taurus";"None";"None";"None";"None";"";"";"";"CHEMBL3769";"Serine protease 1";"Bos taurus";"SINGLE PROTEIN";"CHEMBL1135303";"1";"Scientific Literature";"Bioorg Med Chem Lett";"2002";"None";"";"";"";"630.0"
"CHEMBL25673";"";"None";"391.52";"0";"3.94";"4a";"CC(=N)N1CCC(Oc2ccc(NC/C=C/c3cccc(C(=N)N)c3)cc2)CC1";"Ki";"'='";"80.0";"nM";"7.10";"";"";"UO_0000065";"18.13";"0.33";"3.16";"7.23";"0";"CHEMBL873992";"Competitive inhibition of trypsin";"B";"BAO_0000357";"single protein format";"Bos taurus";"None";"None";"None";"None";"";"";"";"CHEMBL3769";"Serine protease 1";"Bos taurus";"SINGLE PROTEIN";"CHEMBL1135303";"1";"Scientific Literature";"Bioorg Med Chem Lett";"2002";"None";"";"";"";"80.0"
"CHEMBL24433";"";"None";"477.49";"0";"3.74";"6b";"N=C(N)c1ccc(O)c(/C=C/CNc2ccc(OC3CCN(C(N)=O)CC3)c(C(F)(F)F)c2)c1";"Ki";"'='";"520.0";"nM";"6.28";"";"";"UO_0000065";"13.16";"0.25";"2.54";"4.56";"0";"CHEMBL873992";"Competitive inhibition of trypsin";"B";"BAO_0000357";"single protein format";"Bos taurus";"None";"None";"None";"None";"";"";"";"CHEMBL3769";"Serine protease 1";"Bos taurus";"SINGLE PROTEIN";"CHEMBL1135303";"1";"Scientific Literature";"Bioorg Med Chem Lett";"2002";"None";"";"";"";"520.0"
"CHEMBL51482";"";"None";"419.45";"1";"2.99";"6n";"CNC(=O)Nc1ccc(Oc2cccc(C(=N)N)c2)nc1Oc1cccc(C(=N)N)c1";"Ki";"'='";"840.0";"nM";"6.08";"";"";"UO_0000065";"14.48";"0.27";"3.09";"3.53";"0";"CHEMBL817573";"Compound was tested for inhibition activity against bovine trypsin.";"B";"BAO_0000357";"single protein format";"Bos taurus";"None";"None";"None";"None";"";"";"";"CHEMBL3769";"Serine protease 1";"Bos taurus";"SINGLE PROTEIN";"CHEMBL1132209";"1";"Scientific Literature";"J Med Chem";"1999";"None";"";"";"";"840.0"
"CHEMBL1160767";"";"None";"205.22";"0";"1.09";"18";"N=C(N)Nc1ccc(/C=C/C(=O)O)cc1";"Ki";"'='";"4920395.36";"nM";"";"Outside typical range";"";"UO_0000065";"";"";"";"";"0";"CHEMBL815775";"log1/Ki value was calculated against Trypsin";"B";"BAO_0000357";"single protein format";"Bos taurus";"None";"None";"None";"None";"";"";"";"CHEMBL3769";"Serine protease 1";"Bos taurus";"SINGLE PROTEIN";"CHEMBL1125001";"1";"Scientific Literature";"J Med Chem";"1990";"None";"";"";"";"2.308"
"CHEMBL606850";"";"None";"467.57";"1";"5.42";"12l";"CC(C)C[C@@H](C(=O)O)N(Cc1ccc2ccc(C(=N)N)cc2c1)C(=O)c1cccc2ccccc12";"Ki";"'='";"1609.0";"nM";"5.79";"";"";"UO_0000065";"12.39";"0.23";"0.37";"5.39";"0";"CHEMBL830293";"Inhibition constant towards bovine trypsin";"B";"BAO_0000357";"single protein format";"Bos taurus";"None";"None";"None";"None";"";"";"";"CHEMBL3769";"Serine protease 1";"Bos taurus";"SINGLE PROTEIN";"CHEMBL1144375";"1";"Scientific Literature";"Bioorg Med Chem Lett";"2005";"None";"";"";"";"1609.0"
"CHEMBL256591";"";"None";"548.71";"1";"2.65";"3b";"CN[C@H](Cc1ccccc1)C(=O)N1CCC[C@H]1C(=O)N[C@@H](CCCNC(=N)N)C(=O)c1cc2ccccc2s1";"Ki";"'='";"1340.0";"nM";"5.87";"";"";"UO_0000065";"10.70";"0.21";"3.22";"4.18";"0";"CHEMBL815751";"Inhibition of bovine trypsin";"B";"BAO_0000357";"single protein format";"Bos taurus";"None";"None";"None";"None";"";"";"";"CHEMBL3769";"Serine protease 1";"Bos taurus";"SINGLE PROTEIN";"CHEMBL1129256";"1";"Scientific Literature";"J Med Chem";"1996";"None";"";"";"";"1340.0"
"CHEMBL48233";"";"None";"372.47";"0";"3.86";"1a";"N=C(N)c1ccc(/C=C2\CCCC/C(=C\c3ccc(C(=N)N)cc3)C2=O)cc1";"Ki";"'='";"280.0";"nM";"6.55";"";"";"UO_0000065";"17.59";"0.32";"2.69";"5.61";"0";"CHEMBL817625";"Compound (isomer) was tested in the absence of light for inhibitory activity against trypsin.";"B";"BAO_0000357";"single protein format";"Bos taurus";"None";"None";"None";"None";"";"";"";"CHEMBL3769";"Serine protease 1";"Bos taurus";"SINGLE PROTEIN";"CHEMBL1131630";"1";"Scientific Literature";"J Med Chem";"1998";"None";"";"";"";"280.0"
"CHEMBL342542";"";"None";"598.81";"1";"4.64";"33";"COC(=O)C1CCN(C(=O)[C@H](Cc2cccc(C(=N)N)c2)NS(=O)(=O)c2c(C(C)C)cc(C(C)C)cc2C(C)C)CC1";"Ki";"'='";"269.77";"nM";"6.57";"";"";"UO_0000065";"10.97";"0.21";"1.93";"4.60";"0";"CHEMBL821446";"Binding affinity towards trypsin";"B";"BAO_0000357";"single protein format";"Bos taurus";"None";"None";"None";"None";"";"";"";"CHEMBL3769";"Serine protease 1";"Bos taurus";"SINGLE PROTEIN";"CHEMBL1132189";"1";"Scientific Literature";"J Med Chem";"1999";"None";"";"";"";"6.569"
"CHEMBL366855";"";"None";"553.71";"2";"5.05";"14c";"COC(=O)CCCN(c1ccc2c(c1)nc(C)n2Cc1ccc2ccc(C(=N)N)cc2c1)C1CCN(C(C)=N)CC1";"Ki";"'='";"60.0";"nM";"7.22";"";"";"UO_0000065";"13.04";"0.24";"2.17";"5.81";"0";"CHEMBL815753";"In vitro inhibitory activity against bovine cationic trypsin";"B";"BAO_0000357";"single protein format";"Bos taurus";"None";"None";"None";"None";"";"";"";"CHEMBL3769";"Serine protease 1";"Bos taurus";"SINGLE PROTEIN";"CHEMBL1133358";"1";"Scientific Literature";"Bioorg Med Chem Lett";"2000";"None";"";"";"";"60.0"
"CHEMBL126238";"";"None";"586.72";"1";"1.31";"19d";"C[C@@H]1CCN(C(=O)[C@H](CC(=O)NC[C@@H]2CCCN(C(=N)N)C2)NS(=O)(=O)c2ccc3ccccc3c2)[C@@H](C(=O)O)C1";"Ki";"'='";"780.0";"nM";"6.11";"";"";"UO_0000065";"10.41";"0.20";"4.80";"3.28";"0";"CHEMBL878759";"In vitro binding affinity by measuring the inhibition of bovine trypsin";"B";"BAO_0000357";"single protein format";"Bos taurus";"None";"None";"None";"None";"";"";"";"CHEMBL3769";"Serine protease 1";"Bos taurus";"SINGLE PROTEIN";"CHEMBL1127404";"1";"Scientific Literature";"J Med Chem";"1994";"None";"";"";"";"0.78"
"CHEMBL314189";"";"None";"515.66";"1";"2.78";"8";"CN(C(=O)[C@H](Cc1ccc(C(=N)NN)c(F)c1)NS(=O)(=O)c1ccc2c(c1)CCCC2)C1CCCC1";"Ki";"'='";"25000.0";"nM";"4.60";"";"";"UO_0000065";"8.92";"0.17";"1.82";"3.58";"0";"CHEMBL817589";"Inhibitory constant against bovine trypsin was determined in vitro.";"B";"BAO_0000357";"single protein format";"Bos taurus";"None";"None";"None";"None";"";"";"";"CHEMBL3769";"Serine protease 1";"Bos taurus";"SINGLE PROTEIN";"CHEMBL1132097";"1";"Scientific Literature";"Bioorg Med Chem Lett";"1999";"None";"";"";"";"25.0"
"CHEMBL41876";"";"None";"437.95";"0";"3.40";"5";"Cc1cc(OCC2CCN(C(=N)N)CC2)cc(OS(=O)(=O)c2ccccc2Cl)c1";"Ki";"'>'";"15000.0";"nM";"";"";"";"UO_0000065";"";"";"";"";"0";"CHEMBL817568";"Compound was evaluated for inhibition of Trypsin";"B";"BAO_0000357";"single protein format";"Bos taurus";"None";"None";"None";"None";"";"";"";"CHEMBL3769";"Serine protease 1";"Bos taurus";"SINGLE PROTEIN";"CHEMBL1133126";"1";"Scientific Literature";"Bioorg Med Chem Lett";"2000";"None";"";"";"";"15.0"
"CHEMBL177212";"";"None";"539.68";"1";"4.96";"13d";"CC(=N)N1CCC(N(CCCC(=O)O)c2ccc3nc(C)n(Cc4ccc5ccc(C(=N)N)cc5c4)c3c2)CC1";"Ki";"'='";"670.0";"nM";"6.17";"";"";"UO_0000065";"11.44";"0.21";"1.21";"4.56";"0";"CHEMBL815753";"In vitro inhibitory activity against bovine cationic trypsin";"B";"BAO_0000357";"single protein format";"Bos taurus";"None";"None";"None";"None";"";"";"";"CHEMBL3769";"Serine protease 1";"Bos taurus";"SINGLE PROTEIN";"CHEMBL1133358";"1";"Scientific Literature";"Bioorg Med Chem Lett";"2000";"None";"";"";"";"670.0"
"CHEMBL151985";"";"None";"581.72";"1";"4.97";"14g";"CCOC(=O)CCC(=O)N(c1ccc2c(c1)nc(C)n2Cc1ccc2ccc(C(=N)N)cc2c1)C1CCN(C(C)=N)CC1";"Ki";"'='";"800.0";"nM";"6.10";"";"";"UO_0000065";"10.48";"0.19";"1.13";"4.31";"0";"CHEMBL815753";"In vitro inhibitory activity against bovine cationic trypsin";"B";"BAO_0000357";"single protein format";"Bos taurus";"None";"None";"None";"None";"";"";"";"CHEMBL3769";"Serine protease 1";"Bos taurus";"SINGLE PROTEIN";"CHEMBL1133358";"1";"Scientific Literature";"Bioorg Med Chem Lett";"2000";"None";"";"";"";"800.0"
"CHEMBL79828";"";"None";"445.44";"0";"3.85";"7h";"Cc1cn(-c2cccc(Oc3cc(C(=O)O)cc(Oc4cc(C(=N)N)ccc4O)n3)c2)cn1";"Ki";"'='";"160.0";"nM";"6.80";"";"";"UO_0000065";"15.26";"0.28";"2.95";"4.34";"0";"CHEMBL818251";"Inhibitory constant against bovine trypsin for general specificity against serine proteases";"B";"BAO_0000357";"single protein format";"Bos taurus";"None";"None";"None";"None";"";"";"";"CHEMBL3769";"Serine protease 1";"Bos taurus";"SINGLE PROTEIN";"CHEMBL1135740";"1";"Scientific Literature";"J Med Chem";"2002";"None";"";"";"";"160.0"
"CHEMBL351830";"";"None";"529.50";"1";"4.21";"11";"N=C(N)c1cccc(-c2noc(C(F)(F)F)c2C(=O)Nc2ccc(-c3ccccc3S(N)(=O)=O)cc2)c1";"Ki";"'='";"400.0";"nM";"6.40";"";"";"UO_0000065";"12.08";"0.24";"2.19";"3.87";"0";"CHEMBL817587";"Inhibitory activity against trypsin";"B";"BAO_0000357";"single protein format";"Bos taurus";"None";"None";"None";"None";"";"";"";"CHEMBL3769";"Serine protease 1";"Bos taurus";"SINGLE PROTEIN";"CHEMBL1133078";"1";"Scientific Literature";"Bioorg Med Chem Lett";"2000";"None";"";"";"";"400.0"
"CHEMBL120842";"";"None";"582.63";"0";"-0.47";"15";"N=C(N)NCCCNC(=O)[C@@H]1CS[C@H]2CC[C@@H](NS(=O)(=O)Cc3ccccc3)C(=O)N21.O=C(O)C(F)(F)F";"Ki";"'='";"5100.0";"nM";"5.29";"";"";"UO_0000065";"11.29";"0.23";"5.76";"3.36";"0";"CHEMBL815750";"In vitro inhibition was measured against Human bovine pancreatic trypsin.";"B";"BAO_0000357";"single protein format";"Bos taurus";"None";"None";"None";"None";"";"";"";"CHEMBL3769";"Serine protease 1";"Bos taurus";"SINGLE PROTEIN";"CHEMBL1131291";"1";"Scientific Literature";"J Med Chem";"1998";"None";"";"";"";"5.1"
"CHEMBL55035";"";"None";"372.47";"0";"3.86";"1";"N=C(N)c1ccc(/C=C2/CCCC/C(=C/c3ccc(C(=N)N)cc3)C2=O)cc1";"Ki";"'='";"33.0";"nM";"7.48";"";"";"UO_0000065";"20.09";"0.36";"3.62";"6.40";"0";"CHEMBL817592";"Inhibitory potency was measured against bovine trypsin.";"B";"BAO_0000357";"single protein format";"Bos taurus";"None";"None";"None";"None";"";"";"";"CHEMBL3769";"Serine protease 1";"Bos taurus";"SINGLE PROTEIN";"CHEMBL1131090";"1";"Scientific Literature";"J Med Chem";"1998";"None";"";"";"";"33.0"
"CHEMBL311608";"";"None";"456.45";"0";"4.25";"19";"COc1ccc(C(=N)N)cc1Oc1nc(Oc2cccc(C(=O)N(C)C)c2)c(F)c(C)c1F";"Ki";"'='";"4300.0";"nM";"5.37";"";"";"UO_0000065";"11.76";"0.22";"1.12";"4.85";"0";"CHEMBL817592";"Inhibitory potency was measured against bovine trypsin.";"B";"BAO_0000357";"single protein format";"Bos taurus";"None";"None";"None";"None";"";"";"";"CHEMBL3769";"Serine protease 1";"Bos taurus";"SINGLE PROTEIN";"CHEMBL1131090";"1";"Scientific Literature";"J Med Chem";"1998";"None";"";"";"";"4300.0"
"CHEMBL25034";"";"None";"460.54";"0";"4.48";"2";"CC(=N)N1CCC(Oc2ccc(NCc3ccc4ccc(C(=N)N)cc4c3)cc2[N+](=O)[O-])CC1";"Ki";"'='";"7.0";"nM";"8.15";"";"";"UO_0000065";"17.71";"0.33";"3.67";"5.77";"0";"CHEMBL873992";"Competitive inhibition of trypsin";"B";"BAO_0000357";"single protein format";"Bos taurus";"None";"None";"None";"None";"";"";"";"CHEMBL3769";"Serine protease 1";"Bos taurus";"SINGLE PROTEIN";"CHEMBL1135303";"1";"Scientific Literature";"Bioorg Med Chem Lett";"2002";"None";"";"";"";"7.0"
"CHEMBL407631";"";"None";"595.73";"1";"3.19";"13";"O=C(NCC#Cc1c[nH]cn1)[C@@H]1CCCN1C(=O)[C@H](NS(=O)(=O)Cc1ccccc1)C(c1ccccc1)c1ccccc1";"Ki";"'='";"24.0";"nM";"7.62";"";"";"UO_0000065";"12.79";"0.24";"4.43";"6.13";"0";"CHEMBL878650";"Inhibitory activity against Bovine Trypsin";"B";"BAO_0000357";"single protein format";"Bos taurus";"None";"None";"None";"None";"";"";"";"CHEMBL3769";"Serine protease 1";"Bos taurus";"SINGLE PROTEIN";"CHEMBL1133054";"1";"Scientific Literature";"Bioorg Med Chem Lett";"2000";"None";"";"";"";"24.0"
"CHEMBL83324";"";"None";"456.45";"0";"3.66";"4r";"Cc1c(F)c(Oc2cccc(C(=N)N)c2)nc(Oc2cccc(C(O)C(=O)N(C)C)c2)c1F";"Ki";"'='";"3300.0";"nM";"5.48";"";"";"UO_0000065";"12.01";"0.23";"1.82";"4.50";"0";"CHEMBL818251";"Inhibitory constant against bovine trypsin for general specificity against serine proteases";"B";"BAO_0000357";"single protein format";"Bos taurus";"None";"None";"None";"None";"";"";"";"CHEMBL3769";"Serine protease 1";"Bos taurus";"SINGLE PROTEIN";"CHEMBL1135740";"1";"Scientific Literature";"J Med Chem";"2002";"None";"";"";"";"3300.0"
"CHEMBL311788";"";"None";"472.45";"0";"3.95";"6b";"COc1cc(Oc2nc(Oc3cccc(C(=O)N(C)C)c3)c(F)c(C)c2F)c(O)c(C(=N)N)c1";"Ki";"'>'";"5000.0";"nM";"";"";"";"UO_0000065";"";"";"";"";"0";"CHEMBL818251";"Inhibitory constant against bovine trypsin for general specificity against serine proteases";"B";"BAO_0000357";"single protein format";"Bos taurus";"None";"None";"None";"None";"";"";"";"CHEMBL3769";"Serine protease 1";"Bos taurus";"SINGLE PROTEIN";"CHEMBL1135740";"1";"Scientific Literature";"J Med Chem";"2002";"None";"";"";"";"5000.0"
"CHEMBL268640";"";"None";"540.47";"1";"2.05";"11e";"CS(=O)(=O)N[C@H](Cc1ccc(Cl)c(Cl)c1)C(=O)N1CCC[C@H]1C(=O)NCc1ccc(C(=N)N)cc1";"Ki";"'='";"0.8";"nM";"9.10";"";"";"UO_0000065";"16.83";"0.35";"7.05";"6.25";"0";"CHEMBL817758";"Binding affinity against bovine trypsin";"B";"BAO_0000357";"single protein format";"Bos taurus";"None";"None";"None";"None";"";"";"";"CHEMBL3769";"Serine protease 1";"Bos taurus";"SINGLE PROTEIN";"CHEMBL1135262";"1";"Scientific Literature";"Bioorg Med Chem Lett";"2002";"None";"";"";"";"0.8"
"CHEMBL419651";"";"None";"442.42";"0";"3.94";"18";"Cc1c(F)c(Oc2cccc(C(=O)N(C)C)c2)nc(Oc2cc(C(=N)N)ccc2O)c1F";"Ki";"'='";"1100.0";"nM";"5.96";"";"";"UO_0000065";"13.47";"0.25";"2.02";"4.89";"0";"CHEMBL817592";"Inhibitory potency was measured against bovine trypsin.";"B";"BAO_0000357";"single protein format";"Bos taurus";"None";"None";"None";"None";"";"";"";"CHEMBL3769";"Serine protease 1";"Bos taurus";"SINGLE PROTEIN";"CHEMBL1131090";"1";"Scientific Literature";"J Med Chem";"1998";"None";"";"";"";"1100.0"
"CHEMBL257898";"";"None";"643.81";"1";"2.48";"75";"CCCC(CCC)C(=O)N[C@@H](CC(=O)OC)C(=O)N1CCC[C@H]1C(=O)N[C@@H](CCCNC(=N)N)C(=O)c1nc2ccccc2s1";"Ki";"'='";"16.0";"nM";"7.80";"";"";"UO_0000065";"12.11";"0.24";"5.32";"3.96";"0";"CHEMBL828215";"Binding affinity against bovine trypsin";"B";"BAO_0000357";"single protein format";"Bos taurus";"None";"None";"None";"None";"";"";"";"CHEMBL3769";"Serine protease 1";"Bos taurus";"SINGLE PROTEIN";"CHEMBL1142732";"1";"Scientific Literature";"J Med Chem";"2005";"None";"";"";"";"16.0"
"CHEMBL115413";"";"None";"455.58";"0";"4.41";"43b";"CCc1cc(OCCc2ccc(CN)cc2)cc(OS(=O)(=O)c2cc(C)ccc2OC)c1";"Ki";"'='";"6165.95";"nM";"5.21";"";"";"UO_0000065";"11.44";"0.22";"0.80";"5.93";"0";"CHEMBL818258";"Inhibitory activity against bovine Trypsin";"B";"BAO_0000357";"single protein format";"Bos taurus";"None";"None";"None";"None";"";"";"";"CHEMBL3769";"Serine protease 1";"Bos taurus";"SINGLE PROTEIN";"CHEMBL1134416";"1";"Scientific Literature";"J Med Chem";"2001";"None";"";"";"";"-5.21"
"CHEMBL266040";"";"None";"532.67";"1";"2.48";"9f";"CC(=O)N[C@@H](C(=O)N1CCC[C@H]1C(=O)NCc1ccc(C(=N)NN)s1)C(c1ccccc1)c1ccccc1";"Ki";"";"";"nM";"";"";"Not Determined";"UO_0000065";"";"";"";"";"0";"CHEMBL817759";"Compound was evaluated for the binding affinity against bovine trypsin; not tested";"B";"BAO_0000357";"single protein format";"Bos taurus";"None";"None";"None";"None";"";"";"";"CHEMBL3769";"Serine protease 1";"Bos taurus";"SINGLE PROTEIN";"CHEMBL1135262";"1";"Scientific Literature";"Bioorg Med Chem Lett";"2002";"None";"";"";"";""
"CHEMBL407992";"";"None";"590.75";"1";"3.87";"9e";"CC(C)(C)OC(=O)N[C@@H](C(=O)N1CCC[C@H]1C(=O)NCc1ccc(C(=N)NN)s1)C(c1ccccc1)c1ccccc1";"Ki";"";"";"nM";"";"";"Not Determined";"UO_0000065";"";"";"";"";"0";"CHEMBL817759";"Compound was evaluated for the binding affinity against bovine trypsin; not tested";"B";"BAO_0000357";"single protein format";"Bos taurus";"None";"None";"None";"None";"";"";"";"CHEMBL3769";"Serine protease 1";"Bos taurus";"SINGLE PROTEIN";"CHEMBL1135262";"1";"Scientific Literature";"Bioorg Med Chem Lett";"2002";"None";"";"";"";""
"CHEMBL332388";"";"None";"585.56";"1";"3.31";"31";"CCOC(=O)[C@@H]1C[C@@H](Oc2c(F)c(Oc3cccc(C(=O)N(C)C)c3)nc(Oc3cc(C(=N)N)ccc3O)c2F)CN1";"Ki";"'='";"740.0";"nM";"6.13";"";"";"UO_0000065";"10.47";"0.20";"2.82";"3.62";"0";"CHEMBL817592";"Inhibitory potency was measured against bovine trypsin.";"B";"BAO_0000357";"single protein format";"Bos taurus";"None";"None";"None";"None";"";"";"";"CHEMBL3769";"Serine protease 1";"Bos taurus";"SINGLE PROTEIN";"CHEMBL1131090";"1";"Scientific Literature";"J Med Chem";"1998";"None";"";"";"";"740.0"
"CHEMBL82739";"";"None";"446.48";"0";"4.12";"4x";"Cc1c(F)c(Oc2cccc(C(=N)N)c2)nc(Oc2cccc([S+]([O-])N(C)C)c2)c1F";"Ki";"'='";"2400.0";"nM";"5.62";"";"";"UO_0000065";"12.59";"0.25";"1.50";"5.23";"0";"CHEMBL818251";"Inhibitory constant against bovine trypsin for general specificity against serine proteases";"B";"BAO_0000357";"single protein format";"Bos taurus";"None";"None";"None";"None";"";"";"";"CHEMBL3769";"Serine protease 1";"Bos taurus";"SINGLE PROTEIN";"CHEMBL1135740";"1";"Scientific Literature";"J Med Chem";"2002";"None";"";"";"";"2400.0"
"CHEMBL348266";"";"None";"430.57";"0";"1.81";"2";"Cc1ccc(S(=O)(=O)NC(Cc2cccc(C(N)N)c2)C(=O)N2CCCCC2)cc1";"Ki";"'='";"1200.0";"nM";"5.92";"";"";"UO_0000065";"13.75";"0.27";"4.11";"5.00";"0";"CHEMBL819016";"Inhibitory activity against bovine trypsin expressed as dissociation constant";"B";"BAO_0000357";"single protein format";"Bos taurus";"None";"None";"None";"None";"";"";"";"CHEMBL3769";"Serine protease 1";"Bos taurus";"SINGLE PROTEIN";"CHEMBL1131451";"1";"Scientific Literature";"J Med Chem";"1998";"None";"";"";"";"1.2"
"CHEMBL176161";"";"None";"521.69";"1";"2.91";"38";"CN[C@H](Cc1ccccc1)C(=O)N1CCC[C@H]1C(=O)N[C@H](CCCCN)C(=O)c1nc2ccccc2s1";"Ki";"'='";"20.0";"nM";"7.70";"";"";"UO_0000065";"14.76";"0.28";"4.79";"6.56";"0";"CHEMBL828215";"Binding affinity against bovine trypsin";"B";"BAO_0000357";"single protein format";"Bos taurus";"None";"None";"None";"None";"";"";"";"CHEMBL3769";"Serine protease 1";"Bos taurus";"SINGLE PROTEIN";"CHEMBL1142732";"1";"Scientific Literature";"J Med Chem";"2005";"None";"";"";"";"20.0"
"CHEMBL83779";"";"None";"470.48";"0";"4.78";"5o";"CCOC(=O)c1ccc(N(C)C)cc1Oc1nc(Oc2cccc(C(=N)N)c2)c(F)c(C)c1F";"Ki";"'>'";"5000.0";"nM";"";"";"";"UO_0000065";"";"";"";"";"0";"CHEMBL818251";"Inhibitory constant against bovine trypsin for general specificity against serine proteases";"B";"BAO_0000357";"single protein format";"Bos taurus";"None";"None";"None";"None";"";"";"";"CHEMBL3769";"Serine protease 1";"Bos taurus";"SINGLE PROTEIN";"CHEMBL1135740";"1";"Scientific Literature";"J Med Chem";"2002";"None";"";"";"";"5000.0"
"CHEMBL314047";"";"None";"456.45";"0";"4.25";"5i";"COc1cc(Oc2nc(Oc3cccc(C(=N)N)c3)c(F)c(C)c2F)cc(C(=O)N(C)C)c1";"Ki";"'='";"750.0";"nM";"6.12";"";"";"UO_0000065";"13.42";"0.25";"1.87";"5.53";"0";"CHEMBL818251";"Inhibitory constant against bovine trypsin for general specificity against serine proteases";"B";"BAO_0000357";"single protein format";"Bos taurus";"None";"None";"None";"None";"";"";"";"CHEMBL3769";"Serine protease 1";"Bos taurus";"SINGLE PROTEIN";"CHEMBL1135740";"1";"Scientific Literature";"J Med Chem";"2002";"None";"";"";"";"750.0"
"CHEMBL46077";"";"None";"391.39";"0";"2.93";"6w";"N=C(N)c1cccc(Oc2ccc(C(=O)O)c(Oc3cccc(C(=N)N)c3)n2)c1";"Ki";"'='";"2200.0";"nM";"5.66";"";"";"UO_0000065";"14.46";"0.27";"2.73";"3.36";"0";"CHEMBL817573";"Compound was tested for inhibition activity against bovine trypsin.";"B";"BAO_0000357";"single protein format";"Bos taurus";"None";"None";"None";"None";"";"";"";"CHEMBL3769";"Serine protease 1";"Bos taurus";"SINGLE PROTEIN";"CHEMBL1132209";"1";"Scientific Literature";"J Med Chem";"1999";"None";"";"";"";"2200.0"
"CHEMBL79304";"";"None";"541.65";"1";"3.07";"11";"COc1ccc2cc(S(=O)(=O)N[C@@H](Cc3ccc(C(=N)NN)cc3F)C(=O)N(C)C3CCCC3)ccc2c1";"Ki";"'='";"2000.0";"nM";"5.70";"";"";"UO_0000065";"10.52";"0.20";"2.63";"4.14";"0";"CHEMBL817589";"Inhibitory constant against bovine trypsin was determined in vitro.";"B";"BAO_0000357";"single protein format";"Bos taurus";"None";"None";"None";"None";"";"";"";"CHEMBL3769";"Serine protease 1";"Bos taurus";"SINGLE PROTEIN";"CHEMBL1132097";"1";"Scientific Literature";"Bioorg Med Chem Lett";"1999";"None";"";"";"";"2.0"
"CHEMBL177225";"";"None";"496.66";"1";"5.70";"7h";"CCCCc1nc2ccc(OC3CCN(C(C)=N)CC3)cc2n1Cc1ccc2ccc(C(=N)N)cc2c1";"Ki";"'='";"5.7";"nM";"8.24";"";"";"UO_0000065";"16.60";"0.30";"2.54";"7.93";"0";"CHEMBL815753";"In vitro inhibitory activity against bovine cationic trypsin";"B";"BAO_0000357";"single protein format";"Bos taurus";"None";"None";"None";"None";"";"";"";"CHEMBL3769";"Serine protease 1";"Bos taurus";"SINGLE PROTEIN";"CHEMBL1133358";"1";"Scientific Literature";"Bioorg Med Chem Lett";"2000";"None";"";"";"";"5.7"
"CHEMBL423555";"";"None";"522.63";"1";"2.57";"79";"COC(=O)[C@H]1CCCCN1C(=O)[C@H](Cc1cccc(C(=N)N)c1)NS(=O)(=O)c1ccc2ccccc2c1";"Ki";"'='";"1901.08";"nM";"5.72";"";"";"UO_0000065";"10.95";"0.21";"3.15";"4.01";"0";"CHEMBL821446";"Binding affinity towards trypsin";"B";"BAO_0000357";"single protein format";"Bos taurus";"None";"None";"None";"None";"";"";"";"CHEMBL3769";"Serine protease 1";"Bos taurus";"SINGLE PROTEIN";"CHEMBL1132189";"1";"Scientific Literature";"J Med Chem";"1999";"None";"";"";"";"5.721"
"CHEMBL104815";"";"None";"507.62";"1";"1.70";"13";"CC(=O)N1CCN(C(=O)[C@H](Cc2cccc(C(=N)N)c2)NS(=O)(=O)c2ccc3ccccc3c2)CC1";"Ki";"'='";"141.25";"nM";"6.85";"";"";"UO_0000065";"13.49";"0.26";"5.15";"5.01";"0";"CHEMBL821446";"Binding affinity towards trypsin";"B";"BAO_0000357";"single protein format";"Bos taurus";"None";"None";"None";"None";"";"";"";"CHEMBL3769";"Serine protease 1";"Bos taurus";"SINGLE PROTEIN";"CHEMBL1132189";"1";"Scientific Literature";"J Med Chem";"1999";"None";"";"";"";"6.85"
"CHEMBL609410";"";"None";"547.73";"1";"3.49";"67";"N=C(N)c1cccc(C[C@H](NS(=O)(=O)c2ccc3ccccc3c2)C(=O)N2CCC(N3CCCCC3)CC2)c1";"Ki";"'='";"1000.0";"nM";"6.00";"";"";"UO_0000065";"10.95";"0.21";"2.51";"5.02";"0";"CHEMBL821446";"Binding affinity towards trypsin";"B";"BAO_0000357";"single protein format";"Bos taurus";"None";"None";"None";"None";"";"";"";"CHEMBL3769";"Serine protease 1";"Bos taurus";"SINGLE PROTEIN";"CHEMBL1132189";"1";"Scientific Literature";"J Med Chem";"1999";"None";"";"";"";"6.0"
"CHEMBL356711";"";"None";"512.64";"1";"3.99";"30";"N=C(N)c1cccc(C[C@H](NS(=O)(=O)c2ccc3ccccc3c2)C(=O)N2CCCc3ccccc32)c1";"Ki";"'='";"1513.56";"nM";"5.82";"";"";"UO_0000065";"11.35";"0.21";"1.83";"5.00";"0";"CHEMBL821446";"Binding affinity towards trypsin";"B";"BAO_0000357";"single protein format";"Bos taurus";"None";"None";"None";"None";"";"";"";"CHEMBL3769";"Serine protease 1";"Bos taurus";"SINGLE PROTEIN";"CHEMBL1132189";"1";"Scientific Literature";"J Med Chem";"1999";"None";"";"";"";"5.82"
"CHEMBL359184";"";"None";"402.52";"0";"1.53";"72";"CNC(=O)[C@H](Cc1cccc(C(=N)N)c1)NS(=O)(=O)c1c(C)cc(C)cc1C";"Ki";"'='";"1000000.0";"nM";"";"Outside typical range";"";"UO_0000065";"";"";"";"";"0";"CHEMBL821446";"Binding affinity towards trypsin";"B";"BAO_0000357";"single protein format";"Bos taurus";"None";"None";"None";"None";"";"";"";"CHEMBL3769";"Serine protease 1";"Bos taurus";"SINGLE PROTEIN";"CHEMBL1132189";"1";"Scientific Literature";"J Med Chem";"1999";"None";"";"";"";"3.0"
"CHEMBL404728";"";"None";"493.61";"0";"0.83";"50";"CN[C@H](Cc1ccccc1)C(=O)N1CCC[C@H]1C(=O)N[C@@H](CCCNC(=N)N)C(=O)c1ccccn1";"Ki";"'='";"73.0";"nM";"7.14";"";"";"UO_0000065";"14.46";"0.27";"6.31";"4.66";"1";"CHEMBL828215";"Binding affinity against bovine trypsin";"B";"BAO_0000357";"single protein format";"Bos taurus";"None";"None";"None";"None";"";"";"";"CHEMBL3769";"Serine protease 1";"Bos taurus";"SINGLE PROTEIN";"CHEMBL1142732";"1";"Scientific Literature";"J Med Chem";"2005";"None";"";"";"";"73.0"
"CHEMBL175735";"";"None";"533.63";"1";"1.37";"55";"CN[C@H](Cc1ccccc1)C(=O)N1CCC[C@H]1C(=O)NC(CCCN=C(N)N)C(=O)c1nc2ccccc2o1";"Ki";"'='";"13.0";"nM";"7.89";"";"";"UO_0000065";"14.78";"0.28";"6.52";"4.67";"0";"CHEMBL828215";"Binding affinity against bovine trypsin";"B";"BAO_0000357";"single protein format";"Bos taurus";"None";"None";"None";"None";"";"";"";"CHEMBL3769";"Serine protease 1";"Bos taurus";"SINGLE PROTEIN";"CHEMBL1142732";"1";"Scientific Literature";"J Med Chem";"2005";"None";"";"";"";"13.0"
"CHEMBL146492";"";"None";"428.56";"0";"2.18";"45";"Cc1ccc(S(=O)(=O)N[C@@H](Cc2cccc(C(=N)N)c2)C(=O)N2CCCCC2)cc1";"Ki";"'='";"1199.5";"nM";"5.92";"";"";"UO_0000065";"13.82";"0.27";"3.74";"5.09";"0";"CHEMBL821446";"Binding affinity towards trypsin";"B";"BAO_0000357";"single protein format";"Bos taurus";"None";"None";"None";"None";"";"";"";"CHEMBL3769";"Serine protease 1";"Bos taurus";"SINGLE PROTEIN";"CHEMBL1132189";"1";"Scientific Literature";"J Med Chem";"1999";"None";"";"";"";"5.921"
"CHEMBL356792";"";"None";"541.68";"1";"3.36";"84";"N=C(N)c1cccc(C[C@H](NS(=O)(=O)c2ccc3ccccc3c2)C(=O)N2CCN(c3ccccc3)CC2)c1";"Ki";"'='";"26.98";"nM";"7.57";"";"";"UO_0000065";"13.97";"0.27";"4.21";"6.33";"0";"CHEMBL821446";"Binding affinity towards trypsin";"B";"BAO_0000357";"single protein format";"Bos taurus";"None";"None";"None";"None";"";"";"";"CHEMBL3769";"Serine protease 1";"Bos taurus";"SINGLE PROTEIN";"CHEMBL1132189";"1";"Scientific Literature";"J Med Chem";"1999";"None";"";"";"";"7.569"
"CHEMBL423195";"";"None";"565.72";"1";"0.90";"16";"COc1cc(C)c(S(=O)(=O)N[C@@H](Cc2cccc(C(=N)N)c2)C(=O)N2CCN(S(C)(=O)=O)CC2)c(C)c1C";"Ki";"'='";"1798.87";"nM";"5.75";"";"";"UO_0000065";"10.16";"0.21";"4.85";"3.53";"0";"CHEMBL821446";"Binding affinity towards trypsin";"B";"BAO_0000357";"single protein format";"Bos taurus";"None";"None";"None";"None";"";"";"";"CHEMBL3769";"Serine protease 1";"Bos taurus";"SINGLE PROTEIN";"CHEMBL1132189";"1";"Scientific Literature";"J Med Chem";"1999";"None";"";"";"";"5.745"
"CHEMBL256381";"";"None";"546.68";"1";"1.33";"3f";"CN[C@H](Cc1ccccc1)C(=O)N1CCC[C@H]1C(=O)N[C@@H](CCCNC(=N)N)C(=O)c1nc2ccccc2n1C";"Ki";"'='";"290.0";"nM";"6.54";"";"";"UO_0000065";"11.96";"0.22";"5.21";"4.13";"0";"CHEMBL815751";"Inhibition of bovine trypsin";"B";"BAO_0000357";"single protein format";"Bos taurus";"None";"None";"None";"None";"";"";"";"CHEMBL3769";"Serine protease 1";"Bos taurus";"SINGLE PROTEIN";"CHEMBL1129256";"1";"Scientific Literature";"J Med Chem";"1996";"None";"";"";"";"290.0"
"CHEMBL367725";"";"None";"511.63";"1";"3.78";"7j";"CC(=N)N1CCC(Oc2ccc3nc(CCC(N)=O)n(Cc4ccc5ccc(C(=N)N)cc5c4)c3c2)CC1";"Ki";"'='";"4.4";"nM";"8.36";"";"";"UO_0000065";"16.33";"0.30";"4.58";"5.68";"0";"CHEMBL815753";"In vitro inhibitory activity against bovine cationic trypsin";"B";"BAO_0000357";"single protein format";"Bos taurus";"None";"None";"None";"None";"";"";"";"CHEMBL3769";"Serine protease 1";"Bos taurus";"SINGLE PROTEIN";"CHEMBL1133358";"1";"Scientific Literature";"Bioorg Med Chem Lett";"2000";"None";"";"";"";"4.4"
"CHEMBL180219";"";"None";"388.50";"0";"0.98";"24";"N=C(N)NCCCC(NC(=O)[C@@H]1CCCN1)C(=O)c1nc2ccccc2s1";"Ki";"'='";"250.0";"nM";"6.60";"";"";"UO_0000065";"16.99";"0.33";"5.62";"4.96";"0";"CHEMBL828215";"Binding affinity against bovine trypsin";"B";"BAO_0000357";"single protein format";"Bos taurus";"None";"None";"None";"None";"";"";"";"CHEMBL3769";"Serine protease 1";"Bos taurus";"SINGLE PROTEIN";"CHEMBL1142732";"1";"Scientific Literature";"J Med Chem";"2005";"None";"";"";"";"250.0"
"CHEMBL1161248";"";"None";"554.63";"1";"3.48";"29";"N=C(N)c1cccc(C[C@H](NS(=O)(=O)c2ccc3ccccc3c2)C(=O)N2Cc3ccccc3C=C2C(=O)O)c1";"Ki";"'='";"4497.8";"nM";"5.35";"";"";"UO_0000065";"9.64";"0.18";"1.87";"3.48";"0";"CHEMBL821446";"Binding affinity towards trypsin";"B";"BAO_0000357";"single protein format";"Bos taurus";"None";"None";"None";"None";"";"";"";"CHEMBL3769";"Serine protease 1";"Bos taurus";"SINGLE PROTEIN";"CHEMBL1132189";"1";"Scientific Literature";"J Med Chem";"1999";"None";"";"";"";"5.347"
"CHEMBL358508";"";"None";"288.39";"0";"1.10";"69";"CC1CCN(C(=O)[C@@H](N)Cc2cccc(C(=N)N)c2)CC1";"Ki";"'='";"28973.44";"nM";"4.54";"";"";"UO_0000065";"15.74";"0.30";"3.44";"4.72";"0";"CHEMBL821446";"Binding affinity towards trypsin";"B";"BAO_0000357";"single protein format";"Bos taurus";"None";"None";"None";"None";"";"";"";"CHEMBL3769";"Serine protease 1";"Bos taurus";"SINGLE PROTEIN";"CHEMBL1132189";"1";"Scientific Literature";"J Med Chem";"1999";"None";"";"";"";"4.538"
"CHEMBL172378";"";"None";"440.55";"0";"4.36";"8a";"CC(=N)N1CCC(Oc2ccc3c(c2)ncn3Cc2ccc3ccc(C(=N)N)cc3c2)CC1";"Ki";"'='";"8.2";"nM";"8.09";"";"";"UO_0000065";"18.35";"0.33";"3.73";"7.77";"0";"CHEMBL815753";"In vitro inhibitory activity against bovine cationic trypsin";"B";"BAO_0000357";"single protein format";"Bos taurus";"None";"None";"None";"None";"";"";"";"CHEMBL3769";"Serine protease 1";"Bos taurus";"SINGLE PROTEIN";"CHEMBL1133358";"1";"Scientific Literature";"Bioorg Med Chem Lett";"2000";"None";"";"";"";"8.2"
"CHEMBL425132";"";"None";"496.66";"1";"5.66";"7e";"CC(=N)N1CCC(Oc2ccc3nc(C(C)(C)C)n(Cc4ccc5ccc(C(=N)N)cc5c4)c3c2)CC1";"Ki";"'='";"7.0";"nM";"8.15";"";"";"UO_0000065";"16.42";"0.30";"2.49";"7.84";"0";"CHEMBL815753";"In vitro inhibitory activity against bovine cationic trypsin";"B";"BAO_0000357";"single protein format";"Bos taurus";"None";"None";"None";"None";"";"";"";"CHEMBL3769";"Serine protease 1";"Bos taurus";"SINGLE PROTEIN";"CHEMBL1133358";"1";"Scientific Literature";"Bioorg Med Chem Lett";"2000";"None";"";"";"";"7.0"
"CHEMBL55035";"";"None";"372.47";"0";"3.86";"1";"N=C(N)c1ccc(/C=C2/CCCC/C(=C/c3ccc(C(=N)N)cc3)C2=O)cc1";"Ki";"'='";"30.0";"nM";"7.52";"";"";"UO_0000065";"20.20";"0.37";"3.66";"6.44";"0";"CHEMBL817575";"Compound was tested for inhibitory activity against bovine trypsin";"B";"BAO_0000357";"single protein format";"Bos taurus";"None";"None";"None";"None";"";"";"";"CHEMBL3769";"Serine protease 1";"Bos taurus";"SINGLE PROTEIN";"CHEMBL1130936";"1";"Scientific Literature";"Bioorg Med Chem Lett";"1998";"None";"";"";"";"30.0"
"CHEMBL25890";"";"None";"431.95";"0";"3.75";"1";"O=S(=O)(NCCc1cccc(OCCNc2ccncc2)c1)c1ccc(Cl)cc1";"Ki";"'>'";"500000.0";"nM";"";"Outside typical range";"";"UO_0000065";"";"";"";"";"0";"CHEMBL818253";"Tested for the Inhibition of the catalytic activity of bovine trypsin at 25 degree C and pH 7.5.";"B";"BAO_0000357";"single protein format";"Bos taurus";"None";"None";"None";"None";"";"";"";"CHEMBL3769";"Serine protease 1";"Bos taurus";"SINGLE PROTEIN";"CHEMBL1150979";"1";"Scientific Literature";"Bioorg Med Chem Lett";"1997";"None";"";"";"";"500.0"
"CHEMBL358910";"";"None";"373.46";"0";"3.68";"15c";"N=C(N)c1ccc(/C=C2/CCCC/C(=C/c3ccc(C(N)=O)cc3)C2=O)cc1";"Ki";"'='";"690.0";"nM";"6.16";"";"";"UO_0000065";"16.50";"0.30";"2.48";"5.60";"0";"CHEMBL815005";"In vitro inhibition of bovine trypsin(Trp).";"B";"BAO_0000357";"single protein format";"Bos taurus";"None";"None";"None";"None";"";"";"";"CHEMBL3769";"Serine protease 1";"Bos taurus";"SINGLE PROTEIN";"CHEMBL1132552";"1";"Scientific Literature";"J Med Chem";"1999";"None";"";"";"";"690.0"
"CHEMBL285311";"";"None";"214.27";"0";"2.57";"3";"c1ccc(OCCNc2ccncc2)cc1";"Ki";"'>'";"500000.0";"nM";"";"Outside typical range";"";"UO_0000065";"";"";"";"";"0";"CHEMBL818253";"Tested for the Inhibition of the catalytic activity of bovine trypsin at 25 degree C and pH 7.5.";"B";"BAO_0000357";"single protein format";"Bos taurus";"None";"None";"None";"None";"";"";"";"CHEMBL3769";"Serine protease 1";"Bos taurus";"SINGLE PROTEIN";"CHEMBL1150979";"1";"Scientific Literature";"Bioorg Med Chem Lett";"1997";"None";"";"";"";"500.0"
"CHEMBL48161";"";"None";"419.44";"0";"3.41";"6v";"CCOC(=O)c1ccc(Oc2cccc(C(=N)N)c2)nc1Oc1cccc(C(=N)N)c1";"Ki";"'='";"920.0";"nM";"6.04";"";"";"UO_0000065";"14.39";"0.27";"2.63";"3.84";"0";"CHEMBL817573";"Compound was tested for inhibition activity against bovine trypsin.";"B";"BAO_0000357";"single protein format";"Bos taurus";"None";"None";"None";"None";"";"";"";"CHEMBL3769";"Serine protease 1";"Bos taurus";"SINGLE PROTEIN";"CHEMBL1132209";"1";"Scientific Literature";"J Med Chem";"1999";"None";"";"";"";"920.0"
"CHEMBL441450";"";"None";"448.45";"0";"3.91";"4gg";"Cc1c(F)c(Oc2cccc(NS(C)(=O)=O)c2)nc(Oc2cccc(C(=N)N)c2)c1F";"Ki";"'='";"1900.0";"nM";"5.72";"";"";"UO_0000065";"12.76";"0.25";"1.81";"4.49";"0";"CHEMBL818251";"Inhibitory constant against bovine trypsin for general specificity against serine proteases";"B";"BAO_0000357";"single protein format";"Bos taurus";"None";"None";"None";"None";"";"";"";"CHEMBL3769";"Serine protease 1";"Bos taurus";"SINGLE PROTEIN";"CHEMBL1135740";"1";"Scientific Literature";"J Med Chem";"2002";"None";"";"";"";"1900.0"
"CHEMBL83175";"";"None";"472.45";"0";"3.95";"6e";"COc1c(O)cc(C(=N)N)cc1Oc1nc(Oc2cccc(C(=O)N(C)C)c2)c(F)c(C)c1F";"Ki";"'>'";"5000.0";"nM";"";"";"";"UO_0000065";"";"";"";"";"0";"CHEMBL818251";"Inhibitory constant against bovine trypsin for general specificity against serine proteases";"B";"BAO_0000357";"single protein format";"Bos taurus";"None";"None";"None";"None";"";"";"";"CHEMBL3769";"Serine protease 1";"Bos taurus";"SINGLE PROTEIN";"CHEMBL1135740";"1";"Scientific Literature";"J Med Chem";"2002";"None";"";"";"";"5000.0"
"CHEMBL104241";"";"None";"464.59";"0";"3.03";"table 4";"N=C(N)c1cccc(CC(NS(=O)(=O)c2ccc3ccccc3c2)C(=O)N2CCCCC2)c1";"Ki";"'='";"330.0";"nM";"6.48";"";"";"UO_0000065";"13.95";"0.27";"3.45";"5.57";"0";"CHEMBL819016";"Inhibitory activity against bovine trypsin expressed as dissociation constant";"B";"BAO_0000357";"single protein format";"Bos taurus";"None";"None";"None";"None";"";"";"";"CHEMBL3769";"Serine protease 1";"Bos taurus";"SINGLE PROTEIN";"CHEMBL1131451";"1";"Scientific Literature";"J Med Chem";"1998";"None";"";"";"";"0.33"
"CHEMBL351688";"";"None";"507.57";"1";"2.29";"6";"COC[C@H]1ON=C(c2cccc(C(=N)N)c2)[C@@H]1C(=O)Nc1ccc(-c2ccccc2S(N)(=O)=O)cc1";"Ki";"'='";"190.0";"nM";"6.72";"";"";"UO_0000065";"13.24";"0.25";"4.43";"3.95";"0";"CHEMBL817587";"Inhibitory activity against trypsin";"B";"BAO_0000357";"single protein format";"Bos taurus";"None";"None";"None";"None";"";"";"";"CHEMBL3769";"Serine protease 1";"Bos taurus";"SINGLE PROTEIN";"CHEMBL1133078";"1";"Scientific Literature";"Bioorg Med Chem Lett";"2000";"None";"";"";"";"190.0"
"CHEMBL102009";"";"None";"263.30";"0";"2.68";"13";"N=C(N)c1ccc2c(C(=O)c3ccccc3)c[nH]c2c1";"Ki";"'>'";"100000.0";"nM";"";"";"";"UO_0000065";"";"";"";"";"0";"CHEMBL817581";"Inhibition constant against bovine trypsin";"B";"BAO_0000357";"single protein format";"Bos taurus";"None";"None";"None";"None";"";"";"";"CHEMBL3769";"Serine protease 1";"Bos taurus";"SINGLE PROTEIN";"CHEMBL1122336";"1";"Scientific Literature";"J Med Chem";"1983";"None";"";"";"";"100.0"
"CHEMBL321960";"";"None";"215.26";"0";"2.04";"14";"CCC(=O)c1cc2ccc(C(=N)N)cc2[nH]1";"Ki";"'='";"15300.0";"nM";"4.82";"";"";"UO_0000065";"22.37";"0.41";"2.78";"5.82";"0";"CHEMBL817581";"Inhibition constant against bovine trypsin";"B";"BAO_0000357";"single protein format";"Bos taurus";"None";"None";"None";"None";"";"";"";"CHEMBL3769";"Serine protease 1";"Bos taurus";"SINGLE PROTEIN";"CHEMBL1122336";"1";"Scientific Literature";"J Med Chem";"1983";"None";"";"";"";"15.3"
"CHEMBL128560";"";"None";"426.50";"0";"2.94";"13";"Cc1cc(OCC/C=N/N=C(N)N)cc(OS(=O)(=O)c2cccc3ccccc23)c1";"Ki";"'='";"45000.0";"nM";"4.35";"";"";"UO_0000065";"10.19";"0.20";"1.41";"3.36";"0";"CHEMBL817572";"Inhibitory constant against human trypsin";"B";"BAO_0000357";"single protein format";"Bos taurus";"None";"None";"None";"None";"";"";"";"CHEMBL3769";"Serine protease 1";"Bos taurus";"SINGLE PROTEIN";"CHEMBL1132849";"1";"Scientific Literature";"Bioorg Med Chem Lett";"2000";"None";"";"";"";"45.0"
"CHEMBL283765";"";"None";"468.56";"0";"3.56";"7";"N=C(N)c1cccc(C(=O)N[C@@H](C(=O)N2CCC(C(=O)c3ccccc3)CC2)c2ccccc2)c1";"Ki";"'='";"980.0";"nM";"6.01";"";"";"UO_0000065";"12.82";"0.23";"2.45";"5.16";"0";"CHEMBL844336";"Inhibitory concentration against bovine trypsin";"B";"BAO_0000357";"single protein format";"Bos taurus";"None";"None";"None";"None";"";"";"";"CHEMBL3769";"Serine protease 1";"Bos taurus";"SINGLE PROTEIN";"CHEMBL1135884";"1";"Scientific Literature";"J Med Chem";"2002";"None";"";"";"";"980.0"
"CHEMBL79529";"";"None";"459.46";"0";"4.06";"7j";"Cc1cn(C)c(-c2cccc(Oc3cc(C(=O)O)cc(Oc4cc(C(=N)N)ccc4O)n3)c2)n1";"Ki";"'='";"470.0";"nM";"6.33";"";"";"UO_0000065";"13.77";"0.25";"2.27";"4.04";"0";"CHEMBL818251";"Inhibitory constant against bovine trypsin for general specificity against serine proteases";"B";"BAO_0000357";"single protein format";"Bos taurus";"None";"None";"None";"None";"";"";"";"CHEMBL3769";"Serine protease 1";"Bos taurus";"SINGLE PROTEIN";"CHEMBL1135740";"1";"Scientific Literature";"J Med Chem";"2002";"None";"";"";"";"470.0"
"CHEMBL20733";"";"None";"450.54";"0";"1.98";"9";"N=C(N)c1cccc(C(=O)N[C@@H](C(=O)OCCC2CCN(C(=N)N)CC2)c2ccccc2)c1";"Ki";"'='";"1600.0";"nM";"5.80";"";"";"UO_0000065";"12.86";"0.24";"3.82";"3.66";"0";"CHEMBL844336";"Inhibitory concentration against bovine trypsin";"B";"BAO_0000357";"single protein format";"Bos taurus";"None";"None";"None";"None";"";"";"";"CHEMBL3769";"Serine protease 1";"Bos taurus";"SINGLE PROTEIN";"CHEMBL1135884";"1";"Scientific Literature";"J Med Chem";"2002";"None";"";"";"";"1.6"
"CHEMBL345492";"";"None";"431.50";"0";"2.76";"11c";"CCOC(=O)N1C/C(=C/c2ccc(C(=N)N)cc2)C(=O)/C(=C\c2ccc(C(=N)N)cc2)C1";"Ki";"'='";"20.0";"nM";"7.70";"";"";"UO_0000065";"17.84";"0.33";"4.94";"5.26";"0";"CHEMBL618434";"In vitro inhibition of bovine trypsin(Trp).";"B";"BAO_0000357";"single protein format";"Bos taurus";"None";"None";"None";"None";"";"";"";"CHEMBL3769";"Serine protease 1";"Bos taurus";"SINGLE PROTEIN";"CHEMBL1132552";"1";"Scientific Literature";"J Med Chem";"1999";"None";"";"";"";"20.0"
"CHEMBL151480";"";"None";"373.46";"0";"3.68";"15b";"N=C(N)c1ccc(/C=C2\CCCC/C(=C/c3ccc(C(N)=O)cc3)C2=O)cc1";"Ki";"'='";"500.0";"nM";"6.30";"";"";"UO_0000065";"16.87";"0.31";"2.62";"5.73";"0";"CHEMBL815005";"In vitro inhibition of bovine trypsin(Trp).";"B";"BAO_0000357";"single protein format";"Bos taurus";"None";"None";"None";"None";"";"";"";"CHEMBL3769";"Serine protease 1";"Bos taurus";"SINGLE PROTEIN";"CHEMBL1132552";"1";"Scientific Literature";"J Med Chem";"1999";"None";"";"";"";"500.0"
"CHEMBL150962";"";"None";"344.42";"0";"3.08";"2a";"N=C(N)c1ccc(/C=C2\CC/C(=C\c3ccc(C(=N)N)cc3)C2=O)cc1";"Ki";"'='";"590.0";"nM";"6.23";"";"";"UO_0000065";"18.09";"0.33";"3.15";"5.33";"0";"CHEMBL815005";"In vitro inhibition of bovine trypsin(Trp).";"B";"BAO_0000357";"single protein format";"Bos taurus";"None";"None";"None";"None";"";"";"";"CHEMBL3769";"Serine protease 1";"Bos taurus";"SINGLE PROTEIN";"CHEMBL1132552";"1";"Scientific Literature";"J Med Chem";"1999";"None";"";"";"";"590.0"
"CHEMBL357083";"";"None";"428.58";"1";"5.07";"18c";"CN(C)C(=N)c1ccc(/C=C2/CCCC/C(=C/c3ccc(C(=N)N(C)C)cc3)C2=O)cc1";"Ki";"'>'";"5000.0";"nM";"";"";"";"UO_0000065";"";"";"";"";"0";"CHEMBL815005";"In vitro inhibition of bovine trypsin(Trp).";"B";"BAO_0000357";"single protein format";"Bos taurus";"None";"None";"None";"None";"";"";"";"CHEMBL3769";"Serine protease 1";"Bos taurus";"SINGLE PROTEIN";"CHEMBL1132552";"1";"Scientific Literature";"J Med Chem";"1999";"None";"";"";"";"5000.0"
"CHEMBL357795";"";"None";"400.53";"0";"4.65";"5b";"N=C(N)c1ccc(/C=C2/CCCCCC/C(=C\c3ccc(C(=N)N)cc3)C2=O)cc1";"Ki";"'='";"340.0";"nM";"6.47";"";"";"UO_0000065";"16.15";"0.29";"1.82";"5.54";"0";"CHEMBL815005";"In vitro inhibition of bovine trypsin(Trp).";"B";"BAO_0000357";"single protein format";"Bos taurus";"None";"None";"None";"None";"";"";"";"CHEMBL3769";"Serine protease 1";"Bos taurus";"SINGLE PROTEIN";"CHEMBL1132552";"1";"Scientific Literature";"J Med Chem";"1999";"None";"";"";"";"340.0"
"CHEMBL149410";"";"None";"434.54";"0";"4.87";"10a";"N=C(N)c1ccc(/C=C2\CC(c3ccccc3)C/C(=C\c3ccc(C(=N)N)cc3)C2=O)cc1";"Ki";"'='";"56.0";"nM";"7.25";"";"";"UO_0000065";"16.69";"0.30";"2.38";"6.21";"0";"CHEMBL618434";"In vitro inhibition of bovine trypsin(Trp).";"B";"BAO_0000357";"single protein format";"Bos taurus";"None";"None";"None";"None";"";"";"";"CHEMBL3769";"Serine protease 1";"Bos taurus";"SINGLE PROTEIN";"CHEMBL1132552";"1";"Scientific Literature";"J Med Chem";"1999";"None";"";"";"";"56.0"
"CHEMBL83675";"";"None";"398.41";"0";"4.60";"4cc";"Cc1c(F)c(Oc2cccc(C(=N)N)c2)nc(Oc2cccc(N(C)C)c2)c1F";"Ki";"'='";"1900.0";"nM";"5.72";"";"";"UO_0000065";"14.36";"0.27";"1.12";"6.77";"1";"CHEMBL818251";"Inhibitory constant against bovine trypsin for general specificity against serine proteases";"B";"BAO_0000357";"single protein format";"Bos taurus";"None";"None";"None";"None";"";"";"";"CHEMBL3769";"Serine protease 1";"Bos taurus";"SINGLE PROTEIN";"CHEMBL1135740";"1";"Scientific Literature";"J Med Chem";"2002";"None";"";"";"";"1900.0"
"CHEMBL440311";"";"None";"426.42";"0";"3.95";"4u";"Cc1c(F)c(Oc2cccc(CCC(N)=O)c2)nc(Oc2cccc(C(=N)N)c2)c1F";"Ki";"'>'";"5000.0";"nM";"";"";"";"UO_0000065";"";"";"";"";"0";"CHEMBL818251";"Inhibitory constant against bovine trypsin for general specificity against serine proteases";"B";"BAO_0000357";"single protein format";"Bos taurus";"None";"None";"None";"None";"";"";"";"CHEMBL3769";"Serine protease 1";"Bos taurus";"SINGLE PROTEIN";"CHEMBL1135740";"1";"Scientific Literature";"J Med Chem";"2002";"None";"";"";"";"5000.0"
"CHEMBL26490";"";"None";"159.19";"0";"1.45";"7";"N=C(N)c1ccc2[nH]ccc2c1";"Ki";"'='";"29100.0";"nM";"4.54";"";"";"UO_0000065";"28.49";"0.52";"3.09";"6.91";"0";"CHEMBL817581";"Inhibition constant against bovine trypsin";"B";"BAO_0000357";"single protein format";"Bos taurus";"None";"None";"None";"None";"";"";"";"CHEMBL3769";"Serine protease 1";"Bos taurus";"SINGLE PROTEIN";"CHEMBL1122336";"1";"Scientific Literature";"J Med Chem";"1983";"None";"";"";"";"29.1"
"CHEMBL83205";"";"None";"511.62";"1";"3.06";"2";"CN(C(=O)[C@H](Cc1ccc(C(=N)NN)c(F)c1)NS(=O)(=O)c1ccc2ccccc2c1)C1CCCC1";"Ki";"'='";"25000.0";"nM";"4.60";"";"";"UO_0000065";"9.00";"0.17";"1.54";"3.58";"0";"CHEMBL817589";"Inhibitory constant against bovine trypsin was determined in vitro.";"B";"BAO_0000357";"single protein format";"Bos taurus";"None";"None";"None";"None";"";"";"";"CHEMBL3769";"Serine protease 1";"Bos taurus";"SINGLE PROTEIN";"CHEMBL1132097";"1";"Scientific Literature";"Bioorg Med Chem Lett";"1999";"None";"";"";"";"25.0"
"CHEMBL1160766";"";"None";"153.16";"0";"1.13";"12";"N=C(N)Nc1ccc(F)cc1";"Ki";"'='";"807235.03";"nM";"";"Outside typical range";"";"UO_0000065";"";"";"";"";"0";"CHEMBL815775";"log1/Ki value was calculated against Trypsin";"B";"BAO_0000357";"single protein format";"Bos taurus";"None";"None";"None";"None";"";"";"";"CHEMBL3769";"Serine protease 1";"Bos taurus";"SINGLE PROTEIN";"CHEMBL1125001";"1";"Scientific Literature";"J Med Chem";"1990";"None";"";"";"";"3.093"
"CHEMBL44236";"";"None";"203.17";"0";"2.01";"7";"N=C(N)Nc1cccc(C(F)(F)F)c1";"Ki";"'='";"10700000.0";"nM";"";"Outside typical range";"";"UO_0000065";"";"";"";"";"0";"CHEMBL815752";"Inhibition against Trypsin";"B";"BAO_0000357";"single protein format";"Bos taurus";"None";"None";"None";"None";"";"";"";"CHEMBL3769";"Serine protease 1";"Bos taurus";"SINGLE PROTEIN";"CHEMBL1125001";"1";"Scientific Literature";"J Med Chem";"1990";"None";"";"";"";"10.7"
"CHEMBL1160765";"";"None";"193.21";"0";"0.78";"13";"COC(=O)c1ccc(NC(=N)N)cc1";"Ki";"'='";"652000.0";"nM";"";"Outside typical range";"";"UO_0000065";"";"";"";"";"0";"CHEMBL815752";"Inhibition against Trypsin";"B";"BAO_0000357";"single protein format";"Bos taurus";"None";"None";"None";"None";"";"";"";"CHEMBL3769";"Serine protease 1";"Bos taurus";"SINGLE PROTEIN";"CHEMBL1125001";"1";"Scientific Literature";"J Med Chem";"1990";"None";"";"";"";"0.652"
"CHEMBL309879";"";"None";"445.44";"0";"3.85";"7g";"Cc1nccn1-c1cccc(Oc2cc(C(=O)O)cc(Oc3cc(C(=N)N)ccc3O)n2)c1";"Ki";"'='";"580.0";"nM";"6.24";"";"";"UO_0000065";"14.00";"0.26";"2.39";"3.98";"0";"CHEMBL818251";"Inhibitory constant against bovine trypsin for general specificity against serine proteases";"B";"BAO_0000357";"single protein format";"Bos taurus";"None";"None";"None";"None";"";"";"";"CHEMBL3769";"Serine protease 1";"Bos taurus";"SINGLE PROTEIN";"CHEMBL1135740";"1";"Scientific Literature";"J Med Chem";"2002";"None";"";"";"";"580.0"
"CHEMBL49295";"";"None";"404.43";"0";"3.19";"6k";"CC(=O)Nc1ccc(Oc2cccc(C(=N)N)c2)nc1Oc1cccc(C(=N)N)c1";"Ki";"'='";"1200.0";"nM";"5.92";"";"";"UO_0000065";"14.64";"0.27";"2.73";"3.70";"0";"CHEMBL817573";"Compound was tested for inhibition activity against bovine trypsin.";"B";"BAO_0000357";"single protein format";"Bos taurus";"None";"None";"None";"None";"";"";"";"CHEMBL3769";"Serine protease 1";"Bos taurus";"SINGLE PROTEIN";"CHEMBL1132209";"1";"Scientific Literature";"J Med Chem";"1999";"None";"";"";"";"1200.0"
"CHEMBL338788";"";"None";"618.59";"1";"3.93";"14a";"Cc1cc(N)nc(C)c1CNC(=O)[C@@H]1CCCN1C(=O)[C@@H](Cc1ccc(Cl)c(Cl)c1)NS(=O)(=O)Cc1ccccc1";"Ki";"'='";"8900.0";"nM";"5.05";"";"";"UO_0000065";"8.16";"0.17";"1.12";"3.76";"0";"CHEMBL817580";"In vitro inhibitory activity against bovine trypsin";"B";"BAO_0000357";"single protein format";"Bos taurus";"None";"None";"None";"None";"";"";"";"CHEMBL3769";"Serine protease 1";"Bos taurus";"SINGLE PROTEIN";"CHEMBL1130400";"1";"Scientific Literature";"J Med Chem";"1997";"None";"";"";"";"8900.0"
"CHEMBL282830";"";"None";"548.72";"1";"1.86";"19g MOL144";"N=C(N)NCCC[C@H](NC(=O)[C@@H]1CCN2CC[C@@](N)(Cc3ccccc3)CN12)C(=O)c1nc2ccccc2s1";"Ki";"'='";"0.64";"nM";"9.19";"";"";"UO_0000065";"16.76";"0.32";"7.33";"5.99";"0";"CHEMBL818250";"Inhibitory concentration against trypsin.";"B";"BAO_0000357";"single protein format";"Bos taurus";"None";"None";"None";"None";"";"";"";"CHEMBL3769";"Serine protease 1";"Bos taurus";"SINGLE PROTEIN";"CHEMBL1132633";"1";"Scientific Literature";"J Med Chem";"1999";"None";"";"";"";"0.64"
"CHEMBL453539";"";"None";"1513.81";"None";"None";"SFTI-1";"CC[C@H](C)[C@@H]1NC(=O)[C@@H]2CCCN2C(=O)[C@@H]2CCCN2C(=O)[C@H]([C@@H](C)CC)NC(=O)[C@H](CO)NC(=O)[C@H](CCCCN)NC(=O)[C@H]([C@@H](C)O)NC(=O)[C@@H]2CSSC[C@H](NC1=O)C(=O)N[C@@H](Cc1ccccc1)C(=O)N1CCC[C@H]1C(=O)N[C@@H](CC(=O)O)C(=O)NCC(=O)N[C@@H](CCCNC(=N)N)C(=O)N2";"Ki";"'='";"0.008";"nM";"";"Outside typical range";"";"UO_0000065";"";"";"";"";"0";"CHEMBL4156167";"Inhibition of bovine beta-trypsin using Boc-QAR-MCA as substrate measured every 30 secs for 10 mins";"B";"BAO_0000357";"single protein format";"Bos taurus";"None";"None";"None";"None";"";"";"";"CHEMBL3769";"Serine protease 1";"Bos taurus";"SINGLE PROTEIN";"CHEMBL4152317";"1";"Scientific Literature";"Eur J Med Chem";"2018";"None";"";"";"";"0.008"
"CHEMBL4164510";"";"None";"1597.89";"None";"None";"SFTI-Nal7";"CC[C@H](C)[C@@H]1NC(=O)[C@@H]2CCCN2C(=O)[C@@H]2CCCN2C(=O)[C@H](Cc2ccc3ccccc3c2)NC(=O)[C@H](CO)NC(=O)[C@H](CCCCN)NC(=O)[C@H]([C@@H](C)O)NC(=O)[C@@H]2CSSC[C@H](NC1=O)C(=O)N[C@@H](Cc1ccccc1)C(=O)N1CCC[C@H]1C(=O)N[C@@H](CC(=O)O)C(=O)NCC(=O)N[C@@H](CCCNC(=N)N)C(=O)N2";"Ki";"'='";"0.046";"nM";"10.34";"";"";"UO_0000065";"6.47";"None";"None";"None";"0";"CHEMBL4156167";"Inhibition of bovine beta-trypsin using Boc-QAR-MCA as substrate measured every 30 secs for 10 mins";"B";"BAO_0000357";"single protein format";"Bos taurus";"None";"None";"None";"None";"";"";"";"CHEMBL3769";"Serine protease 1";"Bos taurus";"SINGLE PROTEIN";"CHEMBL4152317";"1";"Scientific Literature";"Eur J Med Chem";"2018";"None";"";"";"";"0.046"
"CHEMBL610";"PHENETHYLAMINE";"None";"121.18";"0";"1.19";"TPB1";"NCCc1ccccc1";"Ki";"'='";"11000.0";"nM";"4.96";"";"";"UO_0000065";"40.92";"0.75";"3.77";"19.06";"0";"CHEMBL817760";"Binding affinity against bovine trypsin";"B";"BAO_0000357";"single protein format";"Bos taurus";"None";"None";"None";"None";"";"";"";"CHEMBL3769";"Serine protease 1";"Bos taurus";"SINGLE PROTEIN";"CHEMBL1135460";"1";"Scientific Literature";"J Med Chem";"2002";"None";"";"";"";"11.0"
"CHEMBL544131";"";"None";"439.97";"0";"0.84";"3a";"Cl.N=C(N)N1CCCC(CNC(=O)CNS(=O)(=O)c2ccc3ccccc3c2)C1";"Ki";"'='";"75000.0";"nM";"4.12";"";"";"UO_0000065";"10.22";"0.20";"3.28";"3.21";"0";"CHEMBL878759";"In vitro binding affinity by measuring the inhibition of bovine trypsin";"B";"BAO_0000357";"single protein format";"Bos taurus";"None";"None";"None";"None";"";"";"";"CHEMBL3769";"Serine protease 1";"Bos taurus";"SINGLE PROTEIN";"CHEMBL1127404";"1";"Scientific Literature";"J Med Chem";"1994";"None";"";"";"";"75.0"
"CHEMBL1161250";"";"None";"508.60";"1";"2.34";"55";"N=C(N)c1cccc(C[C@H](NS(=O)(=O)c2ccc3ccccc3c2)C(=O)N2CCC[C@H](C(=O)O)C2)c1";"Ki";"'='";"436.52";"nM";"6.36";"";"";"UO_0000065";"12.50";"0.24";"4.02";"4.14";"0";"CHEMBL821446";"Binding affinity towards trypsin";"B";"BAO_0000357";"single protein format";"Bos taurus";"None";"None";"None";"None";"";"";"";"CHEMBL3769";"Serine protease 1";"Bos taurus";"SINGLE PROTEIN";"CHEMBL1132189";"1";"Scientific Literature";"J Med Chem";"1999";"None";"";"";"";"6.36"
"CHEMBL50714";"";"None";"415.38";"0";"4.25";"6q";"N=C(N)c1cccc(Oc2ccc(C(F)(F)F)c(Oc3cccc(C(=N)N)c3)n2)c1";"Ki";"'='";"780.0";"nM";"6.11";"";"";"UO_0000065";"14.70";"0.28";"1.86";"4.66";"0";"CHEMBL817573";"Compound was tested for inhibition activity against bovine trypsin.";"B";"BAO_0000357";"single protein format";"Bos taurus";"None";"None";"None";"None";"";"";"";"CHEMBL3769";"Serine protease 1";"Bos taurus";"SINGLE PROTEIN";"CHEMBL1132209";"1";"Scientific Literature";"J Med Chem";"1999";"None";"";"";"";"780.0"
"CHEMBL285140";"";"None";"520.68";"1";"1.12";"19a MOL106";"NCCCC[C@H](NC(=O)[C@@H]1CCN2CC[C@@](N)(Cc3ccccc3)CN12)C(=O)C(=O)NCc1ccccc1";"Ki";"";"";"nM";"";"";"Not Determined";"UO_0000065";"";"";"";"";"0";"CHEMBL878754";"Inhibitory concentration against trypsin; Not determined";"B";"BAO_0000357";"single protein format";"Bos taurus";"None";"None";"None";"None";"";"";"";"CHEMBL3769";"Serine protease 1";"Bos taurus";"SINGLE PROTEIN";"CHEMBL1132633";"1";"Scientific Literature";"J Med Chem";"1999";"None";"";"";"";""
"CHEMBL48604";"";"None";"391.39";"0";"2.93";"6aa";"N=C(N)c1cccc(Oc2cc(C(=O)O)cc(Oc3cccc(C(=N)N)c3)n2)c1";"Ki";"'='";"570.0";"nM";"6.24";"";"";"UO_0000065";"15.95";"0.29";"3.31";"3.71";"1";"CHEMBL817573";"Compound was tested for inhibition activity against bovine trypsin.";"B";"BAO_0000357";"single protein format";"Bos taurus";"None";"None";"None";"None";"";"";"";"CHEMBL3769";"Serine protease 1";"Bos taurus";"SINGLE PROTEIN";"CHEMBL1132209";"1";"Scientific Literature";"J Med Chem";"1999";"None";"";"";"";"570.0"
"CHEMBL48864";"";"None";"416.27";"0";"4.54";"6f";"N=C(N)c1cccc(Oc2nc(Oc3cccc(C(=N)N)c3)c(Cl)cc2Cl)c1";"Ki";"'='";"2100.0";"nM";"5.68";"";"";"UO_0000065";"13.64";"0.28";"1.14";"4.33";"1";"CHEMBL817573";"Compound was tested for inhibition activity against bovine trypsin.";"B";"BAO_0000357";"single protein format";"Bos taurus";"None";"None";"None";"None";"";"";"";"CHEMBL3769";"Serine protease 1";"Bos taurus";"SINGLE PROTEIN";"CHEMBL1132209";"1";"Scientific Literature";"J Med Chem";"1999";"None";"";"";"";"2100.0"
"CHEMBL552683";"";"None";"539.15";"1";"2.27";"3";"CC/N=C(/N)NCCCC(NS(=O)(=O)c1cccc2c(N(C)C)cccc12)C(=O)N1CCCCC1.Cl";"Ki";"'='";"337000.0";"nM";"";"Outside typical range";"";"UO_0000065";"";"";"";"";"0";"CHEMBL817621";"Binding affinity determined against trypsin by Dixon method";"B";"BAO_0000357";"single protein format";"Bos taurus";"None";"None";"None";"None";"";"";"";"CHEMBL3769";"Serine protease 1";"Bos taurus";"SINGLE PROTEIN";"CHEMBL1133878";"1";"Scientific Literature";"Bioorg Med Chem Lett";"2001";"None";"";"";"";"337.0"
"CHEMBL84065";"";"None";"447.45";"0";"3.05";"7l";"CN1CCN=C1c1cccc(Oc2cc(C(=O)O)cc(Oc3cc(C(=N)N)ccc3O)n2)c1";"Ki";"'='";"220.0";"nM";"6.66";"";"";"UO_0000065";"14.88";"0.28";"3.61";"4.31";"1";"CHEMBL818251";"Inhibitory constant against bovine trypsin for general specificity against serine proteases";"B";"BAO_0000357";"single protein format";"Bos taurus";"None";"None";"None";"None";"";"";"";"CHEMBL3769";"Serine protease 1";"Bos taurus";"SINGLE PROTEIN";"CHEMBL1135740";"1";"Scientific Literature";"J Med Chem";"2002";"None";"";"";"";"220.0"
"CHEMBL4170662";"";"None";"1625.90";"None";"None";"SFTI-Arg5Nal7";"CC[C@H](C)[C@@H]1NC(=O)[C@@H]2CCCN2C(=O)[C@@H]2CCCN2C(=O)[C@H](Cc2ccc3ccccc3c2)NC(=O)[C@H](CO)NC(=O)[C@H](CCCNC(=N)N)NC(=O)[C@H]([C@@H](C)O)NC(=O)[C@@H]2CSSC[C@H](NC1=O)C(=O)N[C@@H](Cc1ccccc1)C(=O)N1CCC[C@H]1C(=O)N[C@@H](CC(=O)O)C(=O)NCC(=O)N[C@@H](CCCNC(=N)N)C(=O)N2";"Ki";"'='";"0.23";"nM";"9.64";"";"";"UO_0000065";"5.93";"None";"None";"None";"0";"CHEMBL4156167";"Inhibition of bovine beta-trypsin using Boc-QAR-MCA as substrate measured every 30 secs for 10 mins";"B";"BAO_0000357";"single protein format";"Bos taurus";"None";"None";"None";"None";"";"";"";"CHEMBL3769";"Serine protease 1";"Bos taurus";"SINGLE PROTEIN";"CHEMBL4152317";"1";"Scientific Literature";"Eur J Med Chem";"2018";"None";"";"";"";"0.23"
"CHEMBL73193";"FIDEXABAN";"2.0";"526.50";"1";"3.15";"2";"CN1CCN=C1c1cccc(Oc2nc(Oc3cc(C(=N)N)ccc3O)c(F)c(N(C)CC(=O)O)c2F)c1";"Ki";"'='";"280.0";"nM";"6.55";"";"";"UO_0000065";"12.45";"0.24";"3.40";"4.16";"1";"CHEMBL817592";"Inhibitory potency was measured against bovine trypsin.";"B";"BAO_0000357";"single protein format";"Bos taurus";"None";"None";"None";"None";"";"";"";"CHEMBL3769";"Serine protease 1";"Bos taurus";"SINGLE PROTEIN";"CHEMBL1131090";"1";"Scientific Literature";"J Med Chem";"1998";"None";"";"";"";"280.0"
"CHEMBL1160763";"";"None";"214.07";"0";"1.75";"16";"N=C(N)Nc1ccc(Br)cc1";"Ki";"'='";"2780000.0";"nM";"";"Outside typical range";"";"UO_0000065";"";"";"";"";"0";"CHEMBL815752";"Inhibition against Trypsin";"B";"BAO_0000357";"single protein format";"Bos taurus";"None";"None";"None";"None";"";"";"";"CHEMBL3769";"Serine protease 1";"Bos taurus";"SINGLE PROTEIN";"CHEMBL1125001";"1";"Scientific Literature";"J Med Chem";"1990";"None";"";"";"";"2.78"
"CHEMBL150309";"";"None";"386.50";"0";"4.25";"4a";"N=C(N)c1ccc(/C=C2\CCCCC/C(=C\c3ccc(C(=N)N)cc3)C2=O)cc1";"Ki";"'='";"310.0";"nM";"6.51";"";"";"UO_0000065";"16.84";"0.31";"2.26";"5.57";"0";"CHEMBL815005";"In vitro inhibition of bovine trypsin(Trp).";"B";"BAO_0000357";"single protein format";"Bos taurus";"None";"None";"None";"None";"";"";"";"CHEMBL3769";"Serine protease 1";"Bos taurus";"SINGLE PROTEIN";"CHEMBL1132552";"1";"Scientific Literature";"J Med Chem";"1999";"None";"";"";"";"310.0"
"CHEMBL348671";"";"None";"431.50";"0";"2.76";"11a";"CCOC(=O)N1C/C(=C\c2ccc(C(=N)N)cc2)C(=O)/C(=C/c2ccc(C(=N)N)cc2)C1";"Ki";"'='";"125.0";"nM";"6.90";"";"";"UO_0000065";"16.00";"0.29";"4.14";"4.72";"0";"CHEMBL815005";"In vitro inhibition of bovine trypsin(Trp).";"B";"BAO_0000357";"single protein format";"Bos taurus";"None";"None";"None";"None";"";"";"";"CHEMBL3769";"Serine protease 1";"Bos taurus";"SINGLE PROTEIN";"CHEMBL1132552";"1";"Scientific Literature";"J Med Chem";"1999";"None";"";"";"";"125.0"
"CHEMBL102141";"";"None";"325.80";"0";"2.91";"16";"N=C(N)c1ccc(Cn2ccc3cc(C(=N)N)ccc32)c(Cl)c1";"Ki";"'='";"5310.0";"nM";"5.28";"";"";"UO_0000065";"16.19";"0.31";"2.36";"5.04";"0";"CHEMBL817581";"Inhibition constant against bovine trypsin";"B";"BAO_0000357";"single protein format";"Bos taurus";"None";"None";"None";"None";"";"";"";"CHEMBL3769";"Serine protease 1";"Bos taurus";"SINGLE PROTEIN";"CHEMBL1122336";"1";"Scientific Literature";"J Med Chem";"1983";"None";"";"";"";"5.31"
"CHEMBL358526";"";"None";"470.64";"0";"3.04";"23";"Cc1cc(C)c(S(=O)(=O)N[C@@H](Cc2cccc(C(=N)N)c2)C(=O)N2CCC(C)CC2)c(C)c1";"Ki";"'='";"3999.45";"nM";"5.40";"";"";"UO_0000065";"11.47";"0.22";"2.36";"4.64";"0";"CHEMBL821446";"Binding affinity towards trypsin";"B";"BAO_0000357";"single protein format";"Bos taurus";"None";"None";"None";"None";"";"";"";"CHEMBL3769";"Serine protease 1";"Bos taurus";"SINGLE PROTEIN";"CHEMBL1132189";"1";"Scientific Literature";"J Med Chem";"1999";"None";"";"";"";"5.398"
"CHEMBL27852";"";"None";"547.73";"1";"2.79";"19i MOL168";"N=C(N)NCCC[C@H](NC(=O)[C@@H]1CCC2CC[C@@](N)(Cc3ccccc3)CN21)C(=O)c1nc2ccccc2s1";"Ki";"";"";"nM";"";"";"Not Determined";"UO_0000065";"";"";"";"";"0";"CHEMBL878754";"Inhibitory concentration against trypsin; Not determined";"B";"BAO_0000357";"single protein format";"Bos taurus";"None";"None";"None";"None";"";"";"";"CHEMBL3769";"Serine protease 1";"Bos taurus";"SINGLE PROTEIN";"CHEMBL1132633";"1";"Scientific Literature";"J Med Chem";"1999";"None";"";"";"";""
"CHEMBL135724";"";"None";"490.30";"0";"3.10";"4";"N=C(N)Nc1ccc(C2C/C(=C/I)OC(=O)C2NC(=O)c2ccccc2)cc1";"Ki";"'='";"670.0";"nM";"6.17";"";"";"UO_0000065";"12.59";"0.30";"3.07";"5.26";"0";"CHEMBL817576";"Compound was tested for its binding affinity against the enzyme trypsin";"B";"BAO_0000357";"single protein format";"Bos taurus";"None";"None";"None";"None";"";"";"";"CHEMBL3769";"Serine protease 1";"Bos taurus";"SINGLE PROTEIN";"CHEMBL1125358";"1";"Scientific Literature";"J Med Chem";"1992";"None";"";"";"";"0.67"
"CHEMBL48827";"";"None";"419.44";"0";"3.41";"6z";"CCOC(=O)c1cc(Oc2cccc(C(=N)N)c2)nc(Oc2cccc(C(=N)N)c2)c1";"Ki";"'='";"800.0";"nM";"6.10";"";"";"UO_0000065";"14.54";"0.27";"2.69";"3.87";"0";"CHEMBL817573";"Compound was tested for inhibition activity against bovine trypsin.";"B";"BAO_0000357";"single protein format";"Bos taurus";"None";"None";"None";"None";"";"";"";"CHEMBL3769";"Serine protease 1";"Bos taurus";"SINGLE PROTEIN";"CHEMBL1132209";"1";"Scientific Literature";"J Med Chem";"1999";"None";"";"";"";"800.0"
"CHEMBL176491";"";"None";"593.71";"1";"1.54";"4";"CN[C@H](Cc1ccccc1)C(=O)N1CCC[C@H]1C(=O)NC(CCCN=C(N)N)C(=O)c1nc2ccc(C(=O)O)cc2s1";"Ki";"'='";"2.7";"nM";"8.57";"";"";"UO_0000065";"14.43";"0.28";"7.03";"4.44";"0";"CHEMBL828215";"Binding affinity against bovine trypsin";"B";"BAO_0000357";"single protein format";"Bos taurus";"None";"None";"None";"None";"";"";"";"CHEMBL3769";"Serine protease 1";"Bos taurus";"SINGLE PROTEIN";"CHEMBL1142732";"1";"Scientific Literature";"J Med Chem";"2005";"None";"";"";"";"2.7"
"CHEMBL82006";"";"None";"407.39";"1";"2.64";"7b";"N=C(N)c1cccc(Oc2cc(C(=O)O)cc(Oc3cc(C(=N)N)ccc3O)n2)c1";"Ki";"'='";"520.0";"nM";"6.28";"";"";"UO_0000065";"15.43";"0.29";"3.64";"3.33";"0";"CHEMBL818251";"Inhibitory constant against bovine trypsin for general specificity against serine proteases";"B";"BAO_0000357";"single protein format";"Bos taurus";"None";"None";"None";"None";"";"";"";"CHEMBL3769";"Serine protease 1";"Bos taurus";"SINGLE PROTEIN";"CHEMBL1135740";"1";"Scientific Literature";"J Med Chem";"2002";"None";"";"";"";"520.0"
"CHEMBL83743";"";"None";"384.39";"0";"4.00";"4y";"Cc1c(F)c(Oc2cccc(CN)c2)nc(Oc2cccc(C(=N)N)c2)c1F";"Ki";"'='";"2900.0";"nM";"5.54";"";"";"UO_0000065";"14.41";"0.27";"1.54";"5.16";"0";"CHEMBL818251";"Inhibitory constant against bovine trypsin for general specificity against serine proteases";"B";"BAO_0000357";"single protein format";"Bos taurus";"None";"None";"None";"None";"";"";"";"CHEMBL3769";"Serine protease 1";"Bos taurus";"SINGLE PROTEIN";"CHEMBL1135740";"1";"Scientific Literature";"J Med Chem";"2002";"None";"";"";"";"2900.0"
"CHEMBL24674";"";"None";"463.58";"0";"4.11";"4c";"CCOC(=O)c1cc(NC/C=C/c2cccc(C(=N)N)c2)ccc1OC1CCN(C(C)=N)CC1";"Ki";"'='";"40.0";"nM";"7.40";"";"";"UO_0000065";"15.96";"0.30";"3.29";"5.94";"0";"CHEMBL873992";"Competitive inhibition of trypsin";"B";"BAO_0000357";"single protein format";"Bos taurus";"None";"None";"None";"None";"";"";"";"CHEMBL3769";"Serine protease 1";"Bos taurus";"SINGLE PROTEIN";"CHEMBL1135303";"1";"Scientific Literature";"Bioorg Med Chem Lett";"2002";"None";"";"";"";"40.0"
"CHEMBL422147";"";"None";"442.59";"0";"2.43";"table 5";"Cc1ccc(S(=O)(=O)NC(Cc2cccc(C(=N)N)c2)C(=O)N2CCC(C)CC2)cc1";"Ki";"'='";"520.0";"nM";"6.28";"";"";"UO_0000065";"14.20";"0.28";"3.85";"5.40";"0";"CHEMBL819016";"Inhibitory activity against bovine trypsin expressed as dissociation constant";"B";"BAO_0000357";"single protein format";"Bos taurus";"None";"None";"None";"None";"";"";"";"CHEMBL3769";"Serine protease 1";"Bos taurus";"SINGLE PROTEIN";"CHEMBL1131451";"1";"Scientific Literature";"J Med Chem";"1998";"None";"";"";"";"0.52"
"CHEMBL81007";"";"None";"425.44";"1";"5.38";"4w";"Cc1c(F)c(Oc2cccc(C(=N)N)c2)nc(Oc2cccc(C(=O)C(C)C)c2)c1F";"Ki";"'='";"3800.0";"nM";"5.42";"";"";"UO_0000065";"12.74";"0.24";"0.04";"5.51";"0";"CHEMBL818251";"Inhibitory constant against bovine trypsin for general specificity against serine proteases";"B";"BAO_0000357";"single protein format";"Bos taurus";"None";"None";"None";"None";"";"";"";"CHEMBL3769";"Serine protease 1";"Bos taurus";"SINGLE PROTEIN";"CHEMBL1135740";"1";"Scientific Literature";"J Med Chem";"2002";"None";"";"";"";"3800.0"
"CHEMBL179961";"";"None";"527.70";"1";"1.93";"17";"CNC1(C(=O)N2CCC[C@H]2C(=O)NC(CCCN=C(N)N)C(=O)c2nc3ccccc3s2)CCCCC1";"Ki";"'='";"2.6";"nM";"8.59";"";"";"UO_0000065";"16.27";"0.32";"6.66";"5.51";"0";"CHEMBL828215";"Binding affinity against bovine trypsin";"B";"BAO_0000357";"single protein format";"Bos taurus";"None";"None";"None";"None";"";"";"";"CHEMBL3769";"Serine protease 1";"Bos taurus";"SINGLE PROTEIN";"CHEMBL1142732";"1";"Scientific Literature";"J Med Chem";"2005";"None";"";"";"";"2.6"
"CHEMBL179189";"";"None";"522.67";"1";"3.21";"43";"CN[C@H](Cc1ccccc1)C(=O)N1CCC[C@H]1C(=O)N[C@@H](CCCOC)C(=O)c1nc2ccccc2s1";"Ki";"'='";"12000.0";"nM";"4.92";"";"";"UO_0000065";"9.41";"0.18";"1.71";"4.89";"0";"CHEMBL828215";"Binding affinity against bovine trypsin";"B";"BAO_0000357";"single protein format";"Bos taurus";"None";"None";"None";"None";"";"";"";"CHEMBL3769";"Serine protease 1";"Bos taurus";"SINGLE PROTEIN";"CHEMBL1142732";"1";"Scientific Literature";"J Med Chem";"2005";"None";"";"";"";"12000.0"
"CHEMBL120438";"";"None";"585.56";"1";"3.56";"28";"CN(C)C(=O)c1cccc(Oc2nc(Oc3cc(C(=N)N)ccc3O)c(F)c(OC3CCN(CC(=O)O)CC3)c2F)c1";"Ki";"'='";"770.0";"nM";"6.11";"";"";"UO_0000065";"10.44";"0.20";"2.55";"3.56";"0";"CHEMBL817592";"Inhibitory potency was measured against bovine trypsin.";"B";"BAO_0000357";"single protein format";"Bos taurus";"None";"None";"None";"None";"";"";"";"CHEMBL3769";"Serine protease 1";"Bos taurus";"SINGLE PROTEIN";"CHEMBL1131090";"1";"Scientific Literature";"J Med Chem";"1998";"None";"";"";"";"770.0"
"CHEMBL19902";"DX-9065A";"None";"444.54";"0";"3.99";"DX-9065a";"CC(=N)N1CC[C@H](Oc2ccc([C@H](Cc3ccc4ccc(C(=N)N)cc4c3)C(=O)O)cc2)C1";"Ki";"'='";"190.0";"nM";"6.72";"";"";"UO_0000065";"15.12";"0.28";"2.73";"5.44";"0";"CHEMBL817573";"Compound was tested for inhibition activity against bovine trypsin.";"B";"BAO_0000357";"single protein format";"Bos taurus";"None";"None";"None";"None";"";"";"";"CHEMBL3769";"Serine protease 1";"Bos taurus";"SINGLE PROTEIN";"CHEMBL1132209";"1";"Scientific Literature";"J Med Chem";"1999";"None";"";"";"";"190.0"
"CHEMBL4217569";"";"None";"3116.67";"None";"None";"Cycloviolacin O1";"CCC(C)[C@@H]1NC(=O)CNC(=O)[C@H](CC(N)=O)NC(=O)[C@H](Cc2ccc(O)cc2)NC(=O)[C@@H]2CSSC[C@@H]3NC(=O)[C@@H]4CCCN4C(=O)[C@H](C(C)CC)NC(=O)[C@H](Cc4ccc(O)cc4)NC(=O)[C@H](C(C)C)NC(=O)[C@@H]4CSSC[C@H](NC(=O)[C@H](CO)NC(=O)[C@H](CSSC[C@H](NC(=O)[C@@H]5CCCN5C1=O)C(=O)N[C@@H](C)C(=O)N[C@@H](CCC(=O)O)C(=O)N[C@@H](CO)C(=O)N4)NC(=O)CNC(=O)[C@H](CC(C)C)NC(=O)[C@H](CC(C)C)NC(=O)[C@H](C)NC(=O)[C@H]([C@@H](C)O)NC(=O)[C@H](C(C)C)NC(=O)[C@H]([C@@H](C)O)NC3=O)C(=O)N[C@@H](CO)C(=O)N[C@@H](CC(N)=O)C(=O)N[C@@H](CCCNC(=N)N)C(=O)N[C@@H](C(C)C)C(=O)N2";"Ki";"'='";"0.02";"nM";"10.70";"";"";"UO_0000065";"3.43";"None";"None";"None";"0";"CHEMBL4181672";"Inhibition of bovine beta-trypsin incubated for 5 mins using BAPNA as substrate by colorimetric assay";"B";"BAO_0000357";"single protein format";"Bos taurus";"None";"None";"None";"None";"";"";"";"CHEMBL3769";"Serine protease 1";"Bos taurus";"SINGLE PROTEIN";"CHEMBL4177674";"1";"Scientific Literature";"Bioorg Med Chem Lett";"2017";"None";"";"";"";"20.0"
"CHEMBL4212172";"";"None";"2956.37";"None";"None";"Kalata B2";"CC[C@H](C)[C@@H]1NC(=O)[C@@H]2CCCN2C(=O)[C@H](Cc2c[nH]c3ccccc23)NC(=O)[C@H]([C@@H](C)O)NC(=O)[C@@H]2CSSC[C@@H]3NC(=O)[C@H]([C@@H](C)O)NC(=O)[C@H](CCC(=O)O)NC(=O)CNC(=O)[C@@H]4CSSC[C@H](NC(=O)CNC(=O)[C@@H]5CCCN5C(=O)[C@H]([C@@H](C)O)NC(=O)[C@H](CC(N)=O)NC(=O)[C@H](CSSC[C@H](NC1=O)C(=O)N[C@@H]([C@@H](C)O)C(=O)N[C@@H](CCCNC(=N)N)C(=O)N[C@@H](CC(=O)O)C(=O)NCC(=O)N[C@@H](CC(C)C)C(=O)N1CCC[C@H]1C(=O)N[C@@H](C(C)C)C(=O)N4)NC(=O)[C@H]([C@@H](C)O)NC(=O)NNC(=O)CNC(=O)[C@H](Cc1ccccc1)NC3=O)C(=O)N[C@@H](CO)C(=O)N2";"Ki";"'='";"0.02";"nM";"10.70";"";"";"UO_0000065";"3.62";"None";"None";"None";"0";"CHEMBL4181672";"Inhibition of bovine beta-trypsin incubated for 5 mins using BAPNA as substrate by colorimetric assay";"B";"BAO_0000357";"single protein format";"Bos taurus";"None";"None";"None";"None";"";"";"";"CHEMBL3769";"Serine protease 1";"Bos taurus";"SINGLE PROTEIN";"CHEMBL4177674";"1";"Scientific Literature";"Bioorg Med Chem Lett";"2017";"None";"";"";"";"20.0"
"CHEMBL285285";"";"None";"677.65";"None";"None";"6";"CC1(C)C2CC1[C@]1(C)OB(C(Cc3ccccc3)NC(=O)[C@@H]3CCCN3C(=O)[C@H](Cc3ccccc3)NC(=O)OCc3ccccc3)O[C@@H]1C2";"Ki";"'='";"0.15";"nM";"9.82";"";"";"UO_0000065";"14.50";"None";"None";"None";"0";"CHEMBL817620";"Binding affinity against Trypsin";"B";"BAO_0000357";"single protein format";"Bos taurus";"None";"None";"None";"None";"";"";"";"CHEMBL3769";"Serine protease 1";"Bos taurus";"SINGLE PROTEIN";"CHEMBL1128727";"1";"Scientific Literature";"J Med Chem";"1995";"None";"";"";"";"0.15"
"CHEMBL122488";"";"None";"543.67";"1";"4.00";"13d";"CC(C)(C)OC(=O)N[C@@H](C(=O)N1CCC[C@H]1C(=O)NCc1ccc(N)nc1)C(c1ccccc1)c1ccccc1";"Ki";"'='";"1300.0";"nM";"5.89";"";"";"UO_0000065";"10.83";"0.20";"1.89";"4.65";"0";"CHEMBL817580";"In vitro inhibitory activity against bovine trypsin";"B";"BAO_0000357";"single protein format";"Bos taurus";"None";"None";"None";"None";"";"";"";"CHEMBL3769";"Serine protease 1";"Bos taurus";"SINGLE PROTEIN";"CHEMBL1130400";"1";"Scientific Literature";"J Med Chem";"1997";"None";"";"";"";"1300.0"
"CHEMBL287918";"";"None";"733.76";"None";"None";"20";"CCCCCC(NC(=O)[C@@H]1CCCN1C(=O)[C@@H](NC(=O)OCc1ccccc1)C(c1ccccc1)c1ccccc1)B1O[C@@H]2CC3CC(C3(C)C)[C@]2(C)O1";"Ki";"'='";"0.45";"nM";"9.35";"";"";"UO_0000065";"12.74";"None";"None";"None";"0";"CHEMBL817620";"Binding affinity against Trypsin";"B";"BAO_0000357";"single protein format";"Bos taurus";"None";"None";"None";"None";"";"";"";"CHEMBL3769";"Serine protease 1";"Bos taurus";"SINGLE PROTEIN";"CHEMBL1128727";"1";"Scientific Literature";"J Med Chem";"1995";"None";"";"";"";"0.45"
"CHEMBL420540";"";"None";"533.65";"1";"2.51";"22";"N=C(N)c1ccc(CNC(=O)[C@@H]2CCCN2C(=O)[C@H](NCC(=O)O)C(c2ccccc2)c2ccccc2)s1";"Ki";"'='";"3.0";"nM";"8.52";"";"";"UO_0000065";"15.97";"0.31";"6.01";"5.74";"0";"CHEMBL817578";"In vitro inhibition constant (Ki) against human bovine trypsin was determined";"B";"BAO_0000357";"single protein format";"Bos taurus";"None";"None";"None";"None";"";"";"";"CHEMBL3769";"Serine protease 1";"Bos taurus";"SINGLE PROTEIN";"CHEMBL1144934";"1";"Scientific Literature";"J Med Chem";"2003";"None";"";"";"";"3.0"
"CHEMBL129656";"";"None";"394.40";"0";"3.62";"16";"Cc1cc(OCC/C=N/N=C(N)N)cc(OCc2ccccc2C(F)(F)F)c1";"Ki";"'='";"14800.0";"nM";"4.83";"";"";"UO_0000065";"12.25";"0.24";"1.21";"5.07";"0";"CHEMBL817572";"Inhibitory constant against human trypsin";"B";"BAO_0000357";"single protein format";"Bos taurus";"None";"None";"None";"None";"";"";"";"CHEMBL3769";"Serine protease 1";"Bos taurus";"SINGLE PROTEIN";"CHEMBL1132849";"1";"Scientific Literature";"Bioorg Med Chem Lett";"2000";"None";"";"";"";"14.8"
"CHEMBL172795";"";"None";"511.63";"1";"3.78";"8j";"CC(=N)N1CCC(Oc2ccc3c(c2)nc(CCC(N)=O)n3Cc2ccc3ccc(C(=N)N)cc3c2)CC1";"Ki";"'='";"10.0";"nM";"8.00";"";"";"UO_0000065";"15.64";"0.29";"4.22";"5.44";"0";"CHEMBL815753";"In vitro inhibitory activity against bovine cationic trypsin";"B";"BAO_0000357";"single protein format";"Bos taurus";"None";"None";"None";"None";"";"";"";"CHEMBL3769";"Serine protease 1";"Bos taurus";"SINGLE PROTEIN";"CHEMBL1133358";"1";"Scientific Literature";"Bioorg Med Chem Lett";"2000";"None";"";"";"";"10.0"
"CHEMBL1161245";"";"None";"508.60";"1";"2.34";"50";"N=C(N)c1cccc(C[C@H](NS(=O)(=O)c2ccc3ccccc3c2)C(=O)N2CCC(C(=O)O)CC2)c1";"Ki";"'='";"579.43";"nM";"6.24";"";"";"UO_0000065";"12.26";"0.24";"3.90";"4.06";"0";"CHEMBL821446";"Binding affinity towards trypsin";"B";"BAO_0000357";"single protein format";"Bos taurus";"None";"None";"None";"None";"";"";"";"CHEMBL3769";"Serine protease 1";"Bos taurus";"SINGLE PROTEIN";"CHEMBL1132189";"1";"Scientific Literature";"J Med Chem";"1999";"None";"";"";"";"6.237"
"CHEMBL369480";"";"None";"510.65";"1";"3.58";"13b";"CC(=N)N1CCC(N(CC(N)=O)c2ccc3nc(C)n(Cc4ccc5ccc(C(=N)N)cc5c4)c3c2)CC1";"Ki";"'='";"28.0";"nM";"7.55";"";"";"UO_0000065";"14.79";"0.27";"3.97";"5.35";"0";"CHEMBL815753";"In vitro inhibitory activity against bovine cationic trypsin";"B";"BAO_0000357";"single protein format";"Bos taurus";"None";"None";"None";"None";"";"";"";"CHEMBL3769";"Serine protease 1";"Bos taurus";"SINGLE PROTEIN";"CHEMBL1133358";"1";"Scientific Literature";"Bioorg Med Chem Lett";"2000";"None";"";"";"";"28.0"
"CHEMBL435621";"";"None";"558.66";"1";"2.89";"14";"CC1CCN(C(=O)[C@H](Cc2cccc(C(=N)N)c2)NS(=O)(=O)c2ccc3c(c2)C(=O)c2ccccc2C3=O)CC1";"Ki";"'='";"73.96";"nM";"7.13";"";"";"UO_0000065";"12.76";"0.24";"4.24";"4.74";"0";"CHEMBL821446";"Binding affinity towards trypsin";"B";"BAO_0000357";"single protein format";"Bos taurus";"None";"None";"None";"None";"";"";"";"CHEMBL3769";"Serine protease 1";"Bos taurus";"SINGLE PROTEIN";"CHEMBL1132189";"1";"Scientific Literature";"J Med Chem";"1999";"None";"";"";"";"7.131"
"CHEMBL262199";"";"None";"618.66";"1";"0.54";"16";"N=C(N)NCCCNC(=O)[C@@H]1CS[C@H]2CC[C@@H](NS(=O)(=O)c3cccc4ccccc34)C(=O)N21.O=C(O)C(F)(F)F";"Ki";"'='";"3400.0";"nM";"5.47";"";"";"UO_0000065";"10.84";"0.22";"4.93";"3.47";"0";"CHEMBL815750";"In vitro inhibition was measured against Human bovine pancreatic trypsin.";"B";"BAO_0000357";"single protein format";"Bos taurus";"None";"None";"None";"None";"";"";"";"CHEMBL3769";"Serine protease 1";"Bos taurus";"SINGLE PROTEIN";"CHEMBL1131291";"1";"Scientific Literature";"J Med Chem";"1998";"None";"";"";"";"3.4"
"CHEMBL1049";"DECARBOXYLATED DERIVATIVE";"None";"113.20";"0";"1.53";"TPB5";"NCC1CCCCC1";"Ki";"'='";"1170.0";"nM";"5.93";"";"";"UO_0000065";"52.40";"1.01";"4.40";"22.80";"0";"CHEMBL817760";"Binding affinity against bovine trypsin";"B";"BAO_0000357";"single protein format";"Bos taurus";"None";"None";"None";"None";"";"";"";"CHEMBL3769";"Serine protease 1";"Bos taurus";"SINGLE PROTEIN";"CHEMBL1135460";"1";"Scientific Literature";"J Med Chem";"2002";"None";"";"";"";"1.17"
"CHEMBL105920";"";"None";"481.58";"0";"1.81";"21";"Cc1ccc(NS(=O)(=O)Cc2ccccc2)c(=O)n1CC(=O)NCC1CCc2ncncc2C1";"Ki";"'='";"179000.0";"nM";"";"Outside typical range";"";"UO_0000065";"";"";"";"";"0";"CHEMBL815006";"Inhibitory activity against Trypsin";"B";"BAO_0000357";"single protein format";"Bos taurus";"None";"None";"None";"None";"";"";"";"CHEMBL3769";"Serine protease 1";"Bos taurus";"SINGLE PROTEIN";"CHEMBL1136225";"1";"Scientific Literature";"Bioorg Med Chem Lett";"2003";"None";"";"";"";"179.0"
"CHEMBL25170";"";"None";"576.57";"1";"4.00";"6e";"CC(=O)N1CCC(Oc2ccc(N(C/C=C/c3cc(C(=N)N)ccc3O)C(=O)CCC(=O)O)cc2C(F)(F)F)CC1";"Ki";"'='";"891.0";"nM";"6.05";"";"";"UO_0000065";"10.49";"0.20";"2.05";"3.85";"0";"CHEMBL873992";"Competitive inhibition of trypsin";"B";"BAO_0000357";"single protein format";"Bos taurus";"None";"None";"None";"None";"";"";"";"CHEMBL3769";"Serine protease 1";"Bos taurus";"SINGLE PROTEIN";"CHEMBL1135303";"1";"Scientific Literature";"Bioorg Med Chem Lett";"2002";"None";"";"";"";"891.0"
"CHEMBL425855";"";"None";"589.77";"1";"2.78";"36";"CN[C@H](Cc1ccccc1)C(=O)N1CCC[C@H]1C(=O)N[C@H](C[C@H]1CCCN(C(=N)N)C1)C(=O)c1nc2ccccc2s1";"Ki";"'='";"540.0";"nM";"6.27";"";"";"UO_0000065";"10.63";"0.20";"3.49";"4.34";"0";"CHEMBL828215";"Binding affinity against bovine trypsin";"B";"BAO_0000357";"single protein format";"Bos taurus";"None";"None";"None";"None";"";"";"";"CHEMBL3769";"Serine protease 1";"Bos taurus";"SINGLE PROTEIN";"CHEMBL1142732";"1";"Scientific Literature";"J Med Chem";"2005";"None";"";"";"";"540.0"
"CHEMBL48813";"";"None";"462.98";"0";"2.87";"2";"N=C(N)c1ccc(CN2CCN(S(=O)(=O)c3cc4ccc(Cl)cc4s3)CC2=O)cc1";"Ki";"'>'";"2900.0";"nM";"";"";"";"UO_0000065";"";"";"";"";"0";"CHEMBL873993";"Binding affinity of compound toward bovine trypsin was evaluated";"B";"BAO_0000357";"single protein format";"Bos taurus";"None";"None";"None";"None";"";"";"";"CHEMBL3769";"Serine protease 1";"Bos taurus";"SINGLE PROTEIN";"CHEMBL1145974";"1";"Scientific Literature";"J Med Chem";"2003";"None";"";"";"";"2900.0"
"CHEMBL50961";"";"None";"367.37";"0";"-0.04";"12d";"N=C(N)c1cccc(OC2N=C(Oc3cccc(C(=N)N)n3)CNC2=O)c1";"Ki";"'='";"760.0";"nM";"6.12";"";"";"UO_0000065";"16.66";"0.31";"6.16";"3.55";"0";"CHEMBL817573";"Compound was tested for inhibition activity against bovine trypsin.";"B";"BAO_0000357";"single protein format";"Bos taurus";"None";"None";"None";"None";"";"";"";"CHEMBL3769";"Serine protease 1";"Bos taurus";"SINGLE PROTEIN";"CHEMBL1132209";"1";"Scientific Literature";"J Med Chem";"1999";"None";"";"";"";"760.0"
"CHEMBL309717";"";"None";"486.48";"0";"4.26";"6d";"COc1cc(C(=N)N)cc(Oc2nc(Oc3cccc(C(=O)N(C)C)c3)c(F)c(C)c2F)c1OC";"Ki";"'>'";"5000.0";"nM";"";"";"";"UO_0000065";"";"";"";"";"0";"CHEMBL818251";"Inhibitory constant against bovine trypsin for general specificity against serine proteases";"B";"BAO_0000357";"single protein format";"Bos taurus";"None";"None";"None";"None";"";"";"";"CHEMBL3769";"Serine protease 1";"Bos taurus";"SINGLE PROTEIN";"CHEMBL1135740";"1";"Scientific Literature";"J Med Chem";"2002";"None";"";"";"";"5000.0"
"CHEMBL321895";"";"None";"496.59";"0";"1.39";"20";"Cc1ccc(NS(=O)(=O)Cc2ccccc2)c(=O)n1CC(=O)NCC1CCc2nc(N)ncc2C1";"Ki";"'='";"640000.0";"nM";"";"Outside typical range";"";"UO_0000065";"";"";"";"";"0";"CHEMBL818248";"Inhibitory activity against Trypsin; Inactive";"B";"BAO_0000357";"single protein format";"Bos taurus";"None";"None";"None";"None";"";"";"";"CHEMBL3769";"Serine protease 1";"Bos taurus";"SINGLE PROTEIN";"CHEMBL1136225";"1";"Scientific Literature";"Bioorg Med Chem Lett";"2003";"None";"";"";"";"640.0"
"CHEMBL361822";"";"None";"563.73";"1";"2.23";"26";"CN[C@H](Cc1ccccc1)C(=O)N1CCCC[C@H]1C(=O)NC(CCCN=C(N)N)C(=O)c1nc2ccccc2s1";"Ki";"'='";"1.8";"nM";"8.74";"";"";"UO_0000065";"15.51";"0.30";"6.51";"5.61";"0";"CHEMBL828215";"Binding affinity against bovine trypsin";"B";"BAO_0000357";"single protein format";"Bos taurus";"None";"None";"None";"None";"";"";"";"CHEMBL3769";"Serine protease 1";"Bos taurus";"SINGLE PROTEIN";"CHEMBL1142732";"1";"Scientific Literature";"J Med Chem";"2005";"None";"";"";"";"1.8"
"CHEMBL319122";"";"None";"264.33";"0";"2.56";"18";"N=C(N)c1ccc2c(ccn2Cc2cccc(N)c2)c1";"Ki";"'='";"16800.0";"nM";"4.78";"";"";"UO_0000065";"18.06";"0.33";"2.21";"5.91";"0";"CHEMBL817581";"Inhibition constant against bovine trypsin";"B";"BAO_0000357";"single protein format";"Bos taurus";"None";"None";"None";"None";"";"";"";"CHEMBL3769";"Serine protease 1";"Bos taurus";"SINGLE PROTEIN";"CHEMBL1122336";"1";"Scientific Literature";"J Med Chem";"1983";"None";"";"";"";"16.8"
"CHEMBL20240";"YM-60828";"None";"537.64";"1";"3.39";"YM-60828";"CC(=N)N1CCC(Oc2ccc(N(Cc3ccc4ccc(C(=N)N)cc4c3)S(=O)(=O)CC(=O)O)cc2)CC1";"Ki";"'='";"159.0";"nM";"6.80";"";"";"UO_0000065";"12.65";"0.24";"3.41";"4.23";"0";"CHEMBL844336";"Inhibitory concentration against bovine trypsin";"B";"BAO_0000357";"single protein format";"Bos taurus";"None";"None";"None";"None";"";"";"";"CHEMBL3769";"Serine protease 1";"Bos taurus";"SINGLE PROTEIN";"CHEMBL1135884";"1";"Scientific Literature";"J Med Chem";"2002";"None";"";"";"";"159.0"
"CHEMBL328200";"";"None";"583.73";"2";"0.88";"3f";"N=C(N)NCCC[C@H]1NC(=O)[C@H]2CCCCN2C(=O)[C@H](Cc2ccccc2)NC(=O)CCCCCCCNC(=O)C1=O";"Ki";"'='";"66.0";"nM";"7.18";"";"";"UO_0000065";"12.30";"0.23";"6.30";"3.85";"0";"CHEMBL817569";"Inhibition of bovine trypsin";"B";"BAO_0000357";"single protein format";"Bos taurus";"None";"None";"None";"None";"";"";"";"CHEMBL3769";"Serine protease 1";"Bos taurus";"SINGLE PROTEIN";"CHEMBL1128948";"1";"Scientific Literature";"Bioorg Med Chem Lett";"1996";"None";"";"";"";"66.0"
"CHEMBL71975";"";"None";"464.44";"0";"2.08";"17";"CN(C)C(=O)c1cccc(Oc2nc(Oc3cc(C(=N)N)ccc3O)nc3c2NC(=O)CO3)c1";"Ki";"'>'";"5000.0";"nM";"";"";"";"UO_0000065";"";"";"";"";"0";"CHEMBL817575";"Compound was tested for inhibitory activity against bovine trypsin";"B";"BAO_0000357";"single protein format";"Bos taurus";"None";"None";"None";"None";"";"";"";"CHEMBL3769";"Serine protease 1";"Bos taurus";"SINGLE PROTEIN";"CHEMBL1130936";"1";"Scientific Literature";"Bioorg Med Chem Lett";"1998";"None";"";"";"";"5000.0"
"CHEMBL81556";"DIPHENYL BORINIC ACID";"None";"182.03";"None";"None";"1";"OB(c1ccccc1)c1ccccc1";"Ki";"'='";"170000.0";"nM";"";"Outside typical range";"";"UO_0000065";"";"";"";"";"0";"CHEMBL817761";"Compound was tested for the inhibition of trypsin";"B";"BAO_0000357";"single protein format";"Bos taurus";"None";"None";"None";"None";"";"";"";"CHEMBL3769";"Serine protease 1";"Bos taurus";"SINGLE PROTEIN";"CHEMBL1127999";"1";"Scientific Literature";"Bioorg Med Chem Lett";"1994";"None";"";"";"";"170.0"
"CHEMBL421272";"";"None";"560.81";"2";"5.61";"16b";"CC(C)(C)OC(=O)N[C@@H](C(=O)N1CCC[C@H]1C(=O)NCc1csc(N)c1)C(C1CCCCC1)C1CCCCC1";"Ki";"'='";"45000.0";"nM";"4.35";"";"";"UO_0000065";"7.75";"0.15";"-1.26";"3.82";"0";"CHEMBL817580";"In vitro inhibitory activity against bovine trypsin";"B";"BAO_0000357";"single protein format";"Bos taurus";"None";"None";"None";"None";"";"";"";"CHEMBL3769";"Serine protease 1";"Bos taurus";"SINGLE PROTEIN";"CHEMBL1130400";"1";"Scientific Literature";"J Med Chem";"1997";"None";"";"";"";"45000.0"
"CHEMBL7860";"";"None";"477.63";"0";"1.47";"11d";"CS(=O)(=O)N[C@H](CC1CCCCC1)C(=O)N1CCC[C@H]1C(=O)NCc1ccc(C(=N)N)cc1";"Ki";"'='";"1.3";"nM";"8.89";"";"";"UO_0000065";"18.60";"0.37";"7.42";"6.11";"0";"CHEMBL817758";"Binding affinity against bovine trypsin";"B";"BAO_0000357";"single protein format";"Bos taurus";"None";"None";"None";"None";"";"";"";"CHEMBL3769";"Serine protease 1";"Bos taurus";"SINGLE PROTEIN";"CHEMBL1135262";"1";"Scientific Literature";"Bioorg Med Chem Lett";"2002";"None";"";"";"";"1.3"
"CHEMBL1159689";"";"None";"659.71";"1";"4.89";"11k";"N=C(N)c1ccc(CNC(=O)[C@@H]2CCCN2C(=O)[C@H](Nc2ccccc2)C(c2ccccc2)c2ccccc2)cc1.O=C(O)C(F)(F)F";"Ki";"'='";"1.5";"nM";"8.82";"";"";"UO_0000065";"16.17";"0.29";"3.93";"7.93";"0";"CHEMBL817758";"Binding affinity against bovine trypsin";"B";"BAO_0000357";"single protein format";"Bos taurus";"None";"None";"None";"None";"";"";"";"CHEMBL3769";"Serine protease 1";"Bos taurus";"SINGLE PROTEIN";"CHEMBL1135262";"1";"Scientific Literature";"Bioorg Med Chem Lett";"2002";"None";"";"";"";"1.5"
"CHEMBL288176";"";"None";"707.72";"None";"None";"23";"CCC(C)(C)C(NC(=O)[C@@H]1CCCN1C(=O)[C@H](Cc1ccc2ccccc2c1)NC(=O)OCc1ccccc1)B1O[C@@H]2CC3CC(C3(C)C)[C@]2(C)O1";"Ki";"'='";"2.4";"nM";"8.62";"";"";"UO_0000065";"12.18";"None";"None";"None";"0";"CHEMBL817620";"Binding affinity against Trypsin";"B";"BAO_0000357";"single protein format";"Bos taurus";"None";"None";"None";"None";"";"";"";"CHEMBL3769";"Serine protease 1";"Bos taurus";"SINGLE PROTEIN";"CHEMBL1128727";"1";"Scientific Literature";"J Med Chem";"1995";"None";"";"";"";"2.4"
"CHEMBL1159690";"";"None";"709.66";"2";"2.77";"11j";"COP(O)(O)(N[C@@H](C(=O)N1CCC[C@H]1C(=O)NCc1ccc(C(=N)N)cc1)C(c1ccccc1)c1ccccc1)OC.O=C(O)C(F)(F)F";"Ki";"'='";"2.9";"nM";"8.54";"";"";"UO_0000065";"14.33";"0.28";"5.77";"5.02";"0";"CHEMBL817758";"Binding affinity against bovine trypsin";"B";"BAO_0000357";"single protein format";"Bos taurus";"None";"None";"None";"None";"";"";"";"CHEMBL3769";"Serine protease 1";"Bos taurus";"SINGLE PROTEIN";"CHEMBL1135262";"1";"Scientific Literature";"Bioorg Med Chem Lett";"2002";"None";"";"";"";"2.9"
"CHEMBL269575";"";"None";"547.68";"1";"2.33";"11a";"CS(=O)(=O)N[C@@H](C(=O)N1CCC[C@H]1C(=O)NCc1ccc(C(=N)N)cc1)C(c1ccccc1)c1ccccc1";"Ki";"'='";"0.7";"nM";"9.15";"";"";"UO_0000065";"16.72";"0.32";"6.82";"6.29";"0";"CHEMBL817758";"Binding affinity against bovine trypsin";"B";"BAO_0000357";"single protein format";"Bos taurus";"None";"None";"None";"None";"";"";"";"CHEMBL3769";"Serine protease 1";"Bos taurus";"SINGLE PROTEIN";"CHEMBL1135262";"1";"Scientific Literature";"Bioorg Med Chem Lett";"2002";"None";"";"";"";"0.7"
"CHEMBL366653";"";"None";"577.71";"1";"1.76";"9";"CC(=O)N[C@H](Cc1ccccc1)C(=O)N1CCC[C@H]1C(=O)NC(CCCN=C(N)N)C(=O)c1nc2ccccc2s1";"Ki";"'='";"2.4";"nM";"8.62";"";"";"UO_0000065";"14.92";"0.29";"6.86";"4.99";"0";"CHEMBL828215";"Binding affinity against bovine trypsin";"B";"BAO_0000357";"single protein format";"Bos taurus";"None";"None";"None";"None";"";"";"";"CHEMBL3769";"Serine protease 1";"Bos taurus";"SINGLE PROTEIN";"CHEMBL1142732";"1";"Scientific Literature";"J Med Chem";"2005";"None";"";"";"";"2.4"
"CHEMBL368894";"";"None";"599.76";"2";"2.23";"12";"N=C(N)NCCCC(NC(=O)[C@@H]1CCCN1C(=O)[C@@H](CC1CCCCC1)NCC(=O)O)C(=O)c1nc2ccccc2s1";"Ki";"'='";"22.0";"nM";"7.66";"";"";"UO_0000065";"12.77";"0.25";"5.43";"4.02";"0";"CHEMBL828215";"Binding affinity against bovine trypsin";"B";"BAO_0000357";"single protein format";"Bos taurus";"None";"None";"None";"None";"";"";"";"CHEMBL3769";"Serine protease 1";"Bos taurus";"SINGLE PROTEIN";"CHEMBL1142732";"1";"Scientific Literature";"J Med Chem";"2005";"None";"";"";"";"22.0"
"CHEMBL363003";"";"None";"541.72";"1";"2.18";"16";"CN[C@@H](C(=O)N1CCC[C@H]1C(=O)NC(CCCN=C(N)N)C(=O)c1nc2ccccc2s1)C1CCCCC1";"Ki";"'='";"1.2";"nM";"8.92";"";"";"UO_0000065";"16.47";"0.32";"6.74";"5.73";"0";"CHEMBL828215";"Binding affinity against bovine trypsin";"B";"BAO_0000357";"single protein format";"Bos taurus";"None";"None";"None";"None";"";"";"";"CHEMBL3769";"Serine protease 1";"Bos taurus";"SINGLE PROTEIN";"CHEMBL1142732";"1";"Scientific Literature";"J Med Chem";"2005";"None";"";"";"";"1.2"
"CHEMBL317353";"";"None";"702.86";"2";"0.83";"4b";"N=C(N)NCCC[C@H]1NC(=O)[C@H]2CCCN2C(=O)[C@H](Cc2ccccc2)NC(=O)CCCCCNC(=O)[C@H](CCc2ccccc2)NC(=O)C1=O";"Ki";"'='";"5.2";"nM";"8.28";"";"";"UO_0000065";"11.79";"0.22";"7.45";"3.84";"0";"CHEMBL817569";"Inhibition of bovine trypsin";"B";"BAO_0000357";"single protein format";"Bos taurus";"None";"None";"None";"None";"";"";"";"CHEMBL3769";"Serine protease 1";"Bos taurus";"SINGLE PROTEIN";"CHEMBL1128948";"1";"Scientific Literature";"Bioorg Med Chem Lett";"1996";"None";"";"";"";"5.2"
"CHEMBL46842";"";"None";"470.64";"0";"3.21";"5";"CCCc1ccc(S(=O)(=O)N[C@@H](Cc2ccc(C(=N)N)cc2)C(=O)N(C)C2CCCC2)cc1";"Ki";"'='";"2440.0";"nM";"5.61";"";"";"UO_0000065";"11.93";"0.23";"2.40";"4.82";"0";"CHEMBL817570";"Compound was evaluated for its inhibitory activity against bovine trypsin";"B";"BAO_0000357";"single protein format";"Bos taurus";"None";"None";"None";"None";"";"";"";"CHEMBL3769";"Serine protease 1";"Bos taurus";"SINGLE PROTEIN";"CHEMBL1130864";"1";"Scientific Literature";"Bioorg Med Chem Lett";"1998";"None";"";"";"";"2440.0"
"CHEMBL50127";"";"None";"347.38";"0";"3.23";"4";"N=C(N)c1cccc(Oc2cccc(Oc3cccc(C(=N)N)c3)n2)c1";"Ki";"'='";"1100.0";"nM";"5.96";"";"";"UO_0000065";"17.15";"0.31";"2.73";"4.55";"0";"CHEMBL817592";"Inhibitory potency was measured against bovine trypsin.";"B";"BAO_0000357";"single protein format";"Bos taurus";"None";"None";"None";"None";"";"";"";"CHEMBL3769";"Serine protease 1";"Bos taurus";"SINGLE PROTEIN";"CHEMBL1131090";"1";"Scientific Literature";"J Med Chem";"1998";"None";"";"";"";"1100.0"
"CHEMBL291026";"";"None";"657.66";"None";"None";"3";"CCCCCC(NC(=O)[C@@H]1CCCN1C(=O)[C@H](Cc1ccccc1)NC(=O)OCc1ccccc1)B1O[C@@H]2CC3CC(C3(C)C)[C@]2(C)O1";"Ki";"'='";"0.32";"nM";"9.49";"";"";"UO_0000065";"14.44";"None";"None";"None";"0";"CHEMBL817620";"Binding affinity against Trypsin";"B";"BAO_0000357";"single protein format";"Bos taurus";"None";"None";"None";"None";"";"";"";"CHEMBL3769";"Serine protease 1";"Bos taurus";"SINGLE PROTEIN";"CHEMBL1128727";"1";"Scientific Literature";"J Med Chem";"1995";"None";"";"";"";"0.32"
"CHEMBL424052";"";"None";"495.65";"0";"3.60";"6";"COc1ccc2cc(S(=O)(=O)N[C@@H](Cc3ccc(CN)cc3)C(=O)N(C)C3CCCC3)ccc2c1";"Ki";"'='";"14200.0";"nM";"4.85";"";"";"UO_0000065";"9.78";"0.19";"1.25";"4.77";"0";"CHEMBL817623";"Binding affinity towards bovine trypsin was evaluated in vitro";"B";"BAO_0000357";"single protein format";"Bos taurus";"None";"None";"None";"None";"";"";"";"CHEMBL3769";"Serine protease 1";"Bos taurus";"SINGLE PROTEIN";"CHEMBL1130583";"1";"Scientific Literature";"Bioorg Med Chem Lett";"1998";"None";"";"";"";"14200.0"
"CHEMBL121982";"";"None";"590.53";"1";"3.31";"13a";"Nc1ccc(CNC(=O)[C@@H]2CCCN2C(=O)[C@@H](Cc2ccc(Cl)c(Cl)c2)NS(=O)(=O)Cc2ccccc2)cn1";"Ki";"'='";"430.0";"nM";"6.37";"";"";"UO_0000065";"10.78";"0.22";"3.06";"4.73";"0";"CHEMBL817580";"In vitro inhibitory activity against bovine trypsin";"B";"BAO_0000357";"single protein format";"Bos taurus";"None";"None";"None";"None";"";"";"";"CHEMBL3769";"Serine protease 1";"Bos taurus";"SINGLE PROTEIN";"CHEMBL1130400";"1";"Scientific Literature";"J Med Chem";"1997";"None";"";"";"";"430.0"
"CHEMBL331437";"";"None";"372.47";"0";"3.86";"19c";"N=C(N)c1cccc(/C=C2/CCCC/C(=C/c3cccc(C(=N)N)c3)C2=O)c1";"Ki";"'='";"44.0";"nM";"7.36";"";"";"UO_0000065";"19.75";"0.36";"3.50";"6.30";"1";"CHEMBL618434";"In vitro inhibition of bovine trypsin(Trp).";"B";"BAO_0000357";"single protein format";"Bos taurus";"None";"None";"None";"None";"";"";"";"CHEMBL3769";"Serine protease 1";"Bos taurus";"SINGLE PROTEIN";"CHEMBL1132552";"1";"Scientific Literature";"J Med Chem";"1999";"None";"";"";"";"44.0"
"CHEMBL4217607";"";"None";"3480.96";"None";"None";"MCoTI-II";"CC[C@H](C)[C@@H]1NC(=O)[C@@H]2CSSC[C@H]3NC(=O)[C@H](C(C)C)NC(=O)CNC(=O)CNC(=O)[C@H](CC(=O)O)NC(=O)[C@H](CO)NC(=O)CNC(=O)[C@H](CO)NC(=O)CNC(=O)[C@@H]4CSSC[C@H](NC(=O)[C@H](CC(=O)O)NC(=O)[C@H](CO)NC(=O)[C@H](CC(=O)O)NC(=O)[C@H](CCCNC(=N)N)NC(=O)[C@H](CCCNC(=N)N)NC(=O)[C@H](CSSC[C@H](NC1=O)C(=O)N[C@@H](CCCNC(=N)N)C(=O)NCC(=O)N[C@@H](CC(N)=O)C(=O)NCC(=O)N[C@@H](Cc1ccc(O)cc1)C(=O)N4)NC(=O)[C@H](CCCNC(=N)N)NC(=O)[C@H](CCC(N)=O)NC(=O)[C@H](CC(C)C)NC(=O)[C@H]([C@@H](C)CC)NC(=O)[C@H](CCCCN)NC(=O)[C@@H]1CCCN1C3=O)C(=O)N1CCC[C@H]1C(=O)NCC(=O)N[C@@H](C)C(=O)N2";"Ki";"'='";"0.02";"nM";"10.70";"";"";"UO_0000065";"3.07";"None";"None";"None";"0";"CHEMBL4181672";"Inhibition of bovine beta-trypsin incubated for 5 mins using BAPNA as substrate by colorimetric assay";"B";"BAO_0000357";"single protein format";"Bos taurus";"None";"None";"None";"None";"";"";"";"CHEMBL3769";"Serine protease 1";"Bos taurus";"SINGLE PROTEIN";"CHEMBL4177674";"1";"Scientific Literature";"Bioorg Med Chem Lett";"2017";"None";"";"";"";"20.0"
"CHEMBL1801042";"";"None";"3480.96";"None";"None";"MCoTI-I";"CC[C@H](C)[C@@H]1NC(=O)[C@@H]2CSSC[C@@H]3NC(=O)[C@H](C(C)C)NC(=O)CNC(=O)CNC(=O)[C@H](CC(=O)O)NC(=O)[C@H](CO)NC(=O)CNC(=O)[C@H](CO)NC(=O)CNC(=O)[C@@H]4CSSC[C@H](NC(=O)[C@H](CC(=O)O)NC(=O)[C@H](CO)NC(=O)[C@H](CC(=O)O)NC(=O)[C@H](CCCNC(=N)N)NC(=O)[C@H](CCCNC(=N)N)NC(=O)[C@H](CSSC[C@H](NC1=O)C(=O)N[C@@H](CCCNC(=N)N)C(=O)NCC(=O)N[C@@H](CC(N)=O)C(=O)NCC(=O)N[C@@H](Cc1ccc(O)cc1)C(=O)N4)NC(=O)[C@H](CCCNC(=N)N)NC(=O)[C@H](CCC(N)=O)NC(=O)[C@H](CC(C)C)NC(=O)[C@H]([C@@H](C)CC)NC(=O)[C@H](CCCCN)NC(=O)[C@@H]1CCCN1C3=O)C(=O)N1CCC[C@H]1C(=O)NCC(=O)N[C@@H](C)C(=O)N2";"Ki";"'='";"0.02";"nM";"10.70";"";"";"UO_0000065";"3.07";"None";"None";"None";"0";"CHEMBL4181672";"Inhibition of bovine beta-trypsin incubated for 5 mins using BAPNA as substrate by colorimetric assay";"B";"BAO_0000357";"single protein format";"Bos taurus";"None";"None";"None";"None";"";"";"";"CHEMBL3769";"Serine protease 1";"Bos taurus";"SINGLE PROTEIN";"CHEMBL4177674";"1";"Scientific Literature";"Bioorg Med Chem Lett";"2017";"None";"";"";"";"20.0"
"CHEMBL83345";"";"None";"457.64";"0";"3.39";"8";"CCCc1ccc(S(=O)(=O)N[C@@H](Cc2ccc(CN)cc2)C(=O)N(C)C2CCCC2)cc1";"Ki";"'='";"9040.0";"nM";"5.04";"";"";"UO_0000065";"11.02";"0.22";"1.65";"5.45";"0";"CHEMBL817623";"Binding affinity towards bovine trypsin was evaluated in vitro";"B";"BAO_0000357";"single protein format";"Bos taurus";"None";"None";"None";"None";"";"";"";"CHEMBL3769";"Serine protease 1";"Bos taurus";"SINGLE PROTEIN";"CHEMBL1130583";"1";"Scientific Literature";"Bioorg Med Chem Lett";"1998";"None";"";"";"";"9040.0"
"CHEMBL424589";"";"None";"559.59";"1";"4.74";"4e";"CC(=N)N1CCC(Oc2ccc(N(C/C=C/c3cccc(C(=N)N)c3)C(=O)CCC(=O)O)cc2C(F)(F)F)CC1";"Ki";"'='";"110.0";"nM";"6.96";"";"";"UO_0000065";"12.44";"0.24";"2.22";"4.84";"0";"CHEMBL873992";"Competitive inhibition of trypsin";"B";"BAO_0000357";"single protein format";"Bos taurus";"None";"None";"None";"None";"";"";"";"CHEMBL3769";"Serine protease 1";"Bos taurus";"SINGLE PROTEIN";"CHEMBL1135303";"1";"Scientific Literature";"Bioorg Med Chem Lett";"2002";"None";"";"";"";"110.0"
"CHEMBL1160767";"";"None";"205.22";"0";"1.09";"18";"N=C(N)Nc1ccc(/C=C/C(=O)O)cc1";"Ki";"'='";"4920000.0";"nM";"";"Outside typical range";"";"UO_0000065";"";"";"";"";"0";"CHEMBL815752";"Inhibition against Trypsin";"B";"BAO_0000357";"single protein format";"Bos taurus";"None";"None";"None";"None";"";"";"";"CHEMBL3769";"Serine protease 1";"Bos taurus";"SINGLE PROTEIN";"CHEMBL1125001";"1";"Scientific Literature";"J Med Chem";"1990";"None";"";"";"";"4.92"
"CHEMBL79986";"";"None";"441.44";"0";"3.82";"6g";"Cc1c(F)c(Oc2cccc(C(=O)N(C)C)c2)nc(Oc2cc(C(=N)N)ccc2N)c1F";"Ki";"'='";"550.0";"nM";"6.26";"";"";"UO_0000065";"14.18";"0.27";"2.44";"4.91";"1";"CHEMBL818251";"Inhibitory constant against bovine trypsin for general specificity against serine proteases";"B";"BAO_0000357";"single protein format";"Bos taurus";"None";"None";"None";"None";"";"";"";"CHEMBL3769";"Serine protease 1";"Bos taurus";"SINGLE PROTEIN";"CHEMBL1135740";"1";"Scientific Literature";"J Med Chem";"2002";"None";"";"";"";"550.0"
"CHEMBL48595";"";"None";"440.49";"0";"2.61";"6l";"CS(=O)(=O)Nc1ccc(Oc2cccc(C(=N)N)c2)nc1Oc1cccc(C(=N)N)c1";"Ki";"'='";"1900.0";"nM";"5.72";"";"";"UO_0000065";"12.99";"0.25";"3.11";"3.23";"0";"CHEMBL817573";"Compound was tested for inhibition activity against bovine trypsin.";"B";"BAO_0000357";"single protein format";"Bos taurus";"None";"None";"None";"None";"";"";"";"CHEMBL3769";"Serine protease 1";"Bos taurus";"SINGLE PROTEIN";"CHEMBL1132209";"1";"Scientific Literature";"J Med Chem";"1999";"None";"";"";"";"1900.0"
"CHEMBL83392";"";"None";"442.42";"0";"3.94";"5k";"Cc1c(F)c(Oc2cccc(C(=N)N)c2)nc(Oc2cc(C(=O)N(C)C)ccc2O)c1F";"Ki";"'='";"3700.0";"nM";"5.43";"";"";"UO_0000065";"12.28";"0.23";"1.49";"4.46";"0";"CHEMBL818251";"Inhibitory constant against bovine trypsin for general specificity against serine proteases";"B";"BAO_0000357";"single protein format";"Bos taurus";"None";"None";"None";"None";"";"";"";"CHEMBL3769";"Serine protease 1";"Bos taurus";"SINGLE PROTEIN";"CHEMBL1135740";"1";"Scientific Literature";"J Med Chem";"2002";"None";"";"";"";"3700.0"
"CHEMBL7962";"";"None";"493.63";"0";"2.92";"LB30057";"CN(C(=O)[C@H](Cc1ccc(C(=N)NN)cc1)NS(=O)(=O)c1ccc2ccccc2c1)C1CCCC1";"Ki";"'='";"33.0";"nM";"7.48";"";"";"UO_0000065";"15.16";"0.29";"4.56";"5.83";"0";"CHEMBL878650";"Inhibitory activity against Bovine Trypsin";"B";"BAO_0000357";"single protein format";"Bos taurus";"None";"None";"None";"None";"";"";"";"CHEMBL3769";"Serine protease 1";"Bos taurus";"SINGLE PROTEIN";"CHEMBL1133054";"1";"Scientific Literature";"Bioorg Med Chem Lett";"2000";"None";"";"";"";"33.0"
"CHEMBL176000";"";"None";"567.69";"1";"1.98";"6";"CN[C@H](Cc1ccc(F)cc1)C(=O)N1CCC[C@H]1C(=O)NC(CCCN=C(N)N)C(=O)c1nc2ccccc2s1";"Ki";"'='";"3.0";"nM";"8.52";"";"";"UO_0000065";"15.01";"0.29";"6.54";"5.47";"0";"CHEMBL828215";"Binding affinity against bovine trypsin";"B";"BAO_0000357";"single protein format";"Bos taurus";"None";"None";"None";"None";"";"";"";"CHEMBL3769";"Serine protease 1";"Bos taurus";"SINGLE PROTEIN";"CHEMBL1142732";"1";"Scientific Literature";"J Med Chem";"2005";"None";"";"";"";"3.0"
"CHEMBL368937";"";"None";"555.75";"1";"2.57";"8";"CN[C@H](CC1CCCCC1)C(=O)N1CCC[C@H]1C(=O)NC(CCCN=C(N)N)C(=O)c1nc2ccccc2s1";"Ki";"'='";"3.9";"nM";"8.41";"";"";"UO_0000065";"15.13";"0.29";"5.84";"5.40";"0";"CHEMBL828215";"Binding affinity against bovine trypsin";"B";"BAO_0000357";"single protein format";"Bos taurus";"None";"None";"None";"None";"";"";"";"CHEMBL3769";"Serine protease 1";"Bos taurus";"SINGLE PROTEIN";"CHEMBL1142732";"1";"Scientific Literature";"J Med Chem";"2005";"None";"";"";"";"3.9"
"CHEMBL268824";"";"None";"540.71";"1";"2.56";"10e";"CS(=O)(=O)N[C@@H](C(=O)N1CCC[C@H]1C(=O)NCc1ccc(CN)s1)C(c1ccccc1)c1ccccc1";"Ki";"'='";"85.0";"nM";"7.07";"";"";"UO_0000065";"13.08";"0.26";"4.51";"5.81";"0";"CHEMBL817758";"Binding affinity against bovine trypsin";"B";"BAO_0000357";"single protein format";"Bos taurus";"None";"None";"None";"None";"";"";"";"CHEMBL3769";"Serine protease 1";"Bos taurus";"SINGLE PROTEIN";"CHEMBL1135262";"1";"Scientific Literature";"Bioorg Med Chem Lett";"2002";"None";"";"";"";"85.0"
"CHEMBL1166";"ARGATROBAN";"4.0";"508.65";"2";"0.91";"aragatroban";"CC1CNc2c(cccc2S(=O)(=O)N[C@@H](CCCNC(=N)N)C(=O)N2CC[C@@H](C)C[C@@H]2C(=O)O)C1";"Ki";"'='";"2900.0";"nM";"5.54";"";"";"UO_0000065";"10.89";"0.22";"4.63";"3.12";"0";"CHEMBL815751";"Inhibition of bovine trypsin";"B";"BAO_0000357";"single protein format";"Bos taurus";"None";"None";"None";"None";"";"";"";"CHEMBL3769";"Serine protease 1";"Bos taurus";"SINGLE PROTEIN";"CHEMBL1129256";"1";"Scientific Literature";"J Med Chem";"1996";"None";"";"";"";"2900.0"
"CHEMBL145655";"";"None";"514.65";"1";"2.20";"35";"COC(=O)C1CCN(C(=O)[C@H](Cc2cccc(C(=N)N)c2)NS(=O)(=O)c2c(C)cc(C)cc2C)CC1";"Ki";"'='";"990.83";"nM";"6.00";"";"";"UO_0000065";"11.67";"0.23";"3.80";"4.21";"0";"CHEMBL821446";"Binding affinity towards trypsin";"B";"BAO_0000357";"single protein format";"Bos taurus";"None";"None";"None";"None";"";"";"";"CHEMBL3769";"Serine protease 1";"Bos taurus";"SINGLE PROTEIN";"CHEMBL1132189";"1";"Scientific Literature";"J Med Chem";"1999";"None";"";"";"";"6.004"
"CHEMBL4439523";"";"None";"1590.90";"None";"None";"3";"CC[C@H](C)[C@@H]1NC(=O)[C@@H]2CCCN2C(=O)[C@@H]2CCCN2C(=O)[C@H](CCCCN)NC(=O)[C@H](CO)NC(=O)[C@H](CCCCN)NC(=O)[C@H](Cc2ccc(O)cc2)NC(=O)[C@@H]2CSSC[C@H](NC1=O)C(=O)N[C@@H](Cc1ccccc1)C(=O)N1CCC[C@H]1C(=O)N[C@@H](CC(=O)O)C(=O)NCC(=O)N[C@@H](CCCNC(=N)N)C(=O)N2";"Ki";"'='";"160.0";"nM";"6.80";"";"";"UO_0000065";"4.27";"None";"None";"None";"0";"CHEMBL4372182";"Inhibition of bovine cationic trypsin using Bz-FVR-pNA as substrate after 30 mins";"B";"BAO_0000357";"single protein format";"Bos taurus";"None";"None";"None";"None";"";"";"";"CHEMBL3769";"Serine protease 1";"Bos taurus";"SINGLE PROTEIN";"CHEMBL4371033";"1";"Scientific Literature";"J Med Chem";"2019";"None";"";"";"";"160.0"
"CHEMBL4569923";"";"None";"1618.91";"None";"None";"6";"CC[C@H](C)[C@@H]1NC(=O)[C@@H]2CCCN2C(=O)[C@@H]2CCCN2C(=O)[C@H](CCCNC(=N)N)NC(=O)[C@H](CO)NC(=O)[C@H](CCCCN)NC(=O)[C@H](Cc2ccc(O)cc2)NC(=O)[C@@H]2CSSC[C@H](NC1=O)C(=O)N[C@@H](Cc1ccccc1)C(=O)N1CCC[C@H]1C(=O)N[C@@H](CC(=O)O)C(=O)NCC(=O)N[C@@H](CCCNC(=N)N)C(=O)N2";"Ki";"'='";"28.0";"nM";"7.55";"";"";"UO_0000065";"4.67";"None";"None";"None";"0";"CHEMBL4372182";"Inhibition of bovine cationic trypsin using Bz-FVR-pNA as substrate after 30 mins";"B";"BAO_0000357";"single protein format";"Bos taurus";"None";"None";"None";"None";"";"";"";"CHEMBL3769";"Serine protease 1";"Bos taurus";"SINGLE PROTEIN";"CHEMBL4371033";"1";"Scientific Literature";"J Med Chem";"2019";"None";"";"";"";"28.0"
"CHEMBL4102547";"";"None";"1921.37";"None";"None";"TIBA";"CC[C@H](C)[C@@H]1NC(=O)[C@@H]2CCCN2C(=O)[C@@H]2CCCN2C(=O)[C@H]([C@@H](C)CC)NC(=O)[C@H](CO)NC(=O)[C@H](CCCCN)NC(=O)[C@H]([C@@H](C)O)NC(=O)[C@@H]2CSSC[C@H](NC1=O)C(=O)N[C@@H](CCCCN)C(=O)N[C@@H](CCCNC(=N)N)C(=O)N1CCC[C@H]1C(=O)N1CCC[C@H]1C(=O)NCC(=O)N[C@@H](Cc1ccccc1)C(=O)N[C@@H](CO)C(=O)N1CCC[C@H]1C(=O)N[C@@H](CC(C)C)C(=O)N2";"Ki";"'='";"5.12";"nM";"8.29";"";"";"UO_0000065";"4.32";"None";"None";"None";"0";"CHEMBL4001013";"Inhibition of bovine beta-trypsin using BAPNA as substrate preincubated for 15 mins followed by substrate addition measured over 60 mins by Dixon plot analysis";"B";"BAO_0000357";"single protein format";"Bos taurus";"None";"None";"None";"None";"";"";"";"CHEMBL3769";"Serine protease 1";"Bos taurus";"SINGLE PROTEIN";"CHEMBL4000179";"1";"Scientific Literature";"J Med Chem";"2017";"None";"";"";"";"5.12"
"CHEMBL344104";"";"None";"464.59";"0";"3.03";"38";"N=C(N)c1cccc(C[C@H](NS(=O)(=O)c2cccc3ccccc23)C(=O)N2CCCCC2)c1";"Ki";"'='";"609.54";"nM";"6.21";"";"";"UO_0000065";"13.38";"0.26";"3.18";"5.34";"0";"CHEMBL821446";"Binding affinity towards trypsin";"B";"BAO_0000357";"single protein format";"Bos taurus";"None";"None";"None";"None";"";"";"";"CHEMBL3769";"Serine protease 1";"Bos taurus";"SINGLE PROTEIN";"CHEMBL1132189";"1";"Scientific Literature";"J Med Chem";"1999";"None";"";"";"";"6.215"
"CHEMBL175286";"";"None";"496.66";"1";"5.66";"8e";"CC(=N)N1CCC(Oc2ccc3c(c2)nc(C(C)(C)C)n3Cc2ccc3ccc(C(=N)N)cc3c2)CC1";"Ki";"'='";"18.0";"nM";"7.75";"";"";"UO_0000065";"15.59";"0.29";"2.08";"7.45";"0";"CHEMBL815753";"In vitro inhibitory activity against bovine cationic trypsin";"B";"BAO_0000357";"single protein format";"Bos taurus";"None";"None";"None";"None";"";"";"";"CHEMBL3769";"Serine protease 1";"Bos taurus";"SINGLE PROTEIN";"CHEMBL1133358";"1";"Scientific Literature";"Bioorg Med Chem Lett";"2000";"None";"";"";"";"18.0"
"CHEMBL355796";"";"None";"581.72";"1";"4.97";"13g";"CCOC(=O)CCC(=O)N(c1ccc2nc(C)n(Cc3ccc4ccc(C(=N)N)cc4c3)c2c1)C1CCN(C(C)=N)CC1";"Ki";"'='";"256.0";"nM";"6.59";"";"";"UO_0000065";"11.33";"0.21";"1.62";"4.66";"0";"CHEMBL815753";"In vitro inhibitory activity against bovine cationic trypsin";"B";"BAO_0000357";"single protein format";"Bos taurus";"None";"None";"None";"None";"";"";"";"CHEMBL3769";"Serine protease 1";"Bos taurus";"SINGLE PROTEIN";"CHEMBL1133358";"1";"Scientific Literature";"Bioorg Med Chem Lett";"2000";"None";"";"";"";"256.0"
"CHEMBL145630";"";"None";"478.62";"0";"3.42";"12";"N=C(N)c1cccc(C[C@H](NS(=O)(=O)c2ccc3ccccc3c2)C(=O)N2CCCCCC2)c1";"Ki";"'='";"549.54";"nM";"6.26";"";"";"UO_0000065";"13.08";"0.25";"2.84";"5.38";"0";"CHEMBL821446";"Binding affinity towards trypsin";"B";"BAO_0000357";"single protein format";"Bos taurus";"None";"None";"None";"None";"";"";"";"CHEMBL3769";"Serine protease 1";"Bos taurus";"SINGLE PROTEIN";"CHEMBL1132189";"1";"Scientific Literature";"J Med Chem";"1999";"None";"";"";"";"6.26"
"CHEMBL51173";"";"None";"521.64";"1";"2.14";"12";"N=C(N)c1ccc(C[C@@H](NC(=O)CNS(=O)(=O)c2ccc3ccccc3c2)C(=O)N2CCCCC2)cc1";"Ki";"'='";"690.0";"nM";"6.16";"";"";"UO_0000065";"11.81";"0.23";"4.02";"4.24";"0";"CHEMBL818253";"Tested for the Inhibition of the catalytic activity of bovine trypsin at 25 degree C and pH 7.5.";"B";"BAO_0000357";"single protein format";"Bos taurus";"None";"None";"None";"None";"";"";"";"CHEMBL3769";"Serine protease 1";"Bos taurus";"SINGLE PROTEIN";"CHEMBL1150979";"1";"Scientific Literature";"Bioorg Med Chem Lett";"1997";"None";"";"";"";"0.69"
"CHEMBL84065";"";"None";"447.45";"0";"3.05";"24";"CN1CCN=C1c1cccc(Oc2cc(C(=O)O)cc(Oc3cc(C(=N)N)ccc3O)n2)c1";"Ki";"'='";"220.0";"nM";"6.66";"";"";"UO_0000065";"14.88";"0.28";"3.61";"4.31";"0";"CHEMBL817592";"Inhibitory potency was measured against bovine trypsin.";"B";"BAO_0000357";"single protein format";"Bos taurus";"None";"None";"None";"None";"";"";"";"CHEMBL3769";"Serine protease 1";"Bos taurus";"SINGLE PROTEIN";"CHEMBL1131090";"1";"Scientific Literature";"J Med Chem";"1998";"None";"";"";"";"220.0"
"CHEMBL453539";"";"None";"1513.81";"None";"None";"SFTI-1";"CC[C@H](C)[C@@H]1NC(=O)[C@@H]2CCCN2C(=O)[C@@H]2CCCN2C(=O)[C@H]([C@@H](C)CC)NC(=O)[C@H](CO)NC(=O)[C@H](CCCCN)NC(=O)[C@H]([C@@H](C)O)NC(=O)[C@@H]2CSSC[C@H](NC1=O)C(=O)N[C@@H](Cc1ccccc1)C(=O)N1CCC[C@H]1C(=O)N[C@@H](CC(=O)O)C(=O)NCC(=O)N[C@@H](CCCNC(=N)N)C(=O)N2";"Ki";"'='";"0.1";"nM";"10.00";"";"";"UO_0000065";"6.61";"None";"None";"None";"0";"CHEMBL4001014";"Inhibition of bovine beta-trypsin type-3 using L-BAPNA as substrate preincubated for 5 mins followed by substrate addition measured over 60 mins";"B";"BAO_0000357";"single protein format";"Bos taurus";"None";"None";"None";"None";"";"";"";"CHEMBL3769";"Serine protease 1";"Bos taurus";"SINGLE PROTEIN";"CHEMBL4000179";"1";"Scientific Literature";"J Med Chem";"2017";"None";"";"";"";"0.1"
"CHEMBL344790";"";"None";"439.54";"0";"2.97";"28";"CC(C)OC(=O)[C@H](Cc1cccc(C(=N)N)c1)NS(=O)(=O)c1ccc2ccccc2c1";"Ki";"'='";"1412.54";"nM";"5.85";"";"";"UO_0000065";"13.31";"0.26";"2.88";"4.78";"0";"CHEMBL821446";"Binding affinity towards trypsin";"B";"BAO_0000357";"single protein format";"Bos taurus";"None";"None";"None";"None";"";"";"";"CHEMBL3769";"Serine protease 1";"Bos taurus";"SINGLE PROTEIN";"CHEMBL1132189";"1";"Scientific Literature";"J Med Chem";"1999";"None";"";"";"";"5.85"
"CHEMBL38512";"";"None";"425.29";"1";"0.01";"5m";"N=C(N)NCCCC1NC(=O)CNC(=O)c2cc(ccc2CBr)NC1=O";"Ki";"'='";"55000.0";"nM";"4.26";"";"";"UO_0000065";"10.02";"0.22";"4.25";"2.85";"0";"CHEMBL816811";"Apparent binding constant against bovine trypsin";"B";"BAO_0000357";"single protein format";"Bos taurus";"None";"None";"None";"None";"";"";"";"CHEMBL3769";"Serine protease 1";"Bos taurus";"SINGLE PROTEIN";"CHEMBL1126701";"1";"Scientific Literature";"J Med Chem";"1993";"None";"";"";"";"0.000055"
"CHEMBL122801";"";"None";"589.55";"1";"3.91";"9";"Nc1ccc(CNC(=O)[C@@H]2CCCN2C(=O)[C@@H](Cc2ccc(Cl)c(Cl)c2)NS(=O)(=O)Cc2ccccc2)cc1";"Ki";"'='";"12000.0";"nM";"4.92";"";"";"UO_0000065";"8.35";"0.17";"1.01";"4.05";"0";"CHEMBL817580";"In vitro inhibitory activity against bovine trypsin";"B";"BAO_0000357";"single protein format";"Bos taurus";"None";"None";"None";"None";"";"";"";"CHEMBL3769";"Serine protease 1";"Bos taurus";"SINGLE PROTEIN";"CHEMBL1130400";"1";"Scientific Literature";"J Med Chem";"1997";"None";"";"";"";"12000.0"
"CHEMBL176221";"";"None";"535.72";"1";"2.20";"47";"CN[C@H](Cc1ccccc1)C(=O)N1CCC[C@H]1C(=O)N[C@H](CCCN=C(N)N)Cc1nc2ccccc2s1";"Ki";"";"";"nM";"";"";"Not Determined";"UO_0000065";"";"";"";"";"0";"CHEMBL876363";"Binding affinity against bovine trypsin; NT=Not determined";"B";"BAO_0000357";"single protein format";"Bos taurus";"None";"None";"None";"None";"";"";"";"CHEMBL3769";"Serine protease 1";"Bos taurus";"SINGLE PROTEIN";"CHEMBL1142732";"1";"Scientific Literature";"J Med Chem";"2005";"None";"";"";"";""
"CHEMBL82040";"";"None";"400.34";"0";"4.45";"4aa";"Cc1c(F)c(Oc2cccc(C(=N)N)c2)nc(Oc2cccc([N+](=O)[O-])c2)c1F";"Ki";"'>'";"5000.0";"nM";"";"";"";"UO_0000065";"";"";"";"";"0";"CHEMBL818251";"Inhibitory constant against bovine trypsin for general specificity against serine proteases";"B";"BAO_0000357";"single protein format";"Bos taurus";"None";"None";"None";"None";"";"";"";"CHEMBL3769";"Serine protease 1";"Bos taurus";"SINGLE PROTEIN";"CHEMBL1135740";"1";"Scientific Literature";"J Med Chem";"2002";"None";"";"";"";"5000.0"
"CHEMBL81932";"";"None";"412.40";"0";"3.56";"4o";"Cc1c(F)c(Oc2cccc(CC(N)=O)c2)nc(Oc2cccc(C(=N)N)c2)c1F";"Ki";"'>'";"5000.0";"nM";"";"";"";"UO_0000065";"";"";"";"";"0";"CHEMBL818251";"Inhibitory constant against bovine trypsin for general specificity against serine proteases";"B";"BAO_0000357";"single protein format";"Bos taurus";"None";"None";"None";"None";"";"";"";"CHEMBL3769";"Serine protease 1";"Bos taurus";"SINGLE PROTEIN";"CHEMBL1135740";"1";"Scientific Literature";"J Med Chem";"2002";"None";"";"";"";"5000.0"
"CHEMBL1160763";"";"None";"214.07";"0";"1.75";"16";"N=C(N)Nc1ccc(Br)cc1";"Ki";"'='";"2779713.27";"nM";"";"Outside typical range";"";"UO_0000065";"";"";"";"";"0";"CHEMBL815775";"log1/Ki value was calculated against Trypsin";"B";"BAO_0000357";"single protein format";"Bos taurus";"None";"None";"None";"None";"";"";"";"CHEMBL3769";"Serine protease 1";"Bos taurus";"SINGLE PROTEIN";"CHEMBL1125001";"1";"Scientific Literature";"J Med Chem";"1990";"None";"";"";"";"2.556"
"CHEMBL24287";"";"None";"512.55";"1";"3.62";"6c";"CS(=O)(=O)N1CCC(Oc2ccc(NC/C=C/c3cc(C(=N)N)ccc3O)cc2C(F)(F)F)CC1";"Ki";"'='";"1250.0";"nM";"5.90";"";"";"UO_0000065";"11.52";"0.23";"2.28";"4.59";"0";"CHEMBL873992";"Competitive inhibition of trypsin";"B";"BAO_0000357";"single protein format";"Bos taurus";"None";"None";"None";"None";"";"";"";"CHEMBL3769";"Serine protease 1";"Bos taurus";"SINGLE PROTEIN";"CHEMBL1135303";"1";"Scientific Literature";"Bioorg Med Chem Lett";"2002";"None";"";"";"";"1250.0"
"CHEMBL314942";"";"None";"497.71";"0";"4.48";"11";"CN(C(=O)[C@H](Cc1ccc(CN)cc1)NS(=O)(=O)c1ccc(C2CCCCC2)cc1)C1CCCC1";"Ki";"'='";"4800.0";"nM";"5.32";"";"";"UO_0000065";"10.69";"0.21";"0.84";"5.75";"0";"CHEMBL817623";"Binding affinity towards bovine trypsin was evaluated in vitro";"B";"BAO_0000357";"single protein format";"Bos taurus";"None";"None";"None";"None";"";"";"";"CHEMBL3769";"Serine protease 1";"Bos taurus";"SINGLE PROTEIN";"CHEMBL1130583";"1";"Scientific Literature";"Bioorg Med Chem Lett";"1998";"None";"";"";"";"4800.0"
"CHEMBL555314";"";"None";"575.09";"1";"2.36";"3i";"Cl.N=C(N)N1CCC[C@@H](CNC(=O)[C@@H](Cc2ccc([N+](=O)[O-])cc2)NS(=O)(=O)c2ccc3ccccc3c2)C1";"Ki";"'='";"12000.0";"nM";"4.92";"";"";"UO_0000065";"9.14";"0.18";"2.56";"2.87";"0";"CHEMBL878759";"In vitro binding affinity by measuring the inhibition of bovine trypsin";"B";"BAO_0000357";"single protein format";"Bos taurus";"None";"None";"None";"None";"";"";"";"CHEMBL3769";"Serine protease 1";"Bos taurus";"SINGLE PROTEIN";"CHEMBL1127404";"1";"Scientific Literature";"J Med Chem";"1994";"None";"";"";"";"12.0"
"CHEMBL126575";"";"None";"396.40";"0";"4.43";"1";"Cc1c(F)c(Oc2cccc(C(=N)N)c2)cc(Oc2cccc(C(=N)N)c2)c1F";"Ki";"'='";"740.0";"nM";"6.13";"";"";"UO_0000065";"15.47";"0.29";"1.70";"5.19";"0";"CHEMBL818252";"Inhibitory constant against trypsin";"B";"BAO_0000357";"single protein format";"Bos taurus";"None";"None";"None";"None";"";"";"";"CHEMBL3769";"Serine protease 1";"Bos taurus";"SINGLE PROTEIN";"CHEMBL1132402";"1";"Scientific Literature";"J Med Chem";"1999";"None";"";"";"";"740.0"
"CHEMBL100712";"";"None";"611.79";"2";"1.66";"3e";"N=C(N)NCCC[C@H]1NC(=O)[C@H]2CCCN2C(=O)[C@H](Cc2ccccc2)NC(=O)CCCCCCCCCCNC(=O)C1=O";"Ki";"'='";"25.0";"nM";"7.60";"";"";"UO_0000065";"12.43";"0.24";"5.94";"4.07";"0";"CHEMBL817569";"Inhibition of bovine trypsin";"B";"BAO_0000357";"single protein format";"Bos taurus";"None";"None";"None";"None";"";"";"";"CHEMBL3769";"Serine protease 1";"Bos taurus";"SINGLE PROTEIN";"CHEMBL1128948";"1";"Scientific Literature";"Bioorg Med Chem Lett";"1996";"None";"";"";"";"25.0"
"CHEMBL327601";"";"None";"541.65";"1";"3.59";"10";"CC(C)(C)OC(=O)N[C@@H](C(=O)N1CCC[C@H]1C(=O)NCC#Cc1c[nH]cn1)C(c1ccccc1)c1ccccc1";"Ki";"'='";"50.0";"nM";"7.30";"";"";"UO_0000065";"13.48";"0.25";"3.71";"6.27";"0";"CHEMBL878650";"Inhibitory activity against Bovine Trypsin";"B";"BAO_0000357";"single protein format";"Bos taurus";"None";"None";"None";"None";"";"";"";"CHEMBL3769";"Serine protease 1";"Bos taurus";"SINGLE PROTEIN";"CHEMBL1133054";"1";"Scientific Literature";"Bioorg Med Chem Lett";"2000";"None";"";"";"";"50.0"
"CHEMBL317428";"";"None";"599.73";"1";"-0.09";"3g";"COC1C[C@@H]2C(=O)N[C@H](CCCN=C(N)N)C(=O)C(=O)NCCCCCCCC(=O)N[C@@H](Cc3ccccc3)C(=O)N2C1";"Ki";"'='";"13.0";"nM";"7.89";"";"";"UO_0000065";"13.15";"0.25";"7.98";"3.98";"0";"CHEMBL817569";"Inhibition of bovine trypsin";"B";"BAO_0000357";"single protein format";"Bos taurus";"None";"None";"None";"None";"";"";"";"CHEMBL3769";"Serine protease 1";"Bos taurus";"SINGLE PROTEIN";"CHEMBL1128948";"1";"Scientific Literature";"Bioorg Med Chem Lett";"1996";"None";"";"";"";"13.0"
"CHEMBL51173";"";"None";"521.64";"1";"2.14";"8";"N=C(N)c1ccc(C[C@@H](NC(=O)CNS(=O)(=O)c2ccc3ccccc3c2)C(=O)N2CCCCC2)cc1";"Ki";"'='";"325.0";"nM";"6.49";"";"";"UO_0000065";"12.44";"0.24";"4.35";"4.46";"0";"CHEMBL817590";"Inhibitory effect of compound was measured in bovine trypsin";"B";"BAO_0000357";"single protein format";"Bos taurus";"None";"None";"None";"None";"";"";"";"CHEMBL3769";"Serine protease 1";"Bos taurus";"SINGLE PROTEIN";"CHEMBL1129885";"1";"Scientific Literature";"Bioorg Med Chem Lett";"1997";"None";"";"";"";"0.325"
"CHEMBL418050";"";"None";"753.75";"None";"None";"24";"CC1(C)C2CC1[C@]1(C)OB(C(Cc3ccccc3)NC(=O)[C@@H]3CCCN3C(=O)[C@@H](NC(=O)OCc3ccccc3)C(c3ccccc3)c3ccccc3)O[C@@H]1C2";"Ki";"'='";"0.44";"nM";"9.36";"";"";"UO_0000065";"12.41";"None";"None";"None";"0";"CHEMBL817620";"Binding affinity against Trypsin";"B";"BAO_0000357";"single protein format";"Bos taurus";"None";"None";"None";"None";"";"";"";"CHEMBL3769";"Serine protease 1";"Bos taurus";"SINGLE PROTEIN";"CHEMBL1128727";"1";"Scientific Literature";"J Med Chem";"1995";"None";"";"";"";"0.44"
"CHEMBL453539";"";"None";"1513.81";"None";"None";"SFTI-1";"CC[C@H](C)[C@@H]1NC(=O)[C@@H]2CCCN2C(=O)[C@@H]2CCCN2C(=O)[C@H]([C@@H](C)CC)NC(=O)[C@H](CO)NC(=O)[C@H](CCCCN)NC(=O)[C@H]([C@@H](C)O)NC(=O)[C@@H]2CSSC[C@H](NC1=O)C(=O)N[C@@H](Cc1ccccc1)C(=O)N1CCC[C@H]1C(=O)N[C@@H](CC(=O)O)C(=O)NCC(=O)N[C@@H](CCCNC(=N)N)C(=O)N2";"Ki";"'='";"2.35";"nM";"8.63";"";"";"UO_0000065";"5.70";"None";"None";"None";"0";"CHEMBL4001013";"Inhibition of bovine beta-trypsin using BAPNA as substrate preincubated for 15 mins followed by substrate addition measured over 60 mins by Dixon plot analysis";"B";"BAO_0000357";"single protein format";"Bos taurus";"None";"None";"None";"None";"";"";"";"CHEMBL3769";"Serine protease 1";"Bos taurus";"SINGLE PROTEIN";"CHEMBL4000179";"1";"Scientific Literature";"J Med Chem";"2017";"None";"";"";"";"2.35"
"CHEMBL48233";"";"None";"372.47";"0";"3.86";"4";"N=C(N)c1ccc(/C=C2\CCCC/C(=C\c3ccc(C(=N)N)cc3)C2=O)cc1";"Ki";"'='";"33.0";"nM";"7.48";"";"";"UO_0000065";"20.09";"0.36";"3.62";"6.40";"0";"CHEMBL817573";"Compound was tested for inhibition activity against bovine trypsin.";"B";"BAO_0000357";"single protein format";"Bos taurus";"None";"None";"None";"None";"";"";"";"CHEMBL3769";"Serine protease 1";"Bos taurus";"SINGLE PROTEIN";"CHEMBL1132209";"1";"Scientific Literature";"J Med Chem";"1999";"None";"";"";"";"33.0"
"CHEMBL345990";"";"None";"416.48";"0";"2.87";"9a";"COC(=O)C1C/C(=C\c2ccc(C(=N)N)cc2)C(=O)/C(=C/c2ccc(C(=N)N)cc2)C1";"Ki";"'='";"72.0";"nM";"7.14";"";"";"UO_0000065";"17.15";"0.31";"4.27";"4.99";"0";"CHEMBL618434";"In vitro inhibition of bovine trypsin(Trp).";"B";"BAO_0000357";"single protein format";"Bos taurus";"None";"None";"None";"None";"";"";"";"CHEMBL3769";"Serine protease 1";"Bos taurus";"SINGLE PROTEIN";"CHEMBL1132552";"1";"Scientific Literature";"J Med Chem";"1999";"None";"";"";"";"72.0"
"CHEMBL358180";"";"None";"434.54";"0";"4.87";"10c";"N=C(N)c1ccc(/C=C2/CC(c3ccccc3)C/C(=C/c3ccc(C(=N)N)cc3)C2=O)cc1";"Ki";"'='";"100.0";"nM";"7.00";"";"";"UO_0000065";"16.11";"0.29";"2.13";"5.99";"0";"CHEMBL815005";"In vitro inhibition of bovine trypsin(Trp).";"B";"BAO_0000357";"single protein format";"Bos taurus";"None";"None";"None";"None";"";"";"";"CHEMBL3769";"Serine protease 1";"Bos taurus";"SINGLE PROTEIN";"CHEMBL1132552";"1";"Scientific Literature";"J Med Chem";"1999";"None";"";"";"";"100.0"
"CHEMBL417827";"";"None";"421.55";"0";"2.32";"6";"N=C(N)c1cccc(C(=O)N[C@@H](C(=O)NCC2CCC(CN)CC2)c2ccccc2)c1";"Ki";"'='";"7400.0";"nM";"5.13";"";"";"UO_0000065";"12.17";"0.23";"2.81";"3.83";"0";"CHEMBL844336";"Inhibitory concentration against bovine trypsin";"B";"BAO_0000357";"single protein format";"Bos taurus";"None";"None";"None";"None";"";"";"";"CHEMBL3769";"Serine protease 1";"Bos taurus";"SINGLE PROTEIN";"CHEMBL1135884";"1";"Scientific Literature";"J Med Chem";"2002";"None";"";"";"";"7.4"
"CHEMBL144847";"";"None";"432.55";"0";"1.54";"68";"CNC(=O)[C@H](Cc1cccc(C(=N)N)c1)NS(=O)(=O)c1c(C)cc(OC)c(C)c1C";"Ki";"'='";"139958.73";"nM";"";"Outside typical range";"";"UO_0000065";"";"";"";"";"0";"CHEMBL821446";"Binding affinity towards trypsin";"B";"BAO_0000357";"single protein format";"Bos taurus";"None";"None";"None";"None";"";"";"";"CHEMBL3769";"Serine protease 1";"Bos taurus";"SINGLE PROTEIN";"CHEMBL1132189";"1";"Scientific Literature";"J Med Chem";"1999";"None";"";"";"";"3.854"
"CHEMBL82072";"";"None";"511.62";"1";"3.06";"3";"CN(C(=O)[C@H](Cc1ccc(C(=N)NN)cc1F)NS(=O)(=O)c1ccc2ccccc2c1)C1CCCC1";"Ki";"'='";"11000.0";"nM";"4.96";"";"";"UO_0000065";"9.69";"0.19";"1.90";"3.86";"0";"CHEMBL817589";"Inhibitory constant against bovine trypsin was determined in vitro.";"B";"BAO_0000357";"single protein format";"Bos taurus";"None";"None";"None";"None";"";"";"";"CHEMBL3769";"Serine protease 1";"Bos taurus";"SINGLE PROTEIN";"CHEMBL1132097";"1";"Scientific Literature";"Bioorg Med Chem Lett";"1999";"None";"";"";"";"11.0"
"CHEMBL20936";"BENZAMIDINE";"None";"120.16";"0";"0.97";"Benzamidine";"N=C(N)c1ccccc1";"Ki";"'='";"32000.0";"nM";"4.50";"";"";"UO_0000065";"37.41";"0.68";"3.52";"9.01";"0";"CHEMBL4727020";"Competitive inhibition of bovine beta trypsin using Bz-Arg-NH-Np as substrate at pH 7 at 30 degC";"B";"BAO_0000357";"single protein format";"Bos taurus";"None";"None";"None";"None";"";"";"";"CHEMBL3769";"Serine protease 1";"Bos taurus";"SINGLE PROTEIN";"CHEMBL4725290";"1";"Scientific Literature";"Bioorg Med Chem";"2020";"None";"";"INHIBITOR";"";"0.032"
"CHEMBL153565";"";"None";"434.52";"0";"0.09";"5a";"COC(=O)C(Cc1cccc(C(N)N)c1)NC(=O)CNS(=O)(=O)c1ccc(C)cc1";"Ki";"'='";"5700.0";"nM";"5.24";"";"";"UO_0000065";"12.07";"0.24";"5.15";"3.41";"0";"CHEMBL819016";"Inhibitory activity against bovine trypsin expressed as dissociation constant";"B";"BAO_0000357";"single protein format";"Bos taurus";"None";"None";"None";"None";"";"";"";"CHEMBL3769";"Serine protease 1";"Bos taurus";"SINGLE PROTEIN";"CHEMBL1131451";"1";"Scientific Literature";"J Med Chem";"1998";"None";"";"";"";"5.7"
"CHEMBL154985";"";"None";"675.94";"2";"5.42";"6b";"CC(C)c1cc(C(C)C)c(S(=O)(=O)NC(Cc2cccc(C(N)N)c2)C(=O)N2CCCC(C(=O)NCc3ccccc3)C2)c(C(C)C)c1";"Ki";"'='";"460.0";"nM";"6.34";"";"";"UO_0000065";"9.38";"0.18";"0.92";"4.29";"0";"CHEMBL819016";"Inhibitory activity against bovine trypsin expressed as dissociation constant";"B";"BAO_0000357";"single protein format";"Bos taurus";"None";"None";"None";"None";"";"";"";"CHEMBL3769";"Serine protease 1";"Bos taurus";"SINGLE PROTEIN";"CHEMBL1131451";"1";"Scientific Literature";"J Med Chem";"1998";"None";"";"";"";"0.46"
"CHEMBL545680";"";"None";"511.09";"0";"1.62";"1";"CN(C)c1cccc2c(S(=O)(=O)NC(CCCN=C(N)N)C(=O)N3CCCCC3)cccc12.Cl";"Ki";"'='";"2340.0";"nM";"5.63";"";"";"UO_0000065";"11.86";"0.23";"4.01";"4.20";"0";"CHEMBL817621";"Binding affinity determined against trypsin by Dixon method";"B";"BAO_0000357";"single protein format";"Bos taurus";"None";"None";"None";"None";"";"";"";"CHEMBL3769";"Serine protease 1";"Bos taurus";"SINGLE PROTEIN";"CHEMBL1133878";"1";"Scientific Literature";"Bioorg Med Chem Lett";"2001";"None";"";"";"";"2.34"
"CHEMBL151293";"";"None";"416.48";"0";"2.87";"9b";"COC(=O)C1C/C(=C/c2ccc(C(=N)N)cc2)C(=O)/C(=C/c2ccc(C(=N)N)cc2)C1";"Ki";"'='";"224.0";"nM";"6.65";"";"";"UO_0000065";"15.97";"0.29";"3.78";"4.65";"0";"CHEMBL815005";"In vitro inhibition of bovine trypsin(Trp).";"B";"BAO_0000357";"single protein format";"Bos taurus";"None";"None";"None";"None";"";"";"";"CHEMBL3769";"Serine protease 1";"Bos taurus";"SINGLE PROTEIN";"CHEMBL1132552";"1";"Scientific Literature";"J Med Chem";"1999";"None";"";"";"";"224.0"
"CHEMBL150718";"";"None";"428.58";"1";"5.07";"18b";"CN(C)C(=N)c1ccc(/C=C2/CCCC/C(=C\c3ccc(C(=N)N(C)C)cc3)C2=O)cc1";"Ki";"'>'";"5000.0";"nM";"";"";"";"UO_0000065";"";"";"";"";"0";"CHEMBL815005";"In vitro inhibition of bovine trypsin(Trp).";"B";"BAO_0000357";"single protein format";"Bos taurus";"None";"None";"None";"None";"";"";"";"CHEMBL3769";"Serine protease 1";"Bos taurus";"SINGLE PROTEIN";"CHEMBL1132552";"1";"Scientific Literature";"J Med Chem";"1999";"None";"";"";"";"5000.0"
"CHEMBL48199";"";"None";"346.39";"0";"3.84";"6c";"N=C(N)c1ccc(Oc2cccc(Oc3ccc(C(=N)N)cc3)c2)cc1";"Ki";"'='";"1000.0";"nM";"6.00";"";"";"UO_0000065";"17.32";"0.32";"2.16";"5.08";"0";"CHEMBL817573";"Compound was tested for inhibition activity against bovine trypsin.";"B";"BAO_0000357";"single protein format";"Bos taurus";"None";"None";"None";"None";"";"";"";"CHEMBL3769";"Serine protease 1";"Bos taurus";"SINGLE PROTEIN";"CHEMBL1132209";"1";"Scientific Literature";"J Med Chem";"1999";"None";"";"";"";"1000.0"
"CHEMBL83431";"";"None";"427.41";"0";"4.71";"4c";"CCOC(=O)c1cccc(Oc2nc(Oc3cccc(C(=N)N)c3)c(F)c(C)c2F)c1";"Ki";"'>'";"5000.0";"nM";"";"";"";"UO_0000065";"";"";"";"";"0";"CHEMBL818251";"Inhibitory constant against bovine trypsin for general specificity against serine proteases";"B";"BAO_0000357";"single protein format";"Bos taurus";"None";"None";"None";"None";"";"";"";"CHEMBL3769";"Serine protease 1";"Bos taurus";"SINGLE PROTEIN";"CHEMBL1135740";"1";"Scientific Literature";"J Med Chem";"2002";"None";"";"";"";"5000.0"
"CHEMBL367890";"";"None";"607.74";"1";"1.63";"68";"CN[C@H](Cc1ccccc1)C(=O)N1CCC[C@H]1C(=O)NC(CCCN=C(N)N)C(=O)c1nc2ccc(C(=O)OC)cc2s1";"Ki";"'='";"31.0";"nM";"7.51";"";"";"UO_0000065";"12.36";"0.24";"5.88";"4.12";"0";"CHEMBL828215";"Binding affinity against bovine trypsin";"B";"BAO_0000357";"single protein format";"Bos taurus";"None";"None";"None";"None";"";"";"";"CHEMBL3769";"Serine protease 1";"Bos taurus";"SINGLE PROTEIN";"CHEMBL1142732";"1";"Scientific Literature";"J Med Chem";"2005";"None";"";"";"";"31.0"
"CHEMBL3084981";"";"None";"561.75";"1";"3.69";"72";"CN[C@H](Cc1ccccc1)C(=O)N1CCC[C@H]1C(=O)N[C@@H](CC(=O)c1nc2ccccc2s1)[C@H]1CC[C@H](N)CC1";"Ki";"";"";"nM";"";"";"Not Determined";"UO_0000065";"";"";"";"";"0";"CHEMBL828772";"Binding affinity against bovine trypsin; ND=Not determined";"B";"BAO_0000357";"single protein format";"Bos taurus";"None";"None";"None";"None";"";"";"";"CHEMBL3769";"Serine protease 1";"Bos taurus";"SINGLE PROTEIN";"CHEMBL1142732";"1";"Scientific Literature";"J Med Chem";"2005";"None";"";"";"";""
"CHEMBL180418";"";"None";"551.72";"1";"1.69";"49 (diastereomer)";"CN[C@H](Cc1ccccc1)C(=O)N1CCC[C@H]1C(=O)N[C@@H](CCCN=C(N)N)C(O)c1nc2ccccc2s1";"Ki";"'='";"250000.0";"nM";"";"Outside typical range";"";"UO_0000065";"";"";"";"";"0";"CHEMBL828215";"Binding affinity against bovine trypsin";"B";"BAO_0000357";"single protein format";"Bos taurus";"None";"None";"None";"None";"";"";"";"CHEMBL3769";"Serine protease 1";"Bos taurus";"SINGLE PROTEIN";"CHEMBL1142732";"1";"Scientific Literature";"J Med Chem";"2005";"None";"";"";"";"250000.0"
"CHEMBL361379";"";"None";"665.80";"2";"1.71";"77";"N=C(N)NCCC[C@H](NC(=O)[C@@H]1CCCN1C(=O)[C@H](CO)NS(=O)(=O)c1cccc2ccccc12)C(=O)c1nc2ccccc2s1";"Ki";"'='";"2.9";"nM";"8.54";"";"";"UO_0000065";"12.82";"0.25";"6.83";"4.11";"0";"CHEMBL828215";"Binding affinity against bovine trypsin";"B";"BAO_0000357";"single protein format";"Bos taurus";"None";"None";"None";"None";"";"";"";"CHEMBL3769";"Serine protease 1";"Bos taurus";"SINGLE PROTEIN";"CHEMBL1142732";"1";"Scientific Literature";"J Med Chem";"2005";"None";"";"";"";"2.9"
"CHEMBL82831";"";"None";"446.46";"1";"6.28";"4ff";"Cc1c(F)c(Oc2cccc(Nc3ccccc3)c2)nc(Oc2cccc(C(=N)N)c2)c1F";"Ki";"'>'";"5000.0";"nM";"";"";"";"UO_0000065";"";"";"";"";"0";"CHEMBL818251";"Inhibitory constant against bovine trypsin for general specificity against serine proteases";"B";"BAO_0000357";"single protein format";"Bos taurus";"None";"None";"None";"None";"";"";"";"CHEMBL3769";"Serine protease 1";"Bos taurus";"SINGLE PROTEIN";"CHEMBL1135740";"1";"Scientific Literature";"J Med Chem";"2002";"None";"";"";"";"5000.0"
"CHEMBL49786";"";"None";"416.27";"0";"4.54";"6b";"N=C(N)c1ccc(Oc2nc(Oc3ccc(C(=N)N)cc3)c(Cl)cc2Cl)cc1";"Ki";"'='";"2700.0";"nM";"5.57";"";"";"UO_0000065";"13.38";"0.27";"1.03";"4.25";"1";"CHEMBL817573";"Compound was tested for inhibition activity against bovine trypsin.";"B";"BAO_0000357";"single protein format";"Bos taurus";"None";"None";"None";"None";"";"";"";"CHEMBL3769";"Serine protease 1";"Bos taurus";"SINGLE PROTEIN";"CHEMBL1132209";"1";"Scientific Literature";"J Med Chem";"1999";"None";"";"";"";"2700.0"
"CHEMBL195238";"";"None";"471.60";"1";"6.55";"12g";"N=C(N)c1ccc2ccc(CN(CCCc3ccccc3)C(=O)c3cccc4ccccc34)cc2c1";"Ki";"'='";"925.0";"nM";"6.03";"";"";"UO_0000065";"12.79";"0.23";"-0.52";"8.60";"0";"CHEMBL830293";"Inhibition constant towards bovine trypsin";"B";"BAO_0000357";"single protein format";"Bos taurus";"None";"None";"None";"None";"";"";"";"CHEMBL3769";"Serine protease 1";"Bos taurus";"SINGLE PROTEIN";"CHEMBL1144375";"1";"Scientific Literature";"Bioorg Med Chem Lett";"2005";"None";"";"";"";"925.0"
"CHEMBL116149";"";"None";"495.38";"0";"4.68";"32b";"COc1c(Cl)cc(Cl)cc1S(=O)(=O)Oc1cccc(OCCc2ccc(C(=N)N)cc2)c1";"Ki";"'='";"263.03";"nM";"6.58";"";"";"UO_0000065";"13.28";"0.28";"1.90";"5.89";"0";"CHEMBL818258";"Inhibitory activity against bovine Trypsin";"B";"BAO_0000357";"single protein format";"Bos taurus";"None";"None";"None";"None";"";"";"";"CHEMBL3769";"Serine protease 1";"Bos taurus";"SINGLE PROTEIN";"CHEMBL1134416";"1";"Scientific Literature";"J Med Chem";"2001";"None";"";"";"";"-6.58"
"CHEMBL1159688";"";"None";"641.65";"1";"2.45";"11n";"N=C(N)c1ccc(CNC(=O)[C@@H]2CCCN2C(=O)[C@H](NCC(=O)O)C(c2ccccc2)c2ccccc2)cc1.O=C(O)C(F)(F)F";"Ki";"'='";"3.0";"nM";"8.52";"";"";"UO_0000065";"16.15";"0.30";"6.07";"5.74";"0";"CHEMBL817758";"Binding affinity against bovine trypsin";"B";"BAO_0000357";"single protein format";"Bos taurus";"None";"None";"None";"None";"";"";"";"CHEMBL3769";"Serine protease 1";"Bos taurus";"SINGLE PROTEIN";"CHEMBL1135262";"1";"Scientific Literature";"Bioorg Med Chem Lett";"2002";"None";"";"";"";"3.0"
"CHEMBL333266";"";"None";"554.55";"1";"3.63";"27";"CCOC(=O)CN(C)c1c(F)c(Oc2cccc(C3=NCCN3C)c2)nc(Oc2cc(C(=N)N)ccc2O)c1F";"Ki";"'='";"240.0";"nM";"6.62";"";"";"UO_0000065";"11.94";"0.23";"2.99";"4.52";"0";"CHEMBL817592";"Inhibitory potency was measured against bovine trypsin.";"B";"BAO_0000357";"single protein format";"Bos taurus";"None";"None";"None";"None";"";"";"";"CHEMBL3769";"Serine protease 1";"Bos taurus";"SINGLE PROTEIN";"CHEMBL1131090";"1";"Scientific Literature";"J Med Chem";"1998";"None";"";"";"";"240.0"
"CHEMBL352197";"";"None";"476.52";"0";"2.77";"10";"N=C(N)c1cccc(-c2noc(N)c2C(=O)Nc2ccc(-c3ccccc3S(N)(=O)=O)cc2)c1";"Ki";"'='";"117.0";"nM";"6.93";"";"";"UO_0000065";"14.55";"0.28";"4.16";"3.63";"0";"CHEMBL817587";"Inhibitory activity against trypsin";"B";"BAO_0000357";"single protein format";"Bos taurus";"None";"None";"None";"None";"";"";"";"CHEMBL3769";"Serine protease 1";"Bos taurus";"SINGLE PROTEIN";"CHEMBL1133078";"1";"Scientific Literature";"Bioorg Med Chem Lett";"2000";"None";"";"";"";"117.0"
"CHEMBL1160766";"";"None";"153.16";"0";"1.13";"12";"N=C(N)Nc1ccc(F)cc1";"Ki";"'='";"808000.0";"nM";"";"Outside typical range";"";"UO_0000065";"";"";"";"";"0";"CHEMBL815752";"Inhibition against Trypsin";"B";"BAO_0000357";"single protein format";"Bos taurus";"None";"None";"None";"None";"";"";"";"CHEMBL3769";"Serine protease 1";"Bos taurus";"SINGLE PROTEIN";"CHEMBL1125001";"1";"Scientific Literature";"J Med Chem";"1990";"None";"";"";"";"0.808"
"CHEMBL135723";"";"None";"385.20";"0";"2.37";"2";"N=C(N)NCc1ccc(C2CC/C(=C/I)OC2=O)cc1";"Ki";"'='";"80.0";"nM";"7.10";"";"";"UO_0000065";"18.42";"0.48";"4.73";"8.05";"0";"CHEMBL817576";"Compound was tested for its binding affinity against the enzyme trypsin";"B";"BAO_0000357";"single protein format";"Bos taurus";"None";"None";"None";"None";"";"";"";"CHEMBL3769";"Serine protease 1";"Bos taurus";"SINGLE PROTEIN";"CHEMBL1125358";"1";"Scientific Literature";"J Med Chem";"1992";"None";"";"";"";"0.08"
"CHEMBL83925";"";"None";"456.45";"0";"4.25";"5l";"COc1ccc(C(=O)N(C)C)cc1Oc1nc(Oc2cccc(C(=N)N)c2)c(F)c(C)c1F";"Ki";"'='";"2100.0";"nM";"5.68";"";"";"UO_0000065";"12.44";"0.23";"1.43";"5.13";"0";"CHEMBL818251";"Inhibitory constant against bovine trypsin for general specificity against serine proteases";"B";"BAO_0000357";"single protein format";"Bos taurus";"None";"None";"None";"None";"";"";"";"CHEMBL3769";"Serine protease 1";"Bos taurus";"SINGLE PROTEIN";"CHEMBL1135740";"1";"Scientific Literature";"J Med Chem";"2002";"None";"";"";"";"2100.0"
"CHEMBL310373";"";"None";"431.41";"0";"3.54";"7f";"N=C(N)c1ccc(O)c(Oc2cc(C(=O)O)cc(Oc3cccc(-n4ccnc4)c3)n2)c1";"Ki";"'='";"1200.0";"nM";"5.92";"";"";"UO_0000065";"13.72";"0.25";"2.38";"3.78";"1";"CHEMBL818251";"Inhibitory constant against bovine trypsin for general specificity against serine proteases";"B";"BAO_0000357";"single protein format";"Bos taurus";"None";"None";"None";"None";"";"";"";"CHEMBL3769";"Serine protease 1";"Bos taurus";"SINGLE PROTEIN";"CHEMBL1135740";"1";"Scientific Literature";"J Med Chem";"2002";"None";"";"";"";"1200.0"
"CHEMBL435012";"";"None";"596.56";"1";"3.37";"15a";"Nc1nc(CNC(=O)[C@@H]2CCCN2C(=O)[C@@H](Cc2ccc(Cl)c(Cl)c2)NS(=O)(=O)Cc2ccccc2)cs1";"Ki";"'='";"767000.0";"nM";"";"Outside typical range";"";"UO_0000065";"";"";"";"";"0";"CHEMBL817580";"In vitro inhibitory activity against bovine trypsin";"B";"BAO_0000357";"single protein format";"Bos taurus";"None";"None";"None";"None";"";"";"";"CHEMBL3769";"Serine protease 1";"Bos taurus";"SINGLE PROTEIN";"CHEMBL1130400";"1";"Scientific Literature";"J Med Chem";"1997";"None";"";"";"";"767000.0"
"CHEMBL20672";"";"None";"475.98";"0";"3.44";"8";"N=C(N)c1cccc(C(=O)N[C@@H](C(=O)N2CCN(c3ccc(Cl)cc3)CC2)c2ccccc2)c1";"Ki";"'='";"1700.0";"nM";"5.77";"";"";"UO_0000065";"12.12";"0.23";"2.33";"5.63";"0";"CHEMBL844336";"Inhibitory concentration against bovine trypsin";"B";"BAO_0000357";"single protein format";"Bos taurus";"None";"None";"None";"None";"";"";"";"CHEMBL3769";"Serine protease 1";"Bos taurus";"SINGLE PROTEIN";"CHEMBL1135884";"1";"Scientific Literature";"J Med Chem";"2002";"None";"";"";"";"1700.0"
"CHEMBL48965";"";"None";"413.38";"0";"3.52";"6i";"COc1c(F)c(Oc2cccc(C(=N)N)c2)nc(Oc2cccc(C(=N)N)c2)c1F";"Ki";"'='";"1100.0";"nM";"5.96";"";"";"UO_0000065";"14.41";"0.27";"2.44";"4.25";"0";"CHEMBL817573";"Compound was tested for inhibition activity against bovine trypsin.";"B";"BAO_0000357";"single protein format";"Bos taurus";"None";"None";"None";"None";"";"";"";"CHEMBL3769";"Serine protease 1";"Bos taurus";"SINGLE PROTEIN";"CHEMBL1132209";"1";"Scientific Literature";"J Med Chem";"1999";"None";"";"";"";"1100.0"
"CHEMBL50909";"";"None";"396.40";"0";"3.77";"14a";"Cc1c(F)c(Nc2cccc(C(=N)N)c2)nc(Oc2cccc(C(=N)N)c2)c1F";"Ki";"'='";"3100.0";"nM";"5.51";"";"";"UO_0000065";"13.90";"0.26";"1.74";"4.11";"0";"CHEMBL817573";"Compound was tested for inhibition activity against bovine trypsin.";"B";"BAO_0000357";"single protein format";"Bos taurus";"None";"None";"None";"None";"";"";"";"CHEMBL3769";"Serine protease 1";"Bos taurus";"SINGLE PROTEIN";"CHEMBL1132209";"1";"Scientific Literature";"J Med Chem";"1999";"None";"";"";"";"3100.0"
"CHEMBL122601";"";"None";"471.61";"0";"3.05";"14e";"Cc1cc(N)nc(C)c1CNC(=O)[C@@H]1CCCN1C(=O)[C@H](N)C(c1ccccc1)c1ccccc1";"Ki";"'='";"8300.0";"nM";"5.08";"";"";"UO_0000065";"10.77";"0.20";"2.03";"4.44";"0";"CHEMBL817580";"In vitro inhibitory activity against bovine trypsin";"B";"BAO_0000357";"single protein format";"Bos taurus";"None";"None";"None";"None";"";"";"";"CHEMBL3769";"Serine protease 1";"Bos taurus";"SINGLE PROTEIN";"CHEMBL1130400";"1";"Scientific Literature";"J Med Chem";"1997";"None";"";"";"";"8300.0"
"CHEMBL331181";"";"None";"461.68";"0";"3.44";"15c";"Nc1nc(CNC(=O)[C@@H]2CCCN2C(=O)[C@H](N)C(C2CCCCC2)C2CCCCC2)cs1";"Ki";"'='";"144000.0";"nM";"";"Outside typical range";"";"UO_0000065";"";"";"";"";"0";"CHEMBL817580";"In vitro inhibitory activity against bovine trypsin";"B";"BAO_0000357";"single protein format";"Bos taurus";"None";"None";"None";"None";"";"";"";"CHEMBL3769";"Serine protease 1";"Bos taurus";"SINGLE PROTEIN";"CHEMBL1130400";"1";"Scientific Literature";"J Med Chem";"1997";"None";"";"";"";"144000.0"
"CHEMBL81893";"";"None";"452.46";"0";"4.77";"4i";"Cc1c(F)c(Oc2cccc(C(=N)N)c2)nc(Oc2cccc(C(=O)N3CCCC3)c2)c1F";"Ki";"'='";"2800.0";"nM";"5.55";"";"";"UO_0000065";"12.27";"0.23";"0.78";"5.47";"0";"CHEMBL818251";"Inhibitory constant against bovine trypsin for general specificity against serine proteases";"B";"BAO_0000357";"single protein format";"Bos taurus";"None";"None";"None";"None";"";"";"";"CHEMBL3769";"Serine protease 1";"Bos taurus";"SINGLE PROTEIN";"CHEMBL1135740";"1";"Scientific Literature";"J Med Chem";"2002";"None";"";"";"";"2800.0"
"CHEMBL272931";"";"None";"496.62";"0";"0.17";"3g";"CN[C@H](Cc1ccccc1)C(=O)N1CCC[C@H]1C(=O)N[C@@H](CCCNC(=N)N)C(=O)c1nccn1C";"Ki";"'='";"4400.0";"nM";"5.36";"";"";"UO_0000065";"10.79";"0.20";"5.19";"3.39";"0";"CHEMBL815751";"Inhibition of bovine trypsin";"B";"BAO_0000357";"single protein format";"Bos taurus";"None";"None";"None";"None";"";"";"";"CHEMBL3769";"Serine protease 1";"Bos taurus";"SINGLE PROTEIN";"CHEMBL1129256";"1";"Scientific Literature";"J Med Chem";"1996";"None";"";"";"";"4400.0"
"CHEMBL7440";"";"None";"568.73";"1";"1.89";"9b";"CS(=O)(=O)N[C@@H](C(=O)N1CCC[C@H]1C(=O)NCc1ccc(C(=N)NN)s1)C(c1ccccc1)c1ccccc1";"Ki";"'='";"12.0";"nM";"7.92";"";"";"UO_0000065";"13.93";"0.28";"6.03";"5.03";"0";"CHEMBL817758";"Binding affinity against bovine trypsin";"B";"BAO_0000357";"single protein format";"Bos taurus";"None";"None";"None";"None";"";"";"";"CHEMBL3769";"Serine protease 1";"Bos taurus";"SINGLE PROTEIN";"CHEMBL1135262";"1";"Scientific Literature";"Bioorg Med Chem Lett";"2002";"None";"";"";"";"12.0"
"CHEMBL424164";"";"None";"535.67";"1";"2.40";"10";"CNC(=N)c1ccc(C[C@@H](NC(=O)CNS(=O)(=O)c2ccc3ccccc3c2)C(=O)N2CCCCC2)cc1";"Ki";"'='";"81500.0";"nM";"4.09";"";"";"UO_0000065";"7.63";"0.15";"1.69";"3.11";"0";"CHEMBL817590";"Inhibitory effect of compound was measured in bovine trypsin";"B";"BAO_0000357";"single protein format";"Bos taurus";"None";"None";"None";"None";"";"";"";"CHEMBL3769";"Serine protease 1";"Bos taurus";"SINGLE PROTEIN";"CHEMBL1129885";"1";"Scientific Literature";"Bioorg Med Chem Lett";"1997";"None";"";"";"";"81.5"
"CHEMBL347838";"";"None";"545.59";"1";"1.33";"8";"N=C(N)c1cccc(C2=NO[C@H](Cn3cnnn3)[C@H]2C(=O)Nc2ccc(-c3ccccc3S(N)(=O)=O)cc2)c1";"Ki";"'='";"180.0";"nM";"6.75";"";"";"UO_0000065";"12.36";"0.24";"5.41";"3.30";"0";"CHEMBL817587";"Inhibitory activity against trypsin";"B";"BAO_0000357";"single protein format";"Bos taurus";"None";"None";"None";"None";"";"";"";"CHEMBL3769";"Serine protease 1";"Bos taurus";"SINGLE PROTEIN";"CHEMBL1133078";"1";"Scientific Literature";"Bioorg Med Chem Lett";"2000";"None";"";"";"";"180.0"
"CHEMBL609702";"";"None";"180.17";"0";"0.90";"10";"N=C(N)Nc1ccc([N+](=O)[O-])cc1";"Ki";"'='";"352000.0";"nM";"";"Outside typical range";"";"UO_0000065";"";"";"";"";"0";"CHEMBL815752";"Inhibition against Trypsin";"B";"BAO_0000357";"single protein format";"Bos taurus";"None";"None";"None";"None";"";"";"";"CHEMBL3769";"Serine protease 1";"Bos taurus";"SINGLE PROTEIN";"CHEMBL1125001";"1";"Scientific Literature";"J Med Chem";"1990";"None";"";"";"";"0.352"
"CHEMBL310373";"";"None";"431.41";"0";"3.54";"22";"N=C(N)c1ccc(O)c(Oc2cc(C(=O)O)cc(Oc3cccc(-n4ccnc4)c3)n2)c1";"Ki";"'='";"1200.0";"nM";"5.92";"";"";"UO_0000065";"13.72";"0.25";"2.38";"3.78";"0";"CHEMBL817592";"Inhibitory potency was measured against bovine trypsin.";"B";"BAO_0000357";"single protein format";"Bos taurus";"None";"None";"None";"None";"";"";"";"CHEMBL3769";"Serine protease 1";"Bos taurus";"SINGLE PROTEIN";"CHEMBL1131090";"1";"Scientific Literature";"J Med Chem";"1998";"None";"";"";"";"1200.0"
"CHEMBL305809";"";"None";"537.58";"1";"4.46";"22a";"Cc1nc2c(Oc3cc(C(=N)N)ccc3O)nc(Oc3cccc(C(=O)N(C)C)c3)nc2n1Cc1ccccc1";"Ki";"'='";"150.0";"nM";"6.82";"";"";"UO_0000065";"12.69";"0.23";"2.36";"4.48";"0";"CHEMBL817575";"Compound was tested for inhibitory activity against bovine trypsin";"B";"BAO_0000357";"single protein format";"Bos taurus";"None";"None";"None";"None";"";"";"";"CHEMBL3769";"Serine protease 1";"Bos taurus";"SINGLE PROTEIN";"CHEMBL1130936";"1";"Scientific Literature";"Bioorg Med Chem Lett";"1998";"None";"";"";"";"150.0"
"CHEMBL157813";"";"None";"505.02";"1";"2.93";"3";"O=C1CN(S(=O)(=O)c2cc3ccc(Cl)cc3s2)CCN1Cc1cc2cnccc2n1CCO";"Ki";"'>'";"2900.0";"nM";"";"";"";"UO_0000065";"";"";"";"";"0";"CHEMBL873993";"Binding affinity of compound toward bovine trypsin was evaluated";"B";"BAO_0000357";"single protein format";"Bos taurus";"None";"None";"None";"None";"";"";"";"CHEMBL3769";"Serine protease 1";"Bos taurus";"SINGLE PROTEIN";"CHEMBL1145974";"1";"Scientific Literature";"J Med Chem";"2003";"None";"";"";"";"2900.0"
"CHEMBL79996";"";"None";"468.46";"0";"4.01";"4j";"Cc1c(F)c(Oc2cccc(C(=N)N)c2)nc(Oc2cccc(C(=O)N3CCOCC3)c2)c1F";"Ki";"'>'";"5000.0";"nM";"";"";"";"UO_0000065";"";"";"";"";"0";"CHEMBL818251";"Inhibitory constant against bovine trypsin for general specificity against serine proteases";"B";"BAO_0000357";"single protein format";"Bos taurus";"None";"None";"None";"None";"";"";"";"CHEMBL3769";"Serine protease 1";"Bos taurus";"SINGLE PROTEIN";"CHEMBL1135740";"1";"Scientific Literature";"J Med Chem";"2002";"None";"";"";"";"5000.0"
"CHEMBL544274";"";"None";"525.12";"0";"1.88";"2";"C/N=C(/N)NCCCC(NS(=O)(=O)c1cccc2c(N(C)C)cccc12)C(=O)N1CCCCC1.Cl";"Ki";"'='";"922000.0";"nM";"";"Outside typical range";"";"UO_0000065";"";"";"";"";"0";"CHEMBL817621";"Binding affinity determined against trypsin by Dixon method";"B";"BAO_0000357";"single protein format";"Bos taurus";"None";"None";"None";"None";"";"";"";"CHEMBL3769";"Serine protease 1";"Bos taurus";"SINGLE PROTEIN";"CHEMBL1133878";"1";"Scientific Literature";"Bioorg Med Chem Lett";"2001";"None";"";"";"";"922.0"
"CHEMBL298013";"";"None";"484.65";"0";"3.48";"3";"CN(C(=O)[C@H](Cc1ccc(C(=N)N)s1)NS(=O)(=O)c1ccc2ccccc2c1)C1CCCC1";"Ki";"'='";"153.0";"nM";"6.82";"";"";"UO_0000065";"14.06";"0.28";"3.34";"5.86";"0";"CHEMBL817570";"Compound was evaluated for its inhibitory activity against bovine trypsin";"B";"BAO_0000357";"single protein format";"Bos taurus";"None";"None";"None";"None";"";"";"";"CHEMBL3769";"Serine protease 1";"Bos taurus";"SINGLE PROTEIN";"CHEMBL1130864";"1";"Scientific Literature";"Bioorg Med Chem Lett";"1998";"None";"";"";"";"153.0"
"CHEMBL103102";"";"None";"127.19";"0";"0.37";"2 (amidinopiperidine)";"N=C(N)N1CCCCC1";"Ki";"'='";"360.0";"nM";"6.44";"";"";"UO_0000065";"50.66";"0.98";"6.07";"12.13";"0";"CHEMBL817582";"Inhibitory Activity against bovine trypsin";"B";"BAO_0000357";"single protein format";"Bos taurus";"None";"None";"None";"None";"";"";"";"CHEMBL3769";"Serine protease 1";"Bos taurus";"SINGLE PROTEIN";"CHEMBL1133610";"1";"Scientific Literature";"J Med Chem";"2000";"None";"";"";"";"0.36"
"CHEMBL49636";"";"None";"397.39";"0";"3.82";"10";"Cc1c(F)c(Oc2cccc(C(=N)N)c2)nc(Oc2cccc(C(=N)N)c2)c1F";"Ki";"'='";"810.0";"nM";"6.09";"";"";"UO_0000065";"15.33";"0.29";"2.27";"4.65";"0";"CHEMBL817592";"Inhibitory potency was measured against bovine trypsin.";"B";"BAO_0000357";"single protein format";"Bos taurus";"None";"None";"None";"None";"";"";"";"CHEMBL3769";"Serine protease 1";"Bos taurus";"SINGLE PROTEIN";"CHEMBL1131090";"1";"Scientific Literature";"J Med Chem";"1998";"None";"";"";"";"810.0"
"CHEMBL422321";"";"None";"386.50";"0";"4.25";"4b";"N=C(N)c1ccc(/C=C2/CCCCC/C(=C\c3ccc(C(=N)N)cc3)C2=O)cc1";"Ki";"'='";"30.0";"nM";"7.52";"";"";"UO_0000065";"19.46";"0.35";"3.27";"6.44";"0";"CHEMBL618434";"In vitro inhibition of bovine trypsin(Trp).";"B";"BAO_0000357";"single protein format";"Bos taurus";"None";"None";"None";"None";"";"";"";"CHEMBL3769";"Serine protease 1";"Bos taurus";"SINGLE PROTEIN";"CHEMBL1132552";"1";"Scientific Literature";"J Med Chem";"1999";"None";"";"";"";"30.0"
"CHEMBL341636";"";"None";"550.68";"1";"3.20";"86";"CC(C)OC(=O)C1CCN(C(=O)[C@H](Cc2cccc(C(=N)N)c2)NS(=O)(=O)c2ccc3ccccc3c2)CC1";"Ki";"'='";"23.01";"nM";"7.64";"";"";"UO_0000065";"13.87";"0.27";"4.44";"5.35";"0";"CHEMBL821446";"Binding affinity towards trypsin";"B";"BAO_0000357";"single protein format";"Bos taurus";"None";"None";"None";"None";"";"";"";"CHEMBL3769";"Serine protease 1";"Bos taurus";"SINGLE PROTEIN";"CHEMBL1132189";"1";"Scientific Literature";"J Med Chem";"1999";"None";"";"";"";"7.638"
"CHEMBL4447828";"";"None";"1513.81";"None";"None";"SFTI-1";"CC[C@H](C)[C@@H]1NC(=O)[C@@H]2CCCN2C(=O)[C@@H]2CCCN2C(=O)[C@H]([C@@H](C)CC)NC(=O)[C@H](CO)NC(=O)[C@H](CCCCN)NC(=O)[C@H]([C@@H](C)O)NC(=O)C2CSSC[C@H](NC1=O)C(=O)N[C@@H](Cc1ccccc1)C(=O)N1CCC[C@H]1C(=O)N[C@@H](CC(=O)O)C(=O)NCC(=O)N[C@@H](CCCNC(=N)N)C(=O)N2";"Ki";"'<'";"0.1";"nM";"";"";"";"UO_0000065";"";"";"";"";"0";"CHEMBL4380409";"Inhibition of bovine beta-trypsin using L-BAPNA as substrate preincubated for 5 mins followed by substrate addition measured after 60 mins";"B";"BAO_0000357";"single protein format";"Bos taurus";"None";"None";"None";"None";"";"";"";"CHEMBL3769";"Serine protease 1";"Bos taurus";"SINGLE PROTEIN";"CHEMBL4376864";"1";"Scientific Literature";"J Med Chem";"2020";"None";"";"";"";"0.1"
"CHEMBL124042";"";"None";"618.66";"1";"0.54";"28";"N=C(N)NCCCNC(=O)[C@@H]1CS[C@H]2CC[C@H](NS(=O)(=O)c3cccc4ccccc34)C(=O)N21.O=C(O)C(F)(F)F";"Ki";"'='";"19600.0";"nM";"4.71";"";"";"UO_0000065";"9.33";"0.19";"4.17";"2.99";"0";"CHEMBL815583";"In vitro inhibition was measured against Bovine pancreatic trypsin.";"B";"BAO_0000357";"single protein format";"Bos taurus";"None";"None";"None";"None";"";"";"";"CHEMBL3769";"Serine protease 1";"Bos taurus";"SINGLE PROTEIN";"CHEMBL1131291";"1";"Scientific Literature";"J Med Chem";"1998";"None";"";"";"";"19.6"
"CHEMBL25461";"";"None";"486.58";"0";"5.00";"3a";"CC(=N)N1CCC(Oc2ccc(NCc3cccc(-c4cccc(C(=N)N)c4)c3)cc2[N+](=O)[O-])CC1";"Ki";"'='";"42.0";"nM";"7.38";"";"";"UO_0000065";"15.16";"0.28";"2.38";"5.22";"0";"CHEMBL873992";"Competitive inhibition of trypsin";"B";"BAO_0000357";"single protein format";"Bos taurus";"None";"None";"None";"None";"";"";"";"CHEMBL3769";"Serine protease 1";"Bos taurus";"SINGLE PROTEIN";"CHEMBL1135303";"1";"Scientific Literature";"Bioorg Med Chem Lett";"2002";"None";"";"";"";"42.0"
"CHEMBL539559";"";"None";"673.24";"1";"2.19";"18g";"CCOC(=O)CN(Cc1ccccc1)C(=O)[C@H](CC(=O)NC[C@@H]1CCCN(C(=N)N)C1)NS(=O)(=O)c1ccc2ccccc2c1.Cl";"Ki";"'='";"8600.0";"nM";"5.07";"";"";"UO_0000065";"7.95";"0.15";"2.88";"2.89";"0";"CHEMBL878759";"In vitro binding affinity by measuring the inhibition of bovine trypsin";"B";"BAO_0000357";"single protein format";"Bos taurus";"None";"None";"None";"None";"";"";"";"CHEMBL3769";"Serine protease 1";"Bos taurus";"SINGLE PROTEIN";"CHEMBL1127404";"1";"Scientific Literature";"J Med Chem";"1994";"None";"";"";"";"8.6"
"CHEMBL332587";"";"None";"428.44";"0";"-1.84";"14";"NC(N)=NCCCNC(=O)[C@@H]1CS[C@H]2CC[C@@H](N)C(=O)N21.O=C(O)C(F)(F)F";"Ki";"'='";"25100.0";"nM";"4.60";"";"";"UO_0000065";"14.63";"0.30";"6.44";"3.29";"0";"CHEMBL815750";"In vitro inhibition was measured against Human bovine pancreatic trypsin.";"B";"BAO_0000357";"single protein format";"Bos taurus";"None";"None";"None";"None";"";"";"";"CHEMBL3769";"Serine protease 1";"Bos taurus";"SINGLE PROTEIN";"CHEMBL1131291";"1";"Scientific Literature";"J Med Chem";"1998";"None";"";"";"";"25.1"
"CHEMBL320542";"";"None";"487.61";"0";"1.81";"14";"Cc1ccc(NS(=O)(=O)Cc2ccccc2)c(=O)n1CC(=O)NC1CCc2sc(N)nc2C1";"Ki";"'='";"260000.0";"nM";"";"Outside typical range";"";"UO_0000065";"";"";"";"";"0";"CHEMBL815006";"Inhibitory activity against Trypsin";"B";"BAO_0000357";"single protein format";"Bos taurus";"None";"None";"None";"None";"";"";"";"CHEMBL3769";"Serine protease 1";"Bos taurus";"SINGLE PROTEIN";"CHEMBL1136225";"1";"Scientific Literature";"Bioorg Med Chem Lett";"2003";"None";"";"";"";"260.0"
"CHEMBL3735080";"";"None";"1228.42";"None";"None";"mupain-1-16";"CC(C)C[C@@H]1NC(=O)[C@H](Cc2ccc(O)cc2)NC(=O)[C@H](CC2CCN(C(=N)N)CC2)NC(=O)[C@H](CO)NC(=O)[C@H](Cc2ccc(O)cc2)NC(=O)[C@H](C)NC(=O)[C@@H]2CCCN2C(=O)[C@@H](N)CSSC[C@@H](C(=O)O)NC(=O)[C@H](CC(=O)O)NC1=O";"Ki";"'='";"14500.0";"nM";"4.84";"";"";"UO_0000065";"3.94";"None";"None";"None";"0";"CHEMBL3739088";"Inhibition of bovine beta-trypsin after 15 mins using Bz-Ile-Glu(g-OR)-Gly-Arg-p-nitroanilide as substrate";"B";"BAO_0000357";"single protein format";"Bos taurus";"None";"None";"None";"None";"";"";"";"CHEMBL3769";"Serine protease 1";"Bos taurus";"SINGLE PROTEIN";"CHEMBL3734702";"1";"Scientific Literature";"J Med Chem";"2015";"None";"";"";"";"14.5"
"CHEMBL3735263";"";"None";"1260.56";"None";"None";"peptide10";"CC(C)C[C@@H]1NC(=O)[C@H](C)NC(=O)[C@H](CC2CCN(C(=N)N)CC2)NC(=O)[C@H](Cc2ccccc2)NC(=O)[C@H](CCCNC(=N)N)NC(=O)[C@H](C)NC(=O)[C@@H]2CCCN2C(=O)[C@@H](N)CSSC[C@@H](C(=O)O)NC(=O)[C@H](Cc2c[nH]c3ccccc23)NC1=O";"Ki";"'='";"73400.0";"nM";"4.13";"";"";"UO_0000065";"3.28";"None";"None";"None";"0";"CHEMBL3739088";"Inhibition of bovine beta-trypsin after 15 mins using Bz-Ile-Glu(g-OR)-Gly-Arg-p-nitroanilide as substrate";"B";"BAO_0000357";"single protein format";"Bos taurus";"None";"None";"None";"None";"";"";"";"CHEMBL3769";"Serine protease 1";"Bos taurus";"SINGLE PROTEIN";"CHEMBL3734702";"1";"Scientific Literature";"J Med Chem";"2015";"None";"";"";"";"73.4"
"CHEMBL24263";"";"None";"651.64";"2";"5.59";"4f";"CC(=N)N1CCC(Oc2ccc(N(C/C=C/c3cccc(C(=N)N)c3)C(=O)c3ccc(C(=O)O)c(C(=O)O)c3)cc2C(F)(F)F)CC1";"Ki";"'='";"10.0";"nM";"8.00";"";"";"UO_0000065";"12.28";"0.23";"2.41";"4.42";"0";"CHEMBL873992";"Competitive inhibition of trypsin";"B";"BAO_0000357";"single protein format";"Bos taurus";"None";"None";"None";"None";"";"";"";"CHEMBL3769";"Serine protease 1";"Bos taurus";"SINGLE PROTEIN";"CHEMBL1135303";"1";"Scientific Literature";"Bioorg Med Chem Lett";"2002";"None";"";"";"";"10.0"
"CHEMBL7197";"";"None";"499.57";"0";"2.43";"19";"COC(=O)N[C@@H](C(=O)N1CCC[C@H]1C(=O)NCC#Cc1c[nH]cn1)C(c1ccccc1)c1ccccc1";"Ki";"'='";"24.0";"nM";"7.62";"";"";"UO_0000065";"15.25";"0.28";"5.19";"6.55";"0";"CHEMBL878650";"Inhibitory activity against Bovine Trypsin";"B";"BAO_0000357";"single protein format";"Bos taurus";"None";"None";"None";"None";"";"";"";"CHEMBL3769";"Serine protease 1";"Bos taurus";"SINGLE PROTEIN";"CHEMBL1133054";"1";"Scientific Literature";"Bioorg Med Chem Lett";"2000";"None";"";"";"";"24.0"
"CHEMBL287807";"";"None";"411.91";"0";"2.85";"6";"Cc1cc(OCCCCN=C(N)N)cc(OS(=O)(=O)c2ccccc2Cl)c1";"Ki";"'='";"42000.0";"nM";"4.38";"";"";"UO_0000065";"10.63";"0.22";"1.53";"3.74";"0";"CHEMBL817568";"Compound was evaluated for inhibition of Trypsin";"B";"BAO_0000357";"single protein format";"Bos taurus";"None";"None";"None";"None";"";"";"";"CHEMBL3769";"Serine protease 1";"Bos taurus";"SINGLE PROTEIN";"CHEMBL1133126";"1";"Scientific Literature";"Bioorg Med Chem Lett";"2000";"None";"";"";"";"42.0"
"CHEMBL558215";"";"None";"567.11";"1";"0.46";"18a";"Cl.N=C(N)N1CCCC(CNC(=O)C[C@H](NS(=O)(=O)c2ccc3ccccc3c2)C(=O)N2CCOCC2)C1";"Ki";"'='";"7500.0";"nM";"5.12";"";"";"UO_0000065";"9.66";"0.19";"4.66";"3.25";"0";"CHEMBL878759";"In vitro binding affinity by measuring the inhibition of bovine trypsin";"B";"BAO_0000357";"single protein format";"Bos taurus";"None";"None";"None";"None";"";"";"";"CHEMBL3769";"Serine protease 1";"Bos taurus";"SINGLE PROTEIN";"CHEMBL1127404";"1";"Scientific Literature";"J Med Chem";"1994";"None";"";"";"";"7.5"
"CHEMBL153334";"";"None";"388.51";"0";"2.66";"table 5";"CC1CCN(C(=O)C(Cc2cccc(C(=N)N)c2)NC(=O)OC(C)(C)C)CC1";"Ki";"'='";"14000.0";"nM";"4.85";"";"";"UO_0000065";"12.49";"0.24";"2.19";"4.47";"0";"CHEMBL819016";"Inhibitory activity against bovine trypsin expressed as dissociation constant";"B";"BAO_0000357";"single protein format";"Bos taurus";"None";"None";"None";"None";"";"";"";"CHEMBL3769";"Serine protease 1";"Bos taurus";"SINGLE PROTEIN";"CHEMBL1131451";"1";"Scientific Literature";"J Med Chem";"1998";"None";"";"";"";"14.0"
"CHEMBL332189";"";"None";"568.54";"1";"2.82";"32";"CN1CCN=C1c1cccc(Oc2nc(Oc3cc(C(=N)N)ccc3O)c(F)c(O[C@H]3CN[C@H](C(=O)O)C3)c2F)c1";"Ki";"'='";"310.0";"nM";"6.51";"";"";"UO_0000065";"11.45";"0.22";"3.69";"3.71";"0";"CHEMBL817592";"Inhibitory potency was measured against bovine trypsin.";"B";"BAO_0000357";"single protein format";"Bos taurus";"None";"None";"None";"None";"";"";"";"CHEMBL3769";"Serine protease 1";"Bos taurus";"SINGLE PROTEIN";"CHEMBL1131090";"1";"Scientific Literature";"J Med Chem";"1998";"None";"";"";"";"310.0"
"CHEMBL48864";"";"None";"416.27";"0";"4.54";"6";"N=C(N)c1cccc(Oc2nc(Oc3cccc(C(=N)N)c3)c(Cl)cc2Cl)c1";"Ki";"'='";"2100.0";"nM";"5.68";"";"";"UO_0000065";"13.64";"0.28";"1.14";"4.33";"0";"CHEMBL817592";"Inhibitory potency was measured against bovine trypsin.";"B";"BAO_0000357";"single protein format";"Bos taurus";"None";"None";"None";"None";"";"";"";"CHEMBL3769";"Serine protease 1";"Bos taurus";"SINGLE PROTEIN";"CHEMBL1131090";"1";"Scientific Literature";"J Med Chem";"1998";"None";"";"";"";"2100.0"
"CHEMBL339094";"";"None";"574.70";"1";"1.31";"19h";"CCCCN(CC(=O)O)C(=O)[C@H](CC(=O)NC[C@@H]1CCCN(C(=N)N)C1)NS(=O)(=O)c1ccc2ccccc2c1";"Ki";"'='";"3100.0";"nM";"5.51";"";"";"UO_0000065";"9.59";"0.19";"4.20";"2.96";"0";"CHEMBL878759";"In vitro binding affinity by measuring the inhibition of bovine trypsin";"B";"BAO_0000357";"single protein format";"Bos taurus";"None";"None";"None";"None";"";"";"";"CHEMBL3769";"Serine protease 1";"Bos taurus";"SINGLE PROTEIN";"CHEMBL1127404";"1";"Scientific Literature";"J Med Chem";"1994";"None";"";"";"";"3.1"
"CHEMBL81852";"";"None";"355.34";"0";"4.54";"11";"Cc1c(F)c(Oc2ccccc2)nc(Oc2cccc(C(=N)N)c2)c1F";"Ki";"'>'";"5000.0";"nM";"";"";"";"UO_0000065";"";"";"";"";"0";"CHEMBL817592";"Inhibitory potency was measured against bovine trypsin.";"B";"BAO_0000357";"single protein format";"Bos taurus";"None";"None";"None";"None";"";"";"";"CHEMBL3769";"Serine protease 1";"Bos taurus";"SINGLE PROTEIN";"CHEMBL1131090";"1";"Scientific Literature";"J Med Chem";"1998";"None";"";"";"";"5000.0"
"CHEMBL83675";"";"None";"398.41";"0";"4.60";"12";"Cc1c(F)c(Oc2cccc(C(=N)N)c2)nc(Oc2cccc(N(C)C)c2)c1F";"Ki";"'='";"1900.0";"nM";"5.72";"";"";"UO_0000065";"14.36";"0.27";"1.12";"6.77";"0";"CHEMBL817592";"Inhibitory potency was measured against bovine trypsin.";"B";"BAO_0000357";"single protein format";"Bos taurus";"None";"None";"None";"None";"";"";"";"CHEMBL3769";"Serine protease 1";"Bos taurus";"SINGLE PROTEIN";"CHEMBL1131090";"1";"Scientific Literature";"J Med Chem";"1998";"None";"";"";"";"1900.0"
"CHEMBL20936";"BENZAMIDINE";"None";"120.16";"0";"0.97";"Benzamidine";"N=C(N)c1ccccc1";"Ki";"'='";"31.0";"nM";"7.51";"";"";"UO_0000065";"62.49";"1.14";"6.54";"15.06";"0";"CHEMBL878759";"In vitro binding affinity by measuring the inhibition of bovine trypsin";"B";"BAO_0000357";"single protein format";"Bos taurus";"None";"None";"None";"None";"";"";"";"CHEMBL3769";"Serine protease 1";"Bos taurus";"SINGLE PROTEIN";"CHEMBL1127404";"1";"Scientific Literature";"J Med Chem";"1994";"None";"";"";"";"0.031"
"CHEMBL544356";"";"None";"569.13";"1";"2.93";"3d";"Cl.N=C(N)N1CCCC(CNC(=O)[C@@H](Cc2c[nH]c3ccccc23)NS(=O)(=O)c2ccc3ccccc3c2)C1";"Ki";"'='";"33000.0";"nM";"4.48";"";"";"UO_0000065";"8.41";"0.16";"1.55";"3.11";"0";"CHEMBL878759";"In vitro binding affinity by measuring the inhibition of bovine trypsin";"B";"BAO_0000357";"single protein format";"Bos taurus";"None";"None";"None";"None";"";"";"";"CHEMBL3769";"Serine protease 1";"Bos taurus";"SINGLE PROTEIN";"CHEMBL1127404";"1";"Scientific Literature";"J Med Chem";"1994";"None";"";"";"";"33.0"
"CHEMBL176385";"";"None";"625.80";"1";"3.43";"13";"CN[C@@H](C(=O)N1CCC[C@H]1C(=O)NC(CCCN=C(N)N)C(=O)c1nc2ccccc2s1)C(c1ccccc1)c1ccccc1";"Ki";"";"";"nM";"";"";"Not Determined";"UO_0000065";"";"";"";"";"0";"CHEMBL828773";"Binding affinity against bovine trypsin; NT=Not determined";"B";"BAO_0000357";"single protein format";"Bos taurus";"None";"None";"None";"None";"";"";"";"CHEMBL3769";"Serine protease 1";"Bos taurus";"SINGLE PROTEIN";"CHEMBL1142732";"1";"Scientific Literature";"J Med Chem";"2005";"None";"";"";"";""
"CHEMBL368960";"";"None";"535.67";"1";"1.97";"15";"CN[C@@H](C(=O)N1CCC[C@H]1C(=O)NC(CCCN=C(N)N)C(=O)c1nc2ccccc2s1)c1ccccc1";"Ki";"";"";"nM";"";"";"Not Determined";"UO_0000065";"";"";"";"";"0";"CHEMBL828773";"Binding affinity against bovine trypsin; NT=Not determined";"B";"BAO_0000357";"single protein format";"Bos taurus";"None";"None";"None";"None";"";"";"";"CHEMBL3769";"Serine protease 1";"Bos taurus";"SINGLE PROTEIN";"CHEMBL1142732";"1";"Scientific Literature";"J Med Chem";"2005";"None";"";"";"";""
"CHEMBL50127";"";"None";"347.38";"0";"3.23";"6e";"N=C(N)c1cccc(Oc2cccc(Oc3cccc(C(=N)N)c3)n2)c1";"Ki";"'='";"1100.0";"nM";"5.96";"";"";"UO_0000065";"17.15";"0.31";"2.73";"4.55";"1";"CHEMBL817573";"Compound was tested for inhibition activity against bovine trypsin.";"B";"BAO_0000357";"single protein format";"Bos taurus";"None";"None";"None";"None";"";"";"";"CHEMBL3769";"Serine protease 1";"Bos taurus";"SINGLE PROTEIN";"CHEMBL1132209";"1";"Scientific Literature";"J Med Chem";"1999";"None";"";"";"";"1100.0"
"CHEMBL84419";"";"None";"412.44";"0";"4.91";"5m";"Cc1c(Oc2nc(Oc3cccc(C(=N)N)c3)c(F)c(C)c2F)cccc1N(C)C";"Ki";"'='";"5000.0";"nM";"5.30";"";"";"UO_0000065";"12.85";"0.24";"0.39";"6.28";"0";"CHEMBL818251";"Inhibitory constant against bovine trypsin for general specificity against serine proteases";"B";"BAO_0000357";"single protein format";"Bos taurus";"None";"None";"None";"None";"";"";"";"CHEMBL3769";"Serine protease 1";"Bos taurus";"SINGLE PROTEIN";"CHEMBL1135740";"1";"Scientific Literature";"J Med Chem";"2002";"None";"";"";"";"5000.0"
"CHEMBL25351";"";"None";"499.58";"0";"4.58";"1";"CC(=N)N1CCC(Oc2ccc3c(nc(C)n3Cc3ccc4ccc(C(=N)N)cc4c3)c2[N+](=O)[O-])CC1";"Ki";"'='";"3.0";"nM";"8.52";"";"";"UO_0000065";"17.06";"0.31";"3.94";"5.79";"0";"CHEMBL873992";"Competitive inhibition of trypsin";"B";"BAO_0000357";"single protein format";"Bos taurus";"None";"None";"None";"None";"";"";"";"CHEMBL3769";"Serine protease 1";"Bos taurus";"SINGLE PROTEIN";"CHEMBL1135303";"1";"Scientific Literature";"Bioorg Med Chem Lett";"2002";"None";"";"";"";"3.0"
"CHEMBL48604";"";"None";"391.39";"0";"2.93";"7a";"N=C(N)c1cccc(Oc2cc(C(=O)O)cc(Oc3cccc(C(=N)N)c3)n2)c1";"Ki";"'='";"570.0";"nM";"6.24";"";"";"UO_0000065";"15.95";"0.29";"3.31";"3.71";"1";"CHEMBL818251";"Inhibitory constant against bovine trypsin for general specificity against serine proteases";"B";"BAO_0000357";"single protein format";"Bos taurus";"None";"None";"None";"None";"";"";"";"CHEMBL3769";"Serine protease 1";"Bos taurus";"SINGLE PROTEIN";"CHEMBL1135740";"1";"Scientific Literature";"J Med Chem";"2002";"None";"";"";"";"570.0"
"CHEMBL7967";"";"None";"477.55";"0";"2.81";"5";"CC1(C(=O)Nc2ccc(-c3ccccc3S(N)(=O)=O)cc2)CC(c2cccc(C(=N)N)c2)=NO1";"Ki";"'='";"120.0";"nM";"6.92";"";"";"UO_0000065";"14.49";"0.28";"4.11";"4.31";"0";"CHEMBL817587";"Inhibitory activity against trypsin";"B";"BAO_0000357";"single protein format";"Bos taurus";"None";"None";"None";"None";"";"";"";"CHEMBL3769";"Serine protease 1";"Bos taurus";"SINGLE PROTEIN";"CHEMBL1133078";"1";"Scientific Literature";"Bioorg Med Chem Lett";"2000";"None";"";"";"";"120.0"
"CHEMBL340424";"";"None";"420.49";"0";"2.19";"19";"COc1ccccc1S(=O)(=O)Oc1cc(C)cc(OCCC/C=N/N=C(N)N)c1";"Ki";"'='";"67000.0";"nM";"4.17";"";"";"UO_0000065";"9.93";"0.20";"1.98";"3.01";"0";"CHEMBL817572";"Inhibitory constant against human trypsin";"B";"BAO_0000357";"single protein format";"Bos taurus";"None";"None";"None";"None";"";"";"";"CHEMBL3769";"Serine protease 1";"Bos taurus";"SINGLE PROTEIN";"CHEMBL1132849";"1";"Scientific Literature";"Bioorg Med Chem Lett";"2000";"None";"";"";"";"67.0"
"CHEMBL114715";"INOGATRAN";"2.0";"438.57";"1";"0.37";"1";"N=C(N)NCCCNC(=O)[C@@H]1CCCCN1C(=O)[C@@H](CC1CCCCC1)NCC(=O)O";"Ki";"'='";"675.0";"nM";"6.17";"";"";"UO_0000065";"14.07";"0.27";"5.80";"3.84";"0";"CHEMBL815756";"The inhibitory activity against trypsin";"B";"BAO_0000357";"single protein format";"Bos taurus";"None";"None";"None";"None";"";"";"";"CHEMBL3769";"Serine protease 1";"Bos taurus";"SINGLE PROTEIN";"CHEMBL1130715";"1";"Scientific Literature";"Bioorg Med Chem Lett";"1998";"None";"";"";"";"675.0"
"CHEMBL101261";"";"None";"414.47";"0";"3.26";"3";"N=C(N)c1ccc(OCCOc2ccc(-c3nc4cc(C(=N)N)ccc4[nH]3)cc2)cc1";"Ki";"'='";"5980.0";"nM";"5.22";"";"";"UO_0000065";"12.60";"0.23";"1.96";"3.56";"0";"CHEMBL817581";"Inhibition constant against bovine trypsin";"B";"BAO_0000357";"single protein format";"Bos taurus";"None";"None";"None";"None";"";"";"";"CHEMBL3769";"Serine protease 1";"Bos taurus";"SINGLE PROTEIN";"CHEMBL1122336";"1";"Scientific Literature";"J Med Chem";"1983";"None";"";"";"";"5.98"
"CHEMBL316820";"";"None";"483.59";"0";"1.75";"18";"Cc1ccc(NS(=O)(=O)Cc2ccccc2)c(=O)n1CC(=O)NCC1CCc2nn(C)cc2C1";"Ki";"'='";"557000.0";"nM";"";"Outside typical range";"";"UO_0000065";"";"";"";"";"0";"CHEMBL815006";"Inhibitory activity against Trypsin";"B";"BAO_0000357";"single protein format";"Bos taurus";"None";"None";"None";"None";"";"";"";"CHEMBL3769";"Serine protease 1";"Bos taurus";"SINGLE PROTEIN";"CHEMBL1136225";"1";"Scientific Literature";"Bioorg Med Chem Lett";"2003";"None";"";"";"";"557.0"
"CHEMBL368900";"";"None";"546.68";"1";"1.12";"54";"CN[C@H](Cc1ccccc1)C(=O)N1CCC[C@H]1C(=O)NC(CCCN=C(N)N)C(=O)c1nc2ccccc2n1C";"Ki";"'='";"290.0";"nM";"6.54";"";"";"UO_0000065";"11.96";"0.22";"5.42";"4.07";"0";"CHEMBL828215";"Binding affinity against bovine trypsin";"B";"BAO_0000357";"single protein format";"Bos taurus";"None";"None";"None";"None";"";"";"";"CHEMBL3769";"Serine protease 1";"Bos taurus";"SINGLE PROTEIN";"CHEMBL1142732";"1";"Scientific Literature";"J Med Chem";"2005";"None";"";"";"";"290.0"
"CHEMBL356295";"";"None";"430.53";"0";"1.03";"80";"Cc1ccc(S(=O)(=O)N[C@@H](Cc2cccc(C(=N)N)c2)C(=O)N2CCOCC2)cc1";"Ki";"'='";"709.58";"nM";"6.15";"";"";"UO_0000065";"14.28";"0.28";"5.12";"4.90";"0";"CHEMBL821446";"Binding affinity towards trypsin";"B";"BAO_0000357";"single protein format";"Bos taurus";"None";"None";"None";"None";"";"";"";"CHEMBL3769";"Serine protease 1";"Bos taurus";"SINGLE PROTEIN";"CHEMBL1132189";"1";"Scientific Literature";"J Med Chem";"1999";"None";"";"";"";"6.149"
"CHEMBL26709";"";"None";"592.57";"1";"3.53";"6f";"N=C(N)c1ccc(O)c(/C=C/CN(C(=O)CCC(=O)O)c2ccc(OC3CCN(CC(=O)O)CC3)c(C(F)(F)F)c2)c1";"Ki";"'='";"870.0";"nM";"6.06";"";"";"UO_0000065";"10.23";"0.20";"2.53";"3.41";"0";"CHEMBL873992";"Competitive inhibition of trypsin";"B";"BAO_0000357";"single protein format";"Bos taurus";"None";"None";"None";"None";"";"";"";"CHEMBL3769";"Serine protease 1";"Bos taurus";"SINGLE PROTEIN";"CHEMBL1135303";"1";"Scientific Literature";"Bioorg Med Chem Lett";"2002";"None";"";"";"";"870.0"
"CHEMBL420963";"";"None";"442.42";"0";"3.94";"5h";"Cc1c(F)c(Oc2cccc(C(=N)N)c2)nc(Oc2cc(O)cc(C(=O)N(C)C)c2)c1F";"Ki";"'='";"1900.0";"nM";"5.72";"";"";"UO_0000065";"12.93";"0.24";"1.78";"4.70";"0";"CHEMBL818251";"Inhibitory constant against bovine trypsin for general specificity against serine proteases";"B";"BAO_0000357";"single protein format";"Bos taurus";"None";"None";"None";"None";"";"";"";"CHEMBL3769";"Serine protease 1";"Bos taurus";"SINGLE PROTEIN";"CHEMBL1135740";"1";"Scientific Literature";"J Med Chem";"2002";"None";"";"";"";"1900.0"
"CHEMBL82925";"";"None";"414.41";"0";"4.31";"6o";"Cc1c(F)c(Oc2cccc(N(C)C)c2)nc(Oc2cc(C(=N)N)ccc2O)c1F";"Ki";"'='";"1000.0";"nM";"6.00";"";"";"UO_0000065";"14.48";"0.27";"1.69";"5.73";"0";"CHEMBL818251";"Inhibitory constant against bovine trypsin for general specificity against serine proteases";"B";"BAO_0000357";"single protein format";"Bos taurus";"None";"None";"None";"None";"";"";"";"CHEMBL3769";"Serine protease 1";"Bos taurus";"SINGLE PROTEIN";"CHEMBL1135740";"1";"Scientific Literature";"J Med Chem";"2002";"None";"";"";"";"1000.0"
"CHEMBL557221";"";"None";"521.48";"0";"1.79";"8m";"C[S+](Cc1ccc2cc1C(=O)NCC(=O)NC(CCCCN)C(=O)N2)c1ccccc1.[Br-]";"Ki";"'='";"87000.0";"nM";"4.06";"";"";"UO_0000065";"9.20";"0.18";"2.27";"3.58";"0";"CHEMBL816811";"Apparent binding constant against bovine trypsin";"B";"BAO_0000357";"single protein format";"Bos taurus";"None";"None";"None";"None";"";"";"";"CHEMBL3769";"Serine protease 1";"Bos taurus";"SINGLE PROTEIN";"CHEMBL1126701";"1";"Scientific Literature";"J Med Chem";"1993";"None";"";"";"";"0.000087"
"CHEMBL142747";"";"None";"504.66";"1";"3.80";"43";"N=C(N)c1cccc(C[C@H](NS(=O)(=O)c2ccc3ccccc3c2)C(=O)N2CC[C@@H]3CCCC[C@H]32)c1";"Ki";"'='";"1199.5";"nM";"5.92";"";"";"UO_0000065";"11.73";"0.22";"2.12";"5.09";"0";"CHEMBL821446";"Binding affinity towards trypsin";"B";"BAO_0000357";"single protein format";"Bos taurus";"None";"None";"None";"None";"";"";"";"CHEMBL3769";"Serine protease 1";"Bos taurus";"SINGLE PROTEIN";"CHEMBL1132189";"1";"Scientific Literature";"J Med Chem";"1999";"None";"";"";"";"5.921"
"CHEMBL429002";"";"None";"536.65";"1";"2.96";"47";"COC(=O)[C@H]1CCC[C@H](C)N1C(=O)[C@H](Cc1cccc(C(=N)N)c1)NS(=O)(=O)c1ccc2ccccc2c1";"Ki";"'='";"2098.94";"nM";"5.68";"";"";"UO_0000065";"10.58";"0.20";"2.72";"3.98";"0";"CHEMBL821446";"Binding affinity towards trypsin";"B";"BAO_0000357";"single protein format";"Bos taurus";"None";"None";"None";"None";"";"";"";"CHEMBL3769";"Serine protease 1";"Bos taurus";"SINGLE PROTEIN";"CHEMBL1132189";"1";"Scientific Literature";"J Med Chem";"1999";"None";"";"";"";"5.678"
"CHEMBL20936";"BENZAMIDINE";"None";"120.16";"0";"0.97";"1 (benzamidine)";"N=C(N)c1ccccc1";"Ki";"'='";"31.0";"nM";"7.51";"";"";"UO_0000065";"62.49";"1.14";"6.54";"15.06";"1";"CHEMBL817582";"Inhibitory Activity against bovine trypsin";"B";"BAO_0000357";"single protein format";"Bos taurus";"None";"None";"None";"None";"";"";"";"CHEMBL3769";"Serine protease 1";"Bos taurus";"SINGLE PROTEIN";"CHEMBL1133610";"1";"Scientific Literature";"J Med Chem";"2000";"None";"";"";"";"0.031"
"CHEMBL366556";"";"None";"553.71";"2";"5.05";"13c";"COC(=O)CCCN(c1ccc2nc(C)n(Cc3ccc4ccc(C(=N)N)cc4c3)c2c1)C1CCN(C(C)=N)CC1";"Ki";"'='";"260.0";"nM";"6.58";"";"";"UO_0000065";"11.89";"0.22";"1.54";"5.30";"0";"CHEMBL815753";"In vitro inhibitory activity against bovine cationic trypsin";"B";"BAO_0000357";"single protein format";"Bos taurus";"None";"None";"None";"None";"";"";"";"CHEMBL3769";"Serine protease 1";"Bos taurus";"SINGLE PROTEIN";"CHEMBL1133358";"1";"Scientific Literature";"Bioorg Med Chem Lett";"2000";"None";"";"";"";"260.0"
"CHEMBL128443";"";"None";"427.49";"0";"2.34";"15";"Cc1cc(OCC/C=N/N=C(N)N)cc(OS(=O)(=O)c2cccc3cccnc23)c1";"Ki";"'='";"23000.0";"nM";"4.64";"";"";"UO_0000065";"10.85";"0.21";"2.30";"3.26";"0";"CHEMBL817572";"Inhibitory constant against human trypsin";"B";"BAO_0000357";"single protein format";"Bos taurus";"None";"None";"None";"None";"";"";"";"CHEMBL3769";"Serine protease 1";"Bos taurus";"SINGLE PROTEIN";"CHEMBL1132849";"1";"Scientific Literature";"Bioorg Med Chem Lett";"2000";"None";"";"";"";"23.0"
"CHEMBL312011";"";"None";"503.64";"1";"2.86";"5";"CCCc1ccc(S(=O)(=O)N[C@@H](Cc2ccc(C(=N)NN)c(F)c2)C(=O)N(C)C2CCCC2)cc1";"Ki";"'='";"22000.0";"nM";"4.66";"";"";"UO_0000065";"9.25";"0.18";"1.80";"3.63";"0";"CHEMBL817589";"Inhibitory constant against bovine trypsin was determined in vitro.";"B";"BAO_0000357";"single protein format";"Bos taurus";"None";"None";"None";"None";"";"";"";"CHEMBL3769";"Serine protease 1";"Bos taurus";"SINGLE PROTEIN";"CHEMBL1132097";"1";"Scientific Literature";"Bioorg Med Chem Lett";"1999";"None";"";"";"";"22.0"
"CHEMBL331690";"";"None";"624.65";"2";"4.03";"30";"CCOC(=O)CN1CCC(Oc2c(F)c(Oc3cccc(C4=NCCN4C)c3)nc(Oc3cc(C(=N)N)ccc3O)c2F)CC1";"Ki";"'='";"300.0";"nM";"6.52";"";"";"UO_0000065";"10.44";"0.20";"2.49";"4.19";"0";"CHEMBL817592";"Inhibitory potency was measured against bovine trypsin.";"B";"BAO_0000357";"single protein format";"Bos taurus";"None";"None";"None";"None";"";"";"";"CHEMBL3769";"Serine protease 1";"Bos taurus";"SINGLE PROTEIN";"CHEMBL1131090";"1";"Scientific Literature";"J Med Chem";"1998";"None";"";"";"";"300.0"
"CHEMBL344283";"";"None";"523.62";"1";"0.68";"22";"N=C(N)c1cccc(C[C@H](NS(=O)(=O)c2ccc3ccccc3c2)C(=O)N2CCN(C(=O)CO)CC2)c1";"Ki";"'='";"1096.48";"nM";"5.96";"";"";"UO_0000065";"11.38";"0.22";"5.28";"3.80";"0";"CHEMBL821446";"Binding affinity towards trypsin";"B";"BAO_0000357";"single protein format";"Bos taurus";"None";"None";"None";"None";"";"";"";"CHEMBL3769";"Serine protease 1";"Bos taurus";"SINGLE PROTEIN";"CHEMBL1132189";"1";"Scientific Literature";"J Med Chem";"1999";"None";"";"";"";"5.96"
"CHEMBL1161263";"";"None";"554.63";"1";"3.53";"71";"N=C(N)c1cccc(C[C@H](NS(=O)(=O)c2ccc3ccccc3c2)C(=O)N2CC(C(=O)O)=Cc3ccccc32)c1";"Ki";"'='";"30974.19";"nM";"4.51";"";"";"UO_0000065";"8.13";"0.15";"0.98";"2.93";"0";"CHEMBL821446";"Binding affinity towards trypsin";"B";"BAO_0000357";"single protein format";"Bos taurus";"None";"None";"None";"None";"";"";"";"CHEMBL3769";"Serine protease 1";"Bos taurus";"SINGLE PROTEIN";"CHEMBL1132189";"1";"Scientific Literature";"J Med Chem";"1999";"None";"";"";"";"4.509"
"CHEMBL145795";"";"None";"570.67";"1";"3.14";"36";"COC(=O)[C@H]1Cc2ccccc2CN1C(=O)[C@H](Cc1cccc(C(=N)N)c1)NS(=O)(=O)c1ccc2ccccc2c1";"Ki";"'='";"1199.5";"nM";"5.92";"";"";"UO_0000065";"10.38";"0.20";"2.78";"4.15";"0";"CHEMBL821446";"Binding affinity towards trypsin";"B";"BAO_0000357";"single protein format";"Bos taurus";"None";"None";"None";"None";"";"";"";"CHEMBL3769";"Serine protease 1";"Bos taurus";"SINGLE PROTEIN";"CHEMBL1132189";"1";"Scientific Literature";"J Med Chem";"1999";"None";"";"";"";"5.921"
"CHEMBL543893";"";"None";"597.14";"1";"0.62";"18i";"CCOC(=O)CN(C)C(=O)[C@H](CC(=O)NC[C@@H]1CCCN(C(=N)N)C1)NS(=O)(=O)c1ccc2ccccc2c1.Cl";"Ki";"'='";"23000.0";"nM";"4.64";"";"";"UO_0000065";"8.27";"0.16";"4.02";"2.65";"0";"CHEMBL878759";"In vitro binding affinity by measuring the inhibition of bovine trypsin";"B";"BAO_0000357";"single protein format";"Bos taurus";"None";"None";"None";"None";"";"";"";"CHEMBL3769";"Serine protease 1";"Bos taurus";"SINGLE PROTEIN";"CHEMBL1127404";"1";"Scientific Literature";"J Med Chem";"1994";"None";"";"";"";"23.0"
"CHEMBL142924";"";"None";"411.48";"0";"2.19";"41";"COC(=O)[C@H](Cc1cccc(C(=N)N)c1)NS(=O)(=O)c1ccc2ccccc2c1";"Ki";"'='";"2511.89";"nM";"5.60";"";"";"UO_0000065";"13.61";"0.26";"3.41";"4.58";"0";"CHEMBL821446";"Binding affinity towards trypsin";"B";"BAO_0000357";"single protein format";"Bos taurus";"None";"None";"None";"None";"";"";"";"CHEMBL3769";"Serine protease 1";"Bos taurus";"SINGLE PROTEIN";"CHEMBL1132189";"1";"Scientific Literature";"J Med Chem";"1999";"None";"";"";"";"5.6"
"CHEMBL143067";"";"None";"500.67";"1";"3.05";"26";"COc1cc(C)c(S(=O)(=O)N[C@@H](Cc2cccc(C(=N)N)c2)C(=O)N2CCC(C)CC2)c(C)c1C";"Ki";"'='";"779.83";"nM";"6.11";"";"";"UO_0000065";"12.20";"0.24";"3.06";"4.86";"0";"CHEMBL821446";"Binding affinity towards trypsin";"B";"BAO_0000357";"single protein format";"Bos taurus";"None";"None";"None";"None";"";"";"";"CHEMBL3769";"Serine protease 1";"Bos taurus";"SINGLE PROTEIN";"CHEMBL1132189";"1";"Scientific Literature";"J Med Chem";"1999";"None";"";"";"";"6.108"
"CHEMBL47908";"";"None";"499.66";"0";"2.98";"4";"CN(C(=O)[C@H](Cc1ccc(C(=N)NN)s1)NS(=O)(=O)c1ccc2ccccc2c1)C1CCCC1";"Ki";"";"";"nM";"";"";"Not Determined";"UO_0000065";"";"";"";"";"0";"CHEMBL817571";"Compound was evaluated for its inhibitory activity against bovine trypsin; Not determined";"B";"BAO_0000357";"single protein format";"Bos taurus";"None";"None";"None";"None";"";"";"";"CHEMBL3769";"Serine protease 1";"Bos taurus";"SINGLE PROTEIN";"CHEMBL1130864";"1";"Scientific Literature";"Bioorg Med Chem Lett";"1998";"None";"";"";"";""
"CHEMBL343254";"";"None";"597.83";"1";"4.22";"39";"CNC(=O)[C@H]1CCCN(C(=O)[C@H](Cc2cccc(C(=N)N)c2)NS(=O)(=O)c2c(C(C)C)cc(C(C)C)cc2C(C)C)C1";"Ki";"'='";"794.33";"nM";"6.10";"";"";"UO_0000065";"10.20";"0.20";"1.88";"4.19";"0";"CHEMBL821446";"Binding affinity towards trypsin";"B";"BAO_0000357";"single protein format";"Bos taurus";"None";"None";"None";"None";"";"";"";"CHEMBL3769";"Serine protease 1";"Bos taurus";"SINGLE PROTEIN";"CHEMBL1132189";"1";"Scientific Literature";"J Med Chem";"1999";"None";"";"";"";"6.1"
"CHEMBL145223";"";"None";"673.92";"2";"5.79";"57";"CC(C)c1cc(C(C)C)c(S(=O)(=O)N[C@@H](Cc2cccc(C(=N)N)c2)C(=O)N2CCC[C@H](C(=O)NCc3ccccc3)C2)c(C(C)C)c1";"Ki";"'='";"460.26";"nM";"6.34";"";"";"UO_0000065";"9.40";"0.18";"0.55";"4.36";"0";"CHEMBL821446";"Binding affinity towards trypsin";"B";"BAO_0000357";"single protein format";"Bos taurus";"None";"None";"None";"None";"";"";"";"CHEMBL3769";"Serine protease 1";"Bos taurus";"SINGLE PROTEIN";"CHEMBL1132189";"1";"Scientific Literature";"J Med Chem";"1999";"None";"";"";"";"6.337"
"CHEMBL110419";"";"None";"458.56";"0";"3.25";"5";"COC(=O)C(Cc1cccc(C(=N)N)c1)C(C)NC(=O)c1ccc(-c2cccc(CN)c2)cc1";"Ki";"'='";"69.0";"nM";"7.16";"";"";"UO_0000065";"15.62";"0.29";"3.91";"5.45";"0";"CHEMBL873993";"Binding affinity of compound toward bovine trypsin was evaluated";"B";"BAO_0000357";"single protein format";"Bos taurus";"None";"None";"None";"None";"";"";"";"CHEMBL3769";"Serine protease 1";"Bos taurus";"SINGLE PROTEIN";"CHEMBL1145974";"1";"Scientific Literature";"J Med Chem";"2003";"None";"";"";"";"69.0"
"CHEMBL355097";"";"None";"525.66";"1";"4.27";"14a";"COC(=O)CN(c1ccc2c(c1)nc(C)n2Cc1ccc2ccc(C(=N)N)cc2c1)C1CCN(C(C)=N)CC1";"Ki";"'='";"7.6";"nM";"8.12";"";"";"UO_0000065";"15.45";"0.28";"3.85";"6.53";"0";"CHEMBL815753";"In vitro inhibitory activity against bovine cationic trypsin";"B";"BAO_0000357";"single protein format";"Bos taurus";"None";"None";"None";"None";"";"";"";"CHEMBL3769";"Serine protease 1";"Bos taurus";"SINGLE PROTEIN";"CHEMBL1133358";"1";"Scientific Literature";"Bioorg Med Chem Lett";"2000";"None";"";"";"";"7.6"
"CHEMBL341126";"";"None";"390.47";"0";"2.10";"8";"Cc1cc(OCC/C=N/N=C(N)N)cc(OS(=O)(=O)c2cccc(C)c2)c1";"Ki";"'='";"17000.0";"nM";"4.77";"";"";"UO_0000065";"12.21";"0.24";"2.67";"3.69";"0";"CHEMBL817572";"Inhibitory constant against human trypsin";"B";"BAO_0000357";"single protein format";"Bos taurus";"None";"None";"None";"None";"";"";"";"CHEMBL3769";"Serine protease 1";"Bos taurus";"SINGLE PROTEIN";"CHEMBL1132849";"1";"Scientific Literature";"Bioorg Med Chem Lett";"2000";"None";"";"";"";"17.0"
"CHEMBL330802";"";"None";"347.38";"0";"3.23";"8";"N=C(N)c1ccc(Oc2cccc(Oc3cccc(C(=N)N)c3)n2)cc1";"Ki";"'='";"1900.0";"nM";"5.72";"";"";"UO_0000065";"16.47";"0.30";"2.49";"4.36";"0";"CHEMBL817592";"Inhibitory potency was measured against bovine trypsin.";"B";"BAO_0000357";"single protein format";"Bos taurus";"None";"None";"None";"None";"";"";"";"CHEMBL3769";"Serine protease 1";"Bos taurus";"SINGLE PROTEIN";"CHEMBL1131090";"1";"Scientific Literature";"J Med Chem";"1998";"None";"";"";"";"1900.0"
"CHEMBL1160769";"";"None";"149.20";"0";"1.30";"3";"Cc1ccccc1NC(=N)N";"Ki";"'='";"3550000.0";"nM";"";"Outside typical range";"";"UO_0000065";"";"";"";"";"0";"CHEMBL815752";"Inhibition against Trypsin";"B";"BAO_0000357";"single protein format";"Bos taurus";"None";"None";"None";"None";"";"";"";"CHEMBL3769";"Serine protease 1";"Bos taurus";"SINGLE PROTEIN";"CHEMBL1125001";"1";"Scientific Literature";"J Med Chem";"1990";"None";"";"";"";"3.55"
"CHEMBL4531752";"";"None";"1511.84";"None";"None";"Cyclic SFTI-1";"CC[C@H](C)[C@@H]1NC(=O)[C@@H]2CCCN2C(=O)[C@@H]2CCCN2C(=O)[C@H]([C@@H](C)CC)NC(=O)[C@@H](CO)NC(=O)[C@H](CCCCN)NC(=O)[C@H]([C@@H](C)O)NC(=O)[C@@H]2CSSC[C@H](NC1=O)C(=O)C[C@H](Cc1ccccc1)C(=O)N1CCC[C@H]1C(=O)C[C@@H](CC(=O)O)C(=O)NCC(=O)N[C@@H](CCCNC(=N)N)C(=O)N2";"Ki";"'<'";"0.1";"nM";"";"";"";"UO_0000065";"";"";"";"";"0";"CHEMBL4307510";"Inhibition of bovine beta-trypsin using L-BAPNA as substrate preincubated for 5 mins followed by substrate addition and measured for 60 mins by colorimetric method";"B";"BAO_0000357";"single protein format";"Bos taurus";"None";"None";"None";"None";"";"";"";"CHEMBL3769";"Serine protease 1";"Bos taurus";"SINGLE PROTEIN";"CHEMBL4304798";"1";"Scientific Literature";"ACS Med Chem Lett";"2019";"None";"";"";"";"0.1"
"CHEMBL326552";"";"None";"372.47";"0";"3.86";"1c";"N=C(N)c1cccc(/C=C2\CCCC/C(=C\c3cccc(C(=N)N)c3)C2=O)c1";"Ki";"'='";"410.0";"nM";"6.39";"";"";"UO_0000065";"17.15";"0.31";"2.53";"5.47";"0";"CHEMBL817625";"Compound (isomer) was tested in the absence of light for inhibitory activity against trypsin.";"B";"BAO_0000357";"single protein format";"Bos taurus";"None";"None";"None";"None";"";"";"";"CHEMBL3769";"Serine protease 1";"Bos taurus";"SINGLE PROTEIN";"CHEMBL1131630";"1";"Scientific Literature";"J Med Chem";"1998";"None";"";"";"";"410.0"
"CHEMBL153412";"";"None";"522.63";"1";"2.43";"table 4";"COC(=O)C1CCCN(C(=O)C(Cc2cccc(C(=N)N)c2)NS(=O)(=O)c2ccc3ccccc3c2)C1";"Ki";"'='";"390.0";"nM";"6.41";"";"";"UO_0000065";"12.26";"0.24";"3.98";"4.49";"0";"CHEMBL819016";"Inhibitory activity against bovine trypsin expressed as dissociation constant";"B";"BAO_0000357";"single protein format";"Bos taurus";"None";"None";"None";"None";"";"";"";"CHEMBL3769";"Serine protease 1";"Bos taurus";"SINGLE PROTEIN";"CHEMBL1131451";"1";"Scientific Literature";"J Med Chem";"1998";"None";"";"";"";"0.39"
"CHEMBL20912";"";"None";"345.45";"0";"0.58";"5";"N=C(N)c1cccc(C(=O)NCC(=O)NCC2CCC(CN)CC2)c1";"Ki";"'='";"14000.0";"nM";"4.85";"";"";"UO_0000065";"14.05";"0.27";"4.27";"3.62";"0";"CHEMBL844336";"Inhibitory concentration against bovine trypsin";"B";"BAO_0000357";"single protein format";"Bos taurus";"None";"None";"None";"None";"";"";"";"CHEMBL3769";"Serine protease 1";"Bos taurus";"SINGLE PROTEIN";"CHEMBL1135884";"1";"Scientific Literature";"J Med Chem";"2002";"None";"";"";"";"14.0"
"CHEMBL94336";"";"None";"372.47";"0";"3.86";"1b";"N=C(N)c1ccc(/C=C2/CCCC/C(=C\c3ccc(C(=N)N)cc3)C2=O)cc1";"Ki";"'='";"29.0";"nM";"7.54";"";"";"UO_0000065";"20.24";"0.37";"3.68";"6.45";"1";"CHEMBL618434";"In vitro inhibition of bovine trypsin(Trp).";"B";"BAO_0000357";"single protein format";"Bos taurus";"None";"None";"None";"None";"";"";"";"CHEMBL3769";"Serine protease 1";"Bos taurus";"SINGLE PROTEIN";"CHEMBL1132552";"1";"Scientific Literature";"J Med Chem";"1999";"None";"";"";"";"29.0"
"CHEMBL177142";"";"None";"482.63";"1";"5.49";"7d";"CC(=N)N1CCC(Oc2ccc3nc(C(C)C)n(Cc4ccc5ccc(C(=N)N)cc5c4)c3c2)CC1";"Ki";"'='";"5.7";"nM";"8.24";"";"";"UO_0000065";"17.08";"0.31";"2.75";"7.93";"0";"CHEMBL815753";"In vitro inhibitory activity against bovine cationic trypsin";"B";"BAO_0000357";"single protein format";"Bos taurus";"None";"None";"None";"None";"";"";"";"CHEMBL3769";"Serine protease 1";"Bos taurus";"SINGLE PROTEIN";"CHEMBL1133358";"1";"Scientific Literature";"Bioorg Med Chem Lett";"2000";"None";"";"";"";"5.7"
"CHEMBL347493";"";"None";"522.63";"1";"2.43";"table 4";"COC(=O)C1CCN(C(=O)C(Cc2cccc(C(=N)N)c2)NS(=O)(=O)c2ccc3ccccc3c2)CC1";"Ki";"'='";"36.0";"nM";"7.44";"";"";"UO_0000065";"14.24";"0.27";"5.01";"5.22";"0";"CHEMBL819016";"Inhibitory activity against bovine trypsin expressed as dissociation constant";"B";"BAO_0000357";"single protein format";"Bos taurus";"None";"None";"None";"None";"";"";"";"CHEMBL3769";"Serine protease 1";"Bos taurus";"SINGLE PROTEIN";"CHEMBL1131451";"1";"Scientific Literature";"J Med Chem";"1998";"None";"";"";"";"0.036"
"CHEMBL444548";"";"None";"553.75";"1";"4.54";"12";"CC(C)(C)OC(=O)N[C@@H](C(=O)N1CCC[C@H]1C(=O)NCC#Cc1c[nH]cn1)C(C1CCCCC1)C1CCCCC1";"Ki";"'='";"30.0";"nM";"7.52";"";"";"UO_0000065";"13.59";"0.26";"2.98";"6.46";"0";"CHEMBL878650";"Inhibitory activity against Bovine Trypsin";"B";"BAO_0000357";"single protein format";"Bos taurus";"None";"None";"None";"None";"";"";"";"CHEMBL3769";"Serine protease 1";"Bos taurus";"SINGLE PROTEIN";"CHEMBL1133054";"1";"Scientific Literature";"Bioorg Med Chem Lett";"2000";"None";"";"";"";"30.0"
"CHEMBL559194";"";"None";"569.13";"1";"2.93";"3f";"Cl.N=C(N)N1CCC[C@@H](CNC(=O)[C@@H](Cc2c[nH]c3ccccc23)NS(=O)(=O)c2ccc3ccccc3c2)C1";"Ki";"'='";"17000.0";"nM";"4.77";"";"";"UO_0000065";"8.95";"0.17";"1.84";"3.31";"0";"CHEMBL878759";"In vitro binding affinity by measuring the inhibition of bovine trypsin";"B";"BAO_0000357";"single protein format";"Bos taurus";"None";"None";"None";"None";"";"";"";"CHEMBL3769";"Serine protease 1";"Bos taurus";"SINGLE PROTEIN";"CHEMBL1127404";"1";"Scientific Literature";"J Med Chem";"1994";"None";"";"";"";"17.0"
"CHEMBL553963";"";"None";"665.26";"1";"2.32";"18e";"CCOC(=O)CN(C(=O)[C@H](CC(=O)NC[C@@H]1CCCN(C(=N)N)C1)NS(=O)(=O)c1ccc2ccccc2c1)C1CCCCC1.Cl";"Ki";"'='";"27000.0";"nM";"4.57";"";"";"UO_0000065";"7.27";"0.14";"2.25";"2.61";"0";"CHEMBL878759";"In vitro binding affinity by measuring the inhibition of bovine trypsin";"B";"BAO_0000357";"single protein format";"Bos taurus";"None";"None";"None";"None";"";"";"";"CHEMBL3769";"Serine protease 1";"Bos taurus";"SINGLE PROTEIN";"CHEMBL1127404";"1";"Scientific Literature";"J Med Chem";"1994";"None";"";"";"";"27.0"
"CHEMBL24907";"";"None";"468.61";"0";"4.92";"8c";"CCc1nc2cc(OC3CCN(C(C)=N)CC3)ccc2n1Cc1ccc2ccc(C(=N)N)cc2c1";"Ki";"'='";"17.0";"nM";"7.77";"";"";"UO_0000065";"16.58";"0.30";"2.85";"7.47";"0";"CHEMBL815753";"In vitro inhibitory activity against bovine cationic trypsin";"B";"BAO_0000357";"single protein format";"Bos taurus";"None";"None";"None";"None";"";"";"";"CHEMBL3769";"Serine protease 1";"Bos taurus";"SINGLE PROTEIN";"CHEMBL1133358";"1";"Scientific Literature";"Bioorg Med Chem Lett";"2000";"None";"";"";"";"17.0"
"CHEMBL177136";"";"None";"539.68";"1";"4.82";"14f";"CC(=N)N1CCC(N(CC(C)C(=O)O)c2ccc3c(c2)nc(C)n3Cc2ccc3ccc(C(=N)N)cc3c2)CC1";"Ki";"'='";"120.0";"nM";"6.92";"";"";"UO_0000065";"12.82";"0.24";"2.10";"5.11";"0";"CHEMBL815753";"In vitro inhibitory activity against bovine cationic trypsin";"B";"BAO_0000357";"single protein format";"Bos taurus";"None";"None";"None";"None";"";"";"";"CHEMBL3769";"Serine protease 1";"Bos taurus";"SINGLE PROTEIN";"CHEMBL1133358";"1";"Scientific Literature";"Bioorg Med Chem Lett";"2000";"None";"";"";"";"120.0"
"CHEMBL172532";"";"None";"525.66";"1";"4.27";"13a";"COC(=O)CN(c1ccc2nc(C)n(Cc3ccc4ccc(C(=N)N)cc4c3)c2c1)C1CCN(C(C)=N)CC1";"Ki";"'='";"11.0";"nM";"7.96";"";"";"UO_0000065";"15.14";"0.28";"3.69";"6.40";"0";"CHEMBL815753";"In vitro inhibitory activity against bovine cationic trypsin";"B";"BAO_0000357";"single protein format";"Bos taurus";"None";"None";"None";"None";"";"";"";"CHEMBL3769";"Serine protease 1";"Bos taurus";"SINGLE PROTEIN";"CHEMBL1133358";"1";"Scientific Literature";"Bioorg Med Chem Lett";"2000";"None";"";"";"";"11.0"
"CHEMBL143910";"";"None";"486.68";"0";"3.98";"87";"CNC(=O)[C@H](Cc1cccc(C(=N)N)c1)NS(=O)(=O)c1c(C(C)C)cc(C(C)C)cc1C(C)C";"Ki";"'='";"26001.6";"nM";"4.58";"";"";"UO_0000065";"9.42";"0.18";"0.60";"3.66";"0";"CHEMBL821446";"Binding affinity towards trypsin";"B";"BAO_0000357";"single protein format";"Bos taurus";"None";"None";"None";"None";"";"";"";"CHEMBL3769";"Serine protease 1";"Bos taurus";"SINGLE PROTEIN";"CHEMBL1132189";"1";"Scientific Literature";"J Med Chem";"1999";"None";"";"";"";"4.585"
"CHEMBL325166";"NAPSAGATRAN ANHYDROUS";"2.0";"558.66";"1";"0.67";"19f";"N=C(N)N1CCC[C@@H](CNC(=O)C[C@H](NS(=O)(=O)c2ccc3ccccc3c2)C(=O)N(CC(=O)O)C2CC2)C1";"Ki";"'='";"1900.0";"nM";"5.72";"";"";"UO_0000065";"10.24";"0.20";"5.05";"3.08";"0";"CHEMBL878759";"In vitro binding affinity by measuring the inhibition of bovine trypsin";"B";"BAO_0000357";"single protein format";"Bos taurus";"None";"None";"None";"None";"";"";"";"CHEMBL3769";"Serine protease 1";"Bos taurus";"SINGLE PROTEIN";"CHEMBL1127404";"1";"Scientific Literature";"J Med Chem";"1994";"None";"";"";"";"1.9"
"CHEMBL20936";"BENZAMIDINE";"None";"120.16";"0";"0.97";"Benzamidine";"N=C(N)c1ccccc1";"Ki";"'='";"18400.0";"nM";"4.74";"";"";"UO_0000065";"39.41";"0.72";"3.77";"9.50";"0";"CHEMBL817760";"Binding affinity against bovine trypsin";"B";"BAO_0000357";"single protein format";"Bos taurus";"None";"None";"None";"None";"";"";"";"CHEMBL3769";"Serine protease 1";"Bos taurus";"SINGLE PROTEIN";"CHEMBL1135460";"1";"Scientific Literature";"J Med Chem";"2002";"None";"";"";"";"18.4"
"CHEMBL543183";"";"None";"637.20";"1";"1.40";"18c";"CCOC(=O)C1CCN(C(=O)[C@H](CC(=O)NCC2CCCN(C(=N)N)C2)NS(=O)(=O)c2ccc3ccccc3c2)CC1.Cl";"Ki";"'='";"5400.0";"nM";"5.27";"";"";"UO_0000065";"8.77";"0.17";"3.87";"3.01";"0";"CHEMBL878759";"In vitro binding affinity by measuring the inhibition of bovine trypsin";"B";"BAO_0000357";"single protein format";"Bos taurus";"None";"None";"None";"None";"";"";"";"CHEMBL3769";"Serine protease 1";"Bos taurus";"SINGLE PROTEIN";"CHEMBL1127404";"1";"Scientific Literature";"J Med Chem";"1994";"None";"";"";"";"5.4"
"CHEMBL284436";"";"None";"436.00";"0";"0.61";"12 MOL098";"N=C(N)NCCC[C@@H](CCl)NC(=O)[C@@H]1CCN2CC[C@@](N)(Cc3ccccc3)CN12";"Ki";"";"";"nM";"";"";"Not Determined";"UO_0000065";"";"";"";"";"0";"CHEMBL878754";"Inhibitory concentration against trypsin; Not determined";"B";"BAO_0000357";"single protein format";"Bos taurus";"None";"None";"None";"None";"";"";"";"CHEMBL3769";"Serine protease 1";"Bos taurus";"SINGLE PROTEIN";"CHEMBL1132633";"1";"Scientific Literature";"J Med Chem";"1999";"None";"";"";"";""
"CHEMBL296532";"";"None";"390.40";"0";"2.33";"6x";"N=C(N)c1cccc(Oc2cc(C(N)=O)cc(Oc3cccc(C(=N)N)c3)n2)c1";"Ki";"'='";"780.0";"nM";"6.11";"";"";"UO_0000065";"15.65";"0.29";"3.78";"3.51";"0";"CHEMBL817573";"Compound was tested for inhibition activity against bovine trypsin.";"B";"BAO_0000357";"single protein format";"Bos taurus";"None";"None";"None";"None";"";"";"";"CHEMBL3769";"Serine protease 1";"Bos taurus";"SINGLE PROTEIN";"CHEMBL1132209";"1";"Scientific Literature";"J Med Chem";"1999";"None";"";"";"";"780.0"
"CHEMBL142417";"";"None";"442.59";"0";"2.43";"15";"Cc1ccc(S(=O)(=O)N[C@@H](Cc2cccc(C(=N)N)c2)C(=O)N2CCC(C)CC2)cc1";"Ki";"'='";"520.0";"nM";"6.28";"";"";"UO_0000065";"14.20";"0.28";"3.85";"5.40";"0";"CHEMBL821446";"Binding affinity towards trypsin";"B";"BAO_0000357";"single protein format";"Bos taurus";"None";"None";"None";"None";"";"";"";"CHEMBL3769";"Serine protease 1";"Bos taurus";"SINGLE PROTEIN";"CHEMBL1132189";"1";"Scientific Literature";"J Med Chem";"1999";"None";"";"";"";"6.284"
"CHEMBL145206";"";"None";"492.65";"0";"3.81";"76";"N=C(N)c1cccc(C[C@H](NS(=O)(=O)c2ccc3ccccc3c2)C(=O)N2CCCCCCC2)c1";"Ki";"'='";"609.54";"nM";"6.21";"";"";"UO_0000065";"12.62";"0.24";"2.40";"5.34";"0";"CHEMBL821446";"Binding affinity towards trypsin";"B";"BAO_0000357";"single protein format";"Bos taurus";"None";"None";"None";"None";"";"";"";"CHEMBL3769";"Serine protease 1";"Bos taurus";"SINGLE PROTEIN";"CHEMBL1132189";"1";"Scientific Literature";"J Med Chem";"1999";"None";"";"";"";"6.215"
"CHEMBL127052";"";"None";"383.40";"0";"4.60";"2";"Cc1c(F)c(Oc2cccc(CN)c2)cc(Oc2cccc(C(=N)N)c2)c1F";"Ki";"'='";"2900.0";"nM";"5.54";"";"";"UO_0000065";"14.44";"0.27";"0.94";"5.87";"0";"CHEMBL818252";"Inhibitory constant against trypsin";"B";"BAO_0000357";"single protein format";"Bos taurus";"None";"None";"None";"None";"";"";"";"CHEMBL3769";"Serine protease 1";"Bos taurus";"SINGLE PROTEIN";"CHEMBL1132402";"1";"Scientific Literature";"J Med Chem";"1999";"None";"";"";"";"2900.0"
"CHEMBL173020";"";"None";"454.58";"0";"4.67";"7b";"CC(=N)N1CCC(Oc2ccc3nc(C)n(Cc4ccc5ccc(C(=N)N)cc5c4)c3c2)CC1";"Ki";"'='";"18.0";"nM";"7.75";"";"";"UO_0000065";"17.04";"0.31";"3.07";"7.45";"0";"CHEMBL815753";"In vitro inhibitory activity against bovine cationic trypsin";"B";"BAO_0000357";"single protein format";"Bos taurus";"None";"None";"None";"None";"";"";"";"CHEMBL3769";"Serine protease 1";"Bos taurus";"SINGLE PROTEIN";"CHEMBL1133358";"1";"Scientific Literature";"Bioorg Med Chem Lett";"2000";"None";"";"";"";"18.0"
"CHEMBL145173";"";"None";"590.75";"1";"4.13";"58";"N=C(N)c1cccc(C[C@H](NS(=O)(=O)c2ccc3ccccc3c2)C(=O)N2CCC(C(=O)OC3CCCCC3)CC2)c1";"Ki";"'='";"79.98";"nM";"7.10";"";"";"UO_0000065";"12.01";"0.23";"2.97";"4.98";"0";"CHEMBL821446";"Binding affinity towards trypsin";"B";"BAO_0000357";"single protein format";"Bos taurus";"None";"None";"None";"None";"";"";"";"CHEMBL3769";"Serine protease 1";"Bos taurus";"SINGLE PROTEIN";"CHEMBL1132189";"1";"Scientific Literature";"J Med Chem";"1999";"None";"";"";"";"7.097"
"CHEMBL367476";"";"None";"496.66";"1";"5.88";"8f";"CCC(C)c1nc2cc(OC3CCN(C(C)=N)CC3)ccc2n1Cc1ccc2ccc(C(=N)N)cc2c1";"Ki";"'='";"13.0";"nM";"7.89";"";"";"UO_0000065";"15.88";"0.29";"2.01";"7.58";"0";"CHEMBL815753";"In vitro inhibitory activity against bovine cationic trypsin";"B";"BAO_0000357";"single protein format";"Bos taurus";"None";"None";"None";"None";"";"";"";"CHEMBL3769";"Serine protease 1";"Bos taurus";"SINGLE PROTEIN";"CHEMBL1133358";"1";"Scientific Literature";"Bioorg Med Chem Lett";"2000";"None";"";"";"";"13.0"
"CHEMBL23813";"";"None";"369.45";"0";"3.37";"13c";"O=S(=O)(Nc1cccc(OCCNc2ccncc2)c1)c1ccccc1";"Ki";"'>'";"500000.0";"nM";"";"Outside typical range";"";"UO_0000065";"";"";"";"";"0";"CHEMBL818253";"Tested for the Inhibition of the catalytic activity of bovine trypsin at 25 degree C and pH 7.5.";"B";"BAO_0000357";"single protein format";"Bos taurus";"None";"None";"None";"None";"";"";"";"CHEMBL3769";"Serine protease 1";"Bos taurus";"SINGLE PROTEIN";"CHEMBL1150979";"1";"Scientific Literature";"Bioorg Med Chem Lett";"1997";"None";"";"";"";"500.0"
"CHEMBL4588827";"";"None";"1575.88";"None";"None";"2";"CC[C@H](C)[C@@H]1NC(=O)[C@@H]2CCCN2C(=O)[C@@H]2CCCN2C(=O)[C@H]([C@@H](C)CC)NC(=O)[C@H](CO)NC(=O)[C@H](CCCCN)NC(=O)[C@H](Cc2ccc(O)cc2)NC(=O)[C@@H]2CSSC[C@H](NC1=O)C(=O)N[C@@H](Cc1ccccc1)C(=O)N1CCC[C@H]1C(=O)N[C@@H](CC(=O)O)C(=O)NCC(=O)N[C@@H](CCCNC(=N)N)C(=O)N2";"Ki";"'='";"11.0";"nM";"7.96";"";"";"UO_0000065";"5.05";"None";"None";"None";"0";"CHEMBL4372182";"Inhibition of bovine cationic trypsin using Bz-FVR-pNA as substrate after 30 mins";"B";"BAO_0000357";"single protein format";"Bos taurus";"None";"None";"None";"None";"";"";"";"CHEMBL3769";"Serine protease 1";"Bos taurus";"SINGLE PROTEIN";"CHEMBL4371033";"1";"Scientific Literature";"J Med Chem";"2019";"None";"";"";"";"11.0"
"CHEMBL123142";"";"None";"583.82";"2";"5.56";"14b";"Cc1cc(N)nc(C)c1CNC(=O)[C@@H]1CCCN1C(=O)[C@H](NC(=O)OC(C)(C)C)C(C1CCCCC1)C1CCCCC1";"Ki";"'='";"1500.0";"nM";"5.82";"";"";"UO_0000065";"9.98";"0.19";"0.26";"4.60";"0";"CHEMBL817580";"In vitro inhibitory activity against bovine trypsin";"B";"BAO_0000357";"single protein format";"Bos taurus";"None";"None";"None";"None";"";"";"";"CHEMBL3769";"Serine protease 1";"Bos taurus";"SINGLE PROTEIN";"CHEMBL1130400";"1";"Scientific Literature";"J Med Chem";"1997";"None";"";"";"";"1500.0"
"CHEMBL322205";"";"None";"499.64";"0";"0.69";"57";"CN[C@H](Cc1ccccc1)C(=O)N1CCC[C@H]1C(=O)N[C@@H](CCCN=C(N)N)C(=O)c1nccs1";"Ki";"'='";"1.2";"nM";"8.92";"";"";"UO_0000065";"17.85";"0.35";"8.23";"5.73";"0";"CHEMBL828215";"Binding affinity against bovine trypsin";"B";"BAO_0000357";"single protein format";"Bos taurus";"None";"None";"None";"None";"";"";"";"CHEMBL3769";"Serine protease 1";"Bos taurus";"SINGLE PROTEIN";"CHEMBL1142732";"1";"Scientific Literature";"J Med Chem";"2005";"None";"";"";"";"1.2"
"CHEMBL179081";"";"None";"646.82";"1";"1.66";"60";"CN[C@H](Cc1ccccc1)C(=O)N1CCC[C@H]1C(=O)NC(CCCN=C(N)N)C(=O)c1nc(C(=O)NCCc2ccccc2)cs1";"Ki";"'='";"5.0";"nM";"8.30";"";"";"UO_0000065";"12.83";"0.25";"6.64";"4.49";"0";"CHEMBL828215";"Binding affinity against bovine trypsin";"B";"BAO_0000357";"single protein format";"Bos taurus";"None";"None";"None";"None";"";"";"";"CHEMBL3769";"Serine protease 1";"Bos taurus";"SINGLE PROTEIN";"CHEMBL1142732";"1";"Scientific Literature";"J Med Chem";"2005";"None";"";"";"";"5.0"
"CHEMBL404728";"";"None";"493.61";"0";"0.83";"3i";"CN[C@H](Cc1ccccc1)C(=O)N1CCC[C@H]1C(=O)N[C@@H](CCCNC(=N)N)C(=O)c1ccccn1";"Ki";"'='";"73.0";"nM";"7.14";"";"";"UO_0000065";"14.46";"0.27";"6.31";"4.66";"0";"CHEMBL815751";"Inhibition of bovine trypsin";"B";"BAO_0000357";"single protein format";"Bos taurus";"None";"None";"None";"None";"";"";"";"CHEMBL3769";"Serine protease 1";"Bos taurus";"SINGLE PROTEIN";"CHEMBL1129256";"1";"Scientific Literature";"J Med Chem";"1996";"None";"";"";"";"73.0"
"CHEMBL325022";"";"None";"372.47";"0";"3.86";"2c";"N=C(N)c1cccc(/C=C2/CCCC/C(=C\c3cccc(C(=N)N)c3)C2=O)c1";"Ki";"'='";"200.0";"nM";"6.70";"";"";"UO_0000065";"17.99";"0.33";"2.84";"5.73";"0";"CHEMBL817625";"Compound (isomer) was tested in the absence of light for inhibitory activity against trypsin.";"B";"BAO_0000357";"single protein format";"Bos taurus";"None";"None";"None";"None";"";"";"";"CHEMBL3769";"Serine protease 1";"Bos taurus";"SINGLE PROTEIN";"CHEMBL1131630";"1";"Scientific Literature";"J Med Chem";"1998";"None";"";"";"";"200.0"
"CHEMBL117266";"";"None";"440.52";"0";"3.68";"35c";"Cc1cc(OCCc2ccc(C(=N)N)c(O)c2)cc(OS(=O)(=O)c2cccc(C)c2)c1";"Ki";"'='";"32359.37";"nM";"4.49";"";"";"UO_0000065";"10.19";"0.20";"0.81";"3.66";"0";"CHEMBL818258";"Inhibitory activity against bovine Trypsin";"B";"BAO_0000357";"single protein format";"Bos taurus";"None";"None";"None";"None";"";"";"";"CHEMBL3769";"Serine protease 1";"Bos taurus";"SINGLE PROTEIN";"CHEMBL1134416";"1";"Scientific Literature";"J Med Chem";"2001";"None";"";"";"";"-4.49"
"CHEMBL1159691";"";"None";"663.68";"1";"2.17";"11i";"N=C(N)c1ccc(CNC(=O)[C@@H]2CCCN2C(=O)[C@H](NS(=O)(=O)O)C(c2ccccc2)c2ccccc2)cc1.O=C(O)C(F)(F)F";"Ki";"'='";"4.4";"nM";"8.36";"";"";"UO_0000065";"15.20";"0.29";"6.19";"5.04";"0";"CHEMBL817758";"Binding affinity against bovine trypsin";"B";"BAO_0000357";"single protein format";"Bos taurus";"None";"None";"None";"None";"";"";"";"CHEMBL3769";"Serine protease 1";"Bos taurus";"SINGLE PROTEIN";"CHEMBL1135262";"1";"Scientific Literature";"Bioorg Med Chem Lett";"2002";"None";"";"";"";"4.4"
"CHEMBL179245";"";"None";"592.73";"1";"0.94";"67";"CN[C@H](Cc1ccccc1)C(=O)N1CCC[C@H]1C(=O)NC(CCCN=C(N)N)C(=O)c1nc2ccc(C(N)=O)cc2s1";"Ki";"'='";"0.3";"nM";"9.52";"";"";"UO_0000065";"16.07";"0.31";"8.58";"4.79";"0";"CHEMBL828215";"Binding affinity against bovine trypsin";"B";"BAO_0000357";"single protein format";"Bos taurus";"None";"None";"None";"None";"";"";"";"CHEMBL3769";"Serine protease 1";"Bos taurus";"SINGLE PROTEIN";"CHEMBL1142732";"1";"Scientific Literature";"J Med Chem";"2005";"None";"";"";"";"0.3"
"CHEMBL79303";"";"None";"436.42";"0";"3.06";"20";"CN(C)C(=O)c1cccc(Oc2cc(C(=O)O)cc(Oc3cc(C(=N)N)ccc3O)n2)c1";"Ki";"'='";"300.0";"nM";"6.52";"";"";"UO_0000065";"14.95";"0.28";"3.46";"4.10";"0";"CHEMBL817592";"Inhibitory potency was measured against bovine trypsin.";"B";"BAO_0000357";"single protein format";"Bos taurus";"None";"None";"None";"None";"";"";"";"CHEMBL3769";"Serine protease 1";"Bos taurus";"SINGLE PROTEIN";"CHEMBL1131090";"1";"Scientific Literature";"J Med Chem";"1998";"None";"";"";"";"300.0"
"CHEMBL424036";"";"None";"383.36";"0";"3.51";"9";"N=C(N)c1cccc(Oc2nc(Oc3cccc(C(=N)N)c3)c(F)cc2F)c1";"Ki";"'='";"1200.0";"nM";"5.92";"";"";"UO_0000065";"15.44";"0.29";"2.41";"4.52";"0";"CHEMBL817592";"Inhibitory potency was measured against bovine trypsin.";"B";"BAO_0000357";"single protein format";"Bos taurus";"None";"None";"None";"None";"";"";"";"CHEMBL3769";"Serine protease 1";"Bos taurus";"SINGLE PROTEIN";"CHEMBL1131090";"1";"Scientific Literature";"J Med Chem";"1998";"None";"";"";"";"1200.0"
"CHEMBL134927";"";"None";"364.41";"0";"2.33";"3";"C=C1CC(c2ccc(NC(=N)N)cc2)C(NC(=O)c2ccccc2)C(=O)O1";"Ki";"'='";"10000.0";"nM";"5.00";"";"";"UO_0000065";"13.72";"0.25";"2.67";"4.26";"0";"CHEMBL817576";"Compound was tested for its binding affinity against the enzyme trypsin";"B";"BAO_0000357";"single protein format";"Bos taurus";"None";"None";"None";"None";"";"";"";"CHEMBL3769";"Serine protease 1";"Bos taurus";"SINGLE PROTEIN";"CHEMBL1125358";"1";"Scientific Literature";"J Med Chem";"1992";"None";"";"";"";"10.0"
"CHEMBL99281";"";"None";"583.73";"2";"0.88";"3i";"N=C(N)NCCC[C@H]1NC(=O)[C@H]2CCCN2C(=O)[C@H](CCc2ccccc2)NC(=O)CCCCCCCNC(=O)C1=O";"Ki";"'='";"14.0";"nM";"7.85";"";"";"UO_0000065";"13.45";"0.26";"6.97";"4.21";"0";"CHEMBL817569";"Inhibition of bovine trypsin";"B";"BAO_0000357";"single protein format";"Bos taurus";"None";"None";"None";"None";"";"";"";"CHEMBL3769";"Serine protease 1";"Bos taurus";"SINGLE PROTEIN";"CHEMBL1128948";"1";"Scientific Literature";"Bioorg Med Chem Lett";"1996";"None";"";"";"";"14.0"
"CHEMBL282549";"";"None";"383.47";"0";"3.40";"14";"CN(c1cccc(OCCNc2ccncc2)c1)S(=O)(=O)c1ccccc1";"Ki";"'>'";"500000.0";"nM";"";"Outside typical range";"";"UO_0000065";"";"";"";"";"0";"CHEMBL818253";"Tested for the Inhibition of the catalytic activity of bovine trypsin at 25 degree C and pH 7.5.";"B";"BAO_0000357";"single protein format";"Bos taurus";"None";"None";"None";"None";"";"";"";"CHEMBL3769";"Serine protease 1";"Bos taurus";"SINGLE PROTEIN";"CHEMBL1150979";"1";"Scientific Literature";"Bioorg Med Chem Lett";"1997";"None";"";"";"";"500.0"
"CHEMBL179151";"";"None";"276.36";"0";"2.13";"21";"N=C(N)NCCCCC(=O)c1nc2ccccc2s1";"Ki";"";"";"nM";"";"";"Not Active";"UO_0000065";"";"";"";"";"0";"CHEMBL841792";"Binding affinity against bovine trypsin; NT=Not active at 100 uM";"B";"BAO_0000357";"single protein format";"Bos taurus";"None";"None";"None";"None";"";"";"";"CHEMBL3769";"Serine protease 1";"Bos taurus";"SINGLE PROTEIN";"CHEMBL1142732";"1";"Scientific Literature";"J Med Chem";"2005";"None";"";"";"";""
"CHEMBL153659";"";"None";"400.53";"0";"4.47";"14a";"CN(C)C(=N)c1ccc(/C=C2\CCCC/C(=C\c3ccc(C(=N)N)cc3)C2=O)cc1";"Ki";"'='";"500.0";"nM";"6.30";"";"";"UO_0000065";"15.73";"0.29";"1.83";"6.70";"0";"CHEMBL815005";"In vitro inhibition of bovine trypsin(Trp).";"B";"BAO_0000357";"single protein format";"Bos taurus";"None";"None";"None";"None";"";"";"";"CHEMBL3769";"Serine protease 1";"Bos taurus";"SINGLE PROTEIN";"CHEMBL1132552";"1";"Scientific Literature";"J Med Chem";"1999";"None";"";"";"";"500.0"
"CHEMBL331179";"";"None";"595.57";"1";"3.98";"16a";"Nc1cc(CNC(=O)[C@@H]2CCCN2C(=O)[C@@H](Cc2ccc(Cl)c(Cl)c2)NS(=O)(=O)Cc2ccccc2)cs1";"Ki";"'='";"56000.0";"nM";"4.25";"";"";"UO_0000065";"7.14";"0.15";"0.27";"3.50";"0";"CHEMBL817580";"In vitro inhibitory activity against bovine trypsin";"B";"BAO_0000357";"single protein format";"Bos taurus";"None";"None";"None";"None";"";"";"";"CHEMBL3769";"Serine protease 1";"Bos taurus";"SINGLE PROTEIN";"CHEMBL1130400";"1";"Scientific Literature";"J Med Chem";"1997";"None";"";"";"";"56000.0"
"CHEMBL122432";"";"None";"449.58";"0";"2.49";"15e";"Nc1nc(CNC(=O)[C@@H]2CCCN2C(=O)[C@H](N)C(c2ccccc2)c2ccccc2)cs1";"Ki";"'='";"277000.0";"nM";"";"Outside typical range";"";"UO_0000065";"";"";"";"";"0";"CHEMBL817580";"In vitro inhibitory activity against bovine trypsin";"B";"BAO_0000357";"single protein format";"Bos taurus";"None";"None";"None";"None";"";"";"";"CHEMBL3769";"Serine protease 1";"Bos taurus";"SINGLE PROTEIN";"CHEMBL1130400";"1";"Scientific Literature";"J Med Chem";"1997";"None";"";"";"";"277000.0"
"CHEMBL26240";"";"None";"575.59";"1";"4.45";"5d";"CC(=N)N1CCC(Oc2ccc(N(C/C=C/c3cc(C(=N)N)ccc3O)C(=O)CCC(=O)O)cc2C(F)(F)F)CC1";"Ki";"'='";"280.0";"nM";"6.55";"";"";"UO_0000065";"11.38";"0.22";"2.10";"3.99";"0";"CHEMBL873992";"Competitive inhibition of trypsin";"B";"BAO_0000357";"single protein format";"Bos taurus";"None";"None";"None";"None";"";"";"";"CHEMBL3769";"Serine protease 1";"Bos taurus";"SINGLE PROTEIN";"CHEMBL1135303";"1";"Scientific Literature";"Bioorg Med Chem Lett";"2002";"None";"";"";"";"280.0"
"CHEMBL20936";"BENZAMIDINE";"None";"120.16";"0";"0.97";"TRH5,TPB7";"N=C(N)c1ccccc1";"Ki";"'='";"18400.0";"nM";"4.74";"";"";"UO_0000065";"39.41";"0.72";"3.77";"9.50";"0";"CHEMBL817760";"Binding affinity against bovine trypsin";"B";"BAO_0000357";"single protein format";"Bos taurus";"None";"None";"None";"None";"";"";"";"CHEMBL3769";"Serine protease 1";"Bos taurus";"SINGLE PROTEIN";"CHEMBL1135460";"1";"Scientific Literature";"J Med Chem";"2002";"None";"";"";"";"18.4"
"CHEMBL382064";"";"None";"423.56";"1";"5.97";"12a";"CC(C)CCN(Cc1ccc2ccc(C(=N)N)cc2c1)C(=O)c1cccc2ccccc12";"Ki";"'='";"698.0";"nM";"6.16";"";"";"UO_0000065";"14.53";"0.26";"0.19";"8.77";"0";"CHEMBL830293";"Inhibition constant towards bovine trypsin";"B";"BAO_0000357";"single protein format";"Bos taurus";"None";"None";"None";"None";"";"";"";"CHEMBL3769";"Serine protease 1";"Bos taurus";"SINGLE PROTEIN";"CHEMBL1144375";"1";"Scientific Literature";"Bioorg Med Chem Lett";"2005";"None";"";"";"";"698.0"
"CHEMBL194689";"";"None";"464.61";"1";"5.40";"12d";"CN1CCCC1CCN(Cc1ccc2ccc(C(=N)N)cc2c1)C(=O)c1cccc2ccccc12";"Ki";"'='";"433.0";"nM";"6.36";"";"";"UO_0000065";"13.70";"0.25";"0.96";"8.67";"0";"CHEMBL830293";"Inhibition constant towards bovine trypsin";"B";"BAO_0000357";"single protein format";"Bos taurus";"None";"None";"None";"None";"";"";"";"CHEMBL3769";"Serine protease 1";"Bos taurus";"SINGLE PROTEIN";"CHEMBL1144375";"1";"Scientific Literature";"Bioorg Med Chem Lett";"2005";"None";"";"";"";"433.0"
"CHEMBL179910";"";"None";"535.67";"1";"1.58";"5";"NC(N)=NCCCC(NC(=O)[C@@H]1CCCN1C(=O)[C@H](N)Cc1ccccc1)C(=O)c1nc2ccccc2s1";"Ki";"'='";"0.3";"nM";"9.52";"";"";"UO_0000065";"17.78";"0.34";"7.94";"5.61";"0";"CHEMBL828215";"Binding affinity against bovine trypsin";"B";"BAO_0000357";"single protein format";"Bos taurus";"None";"None";"None";"None";"";"";"";"CHEMBL3769";"Serine protease 1";"Bos taurus";"SINGLE PROTEIN";"CHEMBL1142732";"1";"Scientific Literature";"J Med Chem";"2005";"None";"";"";"";"0.3"
"CHEMBL360751";"";"None";"639.65";"1";"2.53";"7";"CN[C@H](Cc1c(F)c(F)c(F)c(F)c1F)C(=O)N1CCC[C@H]1C(=O)NC(CCCN=C(N)N)C(=O)c1nc2ccccc2s1";"Ki";"'='";"9.3";"nM";"8.03";"";"";"UO_0000065";"12.56";"0.25";"5.50";"5.16";"0";"CHEMBL828215";"Binding affinity against bovine trypsin";"B";"BAO_0000357";"single protein format";"Bos taurus";"None";"None";"None";"None";"";"";"";"CHEMBL3769";"Serine protease 1";"Bos taurus";"SINGLE PROTEIN";"CHEMBL1142732";"1";"Scientific Literature";"J Med Chem";"2005";"None";"";"";"";"9.3"
"CHEMBL366902";"";"None";"549.70";"1";"1.97";"11";"C[C@@](N)(Cc1ccccc1)C(=O)N1CCC[C@H]1C(=O)NC(CCCN=C(N)N)C(=O)c1nc2ccccc2s1";"Ki";"'='";"3.9";"nM";"8.41";"";"";"UO_0000065";"15.30";"0.29";"6.44";"4.95";"0";"CHEMBL828215";"Binding affinity against bovine trypsin";"B";"BAO_0000357";"single protein format";"Bos taurus";"None";"None";"None";"None";"";"";"";"CHEMBL3769";"Serine protease 1";"Bos taurus";"SINGLE PROTEIN";"CHEMBL1142732";"1";"Scientific Literature";"J Med Chem";"2005";"None";"";"";"";"3.9"
"CHEMBL320512";"";"None";"479.61";"0";"1.79";"77";"CN1CCN(C(=O)[C@H](Cc2cccc(C(=N)N)c2)NS(=O)(=O)c2ccc3ccccc3c2)CC1";"Ki";"'='";"1300.17";"nM";"5.89";"";"";"UO_0000065";"12.27";"0.24";"4.10";"4.92";"0";"CHEMBL821446";"Binding affinity towards trypsin";"B";"BAO_0000357";"single protein format";"Bos taurus";"None";"None";"None";"None";"";"";"";"CHEMBL3769";"Serine protease 1";"Bos taurus";"SINGLE PROTEIN";"CHEMBL1132189";"1";"Scientific Literature";"J Med Chem";"1999";"None";"";"";"";"5.886"
"CHEMBL176640";"";"None";"496.66";"1";"5.70";"8h";"CCCCc1nc2cc(OC3CCN(C(C)=N)CC3)ccc2n1Cc1ccc2ccc(C(=N)N)cc2c1";"Ki";"'='";"14.0";"nM";"7.85";"";"";"UO_0000065";"15.81";"0.29";"2.15";"7.55";"0";"CHEMBL815753";"In vitro inhibitory activity against bovine cationic trypsin";"B";"BAO_0000357";"single protein format";"Bos taurus";"None";"None";"None";"None";"";"";"";"CHEMBL3769";"Serine protease 1";"Bos taurus";"SINGLE PROTEIN";"CHEMBL1133358";"1";"Scientific Literature";"Bioorg Med Chem Lett";"2000";"None";"";"";"";"14.0"
"CHEMBL171120";"";"None";"510.65";"1";"3.58";"14b";"CC(=N)N1CCC(N(CC(N)=O)c2ccc3c(c2)nc(C)n3Cc2ccc3ccc(C(=N)N)cc3c2)CC1";"Ki";"";"";"nM";"";"";"Not Determined";"UO_0000065";"";"";"";"";"0";"CHEMBL815754";"The compound was tested in vitro for inhibitory activity against bovine cationic trypsin; ND is not determined";"B";"BAO_0000357";"single protein format";"Bos taurus";"None";"None";"None";"None";"";"";"";"CHEMBL3769";"Serine protease 1";"Bos taurus";"SINGLE PROTEIN";"CHEMBL1133358";"1";"Scientific Literature";"Bioorg Med Chem Lett";"2000";"None";"";"";"";""
"CHEMBL20825";"";"None";"389.46";"0";"3.03";"4";"CCOC(=O)[C@@H](Cc1ccc2ccccc2c1)NC(=O)c1cccc(C(=N)N)c1";"Ki";"'='";"12500.0";"nM";"4.90";"";"";"UO_0000065";"12.59";"0.23";"1.87";"4.66";"0";"CHEMBL844336";"Inhibitory concentration against bovine trypsin";"B";"BAO_0000357";"single protein format";"Bos taurus";"None";"None";"None";"None";"";"";"";"CHEMBL3769";"Serine protease 1";"Bos taurus";"SINGLE PROTEIN";"CHEMBL1135884";"1";"Scientific Literature";"J Med Chem";"2002";"None";"";"";"";"12.5"
"CHEMBL151164";"";"None";"402.45";"0";"2.79";"8c";"N=C(N)c1ccc(/C=C2/CC(C(=O)O)C/C(=C/c3ccc(C(=N)N)cc3)C2=O)cc1";"Ki";"'='";"430.0";"nM";"6.37";"";"";"UO_0000065";"15.82";"0.29";"3.58";"4.13";"0";"CHEMBL815005";"In vitro inhibition of bovine trypsin(Trp).";"B";"BAO_0000357";"single protein format";"Bos taurus";"None";"None";"None";"None";"";"";"";"CHEMBL3769";"Serine protease 1";"Bos taurus";"SINGLE PROTEIN";"CHEMBL1132552";"1";"Scientific Literature";"J Med Chem";"1999";"None";"";"";"";"430.0"
"CHEMBL284348";"DALFAMPRIDINE";"4.0";"94.12";"0";"0.66";"5";"Nc1ccncc1";"Ki";"'>'";"2000000.0";"nM";"";"Outside typical range";"";"UO_0000065";"";"";"";"";"0";"CHEMBL818253";"Tested for the Inhibition of the catalytic activity of bovine trypsin at 25 degree C and pH 7.5.";"B";"BAO_0000357";"single protein format";"Bos taurus";"None";"None";"None";"None";"";"";"";"CHEMBL3769";"Serine protease 1";"Bos taurus";"SINGLE PROTEIN";"CHEMBL1150979";"1";"Scientific Literature";"Bioorg Med Chem Lett";"1997";"None";"";"";"";"2000.0"
"CHEMBL356216";"";"None";"558.66";"1";"2.89";"table 5";"CC1CCN(C(=O)C(Cc2cccc(C(=N)N)c2)NS(=O)(=O)c2ccc3c(c2)C(=O)c2ccccc2C3=O)CC1";"Ki";"'='";"74.0";"nM";"7.13";"";"";"UO_0000065";"12.76";"0.24";"4.24";"4.74";"0";"CHEMBL819016";"Inhibitory activity against bovine trypsin expressed as dissociation constant";"B";"BAO_0000357";"single protein format";"Bos taurus";"None";"None";"None";"None";"";"";"";"CHEMBL3769";"Serine protease 1";"Bos taurus";"SINGLE PROTEIN";"CHEMBL1131451";"1";"Scientific Literature";"J Med Chem";"1998";"None";"";"";"";"0.074"
"CHEMBL20936";"BENZAMIDINE";"None";"120.16";"0";"0.97";"Benzamidine";"N=C(N)c1ccccc1";"Ki";"'='";"39000.0";"nM";"4.41";"";"";"UO_0000065";"36.69";"0.67";"3.44";"8.84";"0";"CHEMBL819016";"Inhibitory activity against bovine trypsin expressed as dissociation constant";"B";"BAO_0000357";"single protein format";"Bos taurus";"None";"None";"None";"None";"";"";"";"CHEMBL3769";"Serine protease 1";"Bos taurus";"SINGLE PROTEIN";"CHEMBL1131451";"1";"Scientific Literature";"J Med Chem";"1998";"None";"";"";"";"39.0"
"CHEMBL356007";"";"None";"615.84";"1";"4.16";"6c";"CCOC(=O)N1CCN(C(=O)C(Cc2cccc(C(N)N)c2)NS(=O)(=O)c2c(C(C)C)cc(C(C)C)cc2C(C)C)CC1";"Ki";"'='";"37.0";"nM";"7.43";"";"";"UO_0000065";"12.07";"0.24";"3.27";"5.02";"0";"CHEMBL819016";"Inhibitory activity against bovine trypsin expressed as dissociation constant";"B";"BAO_0000357";"single protein format";"Bos taurus";"None";"None";"None";"None";"";"";"";"CHEMBL3769";"Serine protease 1";"Bos taurus";"SINGLE PROTEIN";"CHEMBL1131451";"1";"Scientific Literature";"J Med Chem";"1998";"None";"";"";"";"0.037"
"CHEMBL145517";"";"None";"522.63";"1";"2.43";"32";"COC(=O)[C@H]1CCCN(C(=O)[C@H](Cc2cccc(C(=N)N)c2)NS(=O)(=O)c2ccc3ccccc3c2)C1";"Ki";"'='";"389.05";"nM";"6.41";"";"";"UO_0000065";"12.26";"0.24";"3.98";"4.49";"0";"CHEMBL821446";"Binding affinity towards trypsin";"B";"BAO_0000357";"single protein format";"Bos taurus";"None";"None";"None";"None";"";"";"";"CHEMBL3769";"Serine protease 1";"Bos taurus";"SINGLE PROTEIN";"CHEMBL1132189";"1";"Scientific Literature";"J Med Chem";"1999";"None";"";"";"";"6.41"
"CHEMBL358366";"";"None";"512.64";"1";"3.60";"18";"N=C(N)c1cccc(C[C@H](NS(=O)(=O)c2ccc3ccccc3c2)C(=O)N2CCc3ccccc3C2)c1";"Ki";"'='";"260.02";"nM";"6.58";"";"";"UO_0000065";"12.85";"0.24";"2.98";"5.66";"0";"CHEMBL821446";"Binding affinity towards trypsin";"B";"BAO_0000357";"single protein format";"Bos taurus";"None";"None";"None";"None";"";"";"";"CHEMBL3769";"Serine protease 1";"Bos taurus";"SINGLE PROTEIN";"CHEMBL1132189";"1";"Scientific Literature";"J Med Chem";"1999";"None";"";"";"";"6.585"
"CHEMBL141782";"";"None";"619.81";"1";"1.99";"5";"Cc1c(C)c(S(=O)(=O)N[C@@H](Cc2cccc(C(=N)N)c2)C(=O)N2CCN(S(C)(=O)=O)CC2)c(C)c2c1OC(C)(C)CC2";"Ki";"'='";"760.33";"nM";"6.12";"";"";"UO_0000065";"9.87";"0.20";"4.13";"3.75";"0";"CHEMBL821446";"Binding affinity towards trypsin";"B";"BAO_0000357";"single protein format";"Bos taurus";"None";"None";"None";"None";"";"";"";"CHEMBL3769";"Serine protease 1";"Bos taurus";"SINGLE PROTEIN";"CHEMBL1132189";"1";"Scientific Literature";"J Med Chem";"1999";"None";"";"";"";"6.119"
"CHEMBL357210";"";"None";"502.68";"1";"2.46";"7";"CC1CCN(C(=O)[C@H](Cc2cccc(C(=N)N)c2)NS(=O)(=O)C[C@]23CC[C@H](CC2=O)C3(C)C)CC1";"Ki";"'='";"630.96";"nM";"6.20";"";"";"UO_0000065";"12.33";"0.24";"3.74";"4.65";"0";"CHEMBL821446";"Binding affinity towards trypsin";"B";"BAO_0000357";"single protein format";"Bos taurus";"None";"None";"None";"None";"";"";"";"CHEMBL3769";"Serine protease 1";"Bos taurus";"SINGLE PROTEIN";"CHEMBL1132189";"1";"Scientific Literature";"J Med Chem";"1999";"None";"";"";"";"6.2"
"CHEMBL176636";"";"None";"440.55";"0";"4.36";"7a";"CC(=N)N1CCC(Oc2ccc3ncn(Cc4ccc5ccc(C(=N)N)cc5c4)c3c2)CC1";"Ki";"'='";"50.0";"nM";"7.30";"";"";"UO_0000065";"16.57";"0.30";"2.94";"7.02";"0";"CHEMBL815753";"In vitro inhibitory activity against bovine cationic trypsin";"B";"BAO_0000357";"single protein format";"Bos taurus";"None";"None";"None";"None";"";"";"";"CHEMBL3769";"Serine protease 1";"Bos taurus";"SINGLE PROTEIN";"CHEMBL1133358";"1";"Scientific Literature";"Bioorg Med Chem Lett";"2000";"None";"";"";"";"50.0"
"CHEMBL369165";"";"None";"496.66";"1";"5.88";"7f";"CCC(C)c1nc2ccc(OC3CCN(C(C)=N)CC3)cc2n1Cc1ccc2ccc(C(=N)N)cc2c1";"Ki";"'='";"10.0";"nM";"8.00";"";"";"UO_0000065";"16.11";"0.30";"2.12";"7.69";"0";"CHEMBL815753";"In vitro inhibitory activity against bovine cationic trypsin";"B";"BAO_0000357";"single protein format";"Bos taurus";"None";"None";"None";"None";"";"";"";"CHEMBL3769";"Serine protease 1";"Bos taurus";"SINGLE PROTEIN";"CHEMBL1133358";"1";"Scientific Literature";"Bioorg Med Chem Lett";"2000";"None";"";"";"";"10.0"
"CHEMBL441670";"";"None";"454.58";"0";"4.67";"8b";"CC(=N)N1CCC(Oc2ccc3c(c2)nc(C)n3Cc2ccc3ccc(C(=N)N)cc3c2)CC1";"Ki";"'='";"16.0";"nM";"7.80";"";"";"UO_0000065";"17.15";"0.31";"3.13";"7.50";"0";"CHEMBL815753";"In vitro inhibitory activity against bovine cationic trypsin";"B";"BAO_0000357";"single protein format";"Bos taurus";"None";"None";"None";"None";"";"";"";"CHEMBL3769";"Serine protease 1";"Bos taurus";"SINGLE PROTEIN";"CHEMBL1133358";"1";"Scientific Literature";"Bioorg Med Chem Lett";"2000";"None";"";"";"";"16.0"
"CHEMBL172831";"";"None";"553.67";"1";"4.49";"13h";"CC(=N)N1CCC(N(C(=O)CCC(=O)O)c2ccc3nc(C)n(Cc4ccc5ccc(C(=N)N)cc5c4)c3c2)CC1";"Ki";"'='";"670.0";"nM";"6.17";"";"";"UO_0000065";"11.15";"0.21";"1.68";"4.05";"0";"CHEMBL815753";"In vitro inhibitory activity against bovine cationic trypsin";"B";"BAO_0000357";"single protein format";"Bos taurus";"None";"None";"None";"None";"";"";"";"CHEMBL3769";"Serine protease 1";"Bos taurus";"SINGLE PROTEIN";"CHEMBL1133358";"1";"Scientific Literature";"Bioorg Med Chem Lett";"2000";"None";"";"";"";"670.0"
"CHEMBL358999";"";"None";"353.45";"0";"-1.06";"66";"CS(=O)(=O)N1CCN(C(=O)[C@@H](N)Cc2cccc(C(=N)N)c2)CC1";"Ki";"'='";"28973.44";"nM";"4.54";"";"";"UO_0000065";"12.84";"0.26";"5.60";"3.40";"0";"CHEMBL821446";"Binding affinity towards trypsin";"B";"BAO_0000357";"single protein format";"Bos taurus";"None";"None";"None";"None";"";"";"";"CHEMBL3769";"Serine protease 1";"Bos taurus";"SINGLE PROTEIN";"CHEMBL1132189";"1";"Scientific Literature";"J Med Chem";"1999";"None";"";"";"";"4.538"
"CHEMBL145250";"";"None";"521.64";"1";"2.14";"59";"CNC(=O)[C@H]1CCCCN1C(=O)[C@H](Cc1cccc(C(=N)N)c1)NS(=O)(=O)c1ccc2ccccc2c1";"Ki";"'='";"7943.28";"nM";"5.10";"";"";"UO_0000065";"9.78";"0.19";"2.96";"3.51";"0";"CHEMBL821446";"Binding affinity towards trypsin";"B";"BAO_0000357";"single protein format";"Bos taurus";"None";"None";"None";"None";"";"";"";"CHEMBL3769";"Serine protease 1";"Bos taurus";"SINGLE PROTEIN";"CHEMBL1132189";"1";"Scientific Literature";"J Med Chem";"1999";"None";"";"";"";"5.1"
"CHEMBL107955";"";"None";"613.83";"1";"4.53";"2r";"CCOC(=O)N1CCN(C(=O)[C@H](Cc2cccc(C(=N)N)c2)NS(=O)(=O)c2c(C(C)C)cc(C(C)C)cc2C(C)C)CC1";"Ki";"'='";"37.0";"nM";"7.43";"";"";"UO_0000065";"12.11";"0.24";"2.90";"5.09";"0";"CHEMBL817574";"Compound was tested for inhibition of trypsin";"B";"BAO_0000357";"single protein format";"Bos taurus";"None";"None";"None";"None";"";"";"";"CHEMBL3769";"Serine protease 1";"Bos taurus";"SINGLE PROTEIN";"CHEMBL1131872";"1";"Scientific Literature";"Bioorg Med Chem Lett";"1999";"None";"";"";"";"0.037"
"CHEMBL3734777";"";"None";"1188.35";"None";"None";"mupain-1";"CC(C)C[C@@H]1NC(=O)[C@H](Cc2ccc(O)cc2)NC(=O)[C@H](CCCNC(=N)N)NC(=O)[C@H](CO)NC(=O)[C@H](Cc2ccc(O)cc2)NC(=O)[C@H](C)NC(=O)[C@@H]2CCCN2C(=O)[C@@H](N)CSSC[C@@H](C(=O)O)NC(=O)[C@H](CC(=O)O)NC1=O";"Ki";"'='";"20700.0";"nM";"4.68";"";"";"UO_0000065";"3.94";"None";"None";"None";"0";"CHEMBL3739088";"Inhibition of bovine beta-trypsin after 15 mins using Bz-Ile-Glu(g-OR)-Gly-Arg-p-nitroanilide as substrate";"B";"BAO_0000357";"single protein format";"Bos taurus";"None";"None";"None";"None";"";"";"";"CHEMBL3769";"Serine protease 1";"Bos taurus";"SINGLE PROTEIN";"CHEMBL3734702";"1";"Scientific Literature";"J Med Chem";"2015";"None";"";"";"";"20.7"
"CHEMBL24827";"";"None";"443.96";"0";"3.72";"7";"N=C(N)c1ccc(COc2cccc(CCNS(=O)(=O)c3ccc(Cl)cc3)c2)cc1";"Ki";"'='";"1700.0";"nM";"5.77";"";"";"UO_0000065";"13.00";"0.26";"2.05";"5.48";"0";"CHEMBL818253";"Tested for the Inhibition of the catalytic activity of bovine trypsin at 25 degree C and pH 7.5.";"B";"BAO_0000357";"single protein format";"Bos taurus";"None";"None";"None";"None";"";"";"";"CHEMBL3769";"Serine protease 1";"Bos taurus";"SINGLE PROTEIN";"CHEMBL1150979";"1";"Scientific Literature";"Bioorg Med Chem Lett";"1997";"None";"";"";"";"1.7"
"CHEMBL174829";"";"None";"539.68";"1";"4.82";"13f";"CC(=N)N1CCC(N(CC(C)C(=O)O)c2ccc3nc(C)n(Cc4ccc5ccc(C(=N)N)cc5c4)c3c2)CC1";"Ki";"'='";"47.0";"nM";"7.33";"";"";"UO_0000065";"13.58";"0.25";"2.51";"5.42";"0";"CHEMBL815753";"In vitro inhibitory activity against bovine cationic trypsin";"B";"BAO_0000357";"single protein format";"Bos taurus";"None";"None";"None";"None";"";"";"";"CHEMBL3769";"Serine protease 1";"Bos taurus";"SINGLE PROTEIN";"CHEMBL1133358";"1";"Scientific Literature";"Bioorg Med Chem Lett";"2000";"None";"";"";"";"47.0"
"CHEMBL12392";"";"None";"125.15";"0";"1.28";"TPB6";"NCc1ccc(F)cc1";"Ki";"'='";"430.0";"nM";"6.37";"";"";"UO_0000065";"50.87";"0.97";"5.09";"24.47";"0";"CHEMBL817760";"Binding affinity against bovine trypsin";"B";"BAO_0000357";"single protein format";"Bos taurus";"None";"None";"None";"None";"";"";"";"CHEMBL3769";"Serine protease 1";"Bos taurus";"SINGLE PROTEIN";"CHEMBL1135460";"1";"Scientific Literature";"J Med Chem";"2002";"None";"";"";"";"0.43"
"CHEMBL84482";"";"None";"413.38";"0";"4.03";"4ii";"Cc1c(F)c(Oc2cccc(NC(N)=O)c2)nc(Oc2cccc(C(=N)N)c2)c1F";"Ki";"'>'";"5000.0";"nM";"";"";"";"UO_0000065";"";"";"";"";"0";"CHEMBL818251";"Inhibitory constant against bovine trypsin for general specificity against serine proteases";"B";"BAO_0000357";"single protein format";"Bos taurus";"None";"None";"None";"None";"";"";"";"CHEMBL3769";"Serine protease 1";"Bos taurus";"SINGLE PROTEIN";"CHEMBL1135740";"1";"Scientific Literature";"J Med Chem";"2002";"None";"";"";"";"5000.0"
"CHEMBL96502";"";"None";"441.54";"0";"2.03";"11";"N[C@@H](C(=O)N1CCC[C@H]1C(=O)NCC#Cc1c[nH]cn1)C(c1ccccc1)c1ccccc1";"Ki";"'='";"25.0";"nM";"7.60";"";"";"UO_0000065";"17.22";"0.31";"5.57";"7.30";"0";"CHEMBL878650";"Inhibitory activity against Bovine Trypsin";"B";"BAO_0000357";"single protein format";"Bos taurus";"None";"None";"None";"None";"";"";"";"CHEMBL3769";"Serine protease 1";"Bos taurus";"SINGLE PROTEIN";"CHEMBL1133054";"1";"Scientific Literature";"Bioorg Med Chem Lett";"2000";"None";"";"";"";"25.0"
"CHEMBL83648";"";"None";"370.36";"0";"4.12";"4bb";"Cc1c(F)c(Oc2cccc(N)c2)nc(Oc2cccc(C(=N)N)c2)c1F";"Ki";"'>'";"5000.0";"nM";"";"";"";"UO_0000065";"";"";"";"";"0";"CHEMBL818251";"Inhibitory constant against bovine trypsin for general specificity against serine proteases";"B";"BAO_0000357";"single protein format";"Bos taurus";"None";"None";"None";"None";"";"";"";"CHEMBL3769";"Serine protease 1";"Bos taurus";"SINGLE PROTEIN";"CHEMBL1135740";"1";"Scientific Literature";"J Med Chem";"2002";"None";"";"";"";"5000.0"
"CHEMBL48691";"";"None";"415.28";"1";"5.15";"6d";"N=C(N)c1ccc(Oc2cc(Oc3ccc(C(=N)N)cc3)c(Cl)cc2Cl)cc1";"Ki";"'='";"1800.0";"nM";"5.75";"";"";"UO_0000065";"13.83";"0.28";"0.59";"4.86";"0";"CHEMBL817573";"Compound was tested for inhibition activity against bovine trypsin.";"B";"BAO_0000357";"single protein format";"Bos taurus";"None";"None";"None";"None";"";"";"";"CHEMBL3769";"Serine protease 1";"Bos taurus";"SINGLE PROTEIN";"CHEMBL1132209";"1";"Scientific Literature";"J Med Chem";"1999";"None";"";"";"";"1800.0"
"CHEMBL180112";"";"None";"548.71";"1";"2.44";"51";"CN[C@H](Cc1ccccc1)C(=O)N1CCC[C@H]1C(=O)NC(CCCN=C(N)N)C(=O)c1cc2ccccc2s1";"Ki";"'='";"1300.0";"nM";"5.89";"";"";"UO_0000065";"10.73";"0.21";"3.45";"4.12";"0";"CHEMBL828215";"Binding affinity against bovine trypsin";"B";"BAO_0000357";"single protein format";"Bos taurus";"None";"None";"None";"None";"";"";"";"CHEMBL3769";"Serine protease 1";"Bos taurus";"SINGLE PROTEIN";"CHEMBL1142732";"1";"Scientific Literature";"J Med Chem";"2005";"None";"";"";"";"1300.0"
"CHEMBL316205";"";"None";"483.68";"0";"3.70";"9";"CN(C(=O)[C@H](Cc1ccc(CN)cc1)NS(=O)(=O)c1ccc2c(c1)CCCCC2)C1CCCC1";"Ki";"'='";"6300.0";"nM";"5.20";"";"";"UO_0000065";"10.75";"0.21";"1.50";"5.62";"0";"CHEMBL817623";"Binding affinity towards bovine trypsin was evaluated in vitro";"B";"BAO_0000357";"single protein format";"Bos taurus";"None";"None";"None";"None";"";"";"";"CHEMBL3769";"Serine protease 1";"Bos taurus";"SINGLE PROTEIN";"CHEMBL1130583";"1";"Scientific Literature";"Bioorg Med Chem Lett";"1998";"None";"";"";"";"6300.0"
"CHEMBL2096762";"";"None";"563.73";"1";"2.44";"30";"CN[C@H](Cc1ccccc1)C(=O)N1CCC[C@H]1C(=O)N[C@@H](CCCCNC(=N)N)C(=O)c1nc2ccccc2s1";"Ki";"";"";"nM";"";"";"Not Determined";"UO_0000065";"";"";"";"";"0";"CHEMBL839503";"Binding affinity against bovine trypsin; Not determined";"B";"BAO_0000357";"single protein format";"Bos taurus";"None";"None";"None";"None";"";"";"";"CHEMBL3769";"Serine protease 1";"Bos taurus";"SINGLE PROTEIN";"CHEMBL1142732";"1";"Scientific Literature";"J Med Chem";"2005";"None";"";"";"";""
"CHEMBL7962";"";"None";"493.63";"0";"2.92";"2";"CN(C(=O)[C@H](Cc1ccc(C(=N)NN)cc1)NS(=O)(=O)c1ccc2ccccc2c1)C1CCCC1";"Ki";"'='";"3200.0";"nM";"5.50";"";"";"UO_0000065";"11.13";"0.21";"2.57";"4.28";"0";"CHEMBL817570";"Compound was evaluated for its inhibitory activity against bovine trypsin";"B";"BAO_0000357";"single protein format";"Bos taurus";"None";"None";"None";"None";"";"";"";"CHEMBL3769";"Serine protease 1";"Bos taurus";"SINGLE PROTEIN";"CHEMBL1130864";"1";"Scientific Literature";"Bioorg Med Chem Lett";"1998";"None";"";"";"";"3200.0"
"CHEMBL4211294";"";"None";"2892.33";"None";"None";"Kalata B1";"CC(C)C[C@@H]1NC(=O)CNC(=O)[C@H](CC(N)=O)NC(=O)[C@H](CCCNC(=N)N)NC(=O)[C@H]([C@@H](C)O)NC(=O)[C@@H]2CSSC[C@@H]3NC(=O)[C@H]([C@@H](C)O)NC(=O)CNC(=O)CNC(=O)[C@H](C(C)C)NC(=O)[C@@H]4CSSC[C@H](NC(=O)[C@H]([C@@H](C)O)NC(=O)[C@H](CSSC[C@H](NC(=O)[C@H](C(C)C)NC(=O)[C@@H]5CCCN5C1=O)C(=O)NCC(=O)N[C@@H](CCC(=O)O)C(=O)N[C@@H]([C@@H](C)O)C(=O)N4)NC(=O)CNC(=O)[C@@H]1CCCN1C(=O)[C@H]([C@@H](C)O)NC(=O)[C@H](CC(N)=O)NC3=O)C(=O)N[C@@H](CO)C(=O)N[C@@H](Cc1c[nH]c3ccccc13)C(=O)N1CCC[C@H]1C(=O)N[C@@H](C(C)C)C(=O)N2";"Ki";"'='";"0.02";"nM";"10.70";"";"";"UO_0000065";"3.70";"None";"None";"None";"0";"CHEMBL4181672";"Inhibition of bovine beta-trypsin incubated for 5 mins using BAPNA as substrate by colorimetric assay";"B";"BAO_0000357";"single protein format";"Bos taurus";"None";"None";"None";"None";"";"";"";"CHEMBL3769";"Serine protease 1";"Bos taurus";"SINGLE PROTEIN";"CHEMBL4177674";"1";"Scientific Literature";"Bioorg Med Chem Lett";"2017";"None";"";"";"";"20.0"
"CHEMBL415298";"";"None";"549.70";"1";"2.08";"10b";"CS(=O)(=O)N[C@@H](C(=O)N1CCC[C@H]1C(=O)NCc1ccc(CN)c(N)c1)C(c1ccccc1)c1ccccc1";"Ki";"'='";"11.0";"nM";"7.96";"";"";"UO_0000065";"14.48";"0.28";"5.88";"5.39";"0";"CHEMBL817758";"Binding affinity against bovine trypsin";"B";"BAO_0000357";"single protein format";"Bos taurus";"None";"None";"None";"None";"";"";"";"CHEMBL3769";"Serine protease 1";"Bos taurus";"SINGLE PROTEIN";"CHEMBL1135262";"1";"Scientific Literature";"Bioorg Med Chem Lett";"2002";"None";"";"";"";"11.0"
"CHEMBL341260";"";"None";"608.72";"1";"1.71";"19g";"N=C(N)N1CCC[C@@H](CNC(=O)C[C@H](NS(=O)(=O)c2ccc3ccccc3c2)C(=O)N(CC(=O)O)Cc2ccccc2)C1";"Ki";"'='";"150.0";"nM";"6.82";"";"";"UO_0000065";"11.21";"0.22";"5.11";"3.67";"0";"CHEMBL878759";"In vitro binding affinity by measuring the inhibition of bovine trypsin";"B";"BAO_0000357";"single protein format";"Bos taurus";"None";"None";"None";"None";"";"";"";"CHEMBL3769";"Serine protease 1";"Bos taurus";"SINGLE PROTEIN";"CHEMBL1127404";"1";"Scientific Literature";"J Med Chem";"1994";"None";"";"";"";"0.15"
"CHEMBL330531";"";"None";"499.57";"0";"1.74";"17";"O=C(O)CN[C@@H](C(=O)N1CCC[C@H]1C(=O)NCC#Cc1c[nH]cn1)C(c1ccccc1)c1ccccc1";"Ki";"'='";"47.0";"nM";"7.33";"";"";"UO_0000065";"14.67";"0.27";"5.59";"5.75";"0";"CHEMBL878650";"Inhibitory activity against Bovine Trypsin";"B";"BAO_0000357";"single protein format";"Bos taurus";"None";"None";"None";"None";"";"";"";"CHEMBL3769";"Serine protease 1";"Bos taurus";"SINGLE PROTEIN";"CHEMBL1133054";"1";"Scientific Literature";"Bioorg Med Chem Lett";"2000";"None";"";"";"";"47.0"
"CHEMBL348443";"";"None";"478.62";"0";"3.27";"table 5";"CC1CCN(C(=O)C(Cc2cccc(C(=N)N)c2)NS(=O)(=O)c2cccc3ccccc23)CC1";"Ki";"'='";"630.0";"nM";"6.20";"";"";"UO_0000065";"12.96";"0.25";"2.93";"5.33";"0";"CHEMBL819016";"Inhibitory activity against bovine trypsin expressed as dissociation constant";"B";"BAO_0000357";"single protein format";"Bos taurus";"None";"None";"None";"None";"";"";"";"CHEMBL3769";"Serine protease 1";"Bos taurus";"SINGLE PROTEIN";"CHEMBL1131451";"1";"Scientific Literature";"J Med Chem";"1998";"None";"";"";"";"0.63"
"CHEMBL431429";"";"None";"555.68";"2";"0.62";"3h";"N=C(N)NCCC[C@H]1NC(=O)[C@H]2CCCN2C(=O)[C@H](c2ccccc2)NC(=O)CCCCCCCNC(=O)C1=O";"Ki";"'='";"11.0";"nM";"7.96";"";"";"UO_0000065";"14.32";"0.27";"7.34";"4.27";"0";"CHEMBL817569";"Inhibition of bovine trypsin";"B";"BAO_0000357";"single protein format";"Bos taurus";"None";"None";"None";"None";"";"";"";"CHEMBL3769";"Serine protease 1";"Bos taurus";"SINGLE PROTEIN";"CHEMBL1128948";"1";"Scientific Literature";"Bioorg Med Chem Lett";"1996";"None";"";"";"";"11.0"
"CHEMBL544040";"";"None";"511.13";"0";"3.47";"6";"CC(N)CCCCC(NS(=O)(=O)c1cccc2c(N(C)C)cccc12)C(=O)N1CCCCC1.Cl";"Ki";"";"";"nM";"";"";"Not Determined";"UO_0000065";"";"";"";"";"0";"CHEMBL817622";"Binding affinity determined against trypsin by Dixon method; No data";"B";"BAO_0000357";"single protein format";"Bos taurus";"None";"None";"None";"None";"";"";"";"CHEMBL3769";"Serine protease 1";"Bos taurus";"SINGLE PROTEIN";"CHEMBL1133878";"1";"Scientific Literature";"Bioorg Med Chem Lett";"2001";"None";"";"";"";""
"CHEMBL558029";"";"None";"537.13";"1";"1.89";"4";"CN(C)c1cccc2c(S(=O)(=O)NC(CCCNC3=NCCN3)C(=O)N3CCCCC3)cccc12.Cl";"Ki";"'='";"116000.0";"nM";"";"Outside typical range";"";"UO_0000065";"";"";"";"";"0";"CHEMBL817621";"Binding affinity determined against trypsin by Dixon method";"B";"BAO_0000357";"single protein format";"Bos taurus";"None";"None";"None";"None";"";"";"";"CHEMBL3769";"Serine protease 1";"Bos taurus";"SINGLE PROTEIN";"CHEMBL1133878";"1";"Scientific Literature";"Bioorg Med Chem Lett";"2001";"None";"";"";"";"116.0"
"CHEMBL331213";"";"None";"596.59";"2";"3.30";"33";"CCOC(=O)[C@@H]1C[C@@H](Oc2c(F)c(Oc3cccc(C4=NCCN4C)c3)nc(Oc3cc(C(=N)N)ccc3O)c2F)CN1";"Ki";"'='";"330.0";"nM";"6.48";"";"";"UO_0000065";"10.86";"0.21";"3.18";"3.94";"0";"CHEMBL817592";"Inhibitory potency was measured against bovine trypsin.";"B";"BAO_0000357";"single protein format";"Bos taurus";"None";"None";"None";"None";"";"";"";"CHEMBL3769";"Serine protease 1";"Bos taurus";"SINGLE PROTEIN";"CHEMBL1131090";"1";"Scientific Literature";"J Med Chem";"1998";"None";"";"";"";"330.0"
"CHEMBL29309";"";"None";"592.75";"1";"0.10";"19e";"COc1ccc(CCNC(=O)C(=O)[C@H](CCCN=C(N)N)NC(=O)[C@@H]2CCN3CC[C@@](N)(Cc4ccccc4)CN23)cc1";"Ki";"";"";"nM";"";"";"Not Determined";"UO_0000065";"";"";"";"";"0";"CHEMBL878754";"Inhibitory concentration against trypsin; Not determined";"B";"BAO_0000357";"single protein format";"Bos taurus";"None";"None";"None";"None";"";"";"";"CHEMBL3769";"Serine protease 1";"Bos taurus";"SINGLE PROTEIN";"CHEMBL1132633";"1";"Scientific Literature";"J Med Chem";"1999";"None";"";"";"";""
"CHEMBL420334";"";"None";"561.79";"2";"5.00";"15b";"CC(C)(C)OC(=O)N[C@@H](C(=O)N1CCC[C@H]1C(=O)NCc1csc(N)n1)C(C1CCCCC1)C1CCCCC1";"Ki";"'='";"5200.0";"nM";"5.28";"";"";"UO_0000065";"9.41";"0.19";"0.28";"4.17";"0";"CHEMBL817577";"In vitro iinhibitory activity against bovine trypsin";"B";"BAO_0000357";"single protein format";"Bos taurus";"None";"None";"None";"None";"";"";"";"CHEMBL3769";"Serine protease 1";"Bos taurus";"SINGLE PROTEIN";"CHEMBL1130400";"1";"Scientific Literature";"J Med Chem";"1997";"None";"";"";"";"5200.0"
"CHEMBL419661";"";"None";"413.42";"1";"5.32";"4nn";"Cc1c(F)c(Oc2cccc(OC(C)C)c2)nc(Oc2cccc(C(=N)N)c2)c1F";"Ki";"'='";"2900.0";"nM";"5.54";"";"";"UO_0000065";"13.39";"0.25";"0.22";"6.12";"0";"CHEMBL818251";"Inhibitory constant against bovine trypsin for general specificity against serine proteases";"B";"BAO_0000357";"single protein format";"Bos taurus";"None";"None";"None";"None";"";"";"";"CHEMBL3769";"Serine protease 1";"Bos taurus";"SINGLE PROTEIN";"CHEMBL1135740";"1";"Scientific Literature";"J Med Chem";"2002";"None";"";"";"";"2900.0"
"CHEMBL295263";"";"None";"466.50";"0";"4.49";"6o";"N=C(N)c1cccc(Oc2ccc(NC(=O)c3ccccc3)c(Oc3cccc(C(=N)N)c3)n2)c1";"Ki";"'='";"260.0";"nM";"6.58";"";"";"UO_0000065";"14.12";"0.26";"2.10";"4.11";"0";"CHEMBL817573";"Compound was tested for inhibition activity against bovine trypsin.";"B";"BAO_0000357";"single protein format";"Bos taurus";"None";"None";"None";"None";"";"";"";"CHEMBL3769";"Serine protease 1";"Bos taurus";"SINGLE PROTEIN";"CHEMBL1132209";"1";"Scientific Literature";"J Med Chem";"1999";"None";"";"";"";"260.0"
"CHEMBL84454";"";"None";"515.66";"1";"2.78";"9";"CN(C(=O)[C@H](Cc1ccc(C(=N)NN)cc1F)NS(=O)(=O)c1ccc2c(c1)CCCC2)C1CCCC1";"Ki";"'='";"3000.0";"nM";"5.52";"";"";"UO_0000065";"10.71";"0.21";"2.74";"4.30";"0";"CHEMBL817589";"Inhibitory constant against bovine trypsin was determined in vitro.";"B";"BAO_0000357";"single protein format";"Bos taurus";"None";"None";"None";"None";"";"";"";"CHEMBL3769";"Serine protease 1";"Bos taurus";"SINGLE PROTEIN";"CHEMBL1132097";"1";"Scientific Literature";"Bioorg Med Chem Lett";"1999";"None";"";"";"";"3.0"
"CHEMBL267502";"";"None";"548.67";"2";"2.02";"9g";"N=C(NN)c1ccc(CNC(=O)[C@@H]2CCCN2C(=O)[C@H](NCC(=O)O)C(c2ccccc2)c2ccccc2)s1";"Ki";"'='";"1100.0";"nM";"5.96";"";"";"UO_0000065";"10.86";"0.21";"3.94";"3.71";"0";"CHEMBL817758";"Binding affinity against bovine trypsin";"B";"BAO_0000357";"single protein format";"Bos taurus";"None";"None";"None";"None";"";"";"";"CHEMBL3769";"Serine protease 1";"Bos taurus";"SINGLE PROTEIN";"CHEMBL1135262";"1";"Scientific Literature";"Bioorg Med Chem Lett";"2002";"None";"";"";"";"1100.0"
"CHEMBL125181";"";"None";"386.54";"0";"1.44";"L-371912";"CN[C@H](Cc1ccccc1)C(=O)N1CCC[C@H]1C(=O)NC[C@H]1CC[C@H](N)CC1";"Ki";"'='";"11000.0";"nM";"4.96";"";"";"UO_0000065";"12.83";"0.24";"3.52";"5.67";"1";"CHEMBL817580";"In vitro inhibitory activity against bovine trypsin";"B";"BAO_0000357";"single protein format";"Bos taurus";"None";"None";"None";"None";"";"";"";"CHEMBL3769";"Serine protease 1";"Bos taurus";"SINGLE PROTEIN";"CHEMBL1130400";"1";"Scientific Literature";"J Med Chem";"1997";"None";"";"";"";"11000.0"
"CHEMBL176405";"";"None";"553.67";"1";"4.49";"14h";"CC(=N)N1CCC(N(C(=O)CCC(=O)O)c2ccc3c(c2)nc(C)n3Cc2ccc3ccc(C(=N)N)cc3c2)CC1";"Ki";"";"";"nM";"";"";"Not Determined";"UO_0000065";"";"";"";"";"0";"CHEMBL815754";"The compound was tested in vitro for inhibitory activity against bovine cationic trypsin; ND is not determined";"B";"BAO_0000357";"single protein format";"Bos taurus";"None";"None";"None";"None";"";"";"";"CHEMBL3769";"Serine protease 1";"Bos taurus";"SINGLE PROTEIN";"CHEMBL1133358";"1";"Scientific Literature";"Bioorg Med Chem Lett";"2000";"None";"";"";"";""
"CHEMBL453539";"";"None";"1513.81";"None";"None";"SFTI-1";"CC[C@H](C)[C@@H]1NC(=O)[C@@H]2CCCN2C(=O)[C@@H]2CCCN2C(=O)[C@H]([C@@H](C)CC)NC(=O)[C@H](CO)NC(=O)[C@H](CCCCN)NC(=O)[C@H]([C@@H](C)O)NC(=O)[C@@H]2CSSC[C@H](NC1=O)C(=O)N[C@@H](Cc1ccccc1)C(=O)N1CCC[C@H]1C(=O)N[C@@H](CC(=O)O)C(=O)NCC(=O)N[C@@H](CCCNC(=N)N)C(=O)N2";"Ki";"'='";"1.0";"nM";"9.00";"";"";"UO_0000065";"5.95";"None";"None";"None";"0";"CHEMBL4001015";"Inhibition of bovine beta-trypsin using N-t-Boc Gln-Ala-Arg-AMC as substrate preincubated with enzyme followed by substrate addition by Dixon plot analysis";"B";"BAO_0000357";"single protein format";"Bos taurus";"None";"None";"None";"None";"";"";"";"CHEMBL3769";"Serine protease 1";"Bos taurus";"SINGLE PROTEIN";"CHEMBL4000179";"1";"Scientific Literature";"J Med Chem";"2017";"None";"";"";"";"1.0"
"CHEMBL1160764";"";"None";"165.20";"0";"1.00";"2";"COc1ccccc1NC(=N)N";"Ki";"'='";"881048.87";"nM";"";"Outside typical range";"";"UO_0000065";"";"";"";"";"0";"CHEMBL815775";"log1/Ki value was calculated against Trypsin";"B";"BAO_0000357";"single protein format";"Bos taurus";"None";"None";"None";"None";"";"";"";"CHEMBL3769";"Serine protease 1";"Bos taurus";"SINGLE PROTEIN";"CHEMBL1125001";"1";"Scientific Literature";"J Med Chem";"1990";"None";"";"";"";"3.055"
"CHEMBL1160769";"";"None";"149.20";"0";"1.30";"3";"Cc1ccccc1NC(=N)N";"Ki";"'='";"3548133.89";"nM";"";"Outside typical range";"";"UO_0000065";"";"";"";"";"0";"CHEMBL815775";"log1/Ki value was calculated against Trypsin";"B";"BAO_0000357";"single protein format";"Bos taurus";"None";"None";"None";"None";"";"";"";"CHEMBL3769";"Serine protease 1";"Bos taurus";"SINGLE PROTEIN";"CHEMBL1125001";"1";"Scientific Literature";"J Med Chem";"1990";"None";"";"";"";"2.45"
"CHEMBL145148";"";"None";"487.58";"0";"3.76";"20";"N=C(N)c1cccc(C[C@H](NS(=O)(=O)c2ccc3ccccc3c2)C(=O)OCc2ccccc2)c1";"Ki";"'='";"520.0";"nM";"6.28";"";"";"UO_0000065";"12.89";"0.25";"2.52";"5.14";"0";"CHEMBL821446";"Binding affinity towards trypsin";"B";"BAO_0000357";"single protein format";"Bos taurus";"None";"None";"None";"None";"";"";"";"CHEMBL3769";"Serine protease 1";"Bos taurus";"SINGLE PROTEIN";"CHEMBL1132189";"1";"Scientific Literature";"J Med Chem";"1999";"None";"";"";"";"6.284"
"CHEMBL539815";"";"None";"639.22";"1";"1.79";"18h";"CCCCN(CC(=O)OCC)C(=O)[C@H](CC(=O)NC[C@@H]1CCCN(C(=N)N)C1)NS(=O)(=O)c1ccc2ccccc2c1.Cl";"Ki";"'='";"48000.0";"nM";"4.32";"";"";"UO_0000065";"7.16";"0.14";"2.53";"2.47";"0";"CHEMBL878759";"In vitro binding affinity by measuring the inhibition of bovine trypsin";"B";"BAO_0000357";"single protein format";"Bos taurus";"None";"None";"None";"None";"";"";"";"CHEMBL3769";"Serine protease 1";"Bos taurus";"SINGLE PROTEIN";"CHEMBL1127404";"1";"Scientific Literature";"J Med Chem";"1994";"None";"";"";"";"48.0"
"CHEMBL3735217";"";"None";"1278.62";"None";"None";"peptide9";"CC(C)C[C@@H]1NC(=O)[C@H](C)NC(=O)[C@H](CC2CCN(C(=N)N)CC2)NC(=O)[C@H](Cc2ccccc2)NC(=O)[C@H](CCCNC(=N)N)NC(=O)[C@H](CCCCN)NC(=O)[C@@H]2CCCN2C(=O)[C@@H](N)CSSC[C@@H](C(=O)O)NC(=O)[C@H](Cc2ccccc2)NC1=O";"Ki";"'='";"14100.0";"nM";"4.85";"";"";"UO_0000065";"3.79";"None";"None";"None";"0";"CHEMBL3739088";"Inhibition of bovine beta-trypsin after 15 mins using Bz-Ile-Glu(g-OR)-Gly-Arg-p-nitroanilide as substrate";"B";"BAO_0000357";"single protein format";"Bos taurus";"None";"None";"None";"None";"";"";"";"CHEMBL3769";"Serine protease 1";"Bos taurus";"SINGLE PROTEIN";"CHEMBL3734702";"1";"Scientific Literature";"J Med Chem";"2015";"None";"";"";"";"14.1"
"CHEMBL73193";"FIDEXABAN";"2.0";"526.50";"1";"3.15";"3";"CN1CCN=C1c1cccc(Oc2nc(Oc3cc(C(=N)N)ccc3O)c(F)c(N(C)CC(=O)O)c2F)c1";"Ki";"'='";"280.0";"nM";"6.55";"";"";"UO_0000065";"12.45";"0.24";"3.40";"4.16";"0";"CHEMBL817575";"Compound was tested for inhibitory activity against bovine trypsin";"B";"BAO_0000357";"single protein format";"Bos taurus";"None";"None";"None";"None";"";"";"";"CHEMBL3769";"Serine protease 1";"Bos taurus";"SINGLE PROTEIN";"CHEMBL1130936";"1";"Scientific Literature";"Bioorg Med Chem Lett";"1998";"None";"";"";"";"280.0"
"CHEMBL4167071";"";"None";"1651.94";"None";"None";"SFTI-Arg5Bip7";"CC[C@H](C)[C@@H]1NC(=O)[C@@H]2CCCN2C(=O)[C@@H]2CCCN2C(=O)[C@H](Cc2ccc(-c3ccccc3)cc2)NC(=O)[C@H](CO)NC(=O)[C@H](CCCNC(=N)N)NC(=O)[C@H]([C@@H](C)O)NC(=O)[C@@H]2CSSC[C@H](NC1=O)C(=O)N[C@@H](Cc1ccccc1)C(=O)N1CCC[C@H]1C(=O)N[C@@H](CC(=O)O)C(=O)NCC(=O)N[C@@H](CCCNC(=N)N)C(=O)N2";"Ki";"'='";"0.17";"nM";"9.77";"";"";"UO_0000065";"5.91";"None";"None";"None";"0";"CHEMBL4156167";"Inhibition of bovine beta-trypsin using Boc-QAR-MCA as substrate measured every 30 secs for 10 mins";"B";"BAO_0000357";"single protein format";"Bos taurus";"None";"None";"None";"None";"";"";"";"CHEMBL3769";"Serine protease 1";"Bos taurus";"SINGLE PROTEIN";"CHEMBL4152317";"1";"Scientific Literature";"Eur J Med Chem";"2018";"None";"";"";"";"0.17"
"CHEMBL41853";"";"None";"169.62";"0";"1.65";"5";"N=C(N)Nc1ccccc1Cl";"Ki";"'='";"898000.0";"nM";"";"Outside typical range";"";"UO_0000065";"";"";"";"";"0";"CHEMBL815752";"Inhibition against Trypsin";"B";"BAO_0000357";"single protein format";"Bos taurus";"None";"None";"None";"None";"";"";"";"CHEMBL3769";"Serine protease 1";"Bos taurus";"SINGLE PROTEIN";"CHEMBL1125001";"1";"Scientific Literature";"J Med Chem";"1990";"None";"";"";"";"0.898"
"CHEMBL43961";"";"None";"203.17";"0";"2.01";"19";"N=C(N)Nc1ccc(C(F)(F)F)cc1";"Ki";"'='";"63095.73";"nM";"4.20";"";"";"UO_0000065";"20.67";"0.41";"2.19";"6.79";"0";"CHEMBL815775";"log1/Ki value was calculated against Trypsin";"B";"BAO_0000357";"single protein format";"Bos taurus";"None";"None";"None";"None";"";"";"";"CHEMBL3769";"Serine protease 1";"Bos taurus";"SINGLE PROTEIN";"CHEMBL1125001";"1";"Scientific Literature";"J Med Chem";"1990";"None";"";"";"";"4.2"
"CHEMBL421437";"";"None";"455.65";"0";"3.38";"13c";"Nc1ccc(CNC(=O)[C@@H]2CCCN2C(=O)[C@H](N)C(C2CCCCC2)C2CCCCC2)cn1";"Ki";"'='";"1200.0";"nM";"5.92";"";"";"UO_0000065";"12.99";"0.25";"2.54";"5.18";"0";"CHEMBL817580";"In vitro inhibitory activity against bovine trypsin";"B";"BAO_0000357";"single protein format";"Bos taurus";"None";"None";"None";"None";"";"";"";"CHEMBL3769";"Serine protease 1";"Bos taurus";"SINGLE PROTEIN";"CHEMBL1130400";"1";"Scientific Literature";"J Med Chem";"1997";"None";"";"";"";"1200.0"
"CHEMBL352099";"";"None";"505.56";"1";"3.34";"12";"COCc1onc(-c2cccc(C(=N)N)c2)c1C(=O)Nc1ccc(-c2ccccc2S(N)(=O)=O)cc1";"Ki";"'='";"76.0";"nM";"7.12";"";"";"UO_0000065";"14.08";"0.27";"3.78";"4.08";"0";"CHEMBL817587";"Inhibitory activity against trypsin";"B";"BAO_0000357";"single protein format";"Bos taurus";"None";"None";"None";"None";"";"";"";"CHEMBL3769";"Serine protease 1";"Bos taurus";"SINGLE PROTEIN";"CHEMBL1133078";"1";"Scientific Literature";"Bioorg Med Chem Lett";"2000";"None";"";"";"";"76.0"
"CHEMBL179210";"";"None";"596.76";"1";"4.44";"14";"N=C(N)NCCCC(NC(=O)[C@@H]1CCCN1C(=O)CC(c1ccccc1)c1ccccc1)C(=O)c1nc2ccccc2s1";"Ki";"'='";"22.0";"nM";"7.66";"";"";"UO_0000065";"12.83";"0.24";"3.22";"5.42";"0";"CHEMBL828215";"Binding affinity against bovine trypsin";"B";"BAO_0000357";"single protein format";"Bos taurus";"None";"None";"None";"None";"";"";"";"CHEMBL3769";"Serine protease 1";"Bos taurus";"SINGLE PROTEIN";"CHEMBL1142732";"1";"Scientific Literature";"J Med Chem";"2005";"None";"";"";"";"22.0"
"CHEMBL360071";"";"None";"611.77";"1";"3.17";"18";"CNC(C(=O)N1CCC[C@H]1C(=O)NC(CCCN=C(N)N)C(=O)c1nc2ccccc2s1)(c1ccccc1)c1ccccc1";"Ki";"'='";"1.8";"nM";"8.74";"";"";"UO_0000065";"14.29";"0.27";"5.57";"5.61";"0";"CHEMBL828215";"Binding affinity against bovine trypsin";"B";"BAO_0000357";"single protein format";"Bos taurus";"None";"None";"None";"None";"";"";"";"CHEMBL3769";"Serine protease 1";"Bos taurus";"SINGLE PROTEIN";"CHEMBL1142732";"1";"Scientific Literature";"J Med Chem";"2005";"None";"";"";"";"1.8"
"CHEMBL609703";"";"None";"180.17";"0";"0.90";"4";"N=C(N)Nc1ccccc1[N+](=O)[O-]";"Ki";"'='";"133000.0";"nM";"";"Outside typical range";"";"UO_0000065";"";"";"";"";"0";"CHEMBL815752";"Inhibition against Trypsin";"B";"BAO_0000357";"single protein format";"Bos taurus";"None";"None";"None";"None";"";"";"";"CHEMBL3769";"Serine protease 1";"Bos taurus";"SINGLE PROTEIN";"CHEMBL1125001";"1";"Scientific Literature";"J Med Chem";"1990";"None";"";"";"";"0.133"
"CHEMBL99951";"";"None";"332.37";"1";"1.60";"1";"N=C(N)c1ccc2nc(Cc3nc4ccc(C(=N)N)cc4[nH]3)[nH]c2c1";"Ki";"'='";"17.0";"nM";"7.77";"";"";"UO_0000065";"23.38";"0.42";"6.17";"4.95";"0";"CHEMBL817581";"Inhibition constant against bovine trypsin";"B";"BAO_0000357";"single protein format";"Bos taurus";"None";"None";"None";"None";"";"";"";"CHEMBL3769";"Serine protease 1";"Bos taurus";"SINGLE PROTEIN";"CHEMBL1122336";"1";"Scientific Literature";"J Med Chem";"1983";"None";"";"";"";"0.017"
"CHEMBL332426";"";"None";"442.46";"0";"-1.45";"13";"NC(N)=NCCCCNC(=O)[C@@H]1CS[C@H]2CC[C@@H](N)C(=O)N21.O=C(O)C(F)(F)F";"Ki";"'='";"5360.0";"nM";"5.27";"";"";"UO_0000065";"16.05";"0.33";"6.72";"3.77";"0";"CHEMBL815750";"In vitro inhibition was measured against Human bovine pancreatic trypsin.";"B";"BAO_0000357";"single protein format";"Bos taurus";"None";"None";"None";"None";"";"";"";"CHEMBL3769";"Serine protease 1";"Bos taurus";"SINGLE PROTEIN";"CHEMBL1131291";"1";"Scientific Literature";"J Med Chem";"1998";"None";"";"";"";"5.36"
