"Molecule ChEMBL ID";"Molecule Name";"Molecule Max Phase";"Molecular Weight";"#RO5 Violations";"AlogP";"Compound Key";"Smiles";"Standard Type";"Standard Relation";"Standard Value";"Standard Units";"pChEMBL Value";"Data Validity Comment";"Comment";"Uo Units";"Ligand Efficiency BEI";"Ligand Efficiency LE";"Ligand Efficiency LLE";"Ligand Efficiency SEI";"Potential Duplicate";"Assay ChEMBL ID";"Assay Description";"Assay Type";"BAO Format ID";"BAO Label";"Assay Organism";"Assay Tissue ChEMBL ID";"Assay Tissue Name";"Assay Cell Type";"Assay Subcellular Fraction";"Assay Parameters";"Assay Variant Accession";"Assay Variant Mutation";"Target ChEMBL ID";"Target Name";"Target Organism";"Target Type";"Document ChEMBL ID";"Source ID";"Source Description";"Document Journal";"Document Year";"Cell ChEMBL ID";"Properties";"Action Type";"Standard Text Value";"Value"
"CHEMBL25073";"";"None";"513.60";"1";"4.83";"8f";"CCc1nc2c([N+](=O)[O-])c(OC3CCN(C(C)=N)CC3)ccc2n1Cc1ccc2ccc(C(=N)N)cc2c1";"Ki";"'='";"5.0";"nM";"8.30";"";"";"UO_0000065";"16.16";"0.30";"3.47";"5.64";"0";"CHEMBL817144";"Tested in vitro for the selectivity against trypsin (Trp)";"B";"BAO_0000357";"single protein format";"None";"None";"None";"None";"None";"";"";"";"CHEMBL209";"Serine protease 1";"Homo sapiens";"SINGLE PROTEIN";"CHEMBL1135304";"1";"Scientific Literature";"Bioorg Med Chem Lett";"2002";"None";"";"";"";"5.0"
"CHEMBL418923";"";"None";"439.60";"0";"1.75";"11";"CCC(CC)N[C@@H](CC(=O)O)C(=O)N1CCCC[C@H]1CCOC1CCN(C(=N)N)CC1";"Ki";"'='";"1400.0";"nM";"5.85";"";"";"UO_0000065";"13.32";"0.26";"4.10";"4.44";"0";"CHEMBL817823";"In vitro inhibition of human trypsin.";"B";"BAO_0000357";"single protein format";"None";"None";"None";"None";"None";"";"";"";"CHEMBL209";"Serine protease 1";"Homo sapiens";"SINGLE PROTEIN";"CHEMBL1135990";"1";"Scientific Literature";"J Med Chem";"2002";"None";"";"";"";"1400.0"
"CHEMBL3667909";"";"None";"483.52";"0";"4.30";"BDBM158103";"CC(C)(Cc1ccc(C(=O)Oc2ccc(C(=N)N)cc2F)s1)C(=O)Nc1ccc(C(=O)O)cc1";"Ki";"'='";"2.89";"nM";"8.54";"";"300464";"UO_0000065";"17.66";"0.34";"4.24";"5.99";"0";"CHEMBL3705369";"Inhibition Assay: Using a 96 well plate (#3915, Costar), a test compound (25 μL) was mixed with 20 μM fluorescence enzyme substrate (Boc-Phe-Ser-Arg-AMC, 50 μL) mixed with 200 mM Tris-HCl buffer (pH 8.0), and human trypsin (Sigma, 25 μL) was added. Using a fluorescence plate reader fmax (Molecular Devices, Inc.), the reaction rate was measured from the time-course changes at excitation wavelength 355 nm and fluorescence wavelength 460 nm.";"B";"BAO_0000357";"single protein format";"Homo sapiens";"None";"None";"None";"None";"";"";"";"CHEMBL209";"Serine protease 1";"Homo sapiens";"SINGLE PROTEIN";"CHEMBL3639122";"37";"BindingDB Patent Bioactivity Data";"";"2015";"None";"";"";"";"2.89"
"CHEMBL3667913";"";"None";"503.60";"1";"4.11";"BDBM158107";"CC(C)(Cc1ccc(C(=O)Oc2ccc(C(=N)N)cc2F)s1)C(=O)N[C@H](C(=O)O)C1CCCCC1";"Ki";"'='";"3.04";"nM";"8.52";"";"300468";"UO_0000065";"16.91";"0.33";"4.41";"5.97";"0";"CHEMBL3705369";"Inhibition Assay: Using a 96 well plate (#3915, Costar), a test compound (25 μL) was mixed with 20 μM fluorescence enzyme substrate (Boc-Phe-Ser-Arg-AMC, 50 μL) mixed with 200 mM Tris-HCl buffer (pH 8.0), and human trypsin (Sigma, 25 μL) was added. Using a fluorescence plate reader fmax (Molecular Devices, Inc.), the reaction rate was measured from the time-course changes at excitation wavelength 355 nm and fluorescence wavelength 460 nm.";"B";"BAO_0000357";"single protein format";"Homo sapiens";"None";"None";"None";"None";"";"";"";"CHEMBL209";"Serine protease 1";"Homo sapiens";"SINGLE PROTEIN";"CHEMBL3639122";"37";"BindingDB Patent Bioactivity Data";"";"2015";"None";"";"";"";"3.04"
"CHEMBL3672874";"";"None";"433.46";"0";"2.25";"BDBM158133";"CC(C)(Cc1ccc(C(=O)Oc2ccc(C(=N)N)cc2F)s1)C(=O)N1C[C@H]1C(=O)O";"Ki";"'='";"0.96";"nM";"9.02";"";"300494";"UO_0000065";"20.80";"0.41";"6.77";"6.75";"0";"CHEMBL3705369";"Inhibition Assay: Using a 96 well plate (#3915, Costar), a test compound (25 μL) was mixed with 20 μM fluorescence enzyme substrate (Boc-Phe-Ser-Arg-AMC, 50 μL) mixed with 200 mM Tris-HCl buffer (pH 8.0), and human trypsin (Sigma, 25 μL) was added. Using a fluorescence plate reader fmax (Molecular Devices, Inc.), the reaction rate was measured from the time-course changes at excitation wavelength 355 nm and fluorescence wavelength 460 nm.";"B";"BAO_0000357";"single protein format";"Homo sapiens";"None";"None";"None";"None";"";"";"";"CHEMBL209";"Serine protease 1";"Homo sapiens";"SINGLE PROTEIN";"CHEMBL3639122";"37";"BindingDB Patent Bioactivity Data";"";"2015";"None";"";"";"";"0.96"
"CHEMBL3672883";"";"None";"505.61";"1";"4.50";"BDBM158143";"CCC(CC)(Cc1ccc(C(=O)Oc2ccc(C(=N)N)cc2F)s1)C(=O)NCCCCCC(=O)O";"Ki";"'='";"8.01";"nM";"8.10";"";"300504";"UO_0000065";"16.01";"0.32";"3.60";"5.68";"0";"CHEMBL3705369";"Inhibition Assay: Using a 96 well plate (#3915, Costar), a test compound (25 μL) was mixed with 20 μM fluorescence enzyme substrate (Boc-Phe-Ser-Arg-AMC, 50 μL) mixed with 200 mM Tris-HCl buffer (pH 8.0), and human trypsin (Sigma, 25 μL) was added. Using a fluorescence plate reader fmax (Molecular Devices, Inc.), the reaction rate was measured from the time-course changes at excitation wavelength 355 nm and fluorescence wavelength 460 nm.";"B";"BAO_0000357";"single protein format";"Homo sapiens";"None";"None";"None";"None";"";"";"";"CHEMBL209";"Serine protease 1";"Homo sapiens";"SINGLE PROTEIN";"CHEMBL3639122";"37";"BindingDB Patent Bioactivity Data";"";"2015";"None";"";"";"";"8.01"
"CHEMBL3672885";"";"None";"483.52";"0";"4.30";"BDBM158145";"CC(C)(Cc1ccc(C(=O)Oc2ccc(C(=N)N)cc2F)s1)C(=O)Nc1ccccc1C(=O)O";"Ki";"'='";"3.65";"nM";"8.44";"";"300506";"UO_0000065";"17.45";"0.34";"4.14";"5.92";"0";"CHEMBL3705369";"Inhibition Assay: Using a 96 well plate (#3915, Costar), a test compound (25 μL) was mixed with 20 μM fluorescence enzyme substrate (Boc-Phe-Ser-Arg-AMC, 50 μL) mixed with 200 mM Tris-HCl buffer (pH 8.0), and human trypsin (Sigma, 25 μL) was added. Using a fluorescence plate reader fmax (Molecular Devices, Inc.), the reaction rate was measured from the time-course changes at excitation wavelength 355 nm and fluorescence wavelength 460 nm.";"B";"BAO_0000357";"single protein format";"Homo sapiens";"None";"None";"None";"None";"";"";"";"CHEMBL209";"Serine protease 1";"Homo sapiens";"SINGLE PROTEIN";"CHEMBL3639122";"37";"BindingDB Patent Bioactivity Data";"";"2015";"None";"";"";"";"3.65"
"CHEMBL3672886";"";"None";"499.52";"0";"4.00";"BDBM158146";"CC(C)(Cc1ccc(C(=O)Oc2ccc(C(=N)N)cc2F)s1)C(=O)Nc1cc(O)cc(C(=O)O)c1";"Ki";"'='";"0.18";"nM";"9.74";"";"300507";"UO_0000065";"19.51";"0.38";"5.74";"5.99";"0";"CHEMBL3705369";"Inhibition Assay: Using a 96 well plate (#3915, Costar), a test compound (25 μL) was mixed with 20 μM fluorescence enzyme substrate (Boc-Phe-Ser-Arg-AMC, 50 μL) mixed with 200 mM Tris-HCl buffer (pH 8.0), and human trypsin (Sigma, 25 μL) was added. Using a fluorescence plate reader fmax (Molecular Devices, Inc.), the reaction rate was measured from the time-course changes at excitation wavelength 355 nm and fluorescence wavelength 460 nm.";"B";"BAO_0000357";"single protein format";"Homo sapiens";"None";"None";"None";"None";"";"";"";"CHEMBL209";"Serine protease 1";"Homo sapiens";"SINGLE PROTEIN";"CHEMBL3639122";"37";"BindingDB Patent Bioactivity Data";"";"2015";"None";"";"";"";"0.18"
"CHEMBL94563";"";"None";"364.41";"0";"1.78";"7";"N=C(N)c1cccc(NC(=O)CC2CC(c3cccc(C(=N)N)c3)=NO2)c1";"Ki";"'>'";"1200.0";"nM";"";"";"";"UO_0000065";"";"";"";"";"0";"CHEMBL879096";"The compound was evaluated for inhibitory activity against Trypsin";"B";"BAO_0000357";"single protein format";"None";"None";"None";"None";"None";"";"";"";"CHEMBL209";"Serine protease 1";"Homo sapiens";"SINGLE PROTEIN";"CHEMBL1129218";"1";"Scientific Literature";"Bioorg Med Chem Lett";"1997";"None";"";"";"";"1.2"
"CHEMBL355985";"";"None";"269.34";"0";"2.93";"17 (table 3)";"NCc1ccc(C(=O)OCCCc2ccccc2)cc1";"Ki";"'='";"500034534.98";"nM";"";"Outside typical range";"";"UO_0000065";"";"";"";"";"0";"CHEMBL858270";"Inhibition of trypsin";"B";"BAO_0000357";"single protein format";"None";"None";"None";"None";"None";"";"";"";"CHEMBL209";"Serine protease 1";"Homo sapiens";"SINGLE PROTEIN";"CHEMBL1132536";"1";"Scientific Literature";"J Med Chem";"1999";"None";"";"";"";"0.301"
"CHEMBL279199";"";"None";"487.51";"0";"1.40";"NC3";"COc1cccc(S(=O)(=O)Nc2cccn(CC(=O)NCc3ccc(C(=N)N)cc3F)c2=O)c1";"Ki";"'='";"31.3";"nM";"7.50";"";"";"UO_0000065";"15.39";"0.30";"6.10";"4.80";"0";"CHEMBL817809";"In vitro inhibitory constant against trypsin";"B";"BAO_0000357";"single protein format";"Homo sapiens";"None";"None";"None";"None";"";"";"";"CHEMBL209";"Serine protease 1";"Homo sapiens";"SINGLE PROTEIN";"CHEMBL1136066";"1";"Scientific Literature";"Bioorg Med Chem Lett";"2002";"None";"";"";"";"31.3"
"CHEMBL43817";"";"None";"495.61";"0";"3.83";"6g";"CC1CCCCN1C(=O)N(Cc1cccc(C(=N)NO)c1)NS(=O)(=O)c1ccc2ccccc2c1";"Ki";"'='";"67000.0";"nM";"4.17";"";"";"UO_0000065";"8.42";"0.16";"0.34";"3.32";"0";"CHEMBL815009";"In vitro inhibition of trypsin";"B";"BAO_0000357";"single protein format";"None";"None";"None";"None";"None";"";"";"";"CHEMBL209";"Serine protease 1";"Homo sapiens";"SINGLE PROTEIN";"CHEMBL1137966";"1";"Scientific Literature";"Bioorg Med Chem Lett";"2004";"None";"";"";"";"67.0"
"CHEMBL82535";"";"None";"451.61";"0";"1.90";"7";"N=C(N)N1CCC(OCCC2CCCCN2C(=O)[C@H](CC(=O)O)NC2CCCCC2)CC1";"Ki";"'='";"2900.0";"nM";"5.54";"";"";"UO_0000065";"12.26";"0.24";"3.64";"4.20";"0";"CHEMBL817823";"In vitro inhibition of human trypsin.";"B";"BAO_0000357";"single protein format";"None";"None";"None";"None";"None";"";"";"";"CHEMBL209";"Serine protease 1";"Homo sapiens";"SINGLE PROTEIN";"CHEMBL1135990";"1";"Scientific Literature";"J Med Chem";"2002";"None";"";"";"";"2900.0"
"CHEMBL137499";"";"None";"461.55";"0";"3.26";"75";"Cc1cc(-c2ccccc2S(N)(=O)=O)ccc1NC(=O)Cc1c[nH]c2ccc(C(=N)N)cc12";"Ki";"'='";"340.0";"nM";"6.47";"";"";"UO_0000065";"14.01";"0.27";"3.21";"4.18";"0";"CHEMBL818182";"Binding affinity against human trypsin";"B";"BAO_0000357";"single protein format";"None";"None";"None";"None";"None";"";"";"";"CHEMBL209";"Serine protease 1";"Homo sapiens";"SINGLE PROTEIN";"CHEMBL1133520";"1";"Scientific Literature";"J Med Chem";"2000";"None";"";"";"";"340.0"
"CHEMBL136986";"";"None";"481.97";"0";"3.60";"74";"N=C(N)c1ccc2[nH]cc(CC(=O)Nc3ccc(-c4ccccc4S(N)(=O)=O)cc3Cl)c2c1";"Ki";"'='";"140.0";"nM";"6.85";"";"";"UO_0000065";"14.22";"0.28";"3.25";"4.42";"0";"CHEMBL818182";"Binding affinity against human trypsin";"B";"BAO_0000357";"single protein format";"None";"None";"None";"None";"None";"";"";"";"CHEMBL209";"Serine protease 1";"Homo sapiens";"SINGLE PROTEIN";"CHEMBL1133520";"1";"Scientific Literature";"J Med Chem";"2000";"None";"";"";"";"140.0"
"CHEMBL164221";"";"None";"591.54";"1";"3.71";"32";"CC(C)(C)OC(=O)N[C@H](Cc1ccc(Cl)c(Cl)c1)C(=O)N1CCC[C@H]1C(=O)NCC1CCc2nc(N)ncc2C1";"Ki";"'>'";"68300.0";"nM";"";"";"";"UO_0000065";"";"";"";"";"0";"CHEMBL817808";"In vitro inhibitory activity against Trypsin";"B";"BAO_0000357";"single protein format";"None";"None";"None";"None";"None";"";"";"";"CHEMBL209";"Serine protease 1";"Homo sapiens";"SINGLE PROTEIN";"CHEMBL1136607";"1";"Scientific Literature";"Bioorg Med Chem Lett";"2003";"None";"";"";"";"68.3"
"CHEMBL2373475";"";"None";"555.55";"None";"None";"18";"C[S+]([O-])Cc1nc(Cc2ccccc2)n(CC(=O)N[C@@H](CCCCN)B2O[C@@H]3C[C@@H]4C[C@@H](C4(C)C)[C@]3(C)O2)n1";"Ki";"'='";"4.8";"nM";"8.32";"";"";"UO_0000065";"14.97";"None";"None";"None";"0";"CHEMBL811614";"Inhibition of trypsin";"B";"BAO_0000357";"single protein format";"None";"None";"None";"None";"None";"";"";"";"CHEMBL209";"Serine protease 1";"Homo sapiens";"SINGLE PROTEIN";"CHEMBL1130774";"1";"Scientific Literature";"Bioorg Med Chem Lett";"1998";"None";"";"";"";"4.8"
"CHEMBL308630";"";"None";"711.91";"1";"3.50";"21";"N=C(N)Nc1ccc(CNC(=O)N2CCN(C(=O)O[C@H]3CCC[C@@H](OC(=O)N4CCN(C(=O)CCCC5CCNCC5)CC4)CCC3)CC2)cc1";"Ki";"'='";"262000.0";"nM";"";"Outside typical range";"";"UO_0000065";"";"";"";"";"0";"CHEMBL824723";"Compound was evaluated for its inhibitory potency against trypsin";"B";"BAO_0000357";"single protein format";"None";"None";"None";"None";"None";"";"";"";"CHEMBL209";"Serine protease 1";"Homo sapiens";"SINGLE PROTEIN";"CHEMBL1132784";"1";"Scientific Literature";"Bioorg Med Chem Lett";"2000";"None";"";"";"";"262.0"
"CHEMBL143139";"";"None";"434.54";"0";"2.54";"3";"Cc1nc(N)ccc1CNC(=O)Cn1c(C)cnc(NCC(C)(C)c2ccccc2)c1=O";"Ki";"'='";"800.0";"nM";"6.10";"";"";"UO_0000065";"14.03";"0.26";"3.56";"5.30";"0";"CHEMBL815470";"Inhibitory constant against human trypsin";"B";"BAO_0000357";"single protein format";"None";"None";"None";"None";"None";"";"";"";"CHEMBL209";"Serine protease 1";"Homo sapiens";"SINGLE PROTEIN";"CHEMBL1145961";"1";"Scientific Literature";"J Med Chem";"2003";"None";"";"";"";"800.0"
"CHEMBL167550";"";"None";"416.49";"0";"2.17";"3";"Cc1cnc(NCCc2ccccc2)c(=O)n1CC(=O)NCc1ccc2nccn2c1";"Ki";"'='";"100000.0";"nM";"4.00";"";"";"UO_0000065";"9.60";"0.18";"1.83";"4.29";"0";"CHEMBL817814";"Inhibition of Trypsin";"B";"BAO_0000357";"single protein format";"Homo sapiens";"None";"None";"None";"None";"";"";"";"CHEMBL209";"Serine protease 1";"Homo sapiens";"SINGLE PROTEIN";"CHEMBL1136608";"1";"Scientific Literature";"Bioorg Med Chem Lett";"2003";"None";"";"";"";"100000.0"
"CHEMBL96354";"";"None";"546.46";"1";"2.89";"23";"O=C1Cn2c(Cl)cnc(c2=O)N[C@@H](Cc2ccccc2)CNCCOCCOc2ccc(Cl)cc2CN1";"Ki";"'='";"110.0";"nM";"6.96";"";"";"UO_0000065";"12.73";"0.26";"4.07";"6.53";"0";"CHEMBL817817";"Inhibitory activity against human trypsin";"B";"BAO_0000357";"single protein format";"None";"None";"None";"None";"None";"";"";"";"CHEMBL209";"Serine protease 1";"Homo sapiens";"SINGLE PROTEIN";"CHEMBL1136169";"1";"Scientific Literature";"Bioorg Med Chem Lett";"2003";"None";"";"";"";"0.11"
"CHEMBL122796";"";"None";"449.50";"0";"1.69";"5";"NCc1cccc(-n2nnnc2C(=O)Nc2ccc(-c3ccccc3S(N)(=O)=O)cc2)c1";"Ki";"'='";"69.0";"nM";"7.16";"";"";"UO_0000065";"15.93";"0.31";"5.47";"4.51";"0";"CHEMBL817820";"Inhibitory constant against trypsin using human purified enzymes";"B";"BAO_0000357";"single protein format";"Homo sapiens";"None";"None";"None";"None";"";"";"";"CHEMBL209";"Serine protease 1";"Homo sapiens";"SINGLE PROTEIN";"CHEMBL1136511";"1";"Scientific Literature";"Bioorg Med Chem Lett";"2003";"None";"";"";"";"69.0"
"CHEMBL143418";"";"None";"443.46";"0";"1.75";"8";"Cc1nc(N)ccc1CNC(=O)Cn1c(C)cnc(NCC(F)(F)c2ccccn2)c1=O";"Ki";"'='";"800.0";"nM";"6.10";"";"";"UO_0000065";"13.75";"0.26";"4.35";"4.77";"0";"CHEMBL815470";"Inhibitory constant against human trypsin";"B";"BAO_0000357";"single protein format";"None";"None";"None";"None";"None";"";"";"";"CHEMBL209";"Serine protease 1";"Homo sapiens";"SINGLE PROTEIN";"CHEMBL1145961";"1";"Scientific Literature";"J Med Chem";"2003";"None";"";"";"";"800.0"
"CHEMBL11157";"L-374087";"None";"455.54";"0";"1.70";"1";"Cc1nc(N)ccc1CNC(=O)Cn1c(C)ccc(NS(=O)(=O)Cc2ccccc2)c1=O";"Ki";"'='";"3200.0";"nM";"5.50";"";"";"UO_0000065";"12.06";"0.23";"3.79";"4.03";"1";"CHEMBL817818";"Inhibitory activity against trypsin was determined";"B";"BAO_0000357";"single protein format";"None";"None";"None";"None";"None";"";"";"";"CHEMBL209";"Serine protease 1";"Homo sapiens";"SINGLE PROTEIN";"CHEMBL1131169";"1";"Scientific Literature";"J Med Chem";"1998";"None";"";"";"";"3200.0"
"CHEMBL1907778";"";"None";"514.73";"1";"3.01";"34";"CC1(C)CNc2c(cccc2S(=O)(=O)N[C@@H](CSCCCN)C(=O)N2CCC(CCF)CC2)C1";"Ki";"'='";"1320.0";"nM";"5.88";"";"";"UO_0000065";"11.42";"0.24";"2.87";"5.62";"0";"CHEMBL817139";"Compound was evaluated for its inhibitory activity against Trypsin";"B";"BAO_0000357";"single protein format";"None";"None";"None";"None";"None";"";"";"";"CHEMBL209";"Serine protease 1";"Homo sapiens";"SINGLE PROTEIN";"CHEMBL1133232";"1";"Scientific Literature";"Bioorg Med Chem Lett";"2000";"None";"";"";"";"1.32"
"CHEMBL327715";"";"None";"328.38";"0";"3.89";"6m";"N=C(N)c1ccc2[nH]c(-c3cccc(-c4ccccc4)c3O)nc2c1";"Ki";"'='";"6500.0";"nM";"5.19";"";"";"UO_0000065";"15.80";"0.28";"1.30";"5.25";"0";"CHEMBL824709";"Activity against Human Serine Protease Trypsin";"B";"BAO_0000357";"single protein format";"Homo sapiens";"None";"None";"None";"None";"";"";"";"CHEMBL209";"Serine protease 1";"Homo sapiens";"SINGLE PROTEIN";"CHEMBL1134564";"1";"Scientific Literature";"J Med Chem";"2001";"None";"";"";"";"6.5"
"CHEMBL48929";"";"None";"441.51";"0";"1.39";"8";"Cc1nc(N)ccc1CNC(=O)Cn1cccc(NS(=O)(=O)Cc2ccccc2)c1=O";"Ki";"'='";"20000.0";"nM";"4.70";"";"";"UO_0000065";"10.64";"0.21";"3.31";"3.45";"1";"CHEMBL816554";"Binding affinity towards trypsin was evaluated";"B";"BAO_0000357";"single protein format";"None";"None";"None";"None";"None";"";"";"";"CHEMBL209";"Serine protease 1";"Homo sapiens";"SINGLE PROTEIN";"CHEMBL1130777";"1";"Scientific Literature";"Bioorg Med Chem Lett";"1998";"None";"";"";"";"20000.0"
"CHEMBL341920";"";"None";"573.42";"1";"3.55";"73";"N=C(N)c1ccc2[nH]cc(CC(=O)Nc3ccc(-c4ccccc4S(N)(=O)=O)cc3I)c2c1";"Ki";"'='";"240.0";"nM";"6.62";"";"";"UO_0000065";"11.54";"0.27";"3.07";"4.27";"0";"CHEMBL818182";"Binding affinity against human trypsin";"B";"BAO_0000357";"single protein format";"None";"None";"None";"None";"None";"";"";"";"CHEMBL209";"Serine protease 1";"Homo sapiens";"SINGLE PROTEIN";"CHEMBL1133520";"1";"Scientific Literature";"J Med Chem";"2000";"None";"";"";"";"240.0"
"CHEMBL440919";"";"None";"393.44";"1";"-0.41";"7";"CC(C)(C)OC(=O)N[C@H](CO)C(=O)NCC(=O)NCc1ccc(C(=N)N)cc1";"Ki";"'='";"4500.0";"nM";"5.35";"";"";"UO_0000065";"13.59";"0.26";"5.76";"3.21";"0";"CHEMBL811611";"In vitro inhibition of trypsin.";"B";"BAO_0000357";"single protein format";"None";"None";"None";"None";"None";"";"";"";"CHEMBL209";"Serine protease 1";"Homo sapiens";"SINGLE PROTEIN";"CHEMBL1135855";"1";"Scientific Literature";"Bioorg Med Chem Lett";"2002";"None";"";"";"";"4.5"
"CHEMBL3667883";"";"None";"461.52";"0";"3.06";"BDBM158077";"C=CCN(CC(=O)O)C(=O)C(C)(C)Cc1ccc(C(=O)Oc2ccc(C(=N)N)cc2F)s1";"Ki";"'='";"0.5";"nM";"9.30";"";"355623";"UO_0000065";"20.15";"0.40";"6.24";"6.95";"1";"CHEMBL3887805";"Trypsin Inhibition Assay: Using a 96 well plate (#3915, Costar), a test compound (25 uL) was mixed with 20 uM fluorescence enzyme substrate (Boc-Phe-Ser-Arg-AMC, 50 uL) mixed with 200 mM Tris-HCl buffer (pH 8.0), and human trypsin (Sigma, 25 uL) was added. Using a fluorescence plate reader fmax (Molecular Devices, Inc.), the reaction rate was measured from the time-course changes at excitation wavelength 355 nm and fluorescence wavelength 460 nm.";"B";"BAO_0000357";"single protein format";"Homo sapiens";"None";"None";"None";"None";"";"";"";"CHEMBL209";"Serine protease 1";"Homo sapiens";"SINGLE PROTEIN";"CHEMBL3886456";"37";"BindingDB Patent Bioactivity Data";"";"2016";"None";"";"";"";"0.5"
"CHEMBL3667897";"";"None";"507.54";"1";"2.78";"BDBM158091";"CCC(CC)(Cc1ccc(C(=O)Oc2ccc(C(=N)N)cc2F)s1)C(=O)N[C@@H](CC(=O)O)C(=O)O";"Ki";"'='";"0.82";"nM";"9.09";"";"355637";"UO_0000065";"17.90";"0.35";"6.31";"5.05";"1";"CHEMBL3887805";"Trypsin Inhibition Assay: Using a 96 well plate (#3915, Costar), a test compound (25 uL) was mixed with 20 uM fluorescence enzyme substrate (Boc-Phe-Ser-Arg-AMC, 50 uL) mixed with 200 mM Tris-HCl buffer (pH 8.0), and human trypsin (Sigma, 25 uL) was added. Using a fluorescence plate reader fmax (Molecular Devices, Inc.), the reaction rate was measured from the time-course changes at excitation wavelength 355 nm and fluorescence wavelength 460 nm.";"B";"BAO_0000357";"single protein format";"Homo sapiens";"None";"None";"None";"None";"";"";"";"CHEMBL209";"Serine protease 1";"Homo sapiens";"SINGLE PROTEIN";"CHEMBL3886456";"37";"BindingDB Patent Bioactivity Data";"";"2016";"None";"";"";"";"0.82"
"CHEMBL3667902";"";"None";"521.57";"1";"3.17";"BDBM158096";"CCC(CC)(Cc1ccc(C(=O)Oc2ccc(C(=N)N)cc2F)s1)C(=O)N[C@@H](CCC(=O)O)C(=O)O";"Ki";"'='";"2.01";"nM";"8.70";"";"355642";"UO_0000065";"16.67";"0.33";"5.53";"4.84";"1";"CHEMBL3887805";"Trypsin Inhibition Assay: Using a 96 well plate (#3915, Costar), a test compound (25 uL) was mixed with 20 uM fluorescence enzyme substrate (Boc-Phe-Ser-Arg-AMC, 50 uL) mixed with 200 mM Tris-HCl buffer (pH 8.0), and human trypsin (Sigma, 25 uL) was added. Using a fluorescence plate reader fmax (Molecular Devices, Inc.), the reaction rate was measured from the time-course changes at excitation wavelength 355 nm and fluorescence wavelength 460 nm.";"B";"BAO_0000357";"single protein format";"Homo sapiens";"None";"None";"None";"None";"";"";"";"CHEMBL209";"Serine protease 1";"Homo sapiens";"SINGLE PROTEIN";"CHEMBL3886456";"37";"BindingDB Patent Bioactivity Data";"";"2016";"None";"";"";"";"2.01"
"CHEMBL330011";"";"None";"445.53";"0";"1.37";"1s";"N=C(N)c1ccc(O)c(CN2CC[C@H](NS(=O)(=O)c3cc4cnccc4s3)C2=O)c1";"Ki";"'>'";"2900.0";"nM";"";"";"";"UO_0000065";"";"";"";"";"0";"CHEMBL817137";"Binding affinity against trypsin";"B";"BAO_0000357";"single protein format";"None";"None";"None";"None";"None";"";"";"";"CHEMBL209";"Serine protease 1";"Homo sapiens";"SINGLE PROTEIN";"CHEMBL1131988";"1";"Scientific Literature";"Bioorg Med Chem Lett";"1999";"None";"";"";"";"2900.0"
"CHEMBL70328";"";"None";"416.48";"0";"2.80";"3b";"N=C(N)c1ccc(O)c(CCCNC(=O)c2ccc(-c3cccc(C(N)=O)c3)cc2)c1";"Ki";"'>'";"2900.0";"nM";"";"";"";"UO_0000065";"";"";"";"";"0";"CHEMBL817143";"In vitro inhibition of trypsin.";"B";"BAO_0000357";"single protein format";"None";"None";"None";"None";"None";"";"";"";"CHEMBL209";"Serine protease 1";"Homo sapiens";"SINGLE PROTEIN";"CHEMBL1133371";"1";"Scientific Literature";"Bioorg Med Chem Lett";"2000";"None";"";"";"";"2900.0"
"CHEMBL368762";"";"None";"382.47";"0";"3.81";"7b";"N=C(N)c1ccc(CNc2ccc3ccn(-c4ccc(C(=N)N)cc4)c3c2)cc1";"Ki";"'='";"690.0";"nM";"6.16";"";"";"UO_0000065";"16.11";"0.29";"2.35";"5.28";"0";"CHEMBL815755";"In vitro inhibition of bovine trypsin.";"B";"BAO_0000357";"single protein format";"None";"None";"None";"None";"None";"";"";"";"CHEMBL209";"Serine protease 1";"Homo sapiens";"SINGLE PROTEIN";"CHEMBL1133499";"1";"Scientific Literature";"Bioorg Med Chem Lett";"2000";"None";"";"";"";"690.0"
"CHEMBL328721";"";"None";"429.53";"0";"1.66";"1x";"N=C(N)c1cccc(CN2CC[C@H](NS(=O)(=O)c3cc4cccnc4s3)C2=O)c1";"Ki";"'='";"2900.0";"nM";"5.54";"";"";"UO_0000065";"12.89";"0.26";"3.88";"4.28";"0";"CHEMBL817137";"Binding affinity against trypsin";"B";"BAO_0000357";"single protein format";"None";"None";"None";"None";"None";"";"";"";"CHEMBL209";"Serine protease 1";"Homo sapiens";"SINGLE PROTEIN";"CHEMBL1131988";"1";"Scientific Literature";"Bioorg Med Chem Lett";"1999";"None";"";"";"";"2900.0"
"CHEMBL138709";"";"None";"448.51";"0";"2.34";"71";"N=C(N)c1ccc2[nH]cc(CC(=O)Nc3ccc(-c4ccccc4S(N)(=O)=O)cn3)c2c1";"Ki";"'='";"150.0";"nM";"6.82";"";"";"UO_0000065";"15.21";"0.29";"4.48";"4.07";"0";"CHEMBL818182";"Binding affinity against human trypsin";"B";"BAO_0000357";"single protein format";"None";"None";"None";"None";"None";"";"";"";"CHEMBL209";"Serine protease 1";"Homo sapiens";"SINGLE PROTEIN";"CHEMBL1133520";"1";"Scientific Literature";"J Med Chem";"2000";"None";"";"";"";"150.0"
"CHEMBL68101";"";"None";"380.47";"0";"3.16";"3g";"N=C(N)c1ccc(O)c(CCCNC(=O)c2ccc(-c3ccccn3)s2)c1";"Ki";"'>'";"2900.0";"nM";"";"";"";"UO_0000065";"";"";"";"";"0";"CHEMBL817143";"In vitro inhibition of trypsin.";"B";"BAO_0000357";"single protein format";"None";"None";"None";"None";"None";"";"";"";"CHEMBL209";"Serine protease 1";"Homo sapiens";"SINGLE PROTEIN";"CHEMBL1133371";"1";"Scientific Literature";"Bioorg Med Chem Lett";"2000";"None";"";"";"";"2900.0"
"CHEMBL348778";"";"None";"475.98";"0";"3.00";"17";"Nc1[nH]ccc2nc(CN3CCN(S(=O)(=O)c4cc5ccc(Cl)cc5s4)CC3=O)cc1-2";"Ki";"'>'";"2900.0";"nM";"";"";"";"UO_0000065";"";"";"";"";"0";"CHEMBL821459";"Binding affinity towards trypsin";"B";"BAO_0000357";"single protein format";"None";"None";"None";"None";"None";"";"";"";"CHEMBL209";"Serine protease 1";"Homo sapiens";"SINGLE PROTEIN";"CHEMBL1144944";"1";"Scientific Literature";"J Med Chem";"2003";"None";"";"";"";"2900.0"
"CHEMBL417457";"";"None";"554.79";"None";"None";"NC13";"Cc1cnc(NCCc2ccccc2)c(=O)n1CC(=O)NCc1ccc(C(=N)NO[Si](C)(C)C(C)(C)C)s1";"Ki";"";"";"nM";"";"";"Not Active";"UO_0000065";"";"";"";"";"0";"CHEMBL817810";"In vitro inhibitory constant against trypsin; Inactive";"B";"BAO_0000357";"single protein format";"None";"None";"None";"None";"None";"";"";"";"CHEMBL209";"Serine protease 1";"Homo sapiens";"SINGLE PROTEIN";"CHEMBL1136066";"1";"Scientific Literature";"Bioorg Med Chem Lett";"2002";"None";"";"";"";""
"CHEMBL71578";"";"None";"371.44";"0";"3.79";"9a";"N=C(N)c1ccc(O)c(/C=C/CNC(=O)c2ccc(-c3ccccc3)cc2)c1";"Ki";"'>'";"2900.0";"nM";"";"";"";"UO_0000065";"";"";"";"";"0";"CHEMBL817143";"In vitro inhibition of trypsin.";"B";"BAO_0000357";"single protein format";"None";"None";"None";"None";"None";"";"";"";"CHEMBL209";"Serine protease 1";"Homo sapiens";"SINGLE PROTEIN";"CHEMBL1133371";"1";"Scientific Literature";"Bioorg Med Chem Lett";"2000";"None";"";"";"";"2900.0"
"CHEMBL422365";"";"None";"518.02";"1";"2.42";"23";"NC(=O)Cn1c(CN2CCN(S(=O)(=O)c3cc4ccc(Cl)cc4s3)CC2=O)cc2cnccc21";"Ki";"'>'";"2900.0";"nM";"";"";"";"UO_0000065";"";"";"";"";"0";"CHEMBL821459";"Binding affinity towards trypsin";"B";"BAO_0000357";"single protein format";"None";"None";"None";"None";"None";"";"";"";"CHEMBL209";"Serine protease 1";"Homo sapiens";"SINGLE PROTEIN";"CHEMBL1144944";"1";"Scientific Literature";"J Med Chem";"2003";"None";"";"";"";"2900.0"
"CHEMBL7651";"";"None";"546.57";"2";"0.87";"79";"N=C(N)c1cccc(C2=NOC(Cn3cnnn3)(C(=O)Nc3ccc(-c4ccccc4S(N)(=O)=O)cn3)C2)c1";"Ki";"'='";"18.0";"nM";"7.75";"";"";"UO_0000065";"14.17";"0.27";"6.87";"3.57";"0";"CHEMBL824706";"Binding affinity towards trypsin obtained from human purified enzymes";"B";"BAO_0000357";"single protein format";"None";"None";"None";"None";"None";"";"";"";"CHEMBL209";"Serine protease 1";"Homo sapiens";"SINGLE PROTEIN";"CHEMBL1132652";"1";"Scientific Literature";"J Med Chem";"1999";"None";"";"";"";"18.0"
"CHEMBL330284";"";"None";"663.68";"1";"3.60";"48";"CCCCOCC1(C(=O)Nc2ccc(-c3ccccc3S(N)(=O)=O)cc2)CC(c2cccc(C(=N)N)c2)=NO1.O=C(O)C(F)(F)F";"Ki";"'='";"113.0";"nM";"6.95";"";"";"UO_0000065";"12.64";"0.24";"3.35";"4.09";"0";"CHEMBL824706";"Binding affinity towards trypsin obtained from human purified enzymes";"B";"BAO_0000357";"single protein format";"None";"None";"None";"None";"None";"";"";"";"CHEMBL209";"Serine protease 1";"Homo sapiens";"SINGLE PROTEIN";"CHEMBL1132652";"1";"Scientific Literature";"J Med Chem";"1999";"None";"";"";"";"113.0"
"CHEMBL328298";"";"None";"621.59";"1";"2.43";"44";"COCC1(C(=O)Nc2ccc(-c3ccccc3S(N)(=O)=O)cc2)CC(c2cccc(C(=N)N)c2)=NO1.O=C(O)C(F)(F)F";"Ki";"'='";"70.0";"nM";"7.16";"";"";"UO_0000065";"14.10";"0.27";"4.72";"4.21";"0";"CHEMBL824706";"Binding affinity towards trypsin obtained from human purified enzymes";"B";"BAO_0000357";"single protein format";"None";"None";"None";"None";"None";"";"";"";"CHEMBL209";"Serine protease 1";"Homo sapiens";"SINGLE PROTEIN";"CHEMBL1132652";"1";"Scientific Literature";"J Med Chem";"1999";"None";"";"";"";"70.0"
"CHEMBL264626";"";"None";"701.69";"1";"2.51";"74";"CCCNS(=O)(=O)c1ccccc1-c1ccc(NC(=O)C2(Cn3cnnn3)CC(c3cccc(C(=N)N)c3)=NO2)cc1.O=C(O)C(F)(F)F";"Ki";"'='";"49.0";"nM";"7.31";"";"";"UO_0000065";"12.44";"0.24";"4.80";"3.84";"0";"CHEMBL824706";"Binding affinity towards trypsin obtained from human purified enzymes";"B";"BAO_0000357";"single protein format";"None";"None";"None";"None";"None";"";"";"";"CHEMBL209";"Serine protease 1";"Homo sapiens";"SINGLE PROTEIN";"CHEMBL1132652";"1";"Scientific Literature";"J Med Chem";"1999";"None";"";"";"";"49.0"
"CHEMBL421214";"";"None";"417.51";"0";"4.67";"16b";"CC(C)Oc1cccc(NC(=O)c2cc(C3CCOC3)c3cc(C(=N)N)ccc3c2)c1";"Ki";"'='";"12.0";"nM";"7.92";"";"";"UO_0000065";"18.97";"0.35";"3.25";"8.13";"0";"CHEMBL817133";"Binding affinity against trypsin";"B";"BAO_0000357";"single protein format";"None";"None";"None";"None";"None";"";"";"";"CHEMBL209";"Serine protease 1";"Homo sapiens";"SINGLE PROTEIN";"CHEMBL1146777";"1";"Scientific Literature";"Bioorg Med Chem Lett";"2004";"None";"";"";"";"0.012"
"CHEMBL3084836";"";"None";"558.67";"1";"-0.40";"2j";"Cn1nnnc1C(=O)C(NC(=O)[C@@H]1CC[C@H]2CN(S(=O)(=O)Cc3ccccc3)CC(=O)N21)[C@H]1CC[C@H](N)CC1";"Ki";"'='";"35.0";"nM";"7.46";"";"";"UO_0000065";"13.35";"0.26";"7.86";"4.30";"0";"CHEMBL817804";"In vitro activity against human alpha trypsin was determined";"B";"BAO_0000357";"single protein format";"None";"None";"None";"None";"None";"";"";"";"CHEMBL209";"Serine protease 1";"Homo sapiens";"SINGLE PROTEIN";"CHEMBL1133798";"1";"Scientific Literature";"Bioorg Med Chem Lett";"2001";"None";"";"";"";"35.0"
"CHEMBL418071";"";"None";"581.55";"None";"None";"21";"Cc1cc(-c2ccccc2S(N)(=O)=O)ccc1C(=O)N[C@@H](CCCN=C(N)N)B1O[C@@H]2CC3CC(C3(C)C)[C@]2(C)O1";"Ki";"'='";"0.11";"nM";"9.96";"";"";"UO_0000065";"17.12";"None";"None";"None";"0";"CHEMBL811780";"Inhibition of trypsin";"B";"BAO_0000357";"single protein format";"None";"None";"None";"None";"None";"";"";"";"CHEMBL209";"Serine protease 1";"Homo sapiens";"SINGLE PROTEIN";"CHEMBL1151536";"1";"Scientific Literature";"Bioorg Med Chem Lett";"1997";"None";"";"";"";"0.11"
"CHEMBL289147";"";"None";"503.46";"None";"None";"17";"CC1(C)C2CC1[C@]1(C)OB([C@H](CCCN=C(N)N)NC(=O)c3ccc(-c4ccccc4)c(N)c3)O[C@@H]1C2";"Ki";"'='";"4.7";"nM";"8.33";"";"";"UO_0000065";"16.54";"None";"None";"None";"0";"CHEMBL811780";"Inhibition of trypsin";"B";"BAO_0000357";"single protein format";"None";"None";"None";"None";"None";"";"";"";"CHEMBL209";"Serine protease 1";"Homo sapiens";"SINGLE PROTEIN";"CHEMBL1151536";"1";"Scientific Literature";"Bioorg Med Chem Lett";"1997";"None";"";"";"";"4.7"
"CHEMBL283945";"";"None";"456.53";"0";"1.10";"NC22";"Cc1nc(N)ncc1CNC(=O)Cn1c(C)ccc(NS(=O)(=O)Cc2ccccc2)c1=O";"Ki";"";"";"nM";"";"";"Not Active";"UO_0000065";"";"";"";"";"0";"CHEMBL817810";"In vitro inhibitory constant against trypsin; Inactive";"B";"BAO_0000357";"single protein format";"None";"None";"None";"None";"None";"";"";"";"CHEMBL209";"Serine protease 1";"Homo sapiens";"SINGLE PROTEIN";"CHEMBL1136066";"1";"Scientific Literature";"Bioorg Med Chem Lett";"2002";"None";"";"";"";""
"CHEMBL143880";"";"None";"377.45";"0";"1.92";"10";"Cc1cnc(NCCc2ccccc2)c(=O)n1CC(=O)NCc1cccnc1";"Ki";"'='";"898000.0";"nM";"";"Outside typical range";"";"UO_0000065";"";"";"";"";"0";"CHEMBL815470";"Inhibitory constant against human trypsin";"B";"BAO_0000357";"single protein format";"None";"None";"None";"None";"None";"";"";"";"CHEMBL209";"Serine protease 1";"Homo sapiens";"SINGLE PROTEIN";"CHEMBL1145961";"1";"Scientific Literature";"J Med Chem";"2003";"None";"";"";"";"898.0"
"CHEMBL3672879";"";"None";"569.61";"1";"4.86";"BDBM158139";"CCC(CC)(Cc1ccc(C(=O)Oc2ccc(C(=N)N)cc2F)s1)C(=O)Nc1cc(C(=O)O)cc(C(=O)OC)c1";"Ki";"'='";"4.4";"nM";"8.36";"";"300500";"UO_0000065";"14.67";"0.29";"3.50";"4.95";"0";"CHEMBL3705369";"Inhibition Assay: Using a 96 well plate (#3915, Costar), a test compound (25 μL) was mixed with 20 μM fluorescence enzyme substrate (Boc-Phe-Ser-Arg-AMC, 50 μL) mixed with 200 mM Tris-HCl buffer (pH 8.0), and human trypsin (Sigma, 25 μL) was added. Using a fluorescence plate reader fmax (Molecular Devices, Inc.), the reaction rate was measured from the time-course changes at excitation wavelength 355 nm and fluorescence wavelength 460 nm.";"B";"BAO_0000357";"single protein format";"Homo sapiens";"None";"None";"None";"None";"";"";"";"CHEMBL209";"Serine protease 1";"Homo sapiens";"SINGLE PROTEIN";"CHEMBL3639122";"37";"BindingDB Patent Bioactivity Data";"";"2015";"None";"";"";"";"4.4"
"CHEMBL3672880";"";"None";"527.53";"1";"3.99";"BDBM158140";"CC(C)(Cc1ccc(C(=O)Oc2ccc(C(=N)N)cc2F)s1)C(=O)Nc1ccc(C(=O)O)c(C(=O)O)c1";"Ki";"'='";"0.21";"nM";"9.68";"";"300501";"UO_0000065";"18.35";"0.36";"5.69";"5.38";"0";"CHEMBL3705369";"Inhibition Assay: Using a 96 well plate (#3915, Costar), a test compound (25 μL) was mixed with 20 μM fluorescence enzyme substrate (Boc-Phe-Ser-Arg-AMC, 50 μL) mixed with 200 mM Tris-HCl buffer (pH 8.0), and human trypsin (Sigma, 25 μL) was added. Using a fluorescence plate reader fmax (Molecular Devices, Inc.), the reaction rate was measured from the time-course changes at excitation wavelength 355 nm and fluorescence wavelength 460 nm.";"B";"BAO_0000357";"single protein format";"Homo sapiens";"None";"None";"None";"None";"";"";"";"CHEMBL209";"Serine protease 1";"Homo sapiens";"SINGLE PROTEIN";"CHEMBL3639122";"37";"BindingDB Patent Bioactivity Data";"";"2015";"None";"";"";"";"0.21"
"CHEMBL3642874";"";"None";"430.42";"0";"0.41";"BDBM109600";"C[C@H](Cc1ccc(C(=O)Oc2ccc(C(=N)N)cc2)o1)C(=O)N[C@@H](CC(N)=O)C(=O)O";"Ki";"'='";"2.0";"nM";"8.70";"";"230095";"UO_0000065";"20.21";"0.38";"8.29";"4.38";"0";"CHEMBL3705715";"Inhibition Assay: Inhibition assay using human trysin.";"B";"BAO_0000357";"single protein format";"Homo sapiens";"None";"None";"None";"None";"";"";"";"CHEMBL209";"Serine protease 1";"Homo sapiens";"SINGLE PROTEIN";"CHEMBL3638962";"37";"BindingDB Patent Bioactivity Data";"";"2013";"None";"";"";"";"2.0"
"CHEMBL3672857";"";"None";"506.56";"1";"2.18";"BDBM158116";"CCC(CC)(Cc1ccc(C(=O)Oc2ccc(C(=N)N)cc2F)s1)C(=O)N[C@@H](CC(N)=O)C(=O)O";"Ki";"'='";"1.69";"nM";"8.77";"";"300477";"UO_0000065";"17.32";"0.34";"6.59";"4.72";"0";"CHEMBL3705369";"Inhibition Assay: Using a 96 well plate (#3915, Costar), a test compound (25 μL) was mixed with 20 μM fluorescence enzyme substrate (Boc-Phe-Ser-Arg-AMC, 50 μL) mixed with 200 mM Tris-HCl buffer (pH 8.0), and human trypsin (Sigma, 25 μL) was added. Using a fluorescence plate reader fmax (Molecular Devices, Inc.), the reaction rate was measured from the time-course changes at excitation wavelength 355 nm and fluorescence wavelength 460 nm.";"B";"BAO_0000357";"single protein format";"Homo sapiens";"None";"None";"None";"None";"";"";"";"CHEMBL209";"Serine protease 1";"Homo sapiens";"SINGLE PROTEIN";"CHEMBL3639122";"37";"BindingDB Patent Bioactivity Data";"";"2015";"None";"";"";"";"1.69"
"CHEMBL3672874";"";"None";"433.46";"0";"2.25";"BDBM158126";"CC(C)(Cc1ccc(C(=O)Oc2ccc(C(=N)N)cc2F)s1)C(=O)N1C[C@H]1C(=O)O";"Ki";"'='";"1.53";"nM";"8.81";"";"300487";"UO_0000065";"20.34";"0.40";"6.57";"6.60";"0";"CHEMBL3705369";"Inhibition Assay: Using a 96 well plate (#3915, Costar), a test compound (25 μL) was mixed with 20 μM fluorescence enzyme substrate (Boc-Phe-Ser-Arg-AMC, 50 μL) mixed with 200 mM Tris-HCl buffer (pH 8.0), and human trypsin (Sigma, 25 μL) was added. Using a fluorescence plate reader fmax (Molecular Devices, Inc.), the reaction rate was measured from the time-course changes at excitation wavelength 355 nm and fluorescence wavelength 460 nm.";"B";"BAO_0000357";"single protein format";"Homo sapiens";"None";"None";"None";"None";"";"";"";"CHEMBL209";"Serine protease 1";"Homo sapiens";"SINGLE PROTEIN";"CHEMBL3639122";"37";"BindingDB Patent Bioactivity Data";"";"2015";"None";"";"";"";"1.53"
"CHEMBL3672868";"";"None";"458.49";"0";"4.13";"BDBM158127";"CC(C)(Cc1ccc(C(=O)Oc2ccc(C(=N)N)cc2F)s1)C(=O)Nc1ccc(F)nc1";"Ki";"'='";"3.3";"nM";"8.48";"";"300488";"UO_0000065";"18.50";"0.36";"4.35";"7.18";"0";"CHEMBL3705369";"Inhibition Assay: Using a 96 well plate (#3915, Costar), a test compound (25 μL) was mixed with 20 μM fluorescence enzyme substrate (Boc-Phe-Ser-Arg-AMC, 50 μL) mixed with 200 mM Tris-HCl buffer (pH 8.0), and human trypsin (Sigma, 25 μL) was added. Using a fluorescence plate reader fmax (Molecular Devices, Inc.), the reaction rate was measured from the time-course changes at excitation wavelength 355 nm and fluorescence wavelength 460 nm.";"B";"BAO_0000357";"single protein format";"Homo sapiens";"None";"None";"None";"None";"";"";"";"CHEMBL209";"Serine protease 1";"Homo sapiens";"SINGLE PROTEIN";"CHEMBL3639122";"37";"BindingDB Patent Bioactivity Data";"";"2015";"None";"";"";"";"3.3"
"CHEMBL3672871";"";"None";"593.63";"2";"3.41";"BDBM158130";"CC(C)(Cc1ccc(C(=O)Oc2ccc(C(=N)N)cc2F)s1)C(=O)NC(CCC(=O)O)(CCC(=O)O)CCC(=O)O";"Ki";"'='";"1.59";"nM";"8.80";"";"300491";"UO_0000065";"14.82";"0.29";"5.39";"4.05";"0";"CHEMBL3705369";"Inhibition Assay: Using a 96 well plate (#3915, Costar), a test compound (25 μL) was mixed with 20 μM fluorescence enzyme substrate (Boc-Phe-Ser-Arg-AMC, 50 μL) mixed with 200 mM Tris-HCl buffer (pH 8.0), and human trypsin (Sigma, 25 μL) was added. Using a fluorescence plate reader fmax (Molecular Devices, Inc.), the reaction rate was measured from the time-course changes at excitation wavelength 355 nm and fluorescence wavelength 460 nm.";"B";"BAO_0000357";"single protein format";"Homo sapiens";"None";"None";"None";"None";"";"";"";"CHEMBL209";"Serine protease 1";"Homo sapiens";"SINGLE PROTEIN";"CHEMBL3639122";"37";"BindingDB Patent Bioactivity Data";"";"2015";"None";"";"";"";"1.59"
"CHEMBL5914411";"";"None";"None";"None";"None";"BDBM158073";"";"Ki";"'='";"0.61";"nM";"9.21";"";"355619";"UO_0000065";"";"";"";"";"1";"CHEMBL3887805";"Trypsin Inhibition Assay: Using a 96 well plate (#3915, Costar), a test compound (25 uL) was mixed with 20 uM fluorescence enzyme substrate (Boc-Phe-Ser-Arg-AMC, 50 uL) mixed with 200 mM Tris-HCl buffer (pH 8.0), and human trypsin (Sigma, 25 uL) was added. Using a fluorescence plate reader fmax (Molecular Devices, Inc.), the reaction rate was measured from the time-course changes at excitation wavelength 355 nm and fluorescence wavelength 460 nm.";"B";"BAO_0000357";"single protein format";"Homo sapiens";"None";"None";"None";"None";"";"";"";"CHEMBL209";"Serine protease 1";"Homo sapiens";"SINGLE PROTEIN";"CHEMBL3886456";"37";"BindingDB Patent Bioactivity Data";"";"2016";"None";"";"";"";"0.61"
"CHEMBL335340";"";"None";"448.51";"0";"2.27";"33";"N=C(N)c1ccc2c(c1)ncn2CC(=O)Nc1ccc(-c2ccccc2S(N)(=O)=O)cc1";"Ki";"'='";"130.0";"nM";"6.89";"";"";"UO_0000065";"15.35";"0.29";"4.62";"4.39";"0";"CHEMBL818182";"Binding affinity against human trypsin";"B";"BAO_0000357";"single protein format";"None";"None";"None";"None";"None";"";"";"";"CHEMBL209";"Serine protease 1";"Homo sapiens";"SINGLE PROTEIN";"CHEMBL1133520";"1";"Scientific Literature";"J Med Chem";"2000";"None";"";"";"";"130.0"
"CHEMBL32549";"";"None";"446.53";"0";"0.54";"4b";"Cc1nc(N)ccc1CNC(=O)Cn1c(C)cc2c(c1=O)NCN(CC1CC1)S2(=O)=O";"Ki";"'='";"6100.0";"nM";"5.21";"";"";"UO_0000065";"11.68";"0.23";"4.67";"3.74";"0";"CHEMBL817816";"Inhibitory activity against human trypsin";"B";"BAO_0000357";"single protein format";"None";"None";"None";"None";"None";"";"";"";"CHEMBL209";"Serine protease 1";"Homo sapiens";"SINGLE PROTEIN";"CHEMBL1136704";"1";"Scientific Literature";"Bioorg Med Chem Lett";"2003";"None";"";"";"";"6100.0"
"CHEMBL356261";"";"None";"448.50";"0";"3.45";"7a";"Cc1cc(C(=O)Nc2ccc(-c3ccccc3S(N)(=O)=O)cc2)n(-c2ccccc2O)n1";"Ki";"'>'";"1500.0";"nM";"";"";"";"UO_0000065";"";"";"";"";"0";"CHEMBL817826";"Tested in vitro for inhibition of human trypsin";"B";"BAO_0000357";"single protein format";"None";"None";"None";"None";"None";"";"";"";"CHEMBL209";"Serine protease 1";"Homo sapiens";"SINGLE PROTEIN";"CHEMBL1145914";"1";"Scientific Literature";"J Med Chem";"2003";"None";"";"";"";"1500.0"
"CHEMBL52427";"";"None";"341.41";"0";"4.80";"5";"Cc1cc(-c2ccccc2)c(O)c(-c2cc3cc(C(=N)N)ccc3[nH]2)c1";"Ki";"'='";"1800.0";"nM";"5.75";"";"";"UO_0000065";"16.83";"0.30";"0.94";"6.69";"0";"CHEMBL874090";"Inhibitory activity against trypsin in human plasma";"B";"BAO_0000366";"cell-free format";"None";"CHEMBL3559721";"Plasma";"None";"None";"";"";"";"CHEMBL209";"Serine protease 1";"Homo sapiens";"SINGLE PROTEIN";"CHEMBL1134132";"1";"Scientific Literature";"Bioorg Med Chem Lett";"2001";"None";"";"";"";"1.8"
"CHEMBL94761";"";"None";"422.45";"0";"1.32";"13";"COC(=O)CC1(C(=O)Nc2cccc(C(=N)N)c2)CC(c2ccc(C(=N)N)cc2)=NO1";"Ki";"'>'";"1200.0";"nM";"";"";"";"UO_0000065";"";"";"";"";"0";"CHEMBL879096";"The compound was evaluated for inhibitory activity against Trypsin";"B";"BAO_0000357";"single protein format";"None";"None";"None";"None";"None";"";"";"";"CHEMBL209";"Serine protease 1";"Homo sapiens";"SINGLE PROTEIN";"CHEMBL1129218";"1";"Scientific Literature";"Bioorg Med Chem Lett";"1997";"None";"";"";"";"1.2"
"CHEMBL556200";"";"None";"492.50";"0";"3.70";"6";"Cl.Cl.N=C(N)c1cccc(N2CCCCN(C3CCN(CCc4ccccc4)CC3)C2=O)c1";"Ki";"'='";"1000.0";"nM";"6.00";"";"";"UO_0000065";"14.30";"0.26";"2.30";"7.83";"0";"CHEMBL818020";"Inhibitory activity against trypsin";"B";"BAO_0000357";"single protein format";"None";"None";"None";"None";"None";"";"";"";"CHEMBL209";"Serine protease 1";"Homo sapiens";"SINGLE PROTEIN";"CHEMBL1133385";"1";"Scientific Literature";"Bioorg Med Chem Lett";"2000";"None";"";"";"";"1000.0"
"CHEMBL3084830";"";"None";"617.75";"1";"1.54";"2c";"Cc1nc(C(=O)C(NC(=O)[C@@H]2CC[C@H]3CN(S(=O)(=O)Cc4ccccc4)CC(=O)N32)[C@H]2CC[C@H](N)CC2)sc1C(=O)O";"Ki";"'='";"65000.0";"nM";"4.19";"";"";"UO_0000065";"6.78";"0.14";"2.65";"2.33";"0";"CHEMBL817804";"In vitro activity against human alpha trypsin was determined";"B";"BAO_0000357";"single protein format";"None";"None";"None";"None";"None";"";"";"";"CHEMBL209";"Serine protease 1";"Homo sapiens";"SINGLE PROTEIN";"CHEMBL1133798";"1";"Scientific Literature";"Bioorg Med Chem Lett";"2001";"None";"";"";"";"65000.0"
"CHEMBL19075";"";"None";"720.65";"0";"2.67";"21";"COC(=O)[C@H]1CN(Cc2ccc(-c3ccccc3S(N)(=O)=O)cc2)C[C@H]1c1cccc(C(=N)N)c1.O=C(O)C(F)(F)F.O=C(O)C(F)(F)F";"Ki";"'>'";"1600.0";"nM";"";"";"";"UO_0000065";"";"";"";"";"0";"CHEMBL818183";"Binding affinity against trypsin in an enzyme inhibition assay.";"B";"BAO_0000357";"single protein format";"None";"None";"None";"None";"None";"";"";"";"CHEMBL209";"Serine protease 1";"Homo sapiens";"SINGLE PROTEIN";"CHEMBL1131683";"1";"Scientific Literature";"Bioorg Med Chem Lett";"1999";"None";"";"";"";"1600.0"
"CHEMBL96433";"";"None";"327.39";"0";"4.49";"22f";"N=C(N)c1ccc2[nH]c(-c3cccc(-c4ccccc4)c3O)cc2c1";"Ki";"'='";"130.0";"nM";"6.89";"";"";"UO_0000065";"21.03";"0.38";"2.40";"8.02";"0";"CHEMBL824709";"Activity against Human Serine Protease Trypsin";"B";"BAO_0000357";"single protein format";"Homo sapiens";"None";"None";"None";"None";"";"";"";"CHEMBL209";"Serine protease 1";"Homo sapiens";"SINGLE PROTEIN";"CHEMBL1134564";"1";"Scientific Literature";"J Med Chem";"2001";"None";"";"";"";"0.13"
"CHEMBL73970";"";"None";"661.76";"2";"1.15";"table 2";"COc1ccc(-n2c(=O)n3n(c2=O)C(C(=O)NC(CCCCN)C(=O)C(=O)NCCc2ccc(C(N)=O)cc2)C=CC3CC(C)C)cc1";"Ki";"'='";"0.28";"nM";"9.55";"";"";"UO_0000065";"14.44";"0.27";"8.40";"4.72";"0";"CHEMBL817138";"Compound was evaluated for its binding affinity to the trypsin enzyme";"B";"BAO_0000357";"single protein format";"None";"None";"None";"None";"None";"";"";"";"CHEMBL209";"Serine protease 1";"Homo sapiens";"SINGLE PROTEIN";"CHEMBL1130946";"1";"Scientific Literature";"Bioorg Med Chem Lett";"1998";"None";"";"";"";"0.28"
"CHEMBL366731";"";"None";"471.93";"0";"1.77";"15";"Nc1ncnc2cc(CN3CCN(S(=O)(=O)c4nc5cc(Cl)ccc5[nH]4)CC3=O)ccc12";"Ki";"'>'";"2900.0";"nM";"";"";"";"UO_0000065";"";"";"";"";"0";"CHEMBL845149";"Tested for inhibitory activity against trypsin";"B";"BAO_0000357";"single protein format";"None";"None";"None";"None";"None";"";"";"";"CHEMBL209";"Serine protease 1";"Homo sapiens";"SINGLE PROTEIN";"CHEMBL1135247";"1";"Scientific Literature";"Bioorg Med Chem Lett";"2002";"None";"";"";"";"2900.0"
"CHEMBL103993";"";"None";"583.63";"0";"2.99";"10";"N=C(N)c1cccc(N2CCCCN(C3CCN(S(=O)(=O)Cc4ccccc4)CC3)C2=O)c1.O=C(O)C(F)(F)F";"Ki";"'='";"80.0";"nM";"7.10";"";"";"UO_0000065";"15.11";"0.29";"4.11";"6.41";"0";"CHEMBL818020";"Inhibitory activity against trypsin";"B";"BAO_0000357";"single protein format";"None";"None";"None";"None";"None";"";"";"";"CHEMBL209";"Serine protease 1";"Homo sapiens";"SINGLE PROTEIN";"CHEMBL1133385";"1";"Scientific Literature";"Bioorg Med Chem Lett";"2000";"None";"";"";"";"80.0"
"CHEMBL345435";"";"None";"547.63";"1";"1.00";"20";"CC(C)COC(=O)OC[C@@H](NS(=O)(=O)Cc1ccccc1)C(=O)NCC(=O)NCc1ccc(C(=N)N)cc1";"Ki";"'='";"120.0";"nM";"6.92";"";"";"UO_0000065";"12.64";"0.25";"5.92";"3.65";"0";"CHEMBL811611";"In vitro inhibition of trypsin.";"B";"BAO_0000357";"single protein format";"None";"None";"None";"None";"None";"";"";"";"CHEMBL209";"Serine protease 1";"Homo sapiens";"SINGLE PROTEIN";"CHEMBL1135855";"1";"Scientific Literature";"Bioorg Med Chem Lett";"2002";"None";"";"";"";"0.12"
"CHEMBL109535";"";"None";"400.53";"0";"4.61";"47b";"CC(C)CC1NCCc2ccc(NC(=O)c3ccc4cc(C(=N)N)ccc4c3)cc21";"Ki";"'='";"115.0";"nM";"6.94";"";"";"UO_0000065";"17.33";"0.32";"2.33";"7.63";"0";"CHEMBL819934";"Binding affinity against porcine trypsin was determined.";"B";"BAO_0000357";"single protein format";"Sus scrofa";"None";"None";"None";"None";"";"";"";"CHEMBL209";"Serine protease 1";"Homo sapiens";"SINGLE PROTEIN";"CHEMBL1148377";"1";"Scientific Literature";"J Med Chem";"2004";"None";"";"";"";"115.0"
"CHEMBL330206";"";"None";"377.29";"None";"None";"12e";"CC(C)N(CC(=O)N[C@@H](CCCCN)B(O)O)C(=O)CCc1ccccc1";"Ki";"'='";"3.8";"nM";"8.42";"";"";"UO_0000065";"22.32";"None";"None";"None";"0";"CHEMBL811782";"Compound was tested in vitro for inhibition of trypsin";"B";"BAO_0000357";"single protein format";"None";"None";"None";"None";"None";"";"";"";"CHEMBL209";"Serine protease 1";"Homo sapiens";"SINGLE PROTEIN";"CHEMBL1149934";"1";"Scientific Literature";"Bioorg Med Chem Lett";"1996";"None";"";"";"";"3.8"
"CHEMBL46708";"";"None";"446.51";"0";"2.42";"9a";"COC(=O)[C@H](Cc1cccc(C(=N)N)c1)[C@@H](C)NC(=O)c1ccc(-c2cccc[n+]2[O-])cc1";"Ki";"'='";"36.0";"nM";"7.44";"";"";"UO_0000065";"16.67";"0.31";"5.02";"5.63";"0";"CHEMBL817811";"In vitro inhibitory potency against Trypsin";"B";"BAO_0000357";"single protein format";"Homo sapiens";"None";"None";"None";"None";"";"";"";"CHEMBL209";"Serine protease 1";"Homo sapiens";"SINGLE PROTEIN";"CHEMBL1135155";"1";"Scientific Literature";"Bioorg Med Chem Lett";"2002";"None";"";"";"";"36.0"
"CHEMBL320233";"";"None";"531.63";"2";"5.75";"18d";"CCS(=O)(=O)c1cc(-c2cc(C(=O)Nc3cccc(OC4CCCC4)c3)cc3ccc(C(=N)N)cc23)co1";"Ki";"'='";"3.0";"nM";"8.52";"";"";"UO_0000065";"16.03";"0.31";"2.77";"6.29";"0";"CHEMBL817133";"Binding affinity against trypsin";"B";"BAO_0000357";"single protein format";"None";"None";"None";"None";"None";"";"";"";"CHEMBL209";"Serine protease 1";"Homo sapiens";"SINGLE PROTEIN";"CHEMBL1146777";"1";"Scientific Literature";"Bioorg Med Chem Lett";"2004";"None";"";"";"";"0.003"
"CHEMBL21028";"";"None";"948.20";"3";"0.40";"6";"CC[C@@H](C)[C@@H](NC(=O)[C@@H](C)NC(=O)[C@@H](CCC(=O)O)NC(=O)[C@@H](CC(C)C)NC(=O)[C@@H](Cc1ccccc1)NC(=O)[C@H](N)CCSC)C(=O)N1CCC[C@H]1C(=O)N[C@H](CCCCN)C(=O)O";"Ki";"'='";"540000.0";"nM";"";"Outside typical range";"";"UO_0000065";"";"";"";"";"0";"CHEMBL821461";"Competitive inhibition constant against trypsin using the reporter substrate Ac-R-pNa";"B";"BAO_0000357";"single protein format";"None";"None";"None";"None";"None";"";"";"";"CHEMBL209";"Serine protease 1";"Homo sapiens";"SINGLE PROTEIN";"CHEMBL1132903";"1";"Scientific Literature";"Bioorg Med Chem Lett";"2000";"None";"";"";"";"0.54"
"CHEMBL420369";"";"None";"414.47";"0";"2.89";"9b";"N=C(N)c1ccc(O)c(/C=C/CNC(=O)c2ccc(-c3cccc(C(N)=O)c3)cc2)c1";"Ki";"'>'";"2900.0";"nM";"";"";"";"UO_0000065";"";"";"";"";"0";"CHEMBL817143";"In vitro inhibition of trypsin.";"B";"BAO_0000357";"single protein format";"None";"None";"None";"None";"None";"";"";"";"CHEMBL209";"Serine protease 1";"Homo sapiens";"SINGLE PROTEIN";"CHEMBL1133371";"1";"Scientific Literature";"Bioorg Med Chem Lett";"2000";"None";"";"";"";"2900.0"
"CHEMBL31967";"";"None";"375.50";"0";"4.27";"20";"CSc1sc(C(=N)N)cc1-c1nc(-c2ccc3c(c2)OCO3)cs1";"Ki";"'='";"880.0";"nM";"6.06";"";"";"UO_0000065";"16.13";"0.34";"1.79";"7.46";"0";"CHEMBL811785";"Inhibitory activity against Trypsin";"B";"BAO_0000357";"single protein format";"None";"None";"None";"None";"None";"";"";"";"CHEMBL209";"Serine protease 1";"Homo sapiens";"SINGLE PROTEIN";"CHEMBL1134078";"1";"Scientific Literature";"Bioorg Med Chem Lett";"2001";"None";"";"";"";"0.88"
"CHEMBL316349";"";"None";"600.55";"0";"3.71";"21";"COC(=O)CC1(C(=O)Nc2ccc(-c3cccc(OC)c3)cc2)CC(c2cccc(C(=N)N)c2)=NO1.O=C(O)C(F)(F)F";"Ki";"'='";"390.0";"nM";"6.41";"";"";"UO_0000065";"13.17";"0.24";"2.70";"4.71";"0";"CHEMBL824708";"The binding affinity was measured towards human purified trypsin";"B";"BAO_0000357";"single protein format";"None";"None";"None";"None";"None";"";"";"";"CHEMBL209";"Serine protease 1";"Homo sapiens";"SINGLE PROTEIN";"CHEMBL1132311";"1";"Scientific Literature";"J Med Chem";"1999";"None";"";"";"";"390.0"
"CHEMBL290836";"";"None";"506.43";"None";"None";"13";"CC1(C)C2CC1[C@]1(C)OB([C@H](CCCN=C(N)N)NC(=O)c3ccc(-c4ccccc4)cc3F)O[C@@H]1C2";"Ki";"";"";"nM";"";"";"Not Determined";"UO_0000065";"";"";"";"";"0";"CHEMBL811781";"Compound was tested for the inhibition of trypsin; Not tested";"B";"BAO_0000357";"single protein format";"None";"None";"None";"None";"None";"";"";"";"CHEMBL209";"Serine protease 1";"Homo sapiens";"SINGLE PROTEIN";"CHEMBL1151536";"1";"Scientific Literature";"Bioorg Med Chem Lett";"1997";"None";"";"";"";""
"CHEMBL43140";"";"None";"581.55";"None";"None";"7";"CC1(C)C2CC1[C@]1(C)OB([C@H](CCCN=C(N)N)NC(=O)c3cccc(-c4cccc(NS(C)(=O)=O)c4)c3)O[C@@H]1C2";"Ki";"'='";"3.8";"nM";"8.42";"";"";"UO_0000065";"14.48";"None";"None";"None";"0";"CHEMBL811780";"Inhibition of trypsin";"B";"BAO_0000357";"single protein format";"None";"None";"None";"None";"None";"";"";"";"CHEMBL209";"Serine protease 1";"Homo sapiens";"SINGLE PROTEIN";"CHEMBL1151536";"1";"Scientific Literature";"Bioorg Med Chem Lett";"1997";"None";"";"";"";"3.8"
"CHEMBL94254";"";"None";"331.17";"0";"2.98";"6e";"N=C(N)c1ccc2[nH]c(-c3cc(Br)ccc3O)nc2c1";"Ki";"'='";"14000.0";"nM";"4.85";"";"";"UO_0000065";"14.66";"0.33";"1.87";"4.91";"0";"CHEMBL816557";"Inhibition of Human Serine Protease Trypsin.";"B";"BAO_0000357";"single protein format";"None";"None";"None";"None";"None";"";"";"";"CHEMBL209";"Serine protease 1";"Homo sapiens";"SINGLE PROTEIN";"CHEMBL1134564";"1";"Scientific Literature";"J Med Chem";"2001";"None";"";"";"";"14.0"
"CHEMBL122902";"";"None";"429.84";"0";"2.53";"10";"Nc1cc(-n2nnnc2C(=O)Nc2ccc(C(=O)N3CCCC3)cc2F)ccc1Cl";"Ki";"'>'";"1600.0";"nM";"";"";"";"UO_0000065";"";"";"";"";"0";"CHEMBL817820";"Inhibitory constant against trypsin using human purified enzymes";"B";"BAO_0000357";"single protein format";"Homo sapiens";"None";"None";"None";"None";"";"";"";"CHEMBL209";"Serine protease 1";"Homo sapiens";"SINGLE PROTEIN";"CHEMBL1136511";"1";"Scientific Literature";"Bioorg Med Chem Lett";"2003";"None";"";"";"";"1600.0"
"CHEMBL351732";"";"None";"427.59";"0";"2.53";"14";"N=C(N)c1cccc(C(=O)N[C@H](C(=O)NCC2CCC(CN)CC2)C2CCCCC2)c1";"Ki";"'='";"3600.0";"nM";"5.44";"";"";"UO_0000065";"12.73";"0.24";"2.91";"4.06";"0";"CHEMBL818185";"Binding affinity against human trypsin";"B";"BAO_0000357";"single protein format";"None";"None";"None";"None";"None";"";"";"";"CHEMBL209";"Serine protease 1";"Homo sapiens";"SINGLE PROTEIN";"CHEMBL1134227";"1";"Scientific Literature";"Bioorg Med Chem Lett";"2001";"None";"";"";"";"3.6"
"CHEMBL1204159";"";"None";"406.92";"1";"2.05";"26";"Cl.N=C(N)c1ccc(OCCCCCOc2ccc(C(=N)N)cc2N)c(N)c1";"Ki";"'='";"1800.0";"nM";"5.75";"";"";"UO_0000065";"15.51";"0.29";"3.69";"3.37";"0";"CHEMBL815012";"Inhibition of trypsin by amidase assay.";"B";"BAO_0000357";"single protein format";"None";"None";"None";"None";"None";"";"";"";"CHEMBL209";"Serine protease 1";"Homo sapiens";"SINGLE PROTEIN";"CHEMBL1124749";"1";"Scientific Literature";"J Med Chem";"1990";"None";"";"";"";"1.8"
"CHEMBL3216902";"";"None";"427.38";"0";"3.27";"8";"Cl.Cl.N=C(N)c1ccc(OCCCCCCOc2ccc(C(=N)N)cc2)cc1";"Ki";"'='";"2700.0";"nM";"5.57";"";"";"UO_0000065";"15.71";"0.29";"2.30";"4.71";"0";"CHEMBL815012";"Inhibition of trypsin by amidase assay.";"B";"BAO_0000357";"single protein format";"None";"None";"None";"None";"None";"";"";"";"CHEMBL209";"Serine protease 1";"Homo sapiens";"SINGLE PROTEIN";"CHEMBL1124749";"1";"Scientific Literature";"J Med Chem";"1990";"None";"";"";"";"2.7"
"CHEMBL1204161";"";"None";"418.98";"1";"2.50";"41";"Cl.N=C(N)c1ccc(NCCCCCCNc2ccc(C(=N)N)cc2N)c(N)c1";"Ki";"'='";"5300.0";"nM";"5.28";"";"";"UO_0000065";"13.79";"0.26";"2.78";"3.00";"0";"CHEMBL815012";"Inhibition of trypsin by amidase assay.";"B";"BAO_0000357";"single protein format";"None";"None";"None";"None";"None";"";"";"";"CHEMBL209";"Serine protease 1";"Homo sapiens";"SINGLE PROTEIN";"CHEMBL1124749";"1";"Scientific Literature";"J Med Chem";"1990";"None";"";"";"";"5.3"
"CHEMBL494956";"";"None";"428.96";"0";"3.01";"28";"Cl.c1cc(C2=NCCN2)ccc1OCCCCCOc1ccc(C2=NCCN2)cc1";"Ki";"'>'";"2000000.0";"nM";"";"Outside typical range";"";"UO_0000065";"";"";"";"";"0";"CHEMBL815012";"Inhibition of trypsin by amidase assay.";"B";"BAO_0000357";"single protein format";"None";"None";"None";"None";"None";"";"";"";"CHEMBL209";"Serine protease 1";"Homo sapiens";"SINGLE PROTEIN";"CHEMBL1124749";"1";"Scientific Literature";"J Med Chem";"1990";"None";"";"";"";"2000.0"
"CHEMBL1204154";"";"None";"464.91";"1";"2.77";"36";"Cl.N=C(N)c1ccc(NCCCCCNc2ccc(C(=N)N)cc2[N+](=O)[O-])c([N+](=O)[O-])c1";"Ki";"'='";"8000.0";"nM";"5.10";"";"";"UO_0000065";"11.90";"0.22";"2.33";"2.43";"0";"CHEMBL815012";"Inhibition of trypsin by amidase assay.";"B";"BAO_0000357";"single protein format";"None";"None";"None";"None";"None";"";"";"";"CHEMBL209";"Serine protease 1";"Homo sapiens";"SINGLE PROTEIN";"CHEMBL1124749";"1";"Scientific Literature";"J Med Chem";"1990";"None";"";"";"";"8.0"
"CHEMBL1204157";"";"None";"346.87";"1";"2.17";"32";"Cl.N=C(N)c1ccc(NCCCNc2ccc(C(=N)N)cc2)cc1";"Ki";"'='";"1100.0";"nM";"5.96";"";"";"UO_0000065";"19.20";"0.35";"3.79";"4.81";"0";"CHEMBL815012";"Inhibition of trypsin by amidase assay.";"B";"BAO_0000357";"single protein format";"None";"None";"None";"None";"None";"";"";"";"CHEMBL209";"Serine protease 1";"Homo sapiens";"SINGLE PROTEIN";"CHEMBL1124749";"1";"Scientific Literature";"J Med Chem";"1990";"None";"";"";"";"1.1"
"CHEMBL419985";"";"None";"779.27";"1";"3.47";"15t";"CC(C)[C@H](NC(=O)[C@@H]1CCCN1C(=O)[C@@H](NC(=O)c1ccc(C(=O)NS(=O)(=O)c2ccc(Cl)cc2)cc1)C(C)C)C(=O)c1nc2cc(C(N)=O)ccc2o1";"Ki";"'>'";"50000.0";"nM";"";"";"";"UO_0000065";"";"";"";"";"0";"CHEMBL821460";"Binding affinity towards trypsin";"B";"BAO_0000357";"single protein format";"None";"None";"None";"None";"None";"";"";"";"CHEMBL209";"Serine protease 1";"Homo sapiens";"SINGLE PROTEIN";"CHEMBL1128453";"1";"Scientific Literature";"J Med Chem";"1995";"None";"";"";"";"50.0"
"CHEMBL10657";"";"None";"383.45";"0";"1.28";"2b";"CC[C@@H]1Cc2cc(C)n(CC(=O)NCc3ccc(N)nc3C)c(=O)c2NC1=O";"Ki";"'='";"4200.0";"nM";"5.38";"";"";"UO_0000065";"14.02";"0.26";"4.10";"4.51";"0";"CHEMBL818021";"The compound was tested for its ability to inhibit trypsin.";"B";"BAO_0000357";"single protein format";"None";"None";"None";"None";"None";"";"";"";"CHEMBL209";"Serine protease 1";"Homo sapiens";"SINGLE PROTEIN";"CHEMBL1132875";"1";"Scientific Literature";"Bioorg Med Chem Lett";"2000";"None";"";"";"";"4200.0"
"CHEMBL25477";"";"None";"433.56";"0";"4.44";"20e";"CCc1nc2ccc(OC3CCN(C(C)=N)CC3)cc2n1C/C=C/c1cc(N)ccc1O";"Ki";"'='";"43.0";"nM";"7.37";"";"";"UO_0000065";"16.99";"0.31";"2.93";"7.34";"0";"CHEMBL817144";"Tested in vitro for the selectivity against trypsin (Trp)";"B";"BAO_0000357";"single protein format";"None";"None";"None";"None";"None";"";"";"";"CHEMBL209";"Serine protease 1";"Homo sapiens";"SINGLE PROTEIN";"CHEMBL1135304";"1";"Scientific Literature";"Bioorg Med Chem Lett";"2002";"None";"";"";"";"43.0"
"CHEMBL19728";"";"None";"470.56";"0";"1.40";"NC19";"Cc1nc(N)nc(C)c1CNC(=O)Cn1c(C)ccc(NS(=O)(=O)Cc2ccccc2)c1=O";"Ki";"";"";"nM";"";"";"Not Active";"UO_0000065";"";"";"";"";"0";"CHEMBL817810";"In vitro inhibitory constant against trypsin; Inactive";"B";"BAO_0000357";"single protein format";"None";"None";"None";"None";"None";"";"";"";"CHEMBL209";"Serine protease 1";"Homo sapiens";"SINGLE PROTEIN";"CHEMBL1136066";"1";"Scientific Literature";"Bioorg Med Chem Lett";"2002";"None";"";"";"";""
"CHEMBL422299";"";"None";"457.42";"0";"1.87";"29";"Cc1ccnc(CNC(=O)Cn2c(C#N)cnc(NCC(F)(F)c3ccccn3)c2=O)c1F";"Ki";"'='";"61000.0";"nM";"4.21";"";"";"UO_0000065";"9.21";"0.17";"2.34";"3.36";"0";"CHEMBL815470";"Inhibitory constant against human trypsin";"B";"BAO_0000357";"single protein format";"None";"None";"None";"None";"None";"";"";"";"CHEMBL209";"Serine protease 1";"Homo sapiens";"SINGLE PROTEIN";"CHEMBL1145961";"1";"Scientific Literature";"J Med Chem";"2003";"None";"";"";"";"61.0"
"CHEMBL343380";"";"None";"489.60";"0";"3.99";"80";"CCCNS(=O)(=O)c1ccccc1-c1ccc(NC(=O)Cc2c[nH]c3ccc(C(=N)N)cc23)cc1";"Ki";"'='";"180.0";"nM";"6.75";"";"";"UO_0000065";"13.78";"0.26";"2.75";"4.79";"0";"CHEMBL818182";"Binding affinity against human trypsin";"B";"BAO_0000357";"single protein format";"None";"None";"None";"None";"None";"";"";"";"CHEMBL209";"Serine protease 1";"Homo sapiens";"SINGLE PROTEIN";"CHEMBL1133520";"1";"Scientific Literature";"J Med Chem";"2000";"None";"";"";"";"180.0"
"CHEMBL94139";"";"None";"282.30";"0";"2.23";"6l";"COc1cccc(-c2nc3cc(C(=N)N)ccc3[nH]2)c1O";"Ki";"'='";"30000.0";"nM";"4.52";"";"";"UO_0000065";"16.02";"0.29";"2.29";"4.19";"0";"CHEMBL816557";"Inhibition of Human Serine Protease Trypsin.";"B";"BAO_0000357";"single protein format";"None";"None";"None";"None";"None";"";"";"";"CHEMBL209";"Serine protease 1";"Homo sapiens";"SINGLE PROTEIN";"CHEMBL1134564";"1";"Scientific Literature";"J Med Chem";"2001";"None";"";"";"";"30.0"
"CHEMBL357501";"";"None";"179.22";"0";"1.32";"9 (table 3)";"CCOC(=O)c1ccc(CN)cc1";"Ki";"'='";"357272838.15";"nM";"";"Outside typical range";"";"UO_0000065";"";"";"";"";"0";"CHEMBL858270";"Inhibition of trypsin";"B";"BAO_0000357";"single protein format";"None";"None";"None";"None";"None";"";"";"";"CHEMBL209";"Serine protease 1";"Homo sapiens";"SINGLE PROTEIN";"CHEMBL1132536";"1";"Scientific Literature";"J Med Chem";"1999";"None";"";"";"";"0.447"
"CHEMBL329912";"";"None";"509.05";"1";"2.71";"30";"O=C1Cn2c(Cl)cnc(c2=O)N[C@@H](Cc2ccccc2)CNCCCCNCc2ccccc2CN1";"Ki";"'='";"41000.0";"nM";"4.39";"";"";"UO_0000065";"8.62";"0.17";"1.68";"4.38";"0";"CHEMBL817817";"Inhibitory activity against human trypsin";"B";"BAO_0000357";"single protein format";"None";"None";"None";"None";"None";"";"";"";"CHEMBL209";"Serine protease 1";"Homo sapiens";"SINGLE PROTEIN";"CHEMBL1136169";"1";"Scientific Literature";"Bioorg Med Chem Lett";"2003";"None";"";"";"";"41.0"
"CHEMBL318363";"";"None";"328.37";"0";"4.76";"58";"N=C(N)c1ccc2oc(-c3cccc(-c4ccccc4)c3O)cc2c1";"Ki";"'='";"1600.0";"nM";"5.80";"";"";"UO_0000065";"17.65";"0.32";"1.04";"6.96";"0";"CHEMBL816557";"Inhibition of Human Serine Protease Trypsin.";"B";"BAO_0000357";"single protein format";"None";"None";"None";"None";"None";"";"";"";"CHEMBL209";"Serine protease 1";"Homo sapiens";"SINGLE PROTEIN";"CHEMBL1134564";"1";"Scientific Literature";"J Med Chem";"2001";"None";"";"";"";"1.6"
"CHEMBL329991";"";"None";"516.43";"1";"3.26";"18";"O=C1Cn2c(Cl)cnc(c2=O)N[C@@H](Cc2ccccc2)CNCCCOc2ccc(Cl)cc2CN1";"Ki";"";"";"nM";"";"";"Not Determined";"UO_0000065";"";"";"";"";"0";"CHEMBL817819";"Inhibitory activity against trypsin; Not determined";"B";"BAO_0000357";"single protein format";"None";"None";"None";"None";"None";"";"";"";"CHEMBL209";"Serine protease 1";"Homo sapiens";"SINGLE PROTEIN";"CHEMBL1136169";"1";"Scientific Literature";"Bioorg Med Chem Lett";"2003";"None";"";"";"";""
"CHEMBL341148";"";"None";"592.64";"0";"2.89";"20";"N=C(N)NCCC[C@H](NC(=O)[C@@H]1CCCN1Cc1ccccc1)C(=O)c1nc2ccccc2s1.O=C(O)C(F)(F)F";"Ki";"'='";"160.0";"nM";"6.80";"";"";"UO_0000065";"14.20";"0.27";"3.91";"5.47";"0";"CHEMBL655074";"In vitro inhibition of bovine trypsin.";"B";"BAO_0000357";"single protein format";"None";"None";"None";"None";"None";"";"";"";"CHEMBL209";"Serine protease 1";"Homo sapiens";"SINGLE PROTEIN";"CHEMBL1145070";"1";"Scientific Literature";"J Med Chem";"2003";"None";"";"";"";"160.0"
"CHEMBL25068";"";"None";"433.56";"0";"4.44";"21e";"CCc1nc2cc(OC3CCN(C(C)=N)CC3)ccc2n1C/C=C/c1cc(N)ccc1O";"Ki";"'='";"120.0";"nM";"6.92";"";"";"UO_0000065";"15.96";"0.30";"2.48";"6.89";"0";"CHEMBL817144";"Tested in vitro for the selectivity against trypsin (Trp)";"B";"BAO_0000357";"single protein format";"None";"None";"None";"None";"None";"";"";"";"CHEMBL209";"Serine protease 1";"Homo sapiens";"SINGLE PROTEIN";"CHEMBL1135304";"1";"Scientific Literature";"Bioorg Med Chem Lett";"2002";"None";"";"";"";"120.0"
"CHEMBL8135";"";"None";"607.11";"1";"2.46";"14 (+/-)";"CCCS(=O)(=O)NCC1(C(=O)Nc2ccc(-c3ccccc3S(N)(=O)=O)cn2)CC(c2ccc(Cl)c(N)c2)=NO1";"Ki";"'>'";"8000.0";"nM";"";"";"";"UO_0000065";"";"";"";"";"0";"CHEMBL878974";"Inhibitory activity against trypsin using human purified enzyme";"B";"BAO_0000357";"single protein format";"None";"None";"None";"None";"None";"";"";"";"CHEMBL209";"Serine protease 1";"Homo sapiens";"SINGLE PROTEIN";"CHEMBL1145764";"1";"Scientific Literature";"Bioorg Med Chem Lett";"2003";"None";"";"";"";"8000.0"
"CHEMBL104505";"";"None";"382.43";"0";"3.91";"23a";"N=C(N)c1ccc2cc(C(=O)Nc3ccccc3)cc(Nc3ncccn3)c2c1";"Ki";"'='";"40.0";"nM";"7.40";"";"";"UO_0000065";"19.34";"0.35";"3.49";"6.33";"0";"CHEMBL817133";"Binding affinity against trypsin";"B";"BAO_0000357";"single protein format";"None";"None";"None";"None";"None";"";"";"";"CHEMBL209";"Serine protease 1";"Homo sapiens";"SINGLE PROTEIN";"CHEMBL1146777";"1";"Scientific Literature";"Bioorg Med Chem Lett";"2004";"None";"";"";"";"0.04"
"CHEMBL3216435";"";"None";"473.40";"0";"2.90";"18";"COc1cc(C(=N)N)ccc1OCCCCCOc1ccc(C(=N)N)cc1OC.Cl.Cl";"Ki";"'='";"1300.0";"nM";"5.89";"";"";"UO_0000065";"14.70";"0.28";"2.99";"4.31";"0";"CHEMBL815012";"Inhibition of trypsin by amidase assay.";"B";"BAO_0000357";"single protein format";"None";"None";"None";"None";"None";"";"";"";"CHEMBL209";"Serine protease 1";"Homo sapiens";"SINGLE PROTEIN";"CHEMBL1124749";"1";"Scientific Literature";"J Med Chem";"1990";"None";"";"";"";"1.3"
"CHEMBL77998";"";"None";"726.92";"2";"3.29";"17";"N=C(N)Nc1ccc(CNC(=O)N2CCN(C(=O)O[C@H]3CCC[C@@H](OC(=O)N4CCN(C(=O)NCCCC5CCNCC5)CC4)CCC3)CC2)cc1";"Ki";"'='";"80000.0";"nM";"4.10";"";"";"UO_0000065";"5.64";"0.11";"0.81";"2.07";"0";"CHEMBL824723";"Compound was evaluated for its inhibitory potency against trypsin";"B";"BAO_0000357";"single protein format";"None";"None";"None";"None";"None";"";"";"";"CHEMBL209";"Serine protease 1";"Homo sapiens";"SINGLE PROTEIN";"CHEMBL1132784";"1";"Scientific Literature";"Bioorg Med Chem Lett";"2000";"None";"";"";"";"80.0"
"CHEMBL355441";"";"None";"441.51";"0";"1.39";"3";"Cc1ccc(NS(=O)(=O)Cc2ccccc2)c(=O)n1CC(=O)NCc1ccc(N)nc1";"Ki";"'='";"3000.0";"nM";"5.52";"";"";"UO_0000065";"12.51";"0.24";"4.13";"4.06";"0";"CHEMBL816554";"Binding affinity towards trypsin was evaluated";"B";"BAO_0000357";"single protein format";"None";"None";"None";"None";"None";"";"";"";"CHEMBL209";"Serine protease 1";"Homo sapiens";"SINGLE PROTEIN";"CHEMBL1130777";"1";"Scientific Literature";"Bioorg Med Chem Lett";"1998";"None";"";"";"";"3000.0"
"CHEMBL34306";"";"None";"424.51";"0";"1.13";"7";"Cc1ccc(NC(=O)c2ccccc2)c(=O)n1CC(=O)NCC1CCN(C(=N)N)CC1";"Ki";"'='";"1500.0";"nM";"5.82";"";"";"UO_0000065";"13.72";"0.26";"4.69";"4.37";"0";"CHEMBL818184";"Binding affinity against human trypsin";"B";"BAO_0000357";"single protein format";"None";"None";"None";"None";"None";"";"";"";"CHEMBL209";"Serine protease 1";"Homo sapiens";"SINGLE PROTEIN";"CHEMBL1130452";"1";"Scientific Literature";"Bioorg Med Chem Lett";"1997";"None";"";"";"";"1500.0"
"CHEMBL80930";"";"None";"672.83";"2";"2.25";"13";"N=C(N)Nc1ccc(CNC(=O)N2CCN(C(=O)O[C@H]3CCC[C@@H](OC(=O)N4CCN(C(=O)NCCCCN)CC4)CCC3)CC2)cc1";"Ki";"'='";"132000.0";"nM";"";"Outside typical range";"";"UO_0000065";"";"";"";"";"0";"CHEMBL824723";"Compound was evaluated for its inhibitory potency against trypsin";"B";"BAO_0000357";"single protein format";"None";"None";"None";"None";"None";"";"";"";"CHEMBL209";"Serine protease 1";"Homo sapiens";"SINGLE PROTEIN";"CHEMBL1132784";"1";"Scientific Literature";"Bioorg Med Chem Lett";"2000";"None";"";"";"";"132.0"
"CHEMBL48608";"";"None";"344.21";"0";"3.90";"22a";"Cc1cc(Br)c(O)c(-c2cc3cc(C(=N)N)ccc3[nH]2)c1";"Ki";"'='";"320.0";"nM";"6.50";"";"";"UO_0000065";"18.87";"0.42";"2.59";"7.56";"0";"CHEMBL816557";"Inhibition of Human Serine Protease Trypsin.";"B";"BAO_0000357";"single protein format";"None";"None";"None";"None";"None";"";"";"";"CHEMBL209";"Serine protease 1";"Homo sapiens";"SINGLE PROTEIN";"CHEMBL1134564";"1";"Scientific Literature";"J Med Chem";"2001";"None";"";"";"";"0.32"
"CHEMBL43017";"";"None";"505.64";"1";"4.33";"7f";"N=C(N)c1ccc(CN(NS(=O)(=O)c2ccc(-c3ccccc3)cc2)C(=O)N2CCCCCC2)cc1";"Ki";"'='";"23000.0";"nM";"4.64";"";"";"UO_0000065";"9.17";"0.18";"0.31";"3.88";"0";"CHEMBL815009";"In vitro inhibition of trypsin";"B";"BAO_0000357";"single protein format";"None";"None";"None";"None";"None";"";"";"";"CHEMBL209";"Serine protease 1";"Homo sapiens";"SINGLE PROTEIN";"CHEMBL1137966";"1";"Scientific Literature";"Bioorg Med Chem Lett";"2004";"None";"";"";"";"23.0"
"CHEMBL330234";"";"None";"409.08";"0";"4.35";"22c";"N=C(N)c1ccc2[nH]c(-c3cc(Br)cc(Br)c3O)cc2c1";"Ki";"'='";"1000.0";"nM";"6.00";"";"";"UO_0000065";"14.67";"0.39";"1.65";"6.99";"0";"CHEMBL824709";"Activity against Human Serine Protease Trypsin";"B";"BAO_0000357";"single protein format";"Homo sapiens";"None";"None";"None";"None";"";"";"";"CHEMBL209";"Serine protease 1";"Homo sapiens";"SINGLE PROTEIN";"CHEMBL1134564";"1";"Scientific Literature";"J Med Chem";"2001";"None";"";"";"";"1.0"
"CHEMBL494163";"PENTAMIDINE HYDROCHLORIDE";"None";"376.89";"0";"2.88";"7 (Pentamidine)";"Cl.N=C(N)c1ccc(OCCCCCOc2ccc(C(=N)N)cc2)cc1";"Ki";"'='";"2300.0";"nM";"5.64";"";"";"UO_0000065";"16.56";"0.31";"2.76";"4.77";"0";"CHEMBL815012";"Inhibition of trypsin by amidase assay.";"B";"BAO_0000357";"single protein format";"None";"None";"None";"None";"None";"";"";"";"CHEMBL209";"Serine protease 1";"Homo sapiens";"SINGLE PROTEIN";"CHEMBL1124749";"1";"Scientific Literature";"J Med Chem";"1990";"None";"";"";"";"2.3"
"CHEMBL3085115";"";"None";"446.57";"0";"1.90";"3";"Cc1ccc(S(=O)(=O)Nc2ccc(C)n(CC(=O)NC[C@H]3CC[C@H](N)CC3)c2=O)cc1";"Ki";"'='";"2100.0";"nM";"5.68";"";"";"UO_0000065";"12.71";"0.25";"3.78";"4.61";"0";"CHEMBL818184";"Binding affinity against human trypsin";"B";"BAO_0000357";"single protein format";"None";"None";"None";"None";"None";"";"";"";"CHEMBL209";"Serine protease 1";"Homo sapiens";"SINGLE PROTEIN";"CHEMBL1130452";"1";"Scientific Literature";"Bioorg Med Chem Lett";"1997";"None";"";"";"";"2100.0"
"CHEMBL351435";"";"None";"461.95";"0";"3.73";"16";"O=C1CN(S(=O)(=O)c2cc3ccc(Cl)cc3s2)CCN1Cc1cc2cnccc2o1";"Ki";"'>'";"2900.0";"nM";"";"";"";"UO_0000065";"";"";"";"";"0";"CHEMBL821459";"Binding affinity towards trypsin";"B";"BAO_0000357";"single protein format";"None";"None";"None";"None";"None";"";"";"";"CHEMBL209";"Serine protease 1";"Homo sapiens";"SINGLE PROTEIN";"CHEMBL1144944";"1";"Scientific Literature";"J Med Chem";"2003";"None";"";"";"";"2900.0"
"CHEMBL3216390";"";"None";"511.50";"1";"0.37";"1 (Inogatran)";"Cl.Cl.N=C(N)NCCCNC(=O)[C@@H]1CCCCN1C(=O)[C@@H](CC1CCCCC1)NCC(=O)O";"Ki";"'='";"45.0";"nM";"7.35";"";"";"UO_0000065";"16.75";"0.32";"6.98";"4.57";"0";"CHEMBL818018";"Selective inhibition of thrombin in several in vitro and in vivo models of thrombosis";"B";"BAO_0000218";"organism-based format";"None";"None";"None";"None";"None";"";"";"";"CHEMBL209";"Serine protease 1";"Homo sapiens";"SINGLE PROTEIN";"CHEMBL1152078";"1";"Scientific Literature";"Bioorg Med Chem Lett";"1997";"None";"";"";"";"45.0"
"CHEMBL330572";"";"None";"445.53";"0";"1.37";"1n";"N=C(N)c1ccc(O)c(CN2CC[C@H](NS(=O)(=O)c3cc4ncccc4s3)C2=O)c1";"Ki";"'='";"1000.0";"nM";"6.00";"";"";"UO_0000065";"13.47";"0.27";"4.63";"4.01";"0";"CHEMBL817137";"Binding affinity against trypsin";"B";"BAO_0000357";"single protein format";"None";"None";"None";"None";"None";"";"";"";"CHEMBL209";"Serine protease 1";"Homo sapiens";"SINGLE PROTEIN";"CHEMBL1131988";"1";"Scientific Literature";"Bioorg Med Chem Lett";"1999";"None";"";"";"";"1000.0"
"CHEMBL327636";"";"None";"423.50";"0";"1.60";"1g";"N=C(N)c1cccc(CN2CC[C@H](NS(=O)(=O)c3ccc4ccncc4c3)C2=O)c1";"Ki";"'>'";"2900.0";"nM";"";"";"";"UO_0000065";"";"";"";"";"0";"CHEMBL817137";"Binding affinity against trypsin";"B";"BAO_0000357";"single protein format";"None";"None";"None";"None";"None";"";"";"";"CHEMBL209";"Serine protease 1";"Homo sapiens";"SINGLE PROTEIN";"CHEMBL1131988";"1";"Scientific Literature";"Bioorg Med Chem Lett";"1999";"None";"";"";"";"2.9"
"CHEMBL93740";"";"None";"438.51";"0";"1.18";"1h";"N=C(N)c1cccc(CN2CC[C@H](NS(=O)(=O)c3ccc4ccnc(N)c4c3)C2=O)c1";"Ki";"'>'";"2900.0";"nM";"";"";"";"UO_0000065";"";"";"";"";"0";"CHEMBL817137";"Binding affinity against trypsin";"B";"BAO_0000357";"single protein format";"None";"None";"None";"None";"None";"";"";"";"CHEMBL209";"Serine protease 1";"Homo sapiens";"SINGLE PROTEIN";"CHEMBL1131988";"1";"Scientific Literature";"Bioorg Med Chem Lett";"1999";"None";"";"";"";"2.9"
"CHEMBL606961";"";"None";"648.57";"None";"None";"11";"CC(=O)N[C@H](Cc1ccccc1)C(=O)N1CCC[C@H]1C(=O)N[C@@H](CCCn1ccnc1[N+](=O)[O-])B1O[C@@H]2CC3CC(C3(C)C)[C@]2(C)O1";"Ki";"'>'";"1200.0";"nM";"";"";"";"UO_0000065";"";"";"";"";"0";"CHEMBL812715";"Tested for selectivity against trypsin";"B";"BAO_0000357";"single protein format";"None";"None";"None";"None";"None";"";"";"";"CHEMBL209";"Serine protease 1";"Homo sapiens";"SINGLE PROTEIN";"CHEMBL1129866";"1";"Scientific Literature";"Bioorg Med Chem Lett";"1997";"None";"";"";"";"1200.0"
"CHEMBL330582";"";"None";"463.97";"0";"2.31";"1y";"N=C(N)c1cccc(CN2CC[C@H](NS(=O)(=O)c3cc4ccc(Cl)nc4s3)C2=O)c1";"Ki";"'>'";"2900.0";"nM";"";"";"";"UO_0000065";"";"";"";"";"0";"CHEMBL817137";"Binding affinity against trypsin";"B";"BAO_0000357";"single protein format";"None";"None";"None";"None";"None";"";"";"";"CHEMBL209";"Serine protease 1";"Homo sapiens";"SINGLE PROTEIN";"CHEMBL1131988";"1";"Scientific Literature";"Bioorg Med Chem Lett";"1999";"None";"";"";"";"2900.0"
"CHEMBL295454";"";"None";"445.54";"0";"2.61";"7b";"COC(=O)[C@H](Cc1cccc(C(=N)N)c1)[C@@H](C)NC(=O)c1ccc(-c2ccc[n+](C)c2)cc1";"Ki";"'='";"52.0";"nM";"7.28";"";"";"UO_0000065";"16.35";"0.30";"4.67";"6.67";"0";"CHEMBL817811";"In vitro inhibitory potency against Trypsin";"B";"BAO_0000357";"single protein format";"Homo sapiens";"None";"None";"None";"None";"";"";"";"CHEMBL209";"Serine protease 1";"Homo sapiens";"SINGLE PROTEIN";"CHEMBL1135155";"1";"Scientific Literature";"Bioorg Med Chem Lett";"2002";"None";"";"";"";"52.0"
"CHEMBL45298";"";"None";"419.49";"0";"2.51";"10b";"COC(=O)[C@H](Cc1cccc(C(=N)N)c1)[C@@H](C)NC(=O)c1ccc(-c2ncc[nH]2)cc1";"Ki";"'='";"490.0";"nM";"6.31";"";"";"UO_0000065";"15.04";"0.28";"3.80";"4.71";"0";"CHEMBL817811";"In vitro inhibitory potency against Trypsin";"B";"BAO_0000357";"single protein format";"Homo sapiens";"None";"None";"None";"None";"";"";"";"CHEMBL209";"Serine protease 1";"Homo sapiens";"SINGLE PROTEIN";"CHEMBL1135155";"1";"Scientific Literature";"Bioorg Med Chem Lett";"2002";"None";"";"";"";"490.0"
"CHEMBL410994";"";"None";"1037.41";"None";"None";"1c";"CCCCCCCCCCN[C@@H](CCCN=C(N)N)C(=O)N[C@H](C(=O)N[C@@H](CCCCN)C(=O)N[C@@H](CCCN=C(N)N)C(=O)CCC(=O)N[C@@H](C(=O)NCC(=O)N[C@H](CC(C)C)C(=O)OC)C(C)C)C(C)C";"Ki";"'='";"20900.0";"nM";"4.68";"";"";"UO_0000065";"4.51";"None";"None";"None";"0";"CHEMBL815015";"Inhibitory activity against trypsin";"B";"BAO_0000357";"single protein format";"None";"None";"None";"None";"None";"";"";"";"CHEMBL209";"Serine protease 1";"Homo sapiens";"SINGLE PROTEIN";"CHEMBL1128743";"1";"Scientific Literature";"J Med Chem";"1995";"None";"";"";"";"20.9"
"CHEMBL143008";"";"None";"407.48";"0";"1.20";"6";"Cc1nc(N)ccc1CNC(=O)Cn1c(C)cnc(NCCc2cccnc2)c1=O";"Ki";"'='";"3800.0";"nM";"5.42";"";"";"UO_0000065";"13.30";"0.25";"4.22";"4.24";"0";"CHEMBL815470";"Inhibitory constant against human trypsin";"B";"BAO_0000357";"single protein format";"None";"None";"None";"None";"None";"";"";"";"CHEMBL209";"Serine protease 1";"Homo sapiens";"SINGLE PROTEIN";"CHEMBL1145961";"1";"Scientific Literature";"J Med Chem";"2003";"None";"";"";"";"3800.0"
"CHEMBL307427";"";"None";"662.80";"2";"1.27";"61";"N=C(N)Nc1ccc(CNC(=O)N2CCN(C(=O)CCCCC(=O)N3CCN(C(=O)NCc4ccc(NC(=N)N)cc4)CC3)CC2)cc1";"Ki";"'='";"54000.0";"nM";"4.27";"";"";"UO_0000065";"6.44";"0.12";"3.00";"1.86";"0";"CHEMBL824723";"Compound was evaluated for its inhibitory potency against trypsin";"B";"BAO_0000357";"single protein format";"None";"None";"None";"None";"None";"";"";"";"CHEMBL209";"Serine protease 1";"Homo sapiens";"SINGLE PROTEIN";"CHEMBL1132784";"1";"Scientific Literature";"Bioorg Med Chem Lett";"2000";"None";"";"";"";"54.0"
"CHEMBL161432";"";"None";"476.97";"0";"2.70";"19";"O=C1CN(S(=O)(=O)c2cc3ccc(Cl)cc3s2)CCN1Cc1cc2c[n+]([O-])ccc2[nH]1";"Ki";"'>'";"2900.0";"nM";"";"";"";"UO_0000065";"";"";"";"";"0";"CHEMBL821459";"Binding affinity towards trypsin";"B";"BAO_0000357";"single protein format";"None";"None";"None";"None";"None";"";"";"";"CHEMBL209";"Serine protease 1";"Homo sapiens";"SINGLE PROTEIN";"CHEMBL1144944";"1";"Scientific Literature";"J Med Chem";"2003";"None";"";"";"";"2900.0"
"CHEMBL48046";"";"None";"458.56";"0";"3.25";"9b";"COC(=O)[C@H](Cc1cccc(C(=N)N)c1)[C@@H](C)NC(=O)c1ccc(-c2cccc(CN)c2)cc1";"Ki";"'='";"69.0";"nM";"7.16";"";"";"UO_0000065";"15.62";"0.29";"3.91";"5.45";"0";"CHEMBL817805";"In vitro inhibitory activity against human trypsin";"B";"BAO_0000357";"single protein format";"None";"None";"None";"None";"None";"";"";"";"CHEMBL209";"Serine protease 1";"Homo sapiens";"SINGLE PROTEIN";"CHEMBL1135154";"1";"Scientific Literature";"Bioorg Med Chem Lett";"2002";"None";"";"";"";"69.0"
"CHEMBL342168";"";"None";"475.57";"0";"3.60";"78";"CCNS(=O)(=O)c1ccccc1-c1ccc(NC(=O)Cc2c[nH]c3ccc(C(=N)N)cc23)cc1";"Ki";"'='";"160.0";"nM";"6.80";"";"";"UO_0000065";"14.29";"0.27";"3.20";"4.82";"0";"CHEMBL818182";"Binding affinity against human trypsin";"B";"BAO_0000357";"single protein format";"None";"None";"None";"None";"None";"";"";"";"CHEMBL209";"Serine protease 1";"Homo sapiens";"SINGLE PROTEIN";"CHEMBL1133520";"1";"Scientific Literature";"J Med Chem";"2000";"None";"";"";"";"160.0"
"CHEMBL32686";"";"None";"432.51";"0";"0.29";"4a";"Cc1nc(N)ccc1CNC(=O)Cn1c(C)cc2c(c1=O)NCN(C1CC1)S2(=O)=O";"Ki";"'='";"10000.0";"nM";"5.00";"";"";"UO_0000065";"11.56";"0.23";"4.71";"3.59";"0";"CHEMBL817816";"Inhibitory activity against human trypsin";"B";"BAO_0000357";"single protein format";"None";"None";"None";"None";"None";"";"";"";"CHEMBL209";"Serine protease 1";"Homo sapiens";"SINGLE PROTEIN";"CHEMBL1136704";"1";"Scientific Literature";"Bioorg Med Chem Lett";"2003";"None";"";"";"";"10000.0"
"CHEMBL161158";"";"None";"519.00";"1";"3.02";"22";"O=C(O)Cn1c(CN2CCN(S(=O)(=O)c3cc4ccc(Cl)cc4s3)CC2=O)cc2cnccc21";"Ki";"'>'";"2900.0";"nM";"";"";"";"UO_0000065";"";"";"";"";"0";"CHEMBL821459";"Binding affinity towards trypsin";"B";"BAO_0000357";"single protein format";"None";"None";"None";"None";"None";"";"";"";"CHEMBL209";"Serine protease 1";"Homo sapiens";"SINGLE PROTEIN";"CHEMBL1144944";"1";"Scientific Literature";"J Med Chem";"2003";"None";"";"";"";"2900.0"
"CHEMBL306620";"";"None";"750.82";"2";"0.46";"60";"N=C(N)Nc1ccc(CNC(=O)N2CCN(C(=O)O[C@@H]3CO[C@H]4[C@@H]3OC[C@H]4OC(=O)N3CCN(C(=O)NCc4ccc(NC(=N)N)cc4)CC3)CC2)cc1";"Ki";"'='";"15000.0";"nM";"4.82";"";"";"UO_0000065";"6.42";"0.12";"4.36";"1.81";"0";"CHEMBL824723";"Compound was evaluated for its inhibitory potency against trypsin";"B";"BAO_0000357";"single protein format";"None";"None";"None";"None";"None";"";"";"";"CHEMBL209";"Serine protease 1";"Homo sapiens";"SINGLE PROTEIN";"CHEMBL1132784";"1";"Scientific Literature";"Bioorg Med Chem Lett";"2000";"None";"";"";"";"15.0"
"CHEMBL606951";"";"None";"758.19";"None";"None";"2";"CCCCS(=O)(=O)N[C@H](Cc1ccccc1)C(=O)N1CCC[C@H]1C(=O)N[C@@H](CCCNc1cc(Cl)nc(N)n1)B1O[C@@H]2CC3CC(C3(C)C)[C@]2(C)O1";"Ki";"'='";"214.0";"nM";"6.67";"";"";"UO_0000065";"8.80";"None";"None";"None";"0";"CHEMBL812715";"Tested for selectivity against trypsin";"B";"BAO_0000357";"single protein format";"None";"None";"None";"None";"None";"";"";"";"CHEMBL209";"Serine protease 1";"Homo sapiens";"SINGLE PROTEIN";"CHEMBL1129866";"1";"Scientific Literature";"Bioorg Med Chem Lett";"1997";"None";"";"";"";"214.0"
"CHEMBL124809";"";"None";"596.61";"0";"0.37";"19";"COS(=O)(=O)N1CCC[C@H]1C(=O)N[C@@H](CCCN=C(N)N)C(=O)c1nc2ccccc2s1.O=C(O)C(F)(F)F";"Ki";"'='";"38.0";"nM";"7.42";"";"";"UO_0000065";"15.38";"0.32";"7.05";"4.36";"0";"CHEMBL655074";"In vitro inhibition of bovine trypsin.";"B";"BAO_0000357";"single protein format";"None";"None";"None";"None";"None";"";"";"";"CHEMBL209";"Serine protease 1";"Homo sapiens";"SINGLE PROTEIN";"CHEMBL1145070";"1";"Scientific Literature";"J Med Chem";"2003";"None";"";"";"";"38.0"
"CHEMBL283293";"";"None";"527.63";"2";"5.39";"8h";"CC(=N)N1CCC(Oc2ccc3c(nc(C(C)C)n3Cc3ccc4ccc(C(=N)N)cc4c3)c2[N+](=O)[O-])CC1";"Ki";"'='";"3.0";"nM";"8.52";"";"";"UO_0000065";"16.15";"0.30";"3.13";"5.79";"0";"CHEMBL817144";"Tested in vitro for the selectivity against trypsin (Trp)";"B";"BAO_0000357";"single protein format";"None";"None";"None";"None";"None";"";"";"";"CHEMBL209";"Serine protease 1";"Homo sapiens";"SINGLE PROTEIN";"CHEMBL1135304";"1";"Scientific Literature";"Bioorg Med Chem Lett";"2002";"None";"";"";"";"3.0"
"CHEMBL340183";"";"None";"544.56";"0";"1.03";"12";"CC(=O)N1CCC[C@H]1C(=O)N[C@@H](CCCN=C(N)N)C(=O)c1nc2ccccc2s1.O=C(O)C(F)(F)F";"Ki";"'='";"4.0";"nM";"8.40";"";"";"UO_0000065";"19.51";"0.38";"7.37";"5.84";"0";"CHEMBL655074";"In vitro inhibition of bovine trypsin.";"B";"BAO_0000357";"single protein format";"None";"None";"None";"None";"None";"";"";"";"CHEMBL209";"Serine protease 1";"Homo sapiens";"SINGLE PROTEIN";"CHEMBL1145070";"1";"Scientific Literature";"J Med Chem";"2003";"None";"";"";"";"4.0"
"CHEMBL127773";"";"None";"558.54";"0";"0.21";"14";"CC(=O)N1CC(=O)C[C@H]1C(=O)N[C@@H](CCCN=C(N)N)C(=O)c1nc2ccccc2s1.O=C(O)C(F)(F)F";"Ki";"'='";"9.9";"nM";"8.00";"";"";"UO_0000065";"18.01";"0.35";"7.79";"4.98";"0";"CHEMBL655074";"In vitro inhibition of bovine trypsin.";"B";"BAO_0000357";"single protein format";"None";"None";"None";"None";"None";"";"";"";"CHEMBL209";"Serine protease 1";"Homo sapiens";"SINGLE PROTEIN";"CHEMBL1145070";"1";"Scientific Literature";"J Med Chem";"2003";"None";"";"";"";"9.9"
"CHEMBL24915";"";"None";"447.58";"0";"4.74";"20d";"CCc1nc2ccc(OC3CCN(C(C)=N)CC3)cc2n1C/C=C/c1cc(N)ccc1OC";"Ki";"'='";"130.0";"nM";"6.89";"";"";"UO_0000065";"15.39";"0.28";"2.15";"7.70";"0";"CHEMBL817144";"Tested in vitro for the selectivity against trypsin (Trp)";"B";"BAO_0000357";"single protein format";"None";"None";"None";"None";"None";"";"";"";"CHEMBL209";"Serine protease 1";"Homo sapiens";"SINGLE PROTEIN";"CHEMBL1135304";"1";"Scientific Literature";"Bioorg Med Chem Lett";"2002";"None";"";"";"";"130.0"
"CHEMBL341083";"";"None";"510.50";"0";"-1.15";"21";"CC(=O)N1C[C@H](O)C[C@H]1C(=O)NC(CCCN=C(N)N)C(=O)c1nccs1.O=C(O)C(F)(F)F";"Ki";"'='";"81.0";"nM";"7.09";"";"";"UO_0000065";"17.89";"0.36";"8.24";"4.32";"0";"CHEMBL655074";"In vitro inhibition of bovine trypsin.";"B";"BAO_0000357";"single protein format";"None";"None";"None";"None";"None";"";"";"";"CHEMBL209";"Serine protease 1";"Homo sapiens";"SINGLE PROTEIN";"CHEMBL1145070";"1";"Scientific Literature";"J Med Chem";"2003";"None";"";"";"";"81.0"
"CHEMBL156043";"";"None";"368.43";"0";"3.04";"16";"COC(=O)CC(CCc1ccc(C(=O)OC)cc1)c1cccc(C(=N)N)c1";"Ki";"'='";"330.0";"nM";"6.48";"";"";"UO_0000065";"17.59";"0.33";"3.44";"6.33";"0";"CHEMBL811612";"In vitro inhibition of trypsin";"B";"BAO_0000357";"single protein format";"None";"None";"None";"None";"None";"";"";"";"CHEMBL209";"Serine protease 1";"Homo sapiens";"SINGLE PROTEIN";"CHEMBL1131205";"1";"Scientific Literature";"J Med Chem";"1998";"None";"";"";"";"330.0"
"CHEMBL423480";"";"None";"417.56";"0";"4.73";"20a";"CCc1nc2ccc(OC3CCN(C(C)=N)CC3)cc2n1C/C=C/c1ccc(N)cc1";"Ki";"'='";"320.0";"nM";"6.50";"";"";"UO_0000065";"15.55";"0.29";"1.76";"8.10";"0";"CHEMBL817144";"Tested in vitro for the selectivity against trypsin (Trp)";"B";"BAO_0000357";"single protein format";"None";"None";"None";"None";"None";"";"";"";"CHEMBL209";"Serine protease 1";"Homo sapiens";"SINGLE PROTEIN";"CHEMBL1135304";"1";"Scientific Literature";"Bioorg Med Chem Lett";"2002";"None";"";"";"";"320.0"
"CHEMBL296663";"";"None";"503.46";"None";"None";"14";"CC1(C)C2CC1[C@]1(C)OB([C@H](CCCN=C(N)N)NC(=O)c3ccc(-c4ccccc4)cc3N)O[C@@H]1C2";"Ki";"'='";"5.3";"nM";"8.28";"";"";"UO_0000065";"16.44";"None";"None";"None";"0";"CHEMBL811780";"Inhibition of trypsin";"B";"BAO_0000357";"single protein format";"None";"None";"None";"None";"None";"";"";"";"CHEMBL209";"Serine protease 1";"Homo sapiens";"SINGLE PROTEIN";"CHEMBL1151536";"1";"Scientific Literature";"Bioorg Med Chem Lett";"1997";"None";"";"";"";"5.3"
"CHEMBL10346";"";"None";"467.61";"0";"3.33";"2j";"Cc1nc(N)ccc1CNC(=O)Cn1c(C)cc2c(c1=O)NC(=O)C(CC(C)C)(CC(C)C)C2";"Ki";"'='";"0.27";"nM";"9.57";"";"";"UO_0000065";"20.46";"0.38";"6.24";"8.03";"0";"CHEMBL815657";"The compound was tested for its ability to inhibit thrombin.";"B";"BAO_0000357";"single protein format";"None";"None";"None";"None";"None";"";"";"";"CHEMBL209";"Serine protease 1";"Homo sapiens";"SINGLE PROTEIN";"CHEMBL1132875";"1";"Scientific Literature";"Bioorg Med Chem Lett";"2000";"None";"";"";"";"0.27"
"CHEMBL157479";"";"None";"463.52";"1";"-1.01";"18";"N/C(=N\O)c1ccc(CNC(=O)CNC(=O)[C@@H](CO)NS(=O)(=O)Cc2ccccc2)cc1";"Ki";"'>'";"1000000.0";"nM";"";"Outside typical range";"";"UO_0000065";"";"";"";"";"0";"CHEMBL811611";"In vitro inhibition of trypsin.";"B";"BAO_0000357";"single protein format";"None";"None";"None";"None";"None";"";"";"";"CHEMBL209";"Serine protease 1";"Homo sapiens";"SINGLE PROTEIN";"CHEMBL1135855";"1";"Scientific Literature";"Bioorg Med Chem Lett";"2002";"None";"";"";"";"1000.0"
"CHEMBL431292";"CVS-2359";"None";"510.55";"1";"-0.14";"CVS-2359";"Cc1ccc(NS(=O)(=O)Cc2ccccc2F)c(=O)n1CC(=O)N[C@H](CCCN=C(N)N)C(=O)O";"Ki";"'='";"12.4";"nM";"7.91";"";"";"UO_0000065";"15.49";"0.31";"8.05";"3.97";"0";"CHEMBL817809";"In vitro inhibitory constant against trypsin";"B";"BAO_0000357";"single protein format";"Homo sapiens";"None";"None";"None";"None";"";"";"";"CHEMBL209";"Serine protease 1";"Homo sapiens";"SINGLE PROTEIN";"CHEMBL1136066";"1";"Scientific Literature";"Bioorg Med Chem Lett";"2002";"None";"";"";"";"12.4"
"CHEMBL142240";"";"None";"466.85";"0";"2.65";"28";"Cc1ccnc(CNC(=O)Cn2c(Cl)cnc(NCC(F)(F)c3ccccn3)c2=O)c1F";"Ki";"'='";"80000.0";"nM";"4.10";"";"";"UO_0000065";"8.78";"0.17";"1.45";"4.02";"0";"CHEMBL815470";"Inhibitory constant against human trypsin";"B";"BAO_0000357";"single protein format";"None";"None";"None";"None";"None";"";"";"";"CHEMBL209";"Serine protease 1";"Homo sapiens";"SINGLE PROTEIN";"CHEMBL1145961";"1";"Scientific Literature";"J Med Chem";"2003";"None";"";"";"";"80.0"
"CHEMBL93480";"";"None";"405.55";"0";"3.66";"17";"N=C(N)c1ccc(N2CCCCN(C3CCN(Cc4ccccc4)CC3)C2=O)cc1";"Ki";"'>'";"1600.0";"nM";"";"";"";"UO_0000065";"";"";"";"";"0";"CHEMBL811778";"Compound was tested for inhibition of trypsin.";"B";"BAO_0000357";"single protein format";"None";"None";"None";"None";"None";"";"";"";"CHEMBL209";"Serine protease 1";"Homo sapiens";"SINGLE PROTEIN";"CHEMBL1131265";"1";"Scientific Literature";"Bioorg Med Chem Lett";"1998";"None";"";"";"";"1600.0"
"CHEMBL46414";"";"None";"473.53";"0";"3.49";"9g";"COC(=O)[C@H](Cc1cccc(C(=N)N)c1)[C@@H](C)NC(=O)c1ccc(-c2ccc(C(=O)O)cc2)cc1";"Ki";"";"";"nM";"";"";"Not Determined";"UO_0000065";"";"";"";"";"0";"CHEMBL817806";"In vitro inhibitory activity against human trypsin; Not determined";"B";"BAO_0000357";"single protein format";"None";"None";"None";"None";"None";"";"";"";"CHEMBL209";"Serine protease 1";"Homo sapiens";"SINGLE PROTEIN";"CHEMBL1135154";"1";"Scientific Literature";"Bioorg Med Chem Lett";"2002";"None";"";"";"";""
"CHEMBL168164";"";"None";"555.75";"1";"2.84";"37";"Cn1cc2c(n1)CCC(NC(=O)[C@@H]1CCCN1C(=O)[C@@H](CC1CCCCC1)NS(=O)(=O)Cc1ccccc1)C2";"Ki";"'='";"730300.0";"nM";"";"Outside typical range";"";"UO_0000065";"";"";"";"";"0";"CHEMBL817808";"In vitro inhibitory activity against Trypsin";"B";"BAO_0000357";"single protein format";"None";"None";"None";"None";"None";"";"";"";"CHEMBL209";"Serine protease 1";"Homo sapiens";"SINGLE PROTEIN";"CHEMBL1136607";"1";"Scientific Literature";"Bioorg Med Chem Lett";"2003";"None";"";"";"";"730.3"
"CHEMBL289395";"";"None";"460.71";"0";"3.72";"6";"NC1CCC(CNC(=O)[C@@H]2CCCN2C(=O)[C@H](N)C(C2CCCCC2)C2CCCCC2)CC1";"Ki";"'='";"120.0";"nM";"6.92";"";"";"UO_0000065";"15.02";"0.29";"3.20";"6.82";"0";"CHEMBL817815";"Inhibitory activity against human serine protease (Trypsin)(2143*)";"B";"BAO_0000357";"single protein format";"None";"None";"None";"None";"None";"";"";"";"CHEMBL209";"Serine protease 1";"Homo sapiens";"SINGLE PROTEIN";"CHEMBL1130205";"1";"Scientific Literature";"J Med Chem";"1997";"None";"";"";"";"0.12"
"CHEMBL332157";"";"None";"462.50";"0";"1.51";"1";"N=C(N)c1cccc(-n2nnnc2C(=O)Nc2ccc(-c3ccccc3S(N)(=O)=O)cc2)c1";"Ki";"'='";"6.4";"nM";"8.19";"";"";"UO_0000065";"17.72";"0.34";"6.68";"4.48";"0";"CHEMBL817820";"Inhibitory constant against trypsin using human purified enzymes";"B";"BAO_0000357";"single protein format";"Homo sapiens";"None";"None";"None";"None";"";"";"";"CHEMBL209";"Serine protease 1";"Homo sapiens";"SINGLE PROTEIN";"CHEMBL1136511";"1";"Scientific Literature";"Bioorg Med Chem Lett";"2003";"None";"";"";"";"6.4"
"CHEMBL11181";"";"None";"425.53";"0";"2.31";"2i";"Cc1nc(N)ccc1CNC(=O)Cn1c(C)cc2c(c1=O)NC(=O)[C@](C)(CC(C)C)C2";"Ki";"'='";"0.24";"nM";"9.62";"";"";"UO_0000065";"22.61";"0.42";"7.31";"8.08";"0";"CHEMBL815657";"The compound was tested for its ability to inhibit thrombin.";"B";"BAO_0000357";"single protein format";"None";"None";"None";"None";"None";"";"";"";"CHEMBL209";"Serine protease 1";"Homo sapiens";"SINGLE PROTEIN";"CHEMBL1132875";"1";"Scientific Literature";"Bioorg Med Chem Lett";"2000";"None";"";"";"";"0.24"
"CHEMBL108717";"";"None";"450.97";"0";"1.72";"14a";"NC(=O)COc1ccc(Cl)cc1CNC(=O)[C@@H]1CCCN1C(=O)[C@H](N)C1CCCCC1";"Ki";"'='";"9000.0";"nM";"5.05";"";"";"UO_0000065";"11.19";"0.22";"3.33";"3.95";"0";"CHEMBL819276";"Binding affinity was evaluated on serine protease trypsin.";"B";"BAO_0000357";"single protein format";"None";"None";"None";"None";"None";"";"";"";"CHEMBL209";"Serine protease 1";"Homo sapiens";"SINGLE PROTEIN";"CHEMBL1131061";"1";"Scientific Literature";"J Med Chem";"1998";"None";"";"";"";"9.0"
"CHEMBL122894";"";"None";"547.62";"0";"3.83";"7";"NC1CCC(CNC(=O)[C@@H]2CCCN2C(=O)CC(c2ccccc2)c2ccccc2)CC1.O=C(O)C(F)(F)F";"Ki";"'='";"353.0";"nM";"6.45";"";"";"UO_0000065";"14.88";"0.28";"2.62";"8.55";"0";"CHEMBL817812";"In vitro inhibition of human trypsin.";"B";"BAO_0000357";"single protein format";"None";"None";"None";"None";"None";"";"";"";"CHEMBL209";"Serine protease 1";"Homo sapiens";"SINGLE PROTEIN";"CHEMBL1130225";"1";"Scientific Literature";"J Med Chem";"1997";"None";"";"";"";"353.0"
"CHEMBL42039";"";"None";"479.02";"0";"2.37";"14b";"CCNC(=O)COc1ccc(Cl)cc1CNC(=O)[C@@H]1CCCN1C(=O)[C@H](N)C1CCCCC1";"Ki";"'='";"23000.0";"nM";"4.64";"";"";"UO_0000065";"9.68";"0.19";"2.27";"4.08";"0";"CHEMBL819276";"Binding affinity was evaluated on serine protease trypsin.";"B";"BAO_0000357";"single protein format";"None";"None";"None";"None";"None";"";"";"";"CHEMBL209";"Serine protease 1";"Homo sapiens";"SINGLE PROTEIN";"CHEMBL1131061";"1";"Scientific Literature";"J Med Chem";"1998";"None";"";"";"";"23.0"
"CHEMBL317682";"";"None";"349.24";"None";"None";"12a";"CN(CC(=O)N[C@@H](CCCCN)B(O)O)C(=O)CCc1ccccc1";"Ki";"'='";"2.8";"nM";"8.55";"";"";"UO_0000065";"24.49";"None";"None";"None";"0";"CHEMBL811782";"Compound was tested in vitro for inhibition of trypsin";"B";"BAO_0000357";"single protein format";"None";"None";"None";"None";"None";"";"";"";"CHEMBL209";"Serine protease 1";"Homo sapiens";"SINGLE PROTEIN";"CHEMBL1149934";"1";"Scientific Literature";"Bioorg Med Chem Lett";"1996";"None";"";"";"";"2.8"
"CHEMBL109287";"";"None";"272.31";"0";"3.96";"21";"N#Cc1ccc2cc(NC(=O)c3ccccc3)ccc2c1";"Ki";"'='";"2610.0";"nM";"5.58";"";"";"UO_0000065";"20.50";"0.36";"1.62";"10.56";"0";"CHEMBL819934";"Binding affinity against porcine trypsin was determined.";"B";"BAO_0000357";"single protein format";"Sus scrofa";"None";"None";"None";"None";"";"";"";"CHEMBL209";"Serine protease 1";"Homo sapiens";"SINGLE PROTEIN";"CHEMBL1148377";"1";"Scientific Literature";"J Med Chem";"2004";"None";"";"";"";"2.61"
"CHEMBL176568";"";"None";"483.57";"0";"4.67";"18e";"CC(=N)N1CCC(Oc2ccc3cc(C(=O)O)n(Cc4ccc5ccc(C(=N)N)cc5c4)c3c2)CC1";"Ki";"'='";"60.0";"nM";"7.22";"";"";"UO_0000065";"14.93";"0.27";"2.55";"5.62";"0";"CHEMBL815755";"In vitro inhibition of bovine trypsin.";"B";"BAO_0000357";"single protein format";"None";"None";"None";"None";"None";"";"";"";"CHEMBL209";"Serine protease 1";"Homo sapiens";"SINGLE PROTEIN";"CHEMBL1133499";"1";"Scientific Literature";"Bioorg Med Chem Lett";"2000";"None";"";"";"";"60.0"
"CHEMBL324168";"";"None";"318.38";"0";"2.83";"25";"N=C(N)c1ccc2cc(C(=O)Nc3ccc(CN)cc3)ccc2c1";"Ki";"'='";"2080.0";"nM";"5.68";"";"";"UO_0000065";"17.85";"0.32";"2.85";"5.41";"0";"CHEMBL819934";"Binding affinity against porcine trypsin was determined.";"B";"BAO_0000357";"single protein format";"Sus scrofa";"None";"None";"None";"None";"";"";"";"CHEMBL209";"Serine protease 1";"Homo sapiens";"SINGLE PROTEIN";"CHEMBL1148377";"1";"Scientific Literature";"J Med Chem";"2004";"None";"";"";"";"2080.0"
"CHEMBL431814";"";"None";"391.28";"None";"None";"10";"CNC(=N)NCCC[C@H](NC(=O)CN(C)C(=O)CCc1ccccc1)B(O)O";"Ki";"'='";"18.0";"nM";"7.75";"";"";"UO_0000065";"19.79";"None";"None";"None";"0";"CHEMBL811782";"Compound was tested in vitro for inhibition of trypsin";"B";"BAO_0000357";"single protein format";"None";"None";"None";"None";"None";"";"";"";"CHEMBL209";"Serine protease 1";"Homo sapiens";"SINGLE PROTEIN";"CHEMBL1149934";"1";"Scientific Literature";"Bioorg Med Chem Lett";"1996";"None";"";"";"";"18.0"
"CHEMBL164915";"";"None";"555.75";"1";"3.08";"23";"O=C(NCC1CCc2n[nH]cc2C1)[C@@H]1CCCN1C(=O)[C@@H](CC1CCCCC1)NS(=O)(=O)Cc1ccccc1";"Ki";"'>'";"68300.0";"nM";"";"";"";"UO_0000065";"";"";"";"";"0";"CHEMBL817808";"In vitro inhibitory activity against Trypsin";"B";"BAO_0000357";"single protein format";"None";"None";"None";"None";"None";"";"";"";"CHEMBL209";"Serine protease 1";"Homo sapiens";"SINGLE PROTEIN";"CHEMBL1136607";"1";"Scientific Literature";"Bioorg Med Chem Lett";"2003";"None";"";"";"";"68.3"
"CHEMBL336438";"";"None";"420.52";"0";"2.20";"31";"Cc1nc(N)ccc1CNC(=O)Cn1c(C)cnc(N[C@H](C)Cc2ccccc2)c1=O";"Ki";"'='";"1500.0";"nM";"5.82";"";"";"UO_0000065";"13.85";"0.26";"3.62";"5.07";"0";"CHEMBL817818";"Inhibitory activity against trypsin was determined";"B";"BAO_0000357";"single protein format";"None";"None";"None";"None";"None";"";"";"";"CHEMBL209";"Serine protease 1";"Homo sapiens";"SINGLE PROTEIN";"CHEMBL1131169";"1";"Scientific Literature";"J Med Chem";"1998";"None";"";"";"";"1500.0"
"CHEMBL12720";"";"None";"137.18";"0";"1.15";"4 (table 3)";"COc1ccc(CN)cc1";"Ki";"'='";"1000000000.0";"nM";"";"Outside typical range";"";"UO_0000065";"";"";"";"";"0";"CHEMBL858270";"Inhibition of trypsin";"B";"BAO_0000357";"single protein format";"None";"None";"None";"None";"None";"";"";"";"CHEMBL209";"Serine protease 1";"Homo sapiens";"SINGLE PROTEIN";"CHEMBL1132536";"1";"Scientific Literature";"J Med Chem";"1999";"None";"";"";"";"0.0"
"CHEMBL162635";"";"None";"421.55";"0";"2.32";"8";"N=C(N)c1cccc(C(=O)NC(C(=O)NCC2CCC(CN)CC2)c2ccccc2)c1";"Ki";"'='";"5600.0";"nM";"5.25";"";"";"UO_0000065";"12.46";"0.23";"2.93";"3.92";"0";"CHEMBL818185";"Binding affinity against human trypsin";"B";"BAO_0000357";"single protein format";"None";"None";"None";"None";"None";"";"";"";"CHEMBL209";"Serine protease 1";"Homo sapiens";"SINGLE PROTEIN";"CHEMBL1134227";"1";"Scientific Literature";"Bioorg Med Chem Lett";"2001";"None";"";"";"";"5.6"
"CHEMBL53829";"";"None";"544.34";"2";"4.83";"14";"N=C(N)c1ccc2[nH]c(-c3cc(CCOP(=O)(O)O)cc(Br)c3O)c(Cc3ccccc3)c2c1";"Ki";"'='";"3800.0";"nM";"5.42";"";"";"UO_0000065";"9.96";"0.22";"0.59";"3.55";"0";"CHEMBL874090";"Inhibitory activity against trypsin in human plasma";"B";"BAO_0000366";"cell-free format";"None";"CHEMBL3559721";"Plasma";"None";"None";"";"";"";"CHEMBL209";"Serine protease 1";"Homo sapiens";"SINGLE PROTEIN";"CHEMBL1134132";"1";"Scientific Literature";"Bioorg Med Chem Lett";"2001";"None";"";"";"";"3.8"
"CHEMBL142566";"";"None";"420.52";"0";"2.37";"2";"Cc1nc(N)ccc1CNC(=O)Cn1c(C)cnc(NCC(C)c2ccccc2)c1=O";"Ki";"'='";"1600.0";"nM";"5.80";"";"";"UO_0000065";"13.78";"0.26";"3.43";"5.04";"0";"CHEMBL815470";"Inhibitory constant against human trypsin";"B";"BAO_0000357";"single protein format";"None";"None";"None";"None";"None";"";"";"";"CHEMBL209";"Serine protease 1";"Homo sapiens";"SINGLE PROTEIN";"CHEMBL1145961";"1";"Scientific Literature";"J Med Chem";"2003";"None";"";"";"";"1600.0"
"CHEMBL417635";"";"None";"397.48";"0";"-0.14";"NC28";"Cc1cnc(NCCc2ccccc2)c(=O)n1CC(=O)NCC1CN=C(N)NC1";"Ki";"";"";"nM";"";"";"Not Active";"UO_0000065";"";"";"";"";"0";"CHEMBL817810";"In vitro inhibitory constant against trypsin; Inactive";"B";"BAO_0000357";"single protein format";"None";"None";"None";"None";"None";"";"";"";"CHEMBL209";"Serine protease 1";"Homo sapiens";"SINGLE PROTEIN";"CHEMBL1136066";"1";"Scientific Literature";"Bioorg Med Chem Lett";"2002";"None";"";"";"";""
"CHEMBL75749";"";"None";"638.73";"2";"1.77";"26";"N=C(N)Nc1ccc(CNC(=O)NCC(=O)O[C@H]2CCC[C@@H](OC(=O)CNC(=O)NCc3ccc(NC(=N)N)cc3)CCC2)cc1";"Ki";"'='";"78000.0";"nM";"4.11";"";"";"UO_0000065";"6.43";"0.12";"2.34";"1.59";"0";"CHEMBL824722";"Inhibitory potency against trypsin";"B";"BAO_0000357";"single protein format";"None";"None";"None";"None";"None";"";"";"";"CHEMBL209";"Serine protease 1";"Homo sapiens";"SINGLE PROTEIN";"CHEMBL1132783";"1";"Scientific Literature";"Bioorg Med Chem Lett";"2000";"None";"";"";"";"78.0"
"CHEMBL164333";"";"None";"417.47";"0";"1.79";"8b";"Cc1cnc(NCCc2ccccn2)c(=O)n1CC(=O)NCc1ccc2[nH]ccc2n1";"Ki";"'>'";"1000000.0";"nM";"";"Outside typical range";"";"UO_0000065";"";"";"";"";"0";"CHEMBL817814";"Inhibition of Trypsin";"B";"BAO_0000357";"single protein format";"Homo sapiens";"None";"None";"None";"None";"";"";"";"CHEMBL209";"Serine protease 1";"Homo sapiens";"SINGLE PROTEIN";"CHEMBL1136608";"1";"Scientific Literature";"Bioorg Med Chem Lett";"2003";"None";"";"";"";"1000000.0"
"CHEMBL267387";"";"None";"552.02";"1";"3.03";"22 (-)";"Nc1cc(C2=NOC(Cn3cccn3)(C(=O)Nc3ccc(-c4ccccc4S(N)(=O)=O)cn3)C2)ccc1Cl";"Ki";"'>'";"1600.0";"nM";"";"";"";"UO_0000065";"";"";"";"";"0";"CHEMBL878974";"Inhibitory activity against trypsin using human purified enzyme";"B";"BAO_0000357";"single protein format";"None";"None";"None";"None";"None";"";"";"";"CHEMBL209";"Serine protease 1";"Homo sapiens";"SINGLE PROTEIN";"CHEMBL1145764";"1";"Scientific Literature";"Bioorg Med Chem Lett";"2003";"None";"";"";"";"1600.0"
"CHEMBL177078";"";"None";"508.65";"1";"0.70";"3 ((2R,4R)-MQPA)";"CC1CNc2c(cccc2S(=O)(=O)N[C@@H](CCCN=C(N)N)C(=O)N2CC[C@@H](C)CC2C(=O)O)C1";"Ki";"'='";"5000.0";"nM";"5.30";"";"";"UO_0000065";"10.42";"0.21";"4.60";"2.94";"0";"CHEMBL811784";"Inhibitory Activity against Trypsin";"B";"BAO_0000357";"single protein format";"None";"None";"None";"None";"None";"";"";"";"CHEMBL209";"Serine protease 1";"Homo sapiens";"SINGLE PROTEIN";"CHEMBL1133610";"1";"Scientific Literature";"J Med Chem";"2000";"None";"";"";"";"5.0"
"CHEMBL3216901";"";"None";"503.34";"0";"2.70";"21";"Cl.Cl.N=C(N)c1ccc(OCCCCCOc2ccc(C(=N)N)cc2[N+](=O)[O-])c([N+](=O)[O-])c1";"Ki";"'='";"1000.0";"nM";"6.00";"";"";"UO_0000065";"13.94";"0.26";"3.30";"2.93";"0";"CHEMBL815012";"Inhibition of trypsin by amidase assay.";"B";"BAO_0000357";"single protein format";"None";"None";"None";"None";"None";"";"";"";"CHEMBL209";"Serine protease 1";"Homo sapiens";"SINGLE PROTEIN";"CHEMBL1124749";"1";"Scientific Literature";"J Med Chem";"1990";"None";"";"";"";"1.0"
"CHEMBL8090";"";"None";"528.98";"1";"1.88";"11 (+/-)";"Nc1cc(C2=NOC(CNC=O)(C(=O)Nc3ccc(-c4ccccc4S(N)(=O)=O)cn3)C2)ccc1Cl";"Ki";"'>'";"8000.0";"nM";"";"";"";"UO_0000065";"";"";"";"";"0";"CHEMBL878974";"Inhibitory activity against trypsin using human purified enzyme";"B";"BAO_0000357";"single protein format";"None";"None";"None";"None";"None";"";"";"";"CHEMBL209";"Serine protease 1";"Homo sapiens";"SINGLE PROTEIN";"CHEMBL1145764";"1";"Scientific Literature";"Bioorg Med Chem Lett";"2003";"None";"";"";"";"8000.0"
"CHEMBL267681";"";"None";"543.01";"1";"2.27";"10 (+/-)";"CC(=O)NCC1(C(=O)Nc2ccc(-c3ccccc3S(N)(=O)=O)cn2)CC(c2ccc(Cl)c(N)c2)=NO1";"Ki";"'>'";"1600.0";"nM";"";"";"";"UO_0000065";"";"";"";"";"0";"CHEMBL878974";"Inhibitory activity against trypsin using human purified enzyme";"B";"BAO_0000357";"single protein format";"None";"None";"None";"None";"None";"";"";"";"CHEMBL209";"Serine protease 1";"Homo sapiens";"SINGLE PROTEIN";"CHEMBL1145764";"1";"Scientific Literature";"Bioorg Med Chem Lett";"2003";"None";"";"";"";"1600.0"
"CHEMBL3642939";"";"None";"446.42";"0";"0.46";"BDBM109666";"CC(Cc1ccc(C(=O)Oc2ccc(C(=N)N)cc2)o1)C(=O)NN(CC(=O)O)CC(=O)O";"Ki";"'='";"3.8";"nM";"8.42";"";"230145";"UO_0000065";"18.86";"0.36";"7.96";"4.29";"0";"CHEMBL3705715";"Inhibition Assay: Inhibition assay using human trysin.";"B";"BAO_0000357";"single protein format";"Homo sapiens";"None";"None";"None";"None";"";"";"";"CHEMBL209";"Serine protease 1";"Homo sapiens";"SINGLE PROTEIN";"CHEMBL3638962";"37";"BindingDB Patent Bioactivity Data";"";"2013";"None";"";"";"";"3.8"
"CHEMBL3642895";"";"None";"375.36";"0";"2.65";"BDBM109622";"C/C(=C\c1ccc(C(=O)Oc2ccc(C(=N)N)cc2[N+](=O)[O-])s1)C(=O)O";"Ki";"'='";"0.22";"nM";"9.66";"";"230150";"UO_0000065";"25.73";"0.51";"7.01";"6.17";"0";"CHEMBL3705715";"Inhibition Assay: Inhibition assay using human trysin.";"B";"BAO_0000357";"single protein format";"Homo sapiens";"None";"None";"None";"None";"";"";"";"CHEMBL209";"Serine protease 1";"Homo sapiens";"SINGLE PROTEIN";"CHEMBL3638962";"37";"BindingDB Patent Bioactivity Data";"";"2013";"None";"";"";"";"0.22"
"CHEMBL3642956";"";"None";"425.40";"0";"1.68";"BDBM109683";"CC(Cc1ccc(C(=O)Oc2ccc(C(=N)N)cc2)s1)C(=O)NCP(=O)(O)O";"Ki";"'='";"1.8";"nM";"8.74";"";"230177";"UO_0000065";"20.56";"0.43";"7.06";"5.37";"0";"CHEMBL3705715";"Inhibition Assay: Inhibition assay using human trysin.";"B";"BAO_0000357";"single protein format";"Homo sapiens";"None";"None";"None";"None";"";"";"";"CHEMBL209";"Serine protease 1";"Homo sapiens";"SINGLE PROTEIN";"CHEMBL3638962";"37";"BindingDB Patent Bioactivity Data";"";"2013";"None";"";"";"";"1.8"
"CHEMBL340098";"";"None";"504.49";"0";"0.15";"18";"CC(=O)NCC(=O)N[C@@H](CCCN=C(N)N)C(=O)c1nc2ccccc2s1.O=C(O)C(F)(F)F";"Ki";"'='";"260.0";"nM";"6.58";"";"";"UO_0000065";"16.86";"0.33";"6.44";"4.32";"0";"CHEMBL655074";"In vitro inhibition of bovine trypsin.";"B";"BAO_0000357";"single protein format";"None";"None";"None";"None";"None";"";"";"";"CHEMBL209";"Serine protease 1";"Homo sapiens";"SINGLE PROTEIN";"CHEMBL1145070";"1";"Scientific Literature";"J Med Chem";"2003";"None";"";"";"";"260.0"
"CHEMBL3642942";"";"None";"507.54";"1";"2.64";"BDBM109669";"CC(C)C[C@H](Cc1ccc(C(=O)Oc2ccc(C(=N)N)cc2F)s1)C(=O)N[C@@H](CC(=O)O)C(=O)O";"Ki";"'='";"1.0";"nM";"9.00";"";"230163";"UO_0000065";"17.73";"0.35";"6.36";"5.00";"0";"CHEMBL3705715";"Inhibition Assay: Inhibition assay using human trysin.";"B";"BAO_0000357";"single protein format";"Homo sapiens";"None";"None";"None";"None";"";"";"";"CHEMBL209";"Serine protease 1";"Homo sapiens";"SINGLE PROTEIN";"CHEMBL3638962";"37";"BindingDB Patent Bioactivity Data";"";"2013";"None";"";"";"";"1.0"
"CHEMBL3642934";"";"None";"407.38";"0";"2.26";"BDBM109661";"N=C(N)c1ccc(OC(=O)c2ccc(-c3ccc(C(=O)NCC(=O)O)cc3)o2)cc1";"Ki";"'='";"0.62";"nM";"9.21";"";"230140";"UO_0000065";"22.60";"0.42";"6.95";"5.91";"0";"CHEMBL3705715";"Inhibition Assay: Inhibition assay using human trysin.";"B";"BAO_0000357";"single protein format";"Homo sapiens";"None";"None";"None";"None";"";"";"";"CHEMBL209";"Serine protease 1";"Homo sapiens";"SINGLE PROTEIN";"CHEMBL3638962";"37";"BindingDB Patent Bioactivity Data";"";"2013";"None";"";"";"";"0.62"
"CHEMBL434971";"";"None";"502.47";"None";"None";"5";"CC1(C)C2CC1[C@]1(C)OB([C@H](CCCN=C(N)N)NC(=O)Cc3ccc(-c4ccccc4)cc3)O[C@@H]1C2";"Ki";"";"";"nM";"";"";"Not Determined";"UO_0000065";"";"";"";"";"0";"CHEMBL811781";"Compound was tested for the inhibition of trypsin; Not tested";"B";"BAO_0000357";"single protein format";"None";"None";"None";"None";"None";"";"";"";"CHEMBL209";"Serine protease 1";"Homo sapiens";"SINGLE PROTEIN";"CHEMBL1151536";"1";"Scientific Literature";"Bioorg Med Chem Lett";"1997";"None";"";"";"";""
"CHEMBL421367";"";"None";"438.51";"0";"1.18";"1f";"N=C(N)c1cccc(CN2CC[C@H](NS(=O)(=O)c3ccc4c(N)nccc4c3)C2=O)c1";"Ki";"'>'";"2900.0";"nM";"";"";"";"UO_0000065";"";"";"";"";"0";"CHEMBL817137";"Binding affinity against trypsin";"B";"BAO_0000357";"single protein format";"None";"None";"None";"None";"None";"";"";"";"CHEMBL209";"Serine protease 1";"Homo sapiens";"SINGLE PROTEIN";"CHEMBL1131988";"1";"Scientific Literature";"Bioorg Med Chem Lett";"1999";"None";"";"";"";"2.9"
"CHEMBL155820";"";"None";"366.47";"0";"2.92";"25";"CCOC(=O)CC(CCc1ccc(C(=N)N)cc1)c1cccc(C(=N)N)c1";"Ki";"'='";"110.0";"nM";"6.96";"";"";"UO_0000065";"18.99";"0.35";"4.04";"5.52";"0";"CHEMBL811612";"In vitro inhibition of trypsin";"B";"BAO_0000357";"single protein format";"None";"None";"None";"None";"None";"";"";"";"CHEMBL209";"Serine protease 1";"Homo sapiens";"SINGLE PROTEIN";"CHEMBL1131205";"1";"Scientific Literature";"J Med Chem";"1998";"None";"";"";"";"110.0"
"CHEMBL3216426";"";"None";"385.30";"0";"2.10";"5 (Propamidine)";"Cl.Cl.N=C(N)c1ccc(OCCCOc2ccc(C(=N)N)cc2)cc1";"Ki";"'='";"3300.0";"nM";"5.48";"";"";"UO_0000065";"17.55";"0.33";"3.38";"4.64";"0";"CHEMBL815012";"Inhibition of trypsin by amidase assay.";"B";"BAO_0000357";"single protein format";"None";"None";"None";"None";"None";"";"";"";"CHEMBL209";"Serine protease 1";"Homo sapiens";"SINGLE PROTEIN";"CHEMBL1124749";"1";"Scientific Literature";"J Med Chem";"1990";"None";"";"";"";"3.3"
"CHEMBL19037";"";"None";"461.57";"0";"1.33";"NC9";"Cc1ccc(NS(=O)(=O)Cc2ccccc2)c(=O)n1CC(=O)NCc1nc(CN)cs1";"Ki";"'>'";"168.0";"nM";"";"";"";"UO_0000065";"";"";"";"";"0";"CHEMBL817809";"In vitro inhibitory constant against trypsin";"B";"BAO_0000357";"single protein format";"Homo sapiens";"None";"None";"None";"None";"";"";"";"CHEMBL209";"Serine protease 1";"Homo sapiens";"SINGLE PROTEIN";"CHEMBL1136066";"1";"Scientific Literature";"Bioorg Med Chem Lett";"2002";"None";"";"";"";"168.0"
"CHEMBL555333";"";"None";"482.15";"0";"4.78";"8";"Cl.NC1CCC(CNC(=O)[C@@H]2CCCN2C(=O)CC(C2CCCCC2)C2CCCCC2)CC1";"Ki";"'='";"2500.0";"nM";"5.60";"";"";"UO_0000065";"12.57";"0.24";"0.82";"7.43";"0";"CHEMBL817812";"In vitro inhibition of human trypsin.";"B";"BAO_0000357";"single protein format";"None";"None";"None";"None";"None";"";"";"";"CHEMBL209";"Serine protease 1";"Homo sapiens";"SINGLE PROTEIN";"CHEMBL1130225";"1";"Scientific Literature";"J Med Chem";"1997";"None";"";"";"";"2.5"
"CHEMBL19080";"L-375378";"None";"406.49";"0";"1.81";"1";"Cc1nc(N)ccc1CNC(=O)Cn1c(C)cnc(NCCc2ccccc2)c1=O";"Ki";"'='";"1800.0";"nM";"5.75";"";"";"UO_0000065";"14.13";"0.26";"3.93";"5.00";"1";"CHEMBL815470";"Inhibitory constant against human trypsin";"B";"BAO_0000357";"single protein format";"None";"None";"None";"None";"None";"";"";"";"CHEMBL209";"Serine protease 1";"Homo sapiens";"SINGLE PROTEIN";"CHEMBL1145961";"1";"Scientific Literature";"J Med Chem";"2003";"None";"";"";"";"1800.0"
"CHEMBL18873";"";"None";"393.45";"0";"0.89";"NC15";"Cc1cnc(NCCc2ccccc2)c(=O)n1CC(=O)NCc1cnc(N)cn1";"Ki";"";"";"nM";"";"";"Not Active";"UO_0000065";"";"";"";"";"0";"CHEMBL817810";"In vitro inhibitory constant against trypsin; Inactive";"B";"BAO_0000357";"single protein format";"None";"None";"None";"None";"None";"";"";"";"CHEMBL209";"Serine protease 1";"Homo sapiens";"SINGLE PROTEIN";"CHEMBL1136066";"1";"Scientific Literature";"Bioorg Med Chem Lett";"2002";"None";"";"";"";""
"CHEMBL39911";"";"None";"495.61";"0";"3.69";"6c";"CC1CCN(C(=O)N(Cc2ccc(C(=N)NO)cc2)NS(=O)(=O)c2ccc3ccccc3c2)CC1";"Ki";"'>'";"68000.0";"nM";"";"";"";"UO_0000065";"";"";"";"";"0";"CHEMBL815009";"In vitro inhibition of trypsin";"B";"BAO_0000357";"single protein format";"None";"None";"None";"None";"None";"";"";"";"CHEMBL209";"Serine protease 1";"Homo sapiens";"SINGLE PROTEIN";"CHEMBL1137966";"1";"Scientific Literature";"Bioorg Med Chem Lett";"2004";"None";"";"";"";"68.0"
"CHEMBL336661";"";"None";"526.42";"1";"3.71";"72 (SE170)";"N=C(N)c1ccc2[nH]cc(CC(=O)Nc3ccc(-c4ccccc4S(N)(=O)=O)cc3Br)c2c1";"Ki";"'='";"120.0";"nM";"6.92";"";"";"UO_0000065";"13.15";"0.29";"3.21";"4.47";"0";"CHEMBL818182";"Binding affinity against human trypsin";"B";"BAO_0000357";"single protein format";"None";"None";"None";"None";"None";"";"";"";"CHEMBL209";"Serine protease 1";"Homo sapiens";"SINGLE PROTEIN";"CHEMBL1133520";"1";"Scientific Literature";"J Med Chem";"2000";"None";"";"";"";"120.0"
"CHEMBL18578";"";"None";"750.67";"1";"3.34";"30";"CC(C)OC(=O)[C@@H]1CN(Cc2ccc(-c3ccccc3S(N)(=O)=O)cc2)O[C@H]1c1cccc(C(=N)N)c1.O=C(O)C(F)(F)F.O=C(O)C(F)(F)F";"Ki";"'='";"93.0";"nM";"7.03";"";"";"UO_0000065";"13.45";"0.26";"3.69";"4.73";"0";"CHEMBL818183";"Binding affinity against trypsin in an enzyme inhibition assay.";"B";"BAO_0000357";"single protein format";"None";"None";"None";"None";"None";"";"";"";"CHEMBL209";"Serine protease 1";"Homo sapiens";"SINGLE PROTEIN";"CHEMBL1131683";"1";"Scientific Literature";"Bioorg Med Chem Lett";"1999";"None";"";"";"";"93.0"
"CHEMBL93190";"";"None";"457.94";"0";"2.25";"1k";"N=C(N)c1cccc(CN2CC[C@H](NS(=O)(=O)c3ccc4ccc(Cl)nc4c3)C2=O)c1";"Ki";"'>'";"2900.0";"nM";"";"";"";"UO_0000065";"";"";"";"";"0";"CHEMBL817137";"Binding affinity against trypsin";"B";"BAO_0000357";"single protein format";"None";"None";"None";"None";"None";"";"";"";"CHEMBL209";"Serine protease 1";"Homo sapiens";"SINGLE PROTEIN";"CHEMBL1131988";"1";"Scientific Literature";"Bioorg Med Chem Lett";"1999";"None";"";"";"";"2.9"
"CHEMBL139178";"";"None";"420.52";"0";"2.20";"32";"Cc1nc(N)ccc1CNC(=O)Cn1c(C)cnc(N[C@@H](C)Cc2ccccc2)c1=O";"Ki";"'='";"4800.0";"nM";"5.32";"";"";"UO_0000065";"12.65";"0.23";"3.12";"4.63";"0";"CHEMBL817818";"Inhibitory activity against trypsin was determined";"B";"BAO_0000357";"single protein format";"None";"None";"None";"None";"None";"";"";"";"CHEMBL209";"Serine protease 1";"Homo sapiens";"SINGLE PROTEIN";"CHEMBL1131169";"1";"Scientific Literature";"J Med Chem";"1998";"None";"";"";"";"4800.0"
"CHEMBL11181";"";"None";"425.53";"0";"2.31";"2i";"Cc1nc(N)ccc1CNC(=O)Cn1c(C)cc2c(c1=O)NC(=O)[C@](C)(CC(C)C)C2";"Ki";"'='";"860.0";"nM";"6.07";"";"";"UO_0000065";"14.25";"0.27";"3.76";"5.09";"0";"CHEMBL818021";"The compound was tested for its ability to inhibit trypsin.";"B";"BAO_0000357";"single protein format";"None";"None";"None";"None";"None";"";"";"";"CHEMBL209";"Serine protease 1";"Homo sapiens";"SINGLE PROTEIN";"CHEMBL1132875";"1";"Scientific Literature";"Bioorg Med Chem Lett";"2000";"None";"";"";"";"860.0"
"CHEMBL81436";"";"None";"465.64";"0";"2.15";"15";"N=C(N)N1CCC(OCCC2CCCCN2C(=O)[C@H](CC(=O)O)NCC2CCCCC2)CC1";"Ki";"'='";"1600.0";"nM";"5.80";"";"";"UO_0000065";"12.45";"0.24";"3.65";"4.39";"0";"CHEMBL817823";"In vitro inhibition of human trypsin.";"B";"BAO_0000357";"single protein format";"None";"None";"None";"None";"None";"";"";"";"CHEMBL209";"Serine protease 1";"Homo sapiens";"SINGLE PROTEIN";"CHEMBL1135990";"1";"Scientific Literature";"J Med Chem";"2002";"None";"";"";"";"1600.0"
"CHEMBL83280";"";"None";"479.67";"0";"2.63";"17";"CCN(C1CCCCC1)[C@@H](CC(=O)O)C(=O)N1CCCCC1CCOC1CCN(C(=N)N)CC1";"Ki";"'='";"5000.0";"nM";"5.30";"";"";"UO_0000065";"11.05";"0.21";"2.67";"4.30";"0";"CHEMBL817823";"In vitro inhibition of human trypsin.";"B";"BAO_0000357";"single protein format";"None";"None";"None";"None";"None";"";"";"";"CHEMBL209";"Serine protease 1";"Homo sapiens";"SINGLE PROTEIN";"CHEMBL1135990";"1";"Scientific Literature";"J Med Chem";"2002";"None";"";"";"";"5000.0"
"CHEMBL19689";"";"None";"467.96";"0";"2.43";"NC17";"Cc1cnc(NCC2(c3ccc(Cl)cc3)CCC2)c(=O)n1CC(=O)NCc1cnc(N)cn1";"Ki";"";"";"nM";"";"";"Not Active";"UO_0000065";"";"";"";"";"0";"CHEMBL817810";"In vitro inhibitory constant against trypsin; Inactive";"B";"BAO_0000357";"single protein format";"None";"None";"None";"None";"None";"";"";"";"CHEMBL209";"Serine protease 1";"Homo sapiens";"SINGLE PROTEIN";"CHEMBL1136066";"1";"Scientific Literature";"Bioorg Med Chem Lett";"2002";"None";"";"";"";""
"CHEMBL277204";"";"None";"483.62";"0";"4.51";"8b";"CCc1nc2c(N)c(OC3CCN(C(C)=N)CC3)ccc2n1Cc1ccc2ccc(C(=N)N)cc2c1";"Ki";"'='";"24.0";"nM";"7.62";"";"";"UO_0000065";"15.76";"0.29";"3.11";"5.86";"0";"CHEMBL817144";"Tested in vitro for the selectivity against trypsin (Trp)";"B";"BAO_0000357";"single protein format";"None";"None";"None";"None";"None";"";"";"";"CHEMBL209";"Serine protease 1";"Homo sapiens";"SINGLE PROTEIN";"CHEMBL1135304";"1";"Scientific Literature";"Bioorg Med Chem Lett";"2002";"None";"";"";"";"24.0"
"CHEMBL282260";"";"None";"494.64";"1";"5.44";"14d";"CCc1nc2ccc(OC3CCN(C(C)=N)CC3)cc2n1Cc1cccc(-c2cccc(C(=N)N)c2)c1";"Ki";"'='";"190.0";"nM";"6.72";"";"";"UO_0000065";"13.59";"0.25";"1.28";"6.46";"0";"CHEMBL817144";"Tested in vitro for the selectivity against trypsin (Trp)";"B";"BAO_0000357";"single protein format";"None";"None";"None";"None";"None";"";"";"";"CHEMBL209";"Serine protease 1";"Homo sapiens";"SINGLE PROTEIN";"CHEMBL1135304";"1";"Scientific Literature";"Bioorg Med Chem Lett";"2002";"None";"";"";"";"190.0"
"CHEMBL439642";"";"None";"380.49";"0";"3.31";"26";"CC(C)OC(=O)CC(CCc1ccc(C(=N)N)cc1)c1cccc(C(=N)N)c1";"Ki";"'='";"140.0";"nM";"6.85";"";"";"UO_0000065";"18.01";"0.33";"3.54";"5.44";"0";"CHEMBL811612";"In vitro inhibition of trypsin";"B";"BAO_0000357";"single protein format";"None";"None";"None";"None";"None";"";"";"";"CHEMBL209";"Serine protease 1";"Homo sapiens";"SINGLE PROTEIN";"CHEMBL1131205";"1";"Scientific Literature";"J Med Chem";"1998";"None";"";"";"";"140.0"
"CHEMBL157131";"";"None";"559.73";"2";"2.41";"14";"CC(C)c1cc(S(=O)(=O)N[C@H](CO)C(=O)NCC(=O)NCc2ccc(C(=N)N)cc2)cc(C(C)C)c1C(C)C";"Ki";"'='";"3400.0";"nM";"5.47";"";"";"UO_0000065";"9.77";"0.19";"3.06";"3.13";"0";"CHEMBL811611";"In vitro inhibition of trypsin.";"B";"BAO_0000357";"single protein format";"None";"None";"None";"None";"None";"";"";"";"CHEMBL209";"Serine protease 1";"Homo sapiens";"SINGLE PROTEIN";"CHEMBL1135855";"1";"Scientific Literature";"Bioorg Med Chem Lett";"2002";"None";"";"";"";"3.4"
"CHEMBL47704";"";"None";"486.62";"0";"3.85";"9c";"COC(=O)[C@H](Cc1cccc(C(=N)N)c1)[C@@H](C)NC(=O)c1ccc(-c2cccc(CN(C)C)c2)cc1";"Ki";"'='";"95.0";"nM";"7.02";"";"";"UO_0000065";"14.43";"0.27";"3.17";"6.47";"0";"CHEMBL817805";"In vitro inhibitory activity against human trypsin";"B";"BAO_0000357";"single protein format";"None";"None";"None";"None";"None";"";"";"";"CHEMBL209";"Serine protease 1";"Homo sapiens";"SINGLE PROTEIN";"CHEMBL1135154";"1";"Scientific Literature";"Bioorg Med Chem Lett";"2002";"None";"";"";"";"95.0"
"CHEMBL44177";"";"None";"486.62";"0";"3.88";"15";"COC(=O)[C@H](Cc1cccc(C(=N)N)c1)[C@H](NC(=O)c1ccc(-c2cccc(CN)c2)cc1)C(C)C";"Ki";"'='";"300.0";"nM";"6.52";"";"";"UO_0000065";"13.40";"0.25";"2.64";"4.97";"0";"CHEMBL817805";"In vitro inhibitory activity against human trypsin";"B";"BAO_0000357";"single protein format";"None";"None";"None";"None";"None";"";"";"";"CHEMBL209";"Serine protease 1";"Homo sapiens";"SINGLE PROTEIN";"CHEMBL1135154";"1";"Scientific Literature";"Bioorg Med Chem Lett";"2002";"None";"";"";"";"300.0"
"CHEMBL3216215";"";"None";"427.38";"0";"3.27";"12";"Cl.Cl.N=C(N)c1cccc(OCCCCCCOc2cccc(C(=N)N)c2)c1";"Ki";"'='";"4000.0";"nM";"5.40";"";"";"UO_0000065";"15.23";"0.28";"2.13";"4.57";"0";"CHEMBL815012";"Inhibition of trypsin by amidase assay.";"B";"BAO_0000357";"single protein format";"None";"None";"None";"None";"None";"";"";"";"CHEMBL209";"Serine protease 1";"Homo sapiens";"SINGLE PROTEIN";"CHEMBL1124749";"1";"Scientific Literature";"J Med Chem";"1990";"None";"";"";"";"4.0"
"CHEMBL94775";"";"None";"372.38";"0";"4.40";"22i";"N=C(N)c1ccc2[nH]c(-c3cc([N+](=O)[O-])cc(-c4ccccc4)c3O)cc2c1";"Ki";"'='";"75.0";"nM";"7.12";"";"";"UO_0000065";"19.13";"0.35";"2.72";"5.52";"0";"CHEMBL816557";"Inhibition of Human Serine Protease Trypsin.";"B";"BAO_0000357";"single protein format";"None";"None";"None";"None";"None";"";"";"";"CHEMBL209";"Serine protease 1";"Homo sapiens";"SINGLE PROTEIN";"CHEMBL1134564";"1";"Scientific Literature";"J Med Chem";"2001";"None";"";"";"";"0.075"
"CHEMBL419892";"";"None";"417.36";"None";"None";"12g";"NCCCC[C@H](NC(=O)CN(C(=O)CCc1ccccc1)C1CCCCC1)B(O)O";"Ki";"'='";"8.4";"nM";"8.08";"";"";"UO_0000065";"19.35";"None";"None";"None";"0";"CHEMBL811782";"Compound was tested in vitro for inhibition of trypsin";"B";"BAO_0000357";"single protein format";"None";"None";"None";"None";"None";"";"";"";"CHEMBL209";"Serine protease 1";"Homo sapiens";"SINGLE PROTEIN";"CHEMBL1149934";"1";"Scientific Literature";"Bioorg Med Chem Lett";"1996";"None";"";"";"";"8.4"
"CHEMBL122894";"";"None";"547.62";"0";"3.83";"7";"NC1CCC(CNC(=O)[C@@H]2CCCN2C(=O)CC(c2ccccc2)c2ccccc2)CC1.O=C(O)C(F)(F)F";"Ki";"'='";"350.0";"nM";"6.46";"";"";"UO_0000065";"14.89";"0.28";"2.63";"8.56";"0";"CHEMBL817812";"In vitro inhibition of human trypsin.";"B";"BAO_0000357";"single protein format";"None";"None";"None";"None";"None";"";"";"";"CHEMBL209";"Serine protease 1";"Homo sapiens";"SINGLE PROTEIN";"CHEMBL1130225";"1";"Scientific Literature";"J Med Chem";"1997";"None";"";"";"";"0.35"
"CHEMBL332870";"";"None";"548.61";"0";"3.23";"14 (diastereomer 1)";"NC1CCC(CNC(=O)[C@@H]2CCCN2C(=O)CC(c2ccccc2)c2ccccn2)CC1.O=C(O)C(F)(F)F";"Ki";"'='";"890.0";"nM";"6.05";"";"";"UO_0000065";"13.92";"0.26";"2.82";"6.85";"0";"CHEMBL817812";"In vitro inhibition of human trypsin.";"B";"BAO_0000357";"single protein format";"None";"None";"None";"None";"None";"";"";"";"CHEMBL209";"Serine protease 1";"Homo sapiens";"SINGLE PROTEIN";"CHEMBL1130225";"1";"Scientific Literature";"J Med Chem";"1997";"None";"";"";"";"890.0"
"CHEMBL332870";"";"None";"548.61";"0";"3.23";"14 (diastereomer 1)";"NC1CCC(CNC(=O)[C@@H]2CCCN2C(=O)CC(c2ccccc2)c2ccccn2)CC1.O=C(O)C(F)(F)F";"Ki";"'='";"890.0";"nM";"6.05";"";"";"UO_0000065";"13.92";"0.26";"2.82";"6.85";"0";"CHEMBL817812";"In vitro inhibition of human trypsin.";"B";"BAO_0000357";"single protein format";"None";"None";"None";"None";"None";"";"";"";"CHEMBL209";"Serine protease 1";"Homo sapiens";"SINGLE PROTEIN";"CHEMBL1130225";"1";"Scientific Literature";"J Med Chem";"1997";"None";"";"";"";"0.89"
"CHEMBL310290";"";"None";"576.65";"2";"1.69";"22";"NCc1ccc(CNC(=O)CNC(=O)OCc2ccc(COC(=O)NCC(=O)NCc3ccc(CN)cc3)cc2)cc1";"Ki";"'='";"84000.0";"nM";"4.08";"";"";"UO_0000065";"7.07";"0.13";"2.39";"2.18";"0";"CHEMBL824722";"Inhibitory potency against trypsin";"B";"BAO_0000357";"single protein format";"None";"None";"None";"None";"None";"";"";"";"CHEMBL209";"Serine protease 1";"Homo sapiens";"SINGLE PROTEIN";"CHEMBL1132783";"1";"Scientific Literature";"Bioorg Med Chem Lett";"2000";"None";"";"";"";"84.0"
"CHEMBL162803";"";"None";"419.60";"0";"1.70";"4";"CSCC[C@H](NC(=O)c1cccc(C(=N)N)c1)C(=O)NCC1CCC(CN)CC1";"Ki";"'='";"7900.0";"nM";"5.10";"";"";"UO_0000065";"12.16";"0.24";"3.40";"3.81";"0";"CHEMBL818185";"Binding affinity against human trypsin";"B";"BAO_0000357";"single protein format";"None";"None";"None";"None";"None";"";"";"";"CHEMBL209";"Serine protease 1";"Homo sapiens";"SINGLE PROTEIN";"CHEMBL1134227";"1";"Scientific Literature";"Bioorg Med Chem Lett";"2001";"None";"";"";"";"7.9"
"CHEMBL290947";"";"None";"452.56";"0";"1.45";"8";"Cc1ccc(NC(=O)CCc2ccccc2)c(=O)n1CC(=O)NCC1CCN(C(=N)N)CC1";"Ki";"'='";"940.0";"nM";"6.03";"";"";"UO_0000065";"13.32";"0.25";"4.58";"4.52";"0";"CHEMBL818184";"Binding affinity against human trypsin";"B";"BAO_0000357";"single protein format";"None";"None";"None";"None";"None";"";"";"";"CHEMBL209";"Serine protease 1";"Homo sapiens";"SINGLE PROTEIN";"CHEMBL1130452";"1";"Scientific Literature";"Bioorg Med Chem Lett";"1997";"None";"";"";"";"940.0"
"CHEMBL105171";"";"None";"170.22";"0";"2.12";"1a";"N=C(N)c1ccc2ccccc2c1";"Ki";"'='";"7800.0";"nM";"5.11";"";"";"UO_0000065";"30.01";"0.54";"2.99";"10.24";"0";"CHEMBL817133";"Binding affinity against trypsin";"B";"BAO_0000357";"single protein format";"None";"None";"None";"None";"None";"";"";"";"CHEMBL209";"Serine protease 1";"Homo sapiens";"SINGLE PROTEIN";"CHEMBL1146777";"1";"Scientific Literature";"Bioorg Med Chem Lett";"2004";"None";"";"";"";"7.8"
"CHEMBL96879";"";"None";"479.50";"1";"0.44";"12";"COC(=O)CNC(=O)CC1(C(=O)Nc2ccc(C(=N)N)cc2)CC(c2cccc(C(=N)N)c2)=NO1";"Ki";"'='";"420.0";"nM";"6.38";"";"";"UO_0000065";"13.30";"0.25";"5.94";"3.10";"0";"CHEMBL879096";"The compound was evaluated for inhibitory activity against Trypsin";"B";"BAO_0000357";"single protein format";"None";"None";"None";"None";"None";"";"";"";"CHEMBL209";"Serine protease 1";"Homo sapiens";"SINGLE PROTEIN";"CHEMBL1129218";"1";"Scientific Literature";"Bioorg Med Chem Lett";"1997";"None";"";"";"";"0.42"
"CHEMBL49510";"";"None";"481.99";"0";"1.47";"8";"O=C(CN1CCN(S(=O)(=O)c2cc3ccc(Cl)cc3s2)CC1=O)NCCc1c[nH]cn1";"Ki";"'>'";"2900.0";"nM";"";"";"";"UO_0000065";"";"";"";"";"0";"CHEMBL817141";"Compound was evaluated for the inhibitory activity against trypsin";"B";"BAO_0000357";"single protein format";"None";"None";"None";"None";"None";"";"";"";"CHEMBL209";"Serine protease 1";"Homo sapiens";"SINGLE PROTEIN";"CHEMBL1133063";"1";"Scientific Literature";"Bioorg Med Chem Lett";"2000";"None";"";"";"";"2900.0"
"CHEMBL3667912";"";"None";"475.54";"0";"3.17";"BDBM158106";"CCC(CC)(Cc1ccc(C(=O)Oc2ccc(C(=N)N)cc2F)s1)C(=O)N[C@@H]1COC(=O)C1";"Ki";"'='";"2.73";"nM";"8.56";"";"355652";"UO_0000065";"18.01";"0.35";"5.39";"6.51";"1";"CHEMBL3887805";"Trypsin Inhibition Assay: Using a 96 well plate (#3915, Costar), a test compound (25 uL) was mixed with 20 uM fluorescence enzyme substrate (Boc-Phe-Ser-Arg-AMC, 50 uL) mixed with 200 mM Tris-HCl buffer (pH 8.0), and human trypsin (Sigma, 25 uL) was added. Using a fluorescence plate reader fmax (Molecular Devices, Inc.), the reaction rate was measured from the time-course changes at excitation wavelength 355 nm and fluorescence wavelength 460 nm.";"B";"BAO_0000357";"single protein format";"Homo sapiens";"None";"None";"None";"None";"";"";"";"CHEMBL209";"Serine protease 1";"Homo sapiens";"SINGLE PROTEIN";"CHEMBL3886456";"37";"BindingDB Patent Bioactivity Data";"";"2016";"None";"";"";"";"2.73"
"CHEMBL4170662";"";"None";"1625.90";"None";"None";"SFTI-Arg5Nal7";"CC[C@H](C)[C@@H]1NC(=O)[C@@H]2CCCN2C(=O)[C@@H]2CCCN2C(=O)[C@H](Cc2ccc3ccccc3c2)NC(=O)[C@H](CO)NC(=O)[C@H](CCCNC(=N)N)NC(=O)[C@H]([C@@H](C)O)NC(=O)[C@@H]2CSSC[C@H](NC1=O)C(=O)N[C@@H](Cc1ccccc1)C(=O)N1CCC[C@H]1C(=O)N[C@@H](CC(=O)O)C(=O)NCC(=O)N[C@@H](CCCNC(=N)N)C(=O)N2";"Ki";"'='";"2.6";"nM";"8.59";"";"";"UO_0000065";"5.28";"None";"None";"None";"0";"CHEMBL4156165";"Inhibition of human cationic trypsin using Boc-VPR-MCA as substrate measured every 30 secs for 10 mins";"B";"BAO_0000357";"single protein format";"Homo sapiens";"None";"None";"None";"None";"";"";"";"CHEMBL209";"Serine protease 1";"Homo sapiens";"SINGLE PROTEIN";"CHEMBL4152317";"1";"Scientific Literature";"Eur J Med Chem";"2018";"None";"";"";"";"2.6"
"CHEMBL3642936";"";"None";"465.42";"0";"2.11";"BDBM109663";"N=C(N)c1ccc(OC(=O)c2ccc(-c3cccc(C(=O)N[C@@H](CC(=O)O)C(=O)O)c3)o2)cc1";"Ki";"'='";"0.054";"nM";"10.27";"";"230142";"UO_0000065";"22.06";"0.41";"8.16";"5.32";"0";"CHEMBL3705715";"Inhibition Assay: Inhibition assay using human trysin.";"B";"BAO_0000357";"single protein format";"Homo sapiens";"None";"None";"None";"None";"";"";"";"CHEMBL209";"Serine protease 1";"Homo sapiens";"SINGLE PROTEIN";"CHEMBL3638962";"37";"BindingDB Patent Bioactivity Data";"";"2013";"None";"";"";"";"0.054"
"CHEMBL3642951";"";"None";"437.45";"0";"1.13";"BDBM109678";"CC(Cc1ccc(C(=O)Oc2ccc(C(=N)N)cc2F)s1)C(=O)N[C@@H](CO)C(=O)O";"Ki";"'='";"0.97";"nM";"9.01";"";"230172";"UO_0000065";"20.60";"0.41";"7.88";"5.54";"0";"CHEMBL3705715";"Inhibition Assay: Inhibition assay using human trysin.";"B";"BAO_0000357";"single protein format";"Homo sapiens";"None";"None";"None";"None";"";"";"";"CHEMBL209";"Serine protease 1";"Homo sapiens";"SINGLE PROTEIN";"CHEMBL3638962";"37";"BindingDB Patent Bioactivity Data";"";"2013";"None";"";"";"";"0.97"
"CHEMBL3639418";"";"None";"465.46";"0";"1.68";"BDBM109704";"Cc1cc(C(=O)Oc2ccc(C(=N)N)cc2F)sc1CCC(=O)N[C@@H](CC(=O)O)C(=O)O";"Ki";"'='";"0.5";"nM";"9.30";"";"230198";"UO_0000065";"19.98";"0.40";"7.62";"5.17";"0";"CHEMBL3705715";"Inhibition Assay: Inhibition assay using human trysin.";"B";"BAO_0000357";"single protein format";"Homo sapiens";"None";"None";"None";"None";"";"";"";"CHEMBL209";"Serine protease 1";"Homo sapiens";"SINGLE PROTEIN";"CHEMBL3638962";"37";"BindingDB Patent Bioactivity Data";"";"2013";"None";"";"";"";"0.5"
"CHEMBL3642978";"";"None";"491.50";"0";"2.27";"BDBM109706";"C=CCN(C(=O)CCc1ccc(C(=O)Oc2ccc(C(=N)N)cc2F)s1)[C@@H](CC(=O)O)C(=O)O";"Ki";"'='";"0.9";"nM";"9.05";"";"230200";"UO_0000065";"18.40";"0.36";"6.78";"5.29";"0";"CHEMBL3705715";"Inhibition Assay: Inhibition assay using human trysin.";"B";"BAO_0000357";"single protein format";"Homo sapiens";"None";"None";"None";"None";"";"";"";"CHEMBL209";"Serine protease 1";"Homo sapiens";"SINGLE PROTEIN";"CHEMBL3638962";"37";"BindingDB Patent Bioactivity Data";"";"2013";"None";"";"";"";"0.9"
"CHEMBL3642880";"";"None";"330.34";"0";"2.44";"BDBM109607";"CCC(Cc1ccc(C(=O)Oc2ccc(C(=N)N)cc2)o1)C(=O)O";"Ki";"'='";"1.67";"nM";"8.78";"";"230102";"UO_0000065";"26.57";"0.50";"6.34";"6.93";"0";"CHEMBL3705715";"Inhibition Assay: Inhibition assay using human trysin.";"B";"BAO_0000357";"single protein format";"Homo sapiens";"None";"None";"None";"None";"";"";"";"CHEMBL209";"Serine protease 1";"Homo sapiens";"SINGLE PROTEIN";"CHEMBL3638962";"37";"BindingDB Patent Bioactivity Data";"";"2013";"None";"";"";"";"1.67"
"CHEMBL141266";"";"None";"434.54";"0";"2.59";"33";"Cc1nc(N)ccc1CNC(=O)Cn1c(C)cnc(NC(C)(C)Cc2ccccc2)c1=O";"Ki";"'='";"2600.0";"nM";"5.58";"";"";"UO_0000065";"12.85";"0.24";"3.00";"4.86";"0";"CHEMBL817818";"Inhibitory activity against trypsin was determined";"B";"BAO_0000357";"single protein format";"None";"None";"None";"None";"None";"";"";"";"CHEMBL209";"Serine protease 1";"Homo sapiens";"SINGLE PROTEIN";"CHEMBL1131169";"1";"Scientific Literature";"J Med Chem";"1998";"None";"";"";"";"2600.0"
"CHEMBL79442";"";"None";"466.63";"0";"0.66";"21";"CN1CCC(N[C@@H](CC(=O)O)C(=O)N2CCCC[C@H]2CCOC2CCN(C(=N)N)CC2)CC1";"Ki";"'='";"4800.0";"nM";"5.32";"";"";"UO_0000065";"11.40";"0.22";"4.66";"3.93";"0";"CHEMBL817823";"In vitro inhibition of human trypsin.";"B";"BAO_0000357";"single protein format";"None";"None";"None";"None";"None";"";"";"";"CHEMBL209";"Serine protease 1";"Homo sapiens";"SINGLE PROTEIN";"CHEMBL1135990";"1";"Scientific Literature";"J Med Chem";"2002";"None";"";"";"";"4800.0"
"CHEMBL333238";"";"None";"548.61";"0";"3.23";"17 (diastereomer 2)";"NC1CCC(CNC(=O)[C@@H]2CCCN2C(=O)CC(c2ccccc2)c2cccnc2)CC1.O=C(O)C(F)(F)F";"Ki";"'='";"2200.0";"nM";"5.66";"";"";"UO_0000065";"13.02";"0.24";"2.43";"6.41";"0";"CHEMBL817812";"In vitro inhibition of human trypsin.";"B";"BAO_0000357";"single protein format";"None";"None";"None";"None";"None";"";"";"";"CHEMBL209";"Serine protease 1";"Homo sapiens";"SINGLE PROTEIN";"CHEMBL1130225";"1";"Scientific Literature";"J Med Chem";"1997";"None";"";"";"";"2200.0"
"CHEMBL333238";"";"None";"548.61";"0";"3.23";"17 (diastereomer 2)";"NC1CCC(CNC(=O)[C@@H]2CCCN2C(=O)CC(c2ccccc2)c2cccnc2)CC1.O=C(O)C(F)(F)F";"Ki";"'='";"2200.0";"nM";"5.66";"";"";"UO_0000065";"13.02";"0.24";"2.43";"6.41";"0";"CHEMBL817812";"In vitro inhibition of human trypsin.";"B";"BAO_0000357";"single protein format";"None";"None";"None";"None";"None";"";"";"";"CHEMBL209";"Serine protease 1";"Homo sapiens";"SINGLE PROTEIN";"CHEMBL1130225";"1";"Scientific Literature";"J Med Chem";"1997";"None";"";"";"";"2.2"
"CHEMBL53478";"";"None";"488.35";"0";"4.36";"15";"N=C(N)c1ccc2[nH]c(-c3cc(-c4nn[nH]n4)cc(Br)c3O)c(Cc3ccccc3)c2c1";"Ki";"'='";"1300.0";"nM";"5.89";"";"";"UO_0000065";"12.05";"0.25";"1.53";"4.19";"0";"CHEMBL874090";"Inhibitory activity against trypsin in human plasma";"B";"BAO_0000366";"cell-free format";"None";"CHEMBL3559721";"Plasma";"None";"None";"";"";"";"CHEMBL209";"Serine protease 1";"Homo sapiens";"SINGLE PROTEIN";"CHEMBL1134132";"1";"Scientific Literature";"Bioorg Med Chem Lett";"2001";"None";"";"";"";"1.3"
"CHEMBL3667883";"";"None";"461.52";"0";"3.06";"BDBM158077";"C=CCN(CC(=O)O)C(=O)C(C)(C)Cc1ccc(C(=O)Oc2ccc(C(=N)N)cc2F)s1";"Ki";"'='";"0.5";"nM";"9.30";"";"591844";"UO_0000065";"20.15";"0.40";"6.24";"6.95";"1";"CHEMBL5731810";"Inhibitory Activity Assay: Using a 96 well plate (#3915, Costar), a test compound (25 μL), 400 mM Tris-HCl buffer (pH 8.0, 25 μL) and 0.5 mg/mL fluorescence enzyme substrate (Gly-Asp-Asp-Asp-Asp-Lys-β-Naphtylamide, 25 μL) were mixed, and recombinant human enteropeptidase (R&D Systems, Inc., 25 μL) was added. Using a fluorescence plate reader fmax (Molecular Devices, Inc.), the reaction rate was measured from the time-course changes at excitation wavelength 320 nm and fluorescence wavelength 405 nm. The Ki value was calculated from the concentration of the test compound, reciprocal of reaction rate, and Km value of the enzyme substrate, and by using Dixon plot.";"B";"BAO_0000357";"single protein format";"Homo sapiens";"None";"None";"None";"None";"";"";"";"CHEMBL209";"Serine protease 1";"Homo sapiens";"SINGLE PROTEIN";"CHEMBL5725983";"37";"BindingDB Patent Bioactivity Data";"";"2017";"None";"";"";"";"0.5"
"CHEMBL5849100";"";"None";"499.99";"0";"3.18";"BDBM308241";"CC(C)[C@H](NC(=O)C(C)(C)Cc1ccc(C(=O)Oc2ccc(C(=N)N)cc2F)s1)C(=O)O.Cl";"Ki";"'='";"2.02";"nM";"8.70";"";"591852";"UO_0000065";"18.76";"0.37";"5.51";"6.10";"0";"CHEMBL5731810";"Inhibitory Activity Assay: Using a 96 well plate (#3915, Costar), a test compound (25 μL), 400 mM Tris-HCl buffer (pH 8.0, 25 μL) and 0.5 mg/mL fluorescence enzyme substrate (Gly-Asp-Asp-Asp-Asp-Lys-β-Naphtylamide, 25 μL) were mixed, and recombinant human enteropeptidase (R&D Systems, Inc., 25 μL) was added. Using a fluorescence plate reader fmax (Molecular Devices, Inc.), the reaction rate was measured from the time-course changes at excitation wavelength 320 nm and fluorescence wavelength 405 nm. The Ki value was calculated from the concentration of the test compound, reciprocal of reaction rate, and Km value of the enzyme substrate, and by using Dixon plot.";"B";"BAO_0000357";"single protein format";"Homo sapiens";"None";"None";"None";"None";"";"";"";"CHEMBL209";"Serine protease 1";"Homo sapiens";"SINGLE PROTEIN";"CHEMBL5725983";"37";"BindingDB Patent Bioactivity Data";"";"2017";"None";"";"";"";"2.02"
"CHEMBL5886404";"";"None";"568.03";"1";"2.06";"BDBM308550";"CCC(CC)(Cc1ccc(C(=O)Oc2ccc(C(=N)N)cc2F)s1)C(=O)N[C@@H](Cc1nn[nH]n1)C(=O)O.Cl";"Ki";"'='";"3.4";"nM";"8.47";"";"592006";"UO_0000065";"15.93";"0.31";"6.41";"4.30";"0";"CHEMBL5731810";"Inhibitory Activity Assay: Using a 96 well plate (#3915, Costar), a test compound (25 μL), 400 mM Tris-HCl buffer (pH 8.0, 25 μL) and 0.5 mg/mL fluorescence enzyme substrate (Gly-Asp-Asp-Asp-Asp-Lys-β-Naphtylamide, 25 μL) were mixed, and recombinant human enteropeptidase (R&D Systems, Inc., 25 μL) was added. Using a fluorescence plate reader fmax (Molecular Devices, Inc.), the reaction rate was measured from the time-course changes at excitation wavelength 320 nm and fluorescence wavelength 405 nm. The Ki value was calculated from the concentration of the test compound, reciprocal of reaction rate, and Km value of the enzyme substrate, and by using Dixon plot.";"B";"BAO_0000357";"single protein format";"Homo sapiens";"None";"None";"None";"None";"";"";"";"CHEMBL209";"Serine protease 1";"Homo sapiens";"SINGLE PROTEIN";"CHEMBL5725983";"37";"BindingDB Patent Bioactivity Data";"";"2017";"None";"";"";"";"3.4"
"CHEMBL160580";"";"None";"435.48";"1";"0.46";"3";"CC(C)(C)OC(=O)NC(CCC(=O)O)C(=O)NCC(=O)NCc1ccc(C(=N)N)cc1";"Ki";"'='";"2800.0";"nM";"5.55";"";"";"UO_0000065";"12.75";"0.24";"5.09";"3.02";"0";"CHEMBL811611";"In vitro inhibition of trypsin.";"B";"BAO_0000357";"single protein format";"None";"None";"None";"None";"None";"";"";"";"CHEMBL209";"Serine protease 1";"Homo sapiens";"SINGLE PROTEIN";"CHEMBL1135855";"1";"Scientific Literature";"Bioorg Med Chem Lett";"2002";"None";"";"";"";"2.8"
"CHEMBL18759";"";"None";"449.52";"0";"1.14";"NC25";"Cc1nc(N)ncc1CNC(=O)Cn1c(C)cnc(NCCc2ccc3c(c2)CCO3)c1=O";"Ki";"";"";"nM";"";"";"Not Active";"UO_0000065";"";"";"";"";"0";"CHEMBL817810";"In vitro inhibitory constant against trypsin; Inactive";"B";"BAO_0000357";"single protein format";"None";"None";"None";"None";"None";"";"";"";"CHEMBL209";"Serine protease 1";"Homo sapiens";"SINGLE PROTEIN";"CHEMBL1136066";"1";"Scientific Literature";"Bioorg Med Chem Lett";"2002";"None";"";"";"";""
"CHEMBL167383";"";"None";"540.73";"1";"3.44";"36";"O=C(NC1CCc2c[nH]cc2C1)[C@@H]1CCCN1C(=O)[C@@H](CC1CCCCC1)NS(=O)(=O)Cc1ccccc1";"Ki";"'='";"415800.0";"nM";"";"Outside typical range";"";"UO_0000065";"";"";"";"";"0";"CHEMBL817808";"In vitro inhibitory activity against Trypsin";"B";"BAO_0000357";"single protein format";"None";"None";"None";"None";"None";"";"";"";"CHEMBL209";"Serine protease 1";"Homo sapiens";"SINGLE PROTEIN";"CHEMBL1136607";"1";"Scientific Literature";"Bioorg Med Chem Lett";"2003";"None";"";"";"";"415.8"
"CHEMBL2371217";"";"None";"335.36";"1";"-1.10";"2";"N=C(N)c1ccc(CNC(=O)CNC(=O)[C@@H](N)CCC(=O)O)cc1";"Ki";"'='";"5000.0";"nM";"5.30";"";"";"UO_0000065";"15.81";"0.30";"6.40";"3.09";"0";"CHEMBL811611";"In vitro inhibition of trypsin.";"B";"BAO_0000357";"single protein format";"None";"None";"None";"None";"None";"";"";"";"CHEMBL209";"Serine protease 1";"Homo sapiens";"SINGLE PROTEIN";"CHEMBL1135855";"1";"Scientific Literature";"Bioorg Med Chem Lett";"2002";"None";"";"";"";"5.0"
"CHEMBL19902";"DX-9065A";"None";"444.54";"0";"3.99";"43 (DX-9065A)";"CC(=N)N1CC[C@H](Oc2ccc([C@H](Cc3ccc4ccc(C(=N)N)cc4c3)C(=O)O)cc2)C1";"Ki";"'='";"620.0";"nM";"6.21";"";"";"UO_0000065";"13.96";"0.26";"2.22";"5.03";"0";"CHEMBL817134";"Binding affinity against Trypsin";"B";"BAO_0000357";"single protein format";"None";"None";"None";"None";"None";"";"";"";"CHEMBL209";"Serine protease 1";"Homo sapiens";"SINGLE PROTEIN";"CHEMBL1133572";"1";"Scientific Literature";"J Med Chem";"2000";"None";"";"";"";"0.62"
"CHEMBL431461";"";"None";"457.94";"0";"2.25";"1c";"N=C(N)c1cccc(CN2CC[C@H](NS(=O)(=O)c3ccc4nc(Cl)ccc4c3)C2=O)c1";"Ki";"'>'";"2900.0";"nM";"";"";"";"UO_0000065";"";"";"";"";"0";"CHEMBL817137";"Binding affinity against trypsin";"B";"BAO_0000357";"single protein format";"None";"None";"None";"None";"None";"";"";"";"CHEMBL209";"Serine protease 1";"Homo sapiens";"SINGLE PROTEIN";"CHEMBL1131988";"1";"Scientific Literature";"Bioorg Med Chem Lett";"1999";"None";"";"";"";"2.9"
"CHEMBL92988";"";"None";"422.45";"0";"1.32";"11";"COC(=O)CC1(C(=O)Nc2ccc(C(=N)N)cc2)CC(c2cccc(C(=N)N)c2)=NO1";"Ki";"'='";"480.0";"nM";"6.32";"";"";"UO_0000065";"14.96";"0.28";"5.00";"3.58";"0";"CHEMBL879096";"The compound was evaluated for inhibitory activity against Trypsin";"B";"BAO_0000357";"single protein format";"None";"None";"None";"None";"None";"";"";"";"CHEMBL209";"Serine protease 1";"Homo sapiens";"SINGLE PROTEIN";"CHEMBL1129218";"1";"Scientific Literature";"Bioorg Med Chem Lett";"1997";"None";"";"";"";"0.48"
"CHEMBL2373402";"";"None";"521.52";"None";"None";"29";"CCCc1nc(Cc2ccccc2)n(CC(=O)N[C@@H](CCCCN)B2O[C@@H]3C[C@@H]4C[C@@H](C4(C)C)[C@]3(C)O2)n1";"Ki";"'='";"2.3";"nM";"8.64";"";"";"UO_0000065";"16.56";"None";"None";"None";"0";"CHEMBL811614";"Inhibition of trypsin";"B";"BAO_0000357";"single protein format";"None";"None";"None";"None";"None";"";"";"";"CHEMBL209";"Serine protease 1";"Homo sapiens";"SINGLE PROTEIN";"CHEMBL1130774";"1";"Scientific Literature";"Bioorg Med Chem Lett";"1998";"None";"";"";"";"2.3"
"CHEMBL115643";"";"None";"446.57";"0";"1.73";"4";"Cc1ccc(NS(=O)(=O)Cc2ccccc2)c(=O)n1CC(=O)NC[C@H]1CC[C@H](N)CC1";"Ki";"'='";"3000.0";"nM";"5.52";"";"";"UO_0000065";"12.37";"0.24";"3.79";"4.48";"0";"CHEMBL818184";"Binding affinity against human trypsin";"B";"BAO_0000357";"single protein format";"None";"None";"None";"None";"None";"";"";"";"CHEMBL209";"Serine protease 1";"Homo sapiens";"SINGLE PROTEIN";"CHEMBL1130452";"1";"Scientific Literature";"Bioorg Med Chem Lett";"1997";"None";"";"";"";"3000.0"
"CHEMBL607012";"";"None";"630.60";"None";"None";"6";"CC(=O)N[C@H](Cc1ccccc1)C(=O)N1CCC[C@H]1C(=O)N[C@@H](CCCNc1ncccn1)B1O[C@@H]2CC3CC(C3(C)C)[C@]2(C)O1";"Ki";"'>'";"1200.0";"nM";"";"";"";"UO_0000065";"";"";"";"";"0";"CHEMBL812715";"Tested for selectivity against trypsin";"B";"BAO_0000357";"single protein format";"None";"None";"None";"None";"None";"";"";"";"CHEMBL209";"Serine protease 1";"Homo sapiens";"SINGLE PROTEIN";"CHEMBL1129866";"1";"Scientific Literature";"Bioorg Med Chem Lett";"1997";"None";"";"";"";"1200.0"
"CHEMBL419490";"";"None";"476.56";"0";"3.06";"1e";"COc1ccc2ccc(S(=O)(=O)NC3CCN(Cc4ccc5ccc(N)nc5c4)C3=O)cc2c1";"Ki";"'>'";"2900.0";"nM";"";"";"";"UO_0000065";"";"";"";"";"0";"CHEMBL811783";"In vitro evaluation of inhibitory activity against trypsin";"B";"BAO_0000357";"single protein format";"None";"None";"None";"None";"None";"";"";"";"CHEMBL209";"Serine protease 1";"Homo sapiens";"SINGLE PROTEIN";"CHEMBL1132509";"1";"Scientific Literature";"Bioorg Med Chem Lett";"1999";"None";"";"";"";"2.9"
"CHEMBL139331";"";"None";"392.46";"0";"1.50";"30";"Cc1cnc(NCCc2ccccc2)c(=O)n1CC(=O)NCc1ccc(N)nc1";"Ki";"'='";"1200.0";"nM";"5.92";"";"";"UO_0000065";"15.09";"0.28";"4.42";"5.15";"0";"CHEMBL817818";"Inhibitory activity against trypsin was determined";"B";"BAO_0000357";"single protein format";"None";"None";"None";"None";"None";"";"";"";"CHEMBL209";"Serine protease 1";"Homo sapiens";"SINGLE PROTEIN";"CHEMBL1131169";"1";"Scientific Literature";"J Med Chem";"1998";"None";"";"";"";"1200.0"
"CHEMBL10346";"";"None";"467.61";"0";"3.33";"2j";"Cc1nc(N)ccc1CNC(=O)Cn1c(C)cc2c(c1=O)NC(=O)C(CC(C)C)(CC(C)C)C2";"Ki";"'='";"1500.0";"nM";"5.82";"";"";"UO_0000065";"12.45";"0.23";"2.49";"4.89";"0";"CHEMBL818021";"The compound was tested for its ability to inhibit trypsin.";"B";"BAO_0000357";"single protein format";"None";"None";"None";"None";"None";"";"";"";"CHEMBL209";"Serine protease 1";"Homo sapiens";"SINGLE PROTEIN";"CHEMBL1132875";"1";"Scientific Literature";"Bioorg Med Chem Lett";"2000";"None";"";"";"";"1500.0"
"CHEMBL81521";"";"None";"465.64";"0";"2.24";"12";"CN(C1CCCCC1)[C@@H](CC(=O)O)C(=O)N1CCCC[C@H]1CCOC1CCN(C(=N)N)CC1";"Ki";"'='";"1930.0";"nM";"5.71";"";"";"UO_0000065";"12.27";"0.24";"3.47";"4.64";"0";"CHEMBL817823";"In vitro inhibition of human trypsin.";"B";"BAO_0000357";"single protein format";"None";"None";"None";"None";"None";"";"";"";"CHEMBL209";"Serine protease 1";"Homo sapiens";"SINGLE PROTEIN";"CHEMBL1135990";"1";"Scientific Literature";"J Med Chem";"2002";"None";"";"";"";"1930.0"
"CHEMBL70741";"";"None";"353.47";"0";"3.34";"3c";"CC(C)(C)c1ccc(C(=O)NCCCc2cc(C(=N)N)ccc2O)cc1";"Ki";"'='";"2200.0";"nM";"5.66";"";"";"UO_0000065";"16.01";"0.30";"2.32";"5.70";"0";"CHEMBL817143";"In vitro inhibition of trypsin.";"B";"BAO_0000357";"single protein format";"None";"None";"None";"None";"None";"";"";"";"CHEMBL209";"Serine protease 1";"Homo sapiens";"SINGLE PROTEIN";"CHEMBL1133371";"1";"Scientific Literature";"Bioorg Med Chem Lett";"2000";"None";"";"";"";"2200.0"
"CHEMBL24907";"";"None";"468.61";"0";"4.92";"8a";"CCc1nc2cc(OC3CCN(C(C)=N)CC3)ccc2n1Cc1ccc2ccc(C(=N)N)cc2c1";"Ki";"'='";"5.0";"nM";"8.30";"";"";"UO_0000065";"17.71";"0.32";"3.38";"7.98";"0";"CHEMBL817144";"Tested in vitro for the selectivity against trypsin (Trp)";"B";"BAO_0000357";"single protein format";"None";"None";"None";"None";"None";"";"";"";"CHEMBL209";"Serine protease 1";"Homo sapiens";"SINGLE PROTEIN";"CHEMBL1135304";"1";"Scientific Literature";"Bioorg Med Chem Lett";"2002";"None";"";"";"";"5.0"
"CHEMBL542712";"";"None";"368.83";"1";"1.60";"2";"Cl.N=C(N)c1ccc2[nH]c(Cc3nc4cc(C(=N)N)ccc4[nH]3)nc2c1";"Ki";"'='";"100.0";"nM";"7.00";"";"";"UO_0000065";"21.06";"0.38";"5.40";"4.46";"0";"CHEMBL655074";"In vitro inhibition of bovine trypsin.";"B";"BAO_0000357";"single protein format";"None";"None";"None";"None";"None";"";"";"";"CHEMBL209";"Serine protease 1";"Homo sapiens";"SINGLE PROTEIN";"CHEMBL1145070";"1";"Scientific Literature";"J Med Chem";"2003";"None";"";"";"";"100.0"
"CHEMBL38467";"";"None";"521.64";"1";"4.14";"6f";"N/C(=N\O)c1ccc(CN(NS(=O)(=O)c2ccc(-c3ccccc3)cc2)C(=O)N2CCCCCC2)cc1";"Ki";"'>'";"400000.0";"nM";"";"Outside typical range";"";"UO_0000065";"";"";"";"";"0";"CHEMBL815009";"In vitro inhibition of trypsin";"B";"BAO_0000357";"single protein format";"None";"None";"None";"None";"None";"";"";"";"CHEMBL209";"Serine protease 1";"Homo sapiens";"SINGLE PROTEIN";"CHEMBL1137966";"1";"Scientific Literature";"Bioorg Med Chem Lett";"2004";"None";"";"";"";"400.0"
"CHEMBL408125";"";"None";"553.67";"0";"4.37";"9 (diastereomer 1)";"NC1CCC(CNC(=O)[C@@H]2CCCN2C(=O)CC(c2ccccc2)C2CCCCC2)CC1.O=C(O)C(F)(F)F";"Ki";"'='";"1700.0";"nM";"5.77";"";"";"UO_0000065";"13.12";"0.25";"1.40";"7.65";"0";"CHEMBL817812";"In vitro inhibition of human trypsin.";"B";"BAO_0000357";"single protein format";"None";"None";"None";"None";"None";"";"";"";"CHEMBL209";"Serine protease 1";"Homo sapiens";"SINGLE PROTEIN";"CHEMBL1130225";"1";"Scientific Literature";"J Med Chem";"1997";"None";"";"";"";"1700.0"
"CHEMBL306622";"";"None";"746.91";"2";"3.52";"46";"N=C(N)Nc1ccc(CCC(=O)N2CCN(C(=O)O[C@H]3CCC[C@@H](OC(=O)N4CCN(C(=O)CCc5ccc(NC(=N)N)cc5)CC4)CCC3)CC2)cc1";"Ki";"'>'";"1000000.0";"nM";"";"Outside typical range";"";"UO_0000065";"";"";"";"";"0";"CHEMBL824723";"Compound was evaluated for its inhibitory potency against trypsin";"B";"BAO_0000357";"single protein format";"None";"None";"None";"None";"None";"";"";"";"CHEMBL209";"Serine protease 1";"Homo sapiens";"SINGLE PROTEIN";"CHEMBL1132784";"1";"Scientific Literature";"Bioorg Med Chem Lett";"2000";"None";"";"";"";"1000.0"
"CHEMBL274968";"";"None";"460.56";"0";"0.14";"NC29";"Cc1ccc(NS(=O)(=O)Cc2ccccc2)c(=O)n1CC(=O)NC[C@@H]1CNC(N)=N[C@@H]1C";"Ki";"";"";"nM";"";"";"Not Active";"UO_0000065";"";"";"";"";"0";"CHEMBL817810";"In vitro inhibitory constant against trypsin; Inactive";"B";"BAO_0000357";"single protein format";"None";"None";"None";"None";"None";"";"";"";"CHEMBL209";"Serine protease 1";"Homo sapiens";"SINGLE PROTEIN";"CHEMBL1136066";"1";"Scientific Literature";"Bioorg Med Chem Lett";"2002";"None";"";"";"";""
"CHEMBL143060";"";"None";"377.45";"0";"1.92";"11";"Cc1cnc(NCCc2ccccc2)c(=O)n1CC(=O)NCc1ccccn1";"Ki";"'>'";"1000000.0";"nM";"";"Outside typical range";"";"UO_0000065";"";"";"";"";"0";"CHEMBL815470";"Inhibitory constant against human trypsin";"B";"BAO_0000357";"single protein format";"None";"None";"None";"None";"None";"";"";"";"CHEMBL209";"Serine protease 1";"Homo sapiens";"SINGLE PROTEIN";"CHEMBL1145961";"1";"Scientific Literature";"J Med Chem";"2003";"None";"";"";"";"1000.0"
"CHEMBL418427";"";"None";"360.27";"None";"None";"2";"CC1(C)OB([C@H](CCCN=C(N)N)NC(=O)c2ccccc2)OC1(C)C";"Ki";"'='";"70.0";"nM";"7.16";"";"";"UO_0000065";"19.86";"None";"None";"None";"0";"CHEMBL811780";"Inhibition of trypsin";"B";"BAO_0000357";"single protein format";"None";"None";"None";"None";"None";"";"";"";"CHEMBL209";"Serine protease 1";"Homo sapiens";"SINGLE PROTEIN";"CHEMBL1151536";"1";"Scientific Literature";"Bioorg Med Chem Lett";"1997";"None";"";"";"";"70.0"
"CHEMBL19071";"";"None";"407.48";"0";"1.20";"NC24";"Cc1nc(N)ncc1CNC(=O)Cn1c(C)cnc(NCCc2ccccc2)c1=O";"Ki";"";"";"nM";"";"";"Not Active";"UO_0000065";"";"";"";"";"0";"CHEMBL817810";"In vitro inhibitory constant against trypsin; Inactive";"B";"BAO_0000357";"single protein format";"None";"None";"None";"None";"None";"";"";"";"CHEMBL209";"Serine protease 1";"Homo sapiens";"SINGLE PROTEIN";"CHEMBL1136066";"1";"Scientific Literature";"Bioorg Med Chem Lett";"2002";"None";"";"";"";""
"CHEMBL290376";"";"None";"460.34";"None";"None";"DuP-714";"CC(=O)N[C@H](Cc1ccccc1)C(=O)N1CCC[C@H]1C(=O)N[C@@H](CCCN=C(N)N)B(O)O";"Ki";"'='";"0.045";"nM";"10.35";"";"";"UO_0000065";"22.48";"None";"None";"None";"1";"CHEMBL811780";"Inhibition of trypsin";"B";"BAO_0000357";"single protein format";"None";"None";"None";"None";"None";"";"";"";"CHEMBL209";"Serine protease 1";"Homo sapiens";"SINGLE PROTEIN";"CHEMBL1151536";"1";"Scientific Literature";"Bioorg Med Chem Lett";"1997";"None";"";"";"";"0.045"
"CHEMBL431675";"";"None";"548.61";"0";"3.23";"19 (diastereomer 2)";"NC1CCC(CNC(=O)[C@@H]2CCCN2C(=O)CC(c2ccccc2)c2ccncc2)CC1.O=C(O)C(F)(F)F";"Ki";"'='";"2200.0";"nM";"5.66";"";"";"UO_0000065";"13.02";"0.24";"2.43";"6.41";"0";"CHEMBL817812";"In vitro inhibition of human trypsin.";"B";"BAO_0000357";"single protein format";"None";"None";"None";"None";"None";"";"";"";"CHEMBL209";"Serine protease 1";"Homo sapiens";"SINGLE PROTEIN";"CHEMBL1130225";"1";"Scientific Literature";"J Med Chem";"1997";"None";"";"";"";"2200.0"
"CHEMBL96494";"";"None";"270.27";"0";"2.36";"6i";"N=C(N)c1ccc2[nH]c(-c3cccc(F)c3O)nc2c1";"Ki";"'='";"3500.0";"nM";"5.46";"";"";"UO_0000065";"20.19";"0.37";"3.10";"5.52";"0";"CHEMBL816557";"Inhibition of Human Serine Protease Trypsin.";"B";"BAO_0000357";"single protein format";"None";"None";"None";"None";"None";"";"";"";"CHEMBL209";"Serine protease 1";"Homo sapiens";"SINGLE PROTEIN";"CHEMBL1134564";"1";"Scientific Literature";"J Med Chem";"2001";"None";"";"";"";"3.5"
"CHEMBL3215566";"";"None";"413.35";"0";"2.88";"11";"Cl.Cl.N=C(N)c1cccc(OCCCCCOc2cccc(C(=N)N)c2)c1";"Ki";"'='";"3800.0";"nM";"5.42";"";"";"UO_0000065";"15.92";"0.30";"2.54";"4.59";"0";"CHEMBL815012";"Inhibition of trypsin by amidase assay.";"B";"BAO_0000357";"single protein format";"None";"None";"None";"None";"None";"";"";"";"CHEMBL209";"Serine protease 1";"Homo sapiens";"SINGLE PROTEIN";"CHEMBL1124749";"1";"Scientific Literature";"J Med Chem";"1990";"None";"";"";"";"3.8"
"CHEMBL3216662";"";"None";"489.32";"0";"2.31";"20";"Cl.Cl.N=C(N)c1ccc(OCCCCOc2ccc(C(=N)N)cc2[N+](=O)[O-])c([N+](=O)[O-])c1";"Ki";"'='";"5400.0";"nM";"5.27";"";"";"UO_0000065";"12.65";"0.24";"2.96";"2.58";"0";"CHEMBL815012";"Inhibition of trypsin by amidase assay.";"B";"BAO_0000357";"single protein format";"None";"None";"None";"None";"None";"";"";"";"CHEMBL209";"Serine protease 1";"Homo sapiens";"SINGLE PROTEIN";"CHEMBL1124749";"1";"Scientific Literature";"J Med Chem";"1990";"None";"";"";"";"5.4"
"CHEMBL52427";"";"None";"341.41";"0";"4.80";"22e";"Cc1cc(-c2ccccc2)c(O)c(-c2cc3cc(C(=N)N)ccc3[nH]2)c1";"Ki";"'='";"130.0";"nM";"6.89";"";"";"UO_0000065";"20.17";"0.36";"2.09";"8.02";"0";"CHEMBL824709";"Activity against Human Serine Protease Trypsin";"B";"BAO_0000357";"single protein format";"Homo sapiens";"None";"None";"None";"None";"";"";"";"CHEMBL209";"Serine protease 1";"Homo sapiens";"SINGLE PROTEIN";"CHEMBL1134564";"1";"Scientific Literature";"J Med Chem";"2001";"None";"";"";"";"0.13"
"CHEMBL1160812";"";"None";"698.64";"0";"2.43";"13";"N=C(N)c1cccc(N2CCCCN(C3CCN(S(=O)(=O)c4ccc(N)cc4)CC3)C2=O)c1.O=C(O)C(F)(F)F.O=C(O)C(F)(F)F";"Ki";"'='";"190.0";"nM";"6.72";"";"";"UO_0000065";"14.28";"0.28";"4.29";"4.91";"0";"CHEMBL818020";"Inhibitory activity against trypsin";"B";"BAO_0000357";"single protein format";"None";"None";"None";"None";"None";"";"";"";"CHEMBL209";"Serine protease 1";"Homo sapiens";"SINGLE PROTEIN";"CHEMBL1133385";"1";"Scientific Literature";"Bioorg Med Chem Lett";"2000";"None";"";"";"";"190.0"
"CHEMBL341266";"";"None";"953.29";"3";"-0.59";"2b";"CCCCCCCCCCN[C@@H](CCCN=C(N)N)C(=O)N[C@H](C(=O)N[C@@H](CCCCN)C(=O)N[C@@H](CCCN=C(N)N)C(=O)CN[C@@H](C)C(=O)N[C@H](C(=O)NCC(=O)OC)C(C)C)C(C)C";"Ki";"'='";"1900.0";"nM";"5.72";"";"";"UO_0000065";"6.00";"0.12";"6.31";"1.56";"0";"CHEMBL815015";"Inhibitory activity against trypsin";"B";"BAO_0000357";"single protein format";"None";"None";"None";"None";"None";"";"";"";"CHEMBL209";"Serine protease 1";"Homo sapiens";"SINGLE PROTEIN";"CHEMBL1128743";"1";"Scientific Literature";"J Med Chem";"1995";"None";"";"";"";"1.9"
"CHEMBL38626";"";"None";"479.61";"0";"3.82";"7k";"N=C(N)c1cccc(CN(NS(=O)(=O)c2ccc3ccccc3c2)C(=O)N2CCCCCC2)c1";"Ki";"'='";"140.0";"nM";"6.85";"";"";"UO_0000065";"14.29";"0.28";"3.03";"5.73";"0";"CHEMBL815009";"In vitro inhibition of trypsin";"B";"BAO_0000357";"single protein format";"None";"None";"None";"None";"None";"";"";"";"CHEMBL209";"Serine protease 1";"Homo sapiens";"SINGLE PROTEIN";"CHEMBL1137966";"1";"Scientific Literature";"Bioorg Med Chem Lett";"2004";"None";"";"";"";"0.14"
"CHEMBL39375";"";"None";"540.76";"1";"4.83";"32";"CCC1CCN(C(=O)C(Cc2nc3ccccc3s2)NS(=O)(=O)c2cccc3c2NCC(C)(C)C3)CC1";"Ki";"'='";"260000.0";"nM";"";"Outside typical range";"";"UO_0000065";"";"";"";"";"0";"CHEMBL817139";"Compound was evaluated for its inhibitory activity against Trypsin";"B";"BAO_0000357";"single protein format";"None";"None";"None";"None";"None";"";"";"";"CHEMBL209";"Serine protease 1";"Homo sapiens";"SINGLE PROTEIN";"CHEMBL1133232";"1";"Scientific Literature";"Bioorg Med Chem Lett";"2000";"None";"";"";"";"260.0"
"CHEMBL81844";"";"None";"458.60";"0";"3.13";"3";"N=C(N)c1ccc(OCC[C@H]2CCCCN2C(=O)[C@@H](CC2CCCCC2)NCC(=O)O)cc1";"Ki";"'='";"7300.0";"nM";"5.14";"";"";"UO_0000065";"11.20";"0.21";"2.01";"3.99";"0";"CHEMBL817823";"In vitro inhibition of human trypsin.";"B";"BAO_0000357";"single protein format";"None";"None";"None";"None";"None";"";"";"";"CHEMBL209";"Serine protease 1";"Homo sapiens";"SINGLE PROTEIN";"CHEMBL1135990";"1";"Scientific Literature";"J Med Chem";"2002";"None";"";"";"";"7300.0"
"CHEMBL19080";"L-375378";"None";"406.49";"0";"1.81";"1";"Cc1nc(N)ccc1CNC(=O)Cn1c(C)cnc(NCCc2ccccc2)c1=O";"Ki";"'='";"1800.0";"nM";"5.75";"";"";"UO_0000065";"14.13";"0.26";"3.93";"5.00";"1";"CHEMBL817814";"Inhibition of Trypsin";"B";"BAO_0000357";"single protein format";"Homo sapiens";"None";"None";"None";"None";"";"";"";"CHEMBL209";"Serine protease 1";"Homo sapiens";"SINGLE PROTEIN";"CHEMBL1136608";"1";"Scientific Literature";"Bioorg Med Chem Lett";"2003";"None";"";"";"";"1800.0"
"CHEMBL309830";"";"None";"718.86";"2";"2.74";"45";"N=C(N)Nc1ccc(CC(=O)N2CCN(C(=O)O[C@H]3CCC[C@@H](OC(=O)N4CCN(C(=O)Cc5ccc(NC(=N)N)cc5)CC4)CCC3)CC2)cc1";"Ki";"'='";"82000.0";"nM";"4.09";"";"";"UO_0000065";"5.68";"0.11";"1.35";"1.83";"0";"CHEMBL824723";"Compound was evaluated for its inhibitory potency against trypsin";"B";"BAO_0000357";"single protein format";"None";"None";"None";"None";"None";"";"";"";"CHEMBL209";"Serine protease 1";"Homo sapiens";"SINGLE PROTEIN";"CHEMBL1132784";"1";"Scientific Literature";"Bioorg Med Chem Lett";"2000";"None";"";"";"";"82.0"
"CHEMBL309403";"";"None";"465.64";"0";"2.29";"9";"N=C(N)N1CCC(OCC[C@@H]2CCCCN2C(=O)[C@H](CC(=O)O)NC2CCCCCC2)CC1";"Ki";"'='";"700.0";"nM";"6.16";"";"";"UO_0000065";"13.22";"0.25";"3.86";"4.66";"0";"CHEMBL817823";"In vitro inhibition of human trypsin.";"B";"BAO_0000357";"single protein format";"None";"None";"None";"None";"None";"";"";"";"CHEMBL209";"Serine protease 1";"Homo sapiens";"SINGLE PROTEIN";"CHEMBL1135990";"1";"Scientific Literature";"J Med Chem";"2002";"None";"";"";"";"700.0"
"CHEMBL93315";"";"None";"519.04";"1";"2.30";"9";"O=C1COc2ccc(Cl)cc2CNC(=O)[C@@H]2CCCN2C(=O)[C@@H](C2CCCCC2)NC(=O)CCCN1";"Ki";"'='";"5000.0";"nM";"5.30";"";"";"UO_0000065";"10.21";"0.20";"3.00";"4.54";"0";"CHEMBL817817";"Inhibitory activity against human trypsin";"B";"BAO_0000357";"single protein format";"None";"None";"None";"None";"None";"";"";"";"CHEMBL209";"Serine protease 1";"Homo sapiens";"SINGLE PROTEIN";"CHEMBL1136169";"1";"Scientific Literature";"Bioorg Med Chem Lett";"2003";"None";"";"";"";"5.0"
"CHEMBL78757";"";"None";"600.76";"1";"2.71";"11";"CN(Cc1ccc(CN)cc1)C(=O)CCC(=O)NCc1ccc(CNC(=O)CCC(=O)N(C)Cc2ccc(CN)cc2)cc1";"Ki";"'>'";"1000000.0";"nM";"";"Outside typical range";"";"UO_0000065";"";"";"";"";"0";"CHEMBL824722";"Inhibitory potency against trypsin";"B";"BAO_0000357";"single protein format";"None";"None";"None";"None";"None";"";"";"";"CHEMBL209";"Serine protease 1";"Homo sapiens";"SINGLE PROTEIN";"CHEMBL1132783";"1";"Scientific Literature";"Bioorg Med Chem Lett";"2000";"None";"";"";"";"1000.0"
"CHEMBL327254";"";"None";"351.45";"0";"2.76";"12";"N=C(N)c1cccc(NC(=O)NC2CCN(Cc3ccccc3)CC2)c1";"Ki";"'>'";"1200.0";"nM";"";"";"";"UO_0000065";"";"";"";"";"0";"CHEMBL811778";"Compound was tested for inhibition of trypsin.";"B";"BAO_0000357";"single protein format";"None";"None";"None";"None";"None";"";"";"";"CHEMBL209";"Serine protease 1";"Homo sapiens";"SINGLE PROTEIN";"CHEMBL1131265";"1";"Scientific Literature";"Bioorg Med Chem Lett";"1998";"None";"";"";"";"1200.0"
"CHEMBL327473";"";"None";"649.65";"1";"3.21";"47";"CC(C)OCC1(C(=O)Nc2ccc(-c3ccccc3S(N)(=O)=O)cc2)CC(c2cccc(C(=N)N)c2)=NO1.O=C(O)C(F)(F)F";"Ki";"'='";"120.0";"nM";"6.92";"";"";"UO_0000065";"12.92";"0.25";"3.71";"4.07";"0";"CHEMBL824706";"Binding affinity towards trypsin obtained from human purified enzymes";"B";"BAO_0000357";"single protein format";"None";"None";"None";"None";"None";"";"";"";"CHEMBL209";"Serine protease 1";"Homo sapiens";"SINGLE PROTEIN";"CHEMBL1132652";"1";"Scientific Literature";"J Med Chem";"1999";"None";"";"";"";"120.0"
"CHEMBL433351";"";"None";"408.42";"1";"1.23";"10";"N=C(N)c1ccc(NC(=O)C2(CC(=O)O)CC(c3cccc(C(=N)N)c3)=NO2)cc1";"Ki";"'>'";"1200.0";"nM";"";"";"";"UO_0000065";"";"";"";"";"0";"CHEMBL879096";"The compound was evaluated for inhibitory activity against Trypsin";"B";"BAO_0000357";"single protein format";"None";"None";"None";"None";"None";"";"";"";"CHEMBL209";"Serine protease 1";"Homo sapiens";"SINGLE PROTEIN";"CHEMBL1129218";"1";"Scientific Literature";"Bioorg Med Chem Lett";"1997";"None";"";"";"";"1.2"
"CHEMBL341979";"";"None";"449.54";"0";"2.82";"44 (-)";"N=C(N)c1ccc2c(c1)C(CC(=O)Nc1ccc(-c3ccccc3S(N)(=O)=O)cc1)CN2";"Ki";"'='";"400.0";"nM";"6.40";"";"";"UO_0000065";"14.23";"0.27";"3.58";"4.23";"0";"CHEMBL818182";"Binding affinity against human trypsin";"B";"BAO_0000357";"single protein format";"None";"None";"None";"None";"None";"";"";"";"CHEMBL209";"Serine protease 1";"Homo sapiens";"SINGLE PROTEIN";"CHEMBL1133520";"1";"Scientific Literature";"J Med Chem";"2000";"None";"";"";"";"400.0"
"CHEMBL422722";"";"None";"446.55";"0";"3.12";"16";"COC(=O)Cc1cn(CC(=O)N2CCC(Cc3ccccc3)CC2)c2ccc(C(=N)N)cc12";"Ki";"'='";"140.0";"nM";"6.85";"";"";"UO_0000065";"15.35";"0.28";"3.73";"6.76";"0";"CHEMBL812713";"Inhibitory activity against trypsin";"B";"BAO_0000357";"single protein format";"None";"None";"None";"None";"None";"";"";"";"CHEMBL209";"Serine protease 1";"Homo sapiens";"SINGLE PROTEIN";"CHEMBL1131664";"1";"Scientific Literature";"Bioorg Med Chem Lett";"1999";"None";"";"";"";"140.0"
"CHEMBL102502";"";"None";"569.61";"0";"2.85";"9";"N=C(N)c1cccc(N2CCCCN(C3CCN(S(=O)(=O)c4ccccc4)CC3)C2=O)c1.O=C(O)C(F)(F)F";"Ki";"'='";"60.0";"nM";"7.22";"";"";"UO_0000065";"15.85";"0.31";"4.37";"6.52";"0";"CHEMBL818020";"Inhibitory activity against trypsin";"B";"BAO_0000357";"single protein format";"None";"None";"None";"None";"None";"";"";"";"CHEMBL209";"Serine protease 1";"Homo sapiens";"SINGLE PROTEIN";"CHEMBL1133385";"1";"Scientific Literature";"Bioorg Med Chem Lett";"2000";"None";"";"";"";"60.0"
"CHEMBL277695";"";"None";"424.53";"0";"1.87";"NC11";"Cc1cnc(NCCc2ccccc2)c(=O)n1CC(=O)NCc1ccc(C(=N)N)s1";"Ki";"'='";"4.4";"nM";"8.36";"";"";"UO_0000065";"19.68";"0.38";"6.49";"6.64";"0";"CHEMBL817809";"In vitro inhibitory constant against trypsin";"B";"BAO_0000357";"single protein format";"Homo sapiens";"None";"None";"None";"None";"";"";"";"CHEMBL209";"Serine protease 1";"Homo sapiens";"SINGLE PROTEIN";"CHEMBL1136066";"1";"Scientific Literature";"Bioorg Med Chem Lett";"2002";"None";"";"";"";"4.4"
"CHEMBL143138";"";"None";"407.48";"0";"1.20";"5";"Cc1nc(N)ccc1CNC(=O)Cn1c(C)cnc(NCCc2ccccn2)c1=O";"Ki";"'='";"3600.0";"nM";"5.44";"";"";"UO_0000065";"13.36";"0.25";"4.24";"4.26";"0";"CHEMBL815470";"Inhibitory constant against human trypsin";"B";"BAO_0000357";"single protein format";"None";"None";"None";"None";"None";"";"";"";"CHEMBL209";"Serine protease 1";"Homo sapiens";"SINGLE PROTEIN";"CHEMBL1145961";"1";"Scientific Literature";"J Med Chem";"2003";"None";"";"";"";"3600.0"
"CHEMBL353213";"";"None";"430.51";"0";"2.48";"2";"Cc1cnc(NCCc2ccccc2)c(=O)n1CC(=O)NCc1ccc2nccn2c1C";"Ki";"'='";"6800.0";"nM";"5.17";"";"";"UO_0000065";"12.00";"0.22";"2.69";"5.54";"0";"CHEMBL817814";"Inhibition of Trypsin";"B";"BAO_0000357";"single protein format";"Homo sapiens";"None";"None";"None";"None";"";"";"";"CHEMBL209";"Serine protease 1";"Homo sapiens";"SINGLE PROTEIN";"CHEMBL1136608";"1";"Scientific Literature";"Bioorg Med Chem Lett";"2003";"None";"";"";"";"6800.0"
"CHEMBL2373405";"";"None";"563.47";"None";"None";"30";"CC1(C)[C@@H]2C[C@H]3OB([C@H](CCCCN)NC(=O)Cn4nc(CC#N)nc4Cc4ccccc4[N+](=O)[O-])O[C@@]3(C)[C@H]1C2";"Ki";"'='";"8.4";"nM";"8.08";"";"";"UO_0000065";"14.33";"None";"None";"None";"0";"CHEMBL811614";"Inhibition of trypsin";"B";"BAO_0000357";"single protein format";"None";"None";"None";"None";"None";"";"";"";"CHEMBL209";"Serine protease 1";"Homo sapiens";"SINGLE PROTEIN";"CHEMBL1130774";"1";"Scientific Literature";"Bioorg Med Chem Lett";"1998";"None";"";"";"";"8.4"
"CHEMBL290720";"";"None";"603.57";"None";"None";"8";"CC(C)(C)OC(=O)Nc1cccc(-c2cccc(C(=O)N[C@@H](CCCN=C(N)N)B3O[C@@H]4CC5CC(C5(C)C)[C@]4(C)O3)c2)c1";"Ki";"'='";"35.0";"nM";"7.46";"";"";"UO_0000065";"12.35";"None";"None";"None";"0";"CHEMBL811780";"Inhibition of trypsin";"B";"BAO_0000357";"single protein format";"None";"None";"None";"None";"None";"";"";"";"CHEMBL209";"Serine protease 1";"Homo sapiens";"SINGLE PROTEIN";"CHEMBL1151536";"1";"Scientific Literature";"Bioorg Med Chem Lett";"1997";"None";"";"";"";"35.0"
"CHEMBL2373351";"";"None";"531.51";"None";"None";"33";"CC1(C)[C@@H]2C[C@H]3OB([C@H](CCCCN)NC(=O)Cn4nc(CC#N)cc4CCc4ccccc4)O[C@@]3(C)[C@H]1C2";"Ki";"'='";"35.0";"nM";"7.46";"";"";"UO_0000065";"14.03";"None";"None";"None";"0";"CHEMBL811614";"Inhibition of trypsin";"B";"BAO_0000357";"single protein format";"None";"None";"None";"None";"None";"";"";"";"CHEMBL209";"Serine protease 1";"Homo sapiens";"SINGLE PROTEIN";"CHEMBL1130774";"1";"Scientific Literature";"Bioorg Med Chem Lett";"1998";"None";"";"";"";"35.0"
"CHEMBL345236";"";"None";"293.33";"1";"-1.98";"4";"N=C(N)c1ccc(CNC(=O)CNC(=O)[C@@H](N)CO)cc1";"Ki";"'='";"7000.0";"nM";"5.16";"";"";"UO_0000065";"17.57";"0.34";"7.13";"3.34";"0";"CHEMBL811611";"In vitro inhibition of trypsin.";"B";"BAO_0000357";"single protein format";"None";"None";"None";"None";"None";"";"";"";"CHEMBL209";"Serine protease 1";"Homo sapiens";"SINGLE PROTEIN";"CHEMBL1135855";"1";"Scientific Literature";"Bioorg Med Chem Lett";"2002";"None";"";"";"";"7.0"
"CHEMBL2373440";"";"None";"606.62";"None";"None";"23";"CC(C)(C)CC(=O)NCc1nc(Cc2ccccc2)n(CC(=O)N[C@@H](CCCCN)B2O[C@@H]3C[C@@H]4C[C@@H](C4(C)C)[C@]3(C)O2)n1";"Ki";"'='";"2.7";"nM";"8.57";"";"";"UO_0000065";"14.13";"None";"None";"None";"0";"CHEMBL811614";"Inhibition of trypsin";"B";"BAO_0000357";"single protein format";"None";"None";"None";"None";"None";"";"";"";"CHEMBL209";"Serine protease 1";"Homo sapiens";"SINGLE PROTEIN";"CHEMBL1130774";"1";"Scientific Literature";"Bioorg Med Chem Lett";"1998";"None";"";"";"";"2.7"
"CHEMBL173480";"";"None";"598.66";"2";"3.62";"18d";"CC(=N)N1CCC(Oc2ccc3cc(C(=O)NC(CC(=O)O)C(=O)O)n(Cc4ccc5ccc(C(=N)N)cc5c4)c3c2)CC1";"Ki";"'='";"30.0";"nM";"7.52";"";"";"UO_0000065";"12.57";"0.23";"3.90";"3.86";"0";"CHEMBL815755";"In vitro inhibition of bovine trypsin.";"B";"BAO_0000357";"single protein format";"None";"None";"None";"None";"None";"";"";"";"CHEMBL209";"Serine protease 1";"Homo sapiens";"SINGLE PROTEIN";"CHEMBL1133499";"1";"Scientific Literature";"Bioorg Med Chem Lett";"2000";"None";"";"";"";"30.0"
"CHEMBL433179";"";"None";"266.30";"0";"2.53";"6f";"Cc1ccc(O)c(-c2nc3cc(C(=N)N)ccc3[nH]2)c1";"Ki";"'='";"9000.0";"nM";"5.05";"";"";"UO_0000065";"18.95";"0.34";"2.52";"5.11";"0";"CHEMBL816557";"Inhibition of Human Serine Protease Trypsin.";"B";"BAO_0000357";"single protein format";"None";"None";"None";"None";"None";"";"";"";"CHEMBL209";"Serine protease 1";"Homo sapiens";"SINGLE PROTEIN";"CHEMBL1134564";"1";"Scientific Literature";"J Med Chem";"2001";"None";"";"";"";"9.0"
"CHEMBL3898510";"";"None";"550.61";"1";"2.67";"BDBM234256";"CC(C)C[C@@H](C(=O)N[C@@H](CCC(=O)O)C(=O)O)N(C)Cc1ccc(C(=O)Oc2ccc(C(=N)N)cc2F)s1";"Ki";"'='";"0.7";"nM";"9.15";"";"408298";"UO_0000065";"16.63";"0.33";"6.48";"5.00";"0";"CHEMBL3888548";"Inhibition Assay: Using a 96 well plate (#3915, Costar), a test compound (25 μL), 400 mM Tris-HCl buffer (pH 8.0, 25 μL) and 0.5 mg/mL fluorescence enzyme substrate (Gly-Asp-Asp-Asp-Asp-Lys-β-Naphtylamide, 25 μL) were mixed, and recombinant human enteropeptidase (R&D Systems, Inc., 25 μL) was added. Using a fluorescence plate reader fmax (Molecular Devices, Inc.), the reaction rate was measured from the time-course changes at excitation wavelength 320 nm and fluorescence wavelength 405 nm. The Ki value was calculated from the concentration of the test compound, reciprocal of reaction rate, and Km value of the enzyme substrate, and by using Dixon plot.";"B";"BAO_0000357";"single protein format";"Homo sapiens";"None";"None";"None";"None";"";"";"";"CHEMBL209";"Serine protease 1";"Homo sapiens";"SINGLE PROTEIN";"CHEMBL3886757";"37";"BindingDB Patent Bioactivity Data";"";"2016";"None";"";"";"";"0.7"
"CHEMBL92909";"";"None";"622.58";"1";"1.83";"65";"COCC1(C(=O)Nc2ccc(-c3ccccc3S(N)(=O)=O)cn2)CC(c2cccc(C(=N)N)c2)=NO1.O=C(O)C(F)(F)F";"Ki";"'='";"45.0";"nM";"7.35";"";"";"UO_0000065";"14.45";"0.28";"5.52";"4.02";"0";"CHEMBL824706";"Binding affinity towards trypsin obtained from human purified enzymes";"B";"BAO_0000357";"single protein format";"None";"None";"None";"None";"None";"";"";"";"CHEMBL209";"Serine protease 1";"Homo sapiens";"SINGLE PROTEIN";"CHEMBL1132652";"1";"Scientific Literature";"J Med Chem";"1999";"None";"";"";"";"45.0"
"CHEMBL263784";"";"None";"497.60";"0";"4.75";"18a";"COC(=O)c1cc2ccc(OC3CCN(C(C)=N)CC3)cc2n1Cc1ccc2ccc(C(=N)N)cc2c1";"Ki";"'='";"150.0";"nM";"6.82";"";"";"UO_0000065";"13.71";"0.25";"2.07";"5.81";"0";"CHEMBL815755";"In vitro inhibition of bovine trypsin.";"B";"BAO_0000357";"single protein format";"None";"None";"None";"None";"None";"";"";"";"CHEMBL209";"Serine protease 1";"Homo sapiens";"SINGLE PROTEIN";"CHEMBL1133499";"1";"Scientific Literature";"Bioorg Med Chem Lett";"2000";"None";"";"";"";"150.0"
"CHEMBL291243";"";"None";"420.50";"0";"-0.22";"3a";"Cc1nc(N)ccc1CNC(=O)Cn1c(C)cc(S(=O)(=O)NC2CC2)c(N)c1=O";"Ki";"'='";"2900.0";"nM";"5.54";"";"";"UO_0000065";"13.17";"0.26";"5.76";"3.41";"0";"CHEMBL817816";"Inhibitory activity against human trypsin";"B";"BAO_0000357";"single protein format";"None";"None";"None";"None";"None";"";"";"";"CHEMBL209";"Serine protease 1";"Homo sapiens";"SINGLE PROTEIN";"CHEMBL1136704";"1";"Scientific Literature";"Bioorg Med Chem Lett";"2003";"None";"";"";"";"2900.0"
"CHEMBL308763";"";"None";"712.90";"2";"3.03";"11";"N=C(N)Nc1ccc(CNC(=O)N2CCN(C(=O)O[C@H]3CCC[C@@H](OC(=O)N4CCN(C(=O)NC[C@H]5CC[C@H](N)CC5)CC4)CCC3)CC2)cc1";"Ki";"'='";"141000.0";"nM";"";"Outside typical range";"";"UO_0000065";"";"";"";"";"0";"CHEMBL824723";"Compound was evaluated for its inhibitory potency against trypsin";"B";"BAO_0000357";"single protein format";"None";"None";"None";"None";"None";"";"";"";"CHEMBL209";"Serine protease 1";"Homo sapiens";"SINGLE PROTEIN";"CHEMBL1132784";"1";"Scientific Literature";"Bioorg Med Chem Lett";"2000";"None";"";"";"";"141.0"
"CHEMBL139121";"";"None";"432.51";"0";"3.75";"6a";"Cc1cc(C(=O)Nc2ccc(-c3ccccc3S(N)(=O)=O)cc2)n(-c2ccccc2)n1";"Ki";"'>'";"1500.0";"nM";"";"";"";"UO_0000065";"";"";"";"";"0";"CHEMBL817826";"Tested in vitro for inhibition of human trypsin";"B";"BAO_0000357";"single protein format";"None";"None";"None";"None";"None";"";"";"";"CHEMBL209";"Serine protease 1";"Homo sapiens";"SINGLE PROTEIN";"CHEMBL1145914";"1";"Scientific Literature";"J Med Chem";"2003";"None";"";"";"";"1500.0"
"CHEMBL147171";"";"None";"546.55";"2";"5.07";"45a";"CNCc1ccccc1-n1nc(C(F)(F)F)cc1C(=O)Nc1ccc(-c2ccccc2S(C)(=O)=O)cc1F";"Ki";"'>'";"2500.0";"nM";"";"";"";"UO_0000065";"";"";"";"";"0";"CHEMBL817826";"Tested in vitro for inhibition of human trypsin";"B";"BAO_0000357";"single protein format";"None";"None";"None";"None";"None";"";"";"";"CHEMBL209";"Serine protease 1";"Homo sapiens";"SINGLE PROTEIN";"CHEMBL1145914";"1";"Scientific Literature";"J Med Chem";"2003";"None";"";"";"";"2500.0"
"CHEMBL146793";"";"None";"533.50";"2";"5.36";"12a";"COc1ccc(-n2nc(C(F)(F)F)cc2C(=O)Nc2ccc(-c3ccccc3S(C)(=O)=O)cc2F)cc1";"Ki";"'>'";"2500.0";"nM";"";"";"";"UO_0000065";"";"";"";"";"0";"CHEMBL817826";"Tested in vitro for inhibition of human trypsin";"B";"BAO_0000357";"single protein format";"None";"None";"None";"None";"None";"";"";"";"CHEMBL209";"Serine protease 1";"Homo sapiens";"SINGLE PROTEIN";"CHEMBL1145914";"1";"Scientific Literature";"J Med Chem";"2003";"None";"";"";"";"2500.0"
"CHEMBL279628";"";"None";"649.60";"1";"2.35";"15(SF303)";"COC(=O)CC1(C(=O)Nc2ccc(-c3ccccc3S(N)(=O)=O)cc2)CC(c2cccc(C(=N)N)c2)=NO1.O=C(O)C(F)(F)F";"Ki";"'='";"110.0";"nM";"6.96";"";"";"UO_0000065";"12.99";"0.25";"4.61";"3.72";"1";"CHEMBL824708";"The binding affinity was measured towards human purified trypsin";"B";"BAO_0000357";"single protein format";"None";"None";"None";"None";"None";"";"";"";"CHEMBL209";"Serine protease 1";"Homo sapiens";"SINGLE PROTEIN";"CHEMBL1132311";"1";"Scientific Literature";"J Med Chem";"1999";"None";"";"";"";"110.0"
"CHEMBL3667889";"";"None";"479.53";"0";"2.30";"BDBM158083";"CCC(CC)(Cc1ccc(C(=O)Oc2ccc(C(=N)N)cc2F)s1)C(=O)N[C@@H](CO)C(=O)O";"Ki";"'='";"1.87";"nM";"8.73";"";"355629";"UO_0000065";"18.20";"0.36";"6.43";"5.36";"1";"CHEMBL3887805";"Trypsin Inhibition Assay: Using a 96 well plate (#3915, Costar), a test compound (25 uL) was mixed with 20 uM fluorescence enzyme substrate (Boc-Phe-Ser-Arg-AMC, 50 uL) mixed with 200 mM Tris-HCl buffer (pH 8.0), and human trypsin (Sigma, 25 uL) was added. Using a fluorescence plate reader fmax (Molecular Devices, Inc.), the reaction rate was measured from the time-course changes at excitation wavelength 355 nm and fluorescence wavelength 460 nm.";"B";"BAO_0000357";"single protein format";"Homo sapiens";"None";"None";"None";"None";"";"";"";"CHEMBL209";"Serine protease 1";"Homo sapiens";"SINGLE PROTEIN";"CHEMBL3886456";"37";"BindingDB Patent Bioactivity Data";"";"2016";"None";"";"";"";"1.87"
"CHEMBL3667892";"";"None";"463.53";"0";"3.33";"BDBM158086";"CCC(CC)(Cc1ccc(C(=O)Oc2ccc(C(=N)N)cc2F)s1)C(=O)NCCC(=O)O";"Ki";"'='";"2.5";"nM";"8.60";"";"355632";"UO_0000065";"18.56";"0.37";"5.27";"6.03";"1";"CHEMBL3887805";"Trypsin Inhibition Assay: Using a 96 well plate (#3915, Costar), a test compound (25 uL) was mixed with 20 uM fluorescence enzyme substrate (Boc-Phe-Ser-Arg-AMC, 50 uL) mixed with 200 mM Tris-HCl buffer (pH 8.0), and human trypsin (Sigma, 25 uL) was added. Using a fluorescence plate reader fmax (Molecular Devices, Inc.), the reaction rate was measured from the time-course changes at excitation wavelength 355 nm and fluorescence wavelength 460 nm.";"B";"BAO_0000357";"single protein format";"Homo sapiens";"None";"None";"None";"None";"";"";"";"CHEMBL209";"Serine protease 1";"Homo sapiens";"SINGLE PROTEIN";"CHEMBL3886456";"37";"BindingDB Patent Bioactivity Data";"";"2016";"None";"";"";"";"2.5"
"CHEMBL319047";"";"None";"355.40";"0";"4.64";"18a";"N=C(N)c1ccc2cc(C(=O)Nc3ccccc3)cc(-c3ccoc3)c2c1";"Ki";"'='";"45.0";"nM";"7.35";"";"";"UO_0000065";"20.67";"0.37";"2.71";"7.98";"0";"CHEMBL817133";"Binding affinity against trypsin";"B";"BAO_0000357";"single protein format";"None";"None";"None";"None";"None";"";"";"";"CHEMBL209";"Serine protease 1";"Homo sapiens";"SINGLE PROTEIN";"CHEMBL1146777";"1";"Scientific Literature";"Bioorg Med Chem Lett";"2004";"None";"";"";"";"0.045"
"CHEMBL543648";"";"None";"484.08";"0";"4.01";"13";"CC(CC(=O)N1CCC[C@H]1C(=O)NCC1CCC(N)CC1)(c1ccccc1)c1ccccc1.Cl";"Ki";"'='";"17000.0";"nM";"4.77";"";"";"UO_0000065";"10.66";"0.20";"0.76";"6.32";"0";"CHEMBL817812";"In vitro inhibition of human trypsin.";"B";"BAO_0000357";"single protein format";"None";"None";"None";"None";"None";"";"";"";"CHEMBL209";"Serine protease 1";"Homo sapiens";"SINGLE PROTEIN";"CHEMBL1130225";"1";"Scientific Literature";"J Med Chem";"1997";"None";"";"";"";"17000.0"
"CHEMBL123272";"";"None";"469.91";"0";"2.46";"3";"Nc1cc(-n2nnnc2C(=O)Nc2ccc(-c3ccccc3S(N)(=O)=O)cc2)ccc1Cl";"Ki";"'>'";"1600.0";"nM";"";"";"";"UO_0000065";"";"";"";"";"0";"CHEMBL817820";"Inhibitory constant against trypsin using human purified enzymes";"B";"BAO_0000357";"single protein format";"Homo sapiens";"None";"None";"None";"None";"";"";"";"CHEMBL209";"Serine protease 1";"Homo sapiens";"SINGLE PROTEIN";"CHEMBL1136511";"1";"Scientific Literature";"Bioorg Med Chem Lett";"2003";"None";"";"";"";"1600.0"
"CHEMBL431675";"";"None";"548.61";"0";"3.23";"18 (diastereomer 1)";"NC1CCC(CNC(=O)[C@@H]2CCCN2C(=O)CC(c2ccccc2)c2ccncc2)CC1.O=C(O)C(F)(F)F";"Ki";"'='";"19000.0";"nM";"4.72";"";"";"UO_0000065";"10.86";"0.20";"1.49";"5.35";"0";"CHEMBL817812";"In vitro inhibition of human trypsin.";"B";"BAO_0000357";"single protein format";"None";"None";"None";"None";"None";"";"";"";"CHEMBL209";"Serine protease 1";"Homo sapiens";"SINGLE PROTEIN";"CHEMBL1130225";"1";"Scientific Literature";"J Med Chem";"1997";"None";"";"";"";"19000.0"
"CHEMBL343784";"";"None";"354.41";"0";"3.87";"20";"N=C(N)c1ccc2ncn(CC(=O)c3ccc(-c4ccccc4)cc3)c2c1";"Ki";"'='";"320.0";"nM";"6.50";"";"";"UO_0000065";"18.33";"0.33";"2.62";"7.66";"0";"CHEMBL818182";"Binding affinity against human trypsin";"B";"BAO_0000357";"single protein format";"None";"None";"None";"None";"None";"";"";"";"CHEMBL209";"Serine protease 1";"Homo sapiens";"SINGLE PROTEIN";"CHEMBL1133520";"1";"Scientific Literature";"J Med Chem";"2000";"None";"";"";"";"320.0"
"CHEMBL421466";"";"None";"542.54";"0";"0.80";"15";"CC(=O)N1CC=C[C@H]1C(=O)N[C@@H](CCCN=C(N)N)C(=O)c1nc2ccccc2s1.O=C(O)C(F)(F)F";"Ki";"'='";"9.1";"nM";"8.04";"";"";"UO_0000065";"18.76";"0.37";"7.24";"5.59";"0";"CHEMBL655074";"In vitro inhibition of bovine trypsin.";"B";"BAO_0000357";"single protein format";"None";"None";"None";"None";"None";"";"";"";"CHEMBL209";"Serine protease 1";"Homo sapiens";"SINGLE PROTEIN";"CHEMBL1145070";"1";"Scientific Literature";"J Med Chem";"2003";"None";"";"";"";"9.1"
"CHEMBL268225";"";"None";"553.99";"2";"1.82";"21 (+)";"Nc1cc(C2=NOC(Cn3cnnn3)(C(=O)Nc3ccc(-c4ccccc4S(N)(=O)=O)cn3)C2)ccc1Cl";"Ki";"'>'";"1600.0";"nM";"";"";"";"UO_0000065";"";"";"";"";"0";"CHEMBL878974";"Inhibitory activity against trypsin using human purified enzyme";"B";"BAO_0000357";"single protein format";"None";"None";"None";"None";"None";"";"";"";"CHEMBL209";"Serine protease 1";"Homo sapiens";"SINGLE PROTEIN";"CHEMBL1145764";"1";"Scientific Literature";"Bioorg Med Chem Lett";"2003";"None";"";"";"";"1600.0"
"CHEMBL93445";"";"None";"422.45";"0";"1.32";"14";"COC(=O)CC1(C(=O)Nc2cccc(C(=N)N)c2)CC(c2cccc(C(=N)N)c2)=NO1";"Ki";"'='";"230.0";"nM";"6.64";"";"";"UO_0000065";"15.71";"0.29";"5.32";"3.76";"0";"CHEMBL879096";"The compound was evaluated for inhibitory activity against Trypsin";"B";"BAO_0000357";"single protein format";"None";"None";"None";"None";"None";"";"";"";"CHEMBL209";"Serine protease 1";"Homo sapiens";"SINGLE PROTEIN";"CHEMBL1129218";"1";"Scientific Literature";"Bioorg Med Chem Lett";"1997";"None";"";"";"";"0.23"
"CHEMBL435865";"";"None";"441.54";"0";"2.79";"27";"N=C(N)c1cccc(C(=O)N[C@@H](C(=O)N2CCN(c3ccccc3)CC2)c2ccccc2)c1";"Ki";"'='";"340.0";"nM";"6.47";"";"";"UO_0000065";"14.65";"0.27";"3.68";"6.31";"0";"CHEMBL818185";"Binding affinity against human trypsin";"B";"BAO_0000357";"single protein format";"None";"None";"None";"None";"None";"";"";"";"CHEMBL209";"Serine protease 1";"Homo sapiens";"SINGLE PROTEIN";"CHEMBL1134227";"1";"Scientific Literature";"Bioorg Med Chem Lett";"2001";"None";"";"";"";"0.34"
"CHEMBL3667905";"";"None";"463.53";"0";"3.33";"BDBM158099";"CCC(CC)(Cc1ccc(C(=O)Oc2ccc(C(=N)N)cc2F)s1)C(=O)N[C@@H](C)C(=O)O";"Ki";"'='";"1.67";"nM";"8.78";"";"300460";"UO_0000065";"18.94";"0.37";"5.45";"6.16";"0";"CHEMBL3705369";"Inhibition Assay: Using a 96 well plate (#3915, Costar), a test compound (25 μL) was mixed with 20 μM fluorescence enzyme substrate (Boc-Phe-Ser-Arg-AMC, 50 μL) mixed with 200 mM Tris-HCl buffer (pH 8.0), and human trypsin (Sigma, 25 μL) was added. Using a fluorescence plate reader fmax (Molecular Devices, Inc.), the reaction rate was measured from the time-course changes at excitation wavelength 355 nm and fluorescence wavelength 460 nm.";"B";"BAO_0000357";"single protein format";"Homo sapiens";"None";"None";"None";"None";"";"";"";"CHEMBL209";"Serine protease 1";"Homo sapiens";"SINGLE PROTEIN";"CHEMBL3639122";"37";"BindingDB Patent Bioactivity Data";"";"2015";"None";"";"";"";"1.67"
"CHEMBL3672860";"";"None";"499.52";"0";"4.00";"BDBM158119";"CC(C)(Cc1ccc(C(=O)Oc2ccc(C(=N)N)cc2F)s1)C(=O)Nc1ccc(O)c(C(=O)O)c1";"Ki";"'='";"0.92";"nM";"9.04";"";"300480";"UO_0000065";"18.09";"0.35";"5.04";"5.55";"0";"CHEMBL3705369";"Inhibition Assay: Using a 96 well plate (#3915, Costar), a test compound (25 μL) was mixed with 20 μM fluorescence enzyme substrate (Boc-Phe-Ser-Arg-AMC, 50 μL) mixed with 200 mM Tris-HCl buffer (pH 8.0), and human trypsin (Sigma, 25 μL) was added. Using a fluorescence plate reader fmax (Molecular Devices, Inc.), the reaction rate was measured from the time-course changes at excitation wavelength 355 nm and fluorescence wavelength 460 nm.";"B";"BAO_0000357";"single protein format";"Homo sapiens";"None";"None";"None";"None";"";"";"";"CHEMBL209";"Serine protease 1";"Homo sapiens";"SINGLE PROTEIN";"CHEMBL3639122";"37";"BindingDB Patent Bioactivity Data";"";"2015";"None";"";"";"";"0.92"
"CHEMBL3672872";"";"None";"527.53";"1";"3.99";"BDBM158131";"CC(C)(Cc1ccc(C(=O)Oc2ccc(C(=N)N)cc2F)s1)C(=O)Nc1cc(C(=O)O)cc(C(=O)O)c1";"Ki";"'='";"0.49";"nM";"9.31";"";"300492";"UO_0000065";"17.65";"0.34";"5.32";"5.18";"0";"CHEMBL3705369";"Inhibition Assay: Using a 96 well plate (#3915, Costar), a test compound (25 μL) was mixed with 20 μM fluorescence enzyme substrate (Boc-Phe-Ser-Arg-AMC, 50 μL) mixed with 200 mM Tris-HCl buffer (pH 8.0), and human trypsin (Sigma, 25 μL) was added. Using a fluorescence plate reader fmax (Molecular Devices, Inc.), the reaction rate was measured from the time-course changes at excitation wavelength 355 nm and fluorescence wavelength 460 nm.";"B";"BAO_0000357";"single protein format";"Homo sapiens";"None";"None";"None";"None";"";"";"";"CHEMBL209";"Serine protease 1";"Homo sapiens";"SINGLE PROTEIN";"CHEMBL3639122";"37";"BindingDB Patent Bioactivity Data";"";"2015";"None";"";"";"";"0.49"
"CHEMBL3672887";"";"None";"527.53";"1";"3.99";"BDBM158147";"CC(C)(Cc1ccc(C(=O)Oc2ccc(C(=N)N)cc2F)s1)C(=O)Nc1cc(C(=O)O)ccc1C(=O)O";"Ki";"'='";"3.72";"nM";"8.43";"";"300508";"UO_0000065";"15.98";"0.31";"4.44";"4.69";"0";"CHEMBL3705369";"Inhibition Assay: Using a 96 well plate (#3915, Costar), a test compound (25 μL) was mixed with 20 μM fluorescence enzyme substrate (Boc-Phe-Ser-Arg-AMC, 50 μL) mixed with 200 mM Tris-HCl buffer (pH 8.0), and human trypsin (Sigma, 25 μL) was added. Using a fluorescence plate reader fmax (Molecular Devices, Inc.), the reaction rate was measured from the time-course changes at excitation wavelength 355 nm and fluorescence wavelength 460 nm.";"B";"BAO_0000357";"single protein format";"Homo sapiens";"None";"None";"None";"None";"";"";"";"CHEMBL209";"Serine protease 1";"Homo sapiens";"SINGLE PROTEIN";"CHEMBL3639122";"37";"BindingDB Patent Bioactivity Data";"";"2015";"None";"";"";"";"3.72"
"CHEMBL53848";"";"None";"448.36";"1";"5.68";"7";"Cc1cc(Br)c(O)c(-c2[nH]c3ccc(C(=N)N)cc3c2CCc2ccccc2)c1";"Ki";"'='";"3400.0";"nM";"5.47";"";"";"UO_0000065";"12.20";"0.26";"-0.21";"6.37";"0";"CHEMBL874090";"Inhibitory activity against trypsin in human plasma";"B";"BAO_0000366";"cell-free format";"None";"CHEMBL3559721";"Plasma";"None";"None";"";"";"";"CHEMBL209";"Serine protease 1";"Homo sapiens";"SINGLE PROTEIN";"CHEMBL1134132";"1";"Scientific Literature";"Bioorg Med Chem Lett";"2001";"None";"";"";"";"3.4"
"CHEMBL321530";"";"None";"673.63";"1";"1.73";"73";"CNS(=O)(=O)c1ccccc1-c1ccc(NC(=O)C2(Cn3cnnn3)CC(c3cccc(C(=N)N)c3)=NO2)cc1.O=C(O)C(F)(F)F";"Ki";"'='";"49.0";"nM";"7.31";"";"";"UO_0000065";"13.06";"0.25";"5.58";"3.84";"0";"CHEMBL824706";"Binding affinity towards trypsin obtained from human purified enzymes";"B";"BAO_0000357";"single protein format";"None";"None";"None";"None";"None";"";"";"";"CHEMBL209";"Serine protease 1";"Homo sapiens";"SINGLE PROTEIN";"CHEMBL1132652";"1";"Scientific Literature";"J Med Chem";"1999";"None";"";"";"";"49.0"
"CHEMBL24460";"";"None";"417.56";"0";"4.73";"20b";"CCc1nc2ccc(OC3CCN(C(C)=N)CC3)cc2n1C/C=C/c1cccc(N)c1";"Ki";"'='";"21.0";"nM";"7.68";"";"";"UO_0000065";"18.39";"0.34";"2.95";"9.58";"0";"CHEMBL817144";"Tested in vitro for the selectivity against trypsin (Trp)";"B";"BAO_0000357";"single protein format";"None";"None";"None";"None";"None";"";"";"";"CHEMBL209";"Serine protease 1";"Homo sapiens";"SINGLE PROTEIN";"CHEMBL1135304";"1";"Scientific Literature";"Bioorg Med Chem Lett";"2002";"None";"";"";"";"21.0"
"CHEMBL24780";"";"None";"494.64";"1";"5.44";"14c";"CCc1nc2ccc(OC3CCN(C(C)=N)CC3)cc2n1Cc1ccc(-c2cccc(C(=N)N)c2)cc1";"Ki";"'='";"73.0";"nM";"7.14";"";"";"UO_0000065";"14.43";"0.26";"1.70";"6.86";"0";"CHEMBL817144";"Tested in vitro for the selectivity against trypsin (Trp)";"B";"BAO_0000357";"single protein format";"None";"None";"None";"None";"None";"";"";"";"CHEMBL209";"Serine protease 1";"Homo sapiens";"SINGLE PROTEIN";"CHEMBL1135304";"1";"Scientific Literature";"Bioorg Med Chem Lett";"2002";"None";"";"";"";"73.0"
"CHEMBL81643";"";"None";"459.59";"0";"1.42";"5";"N=C(N)N1CCC(OCCC2CCCCN2C(=O)[C@@H](Cc2ccccc2)NCC(=O)O)CC1";"Ki";"'='";"7900.0";"nM";"5.10";"";"";"UO_0000065";"11.10";"0.21";"3.68";"3.87";"0";"CHEMBL817823";"In vitro inhibition of human trypsin.";"B";"BAO_0000357";"single protein format";"None";"None";"None";"None";"None";"";"";"";"CHEMBL209";"Serine protease 1";"Homo sapiens";"SINGLE PROTEIN";"CHEMBL1135990";"1";"Scientific Literature";"J Med Chem";"2002";"None";"";"";"";"7900.0"
"CHEMBL312479";"";"None";"459.59";"0";"1.77";"16";"N=C(N)N1CCC(OCC[C@@H]2CCCCN2C(=O)[C@H](CC(=O)O)NCc2ccccc2)CC1";"Ki";"'='";"9200.0";"nM";"5.04";"";"";"UO_0000065";"10.96";"0.21";"3.27";"3.82";"0";"CHEMBL817823";"In vitro inhibition of human trypsin.";"B";"BAO_0000357";"single protein format";"None";"None";"None";"None";"None";"";"";"";"CHEMBL209";"Serine protease 1";"Homo sapiens";"SINGLE PROTEIN";"CHEMBL1135990";"1";"Scientific Literature";"J Med Chem";"2002";"None";"";"";"";"9200.0"
"CHEMBL80149";"";"None";"604.71";"2";"2.47";"25";"C[C@H](NC(=O)OCc1ccc(COC(=O)N[C@@H](C)C(=O)NCc2ccc(CN)cc2)cc1)C(=O)NCc1ccc(CN)cc1";"Ki";"'='";"273000.0";"nM";"";"Outside typical range";"";"UO_0000065";"";"";"";"";"0";"CHEMBL824722";"Inhibitory potency against trypsin";"B";"BAO_0000357";"single protein format";"None";"None";"None";"None";"None";"";"";"";"CHEMBL209";"Serine protease 1";"Homo sapiens";"SINGLE PROTEIN";"CHEMBL1132783";"1";"Scientific Literature";"Bioorg Med Chem Lett";"2000";"None";"";"";"";"273.0"
"CHEMBL406737";"";"None";"726.92";"1";"3.24";"18";"CN(CCC1CCNCC1)C(=O)N1CCN(C(=O)O[C@H]2CCC[C@@H](OC(=O)N3CCN(C(=O)NCc4ccc(NC(=N)N)cc4)CC3)CCC2)CC1";"Ki";"'='";"126000.0";"nM";"";"Outside typical range";"";"UO_0000065";"";"";"";"";"0";"CHEMBL824723";"Compound was evaluated for its inhibitory potency against trypsin";"B";"BAO_0000357";"single protein format";"None";"None";"None";"None";"None";"";"";"";"CHEMBL209";"Serine protease 1";"Homo sapiens";"SINGLE PROTEIN";"CHEMBL1132784";"1";"Scientific Literature";"Bioorg Med Chem Lett";"2000";"None";"";"";"";"126.0"
"CHEMBL77183";"";"None";"596.77";"1";"1.48";"42";"NCCCCNC(=O)N1CCN(C(=O)O[C@H]2CCC[C@@H](OC(=O)N3CCN(C(=O)NCCCCN)CC3)CCC2)CC1";"Ki";"'>'";"1000000.0";"nM";"";"Outside typical range";"";"UO_0000065";"";"";"";"";"0";"CHEMBL824723";"Compound was evaluated for its inhibitory potency against trypsin";"B";"BAO_0000357";"single protein format";"None";"None";"None";"None";"None";"";"";"";"CHEMBL209";"Serine protease 1";"Homo sapiens";"SINGLE PROTEIN";"CHEMBL1132784";"1";"Scientific Literature";"Bioorg Med Chem Lett";"2000";"None";"";"";"";"1000.0"
"CHEMBL422706";"";"None";"475.00";"0";"3.47";"20";"Cn1c(CN2CCN(S(=O)(=O)c3cc4ccc(Cl)cc4s3)CC2=O)cc2cnccc21";"Ki";"'>'";"2900.0";"nM";"";"";"";"UO_0000065";"";"";"";"";"0";"CHEMBL821459";"Binding affinity towards trypsin";"B";"BAO_0000357";"single protein format";"None";"None";"None";"None";"None";"";"";"";"CHEMBL209";"Serine protease 1";"Homo sapiens";"SINGLE PROTEIN";"CHEMBL1144944";"1";"Scientific Literature";"J Med Chem";"2003";"None";"";"";"";"2900.0"
"CHEMBL319997";"";"None";"302.34";"0";"3.37";"6q";"N=C(N)c1ccc2[nH]c(-c3ccc4ccccc4c3O)nc2c1";"Ki";"'='";"18000.0";"nM";"4.75";"";"";"UO_0000065";"15.69";"0.28";"1.37";"4.80";"0";"CHEMBL816557";"Inhibition of Human Serine Protease Trypsin.";"B";"BAO_0000357";"single protein format";"None";"None";"None";"None";"None";"";"";"";"CHEMBL209";"Serine protease 1";"Homo sapiens";"SINGLE PROTEIN";"CHEMBL1134564";"1";"Scientific Literature";"J Med Chem";"2001";"None";"";"";"";"18.0"
"CHEMBL318526";"";"None";"341.41";"0";"4.79";"22k";"COc1c(-c2ccccc2)cccc1-c1cc2cc(C(=N)N)ccc2[nH]1";"Ki";"'='";"1200.0";"nM";"5.92";"";"";"UO_0000065";"17.34";"0.31";"1.13";"7.91";"0";"CHEMBL824709";"Activity against Human Serine Protease Trypsin";"B";"BAO_0000357";"single protein format";"Homo sapiens";"None";"None";"None";"None";"";"";"";"CHEMBL209";"Serine protease 1";"Homo sapiens";"SINGLE PROTEIN";"CHEMBL1134564";"1";"Scientific Literature";"J Med Chem";"2001";"None";"";"";"";"1.2"
"CHEMBL25484";"";"None";"417.56";"0";"4.73";"21b";"CCc1nc2cc(OC3CCN(C(C)=N)CC3)ccc2n1C/C=C/c1cccc(N)c1";"Ki";"'='";"32.0";"nM";"7.50";"";"";"UO_0000065";"17.95";"0.33";"2.76";"9.35";"0";"CHEMBL817144";"Tested in vitro for the selectivity against trypsin (Trp)";"B";"BAO_0000357";"single protein format";"None";"None";"None";"None";"None";"";"";"";"CHEMBL209";"Serine protease 1";"Homo sapiens";"SINGLE PROTEIN";"CHEMBL1135304";"1";"Scientific Literature";"Bioorg Med Chem Lett";"2002";"None";"";"";"";"32.0"
"CHEMBL92251";"";"None";"362.82";"0";"4.54";"6s";"N=C(N)c1ccc2[nH]c(-c3cc(Cl)cc(-c4ccccc4)c3O)nc2c1";"Ki";"'='";"3300.0";"nM";"5.48";"";"";"UO_0000065";"15.11";"0.29";"0.94";"5.55";"0";"CHEMBL824709";"Activity against Human Serine Protease Trypsin";"B";"BAO_0000357";"single protein format";"Homo sapiens";"None";"None";"None";"None";"";"";"";"CHEMBL209";"Serine protease 1";"Homo sapiens";"SINGLE PROTEIN";"CHEMBL1134564";"1";"Scientific Literature";"J Med Chem";"2001";"None";"";"";"";"3.3"
"CHEMBL3672893";"";"None";"473.53";"0";"2.57";"BDBM158153";"CCC(CC)(Cc1ccc(C(=O)Oc2ccc(C(=N)N)cc2F)s1)C(=O)NCc1nnn[nH]1";"Ki";"'='";"3.54";"nM";"8.45";"";"300514";"UO_0000065";"17.85";"0.35";"5.88";"5.29";"0";"CHEMBL3705369";"Inhibition Assay: Using a 96 well plate (#3915, Costar), a test compound (25 μL) was mixed with 20 μM fluorescence enzyme substrate (Boc-Phe-Ser-Arg-AMC, 50 μL) mixed with 200 mM Tris-HCl buffer (pH 8.0), and human trypsin (Sigma, 25 μL) was added. Using a fluorescence plate reader fmax (Molecular Devices, Inc.), the reaction rate was measured from the time-course changes at excitation wavelength 355 nm and fluorescence wavelength 460 nm.";"B";"BAO_0000357";"single protein format";"Homo sapiens";"None";"None";"None";"None";"";"";"";"CHEMBL209";"Serine protease 1";"Homo sapiens";"SINGLE PROTEIN";"CHEMBL3639122";"37";"BindingDB Patent Bioactivity Data";"";"2015";"None";"";"";"";"3.54"
"CHEMBL3642858";"";"None";"314.30";"0";"2.27";"BDBM109584";"C/C(=C\c1ccc(C(=O)Oc2ccc(C(=N)N)cc2)o1)C(=O)O";"Ki";"'='";"0.69";"nM";"9.16";"";"230079";"UO_0000065";"29.15";"0.54";"6.89";"7.24";"0";"CHEMBL3705715";"Inhibition Assay: Inhibition assay using human trysin.";"B";"BAO_0000357";"single protein format";"Homo sapiens";"None";"None";"None";"None";"";"";"";"CHEMBL209";"Serine protease 1";"Homo sapiens";"SINGLE PROTEIN";"CHEMBL3638962";"37";"BindingDB Patent Bioactivity Data";"";"2013";"None";"";"";"";"0.69"
"CHEMBL3642863";"";"None";"431.45";"0";"1.26";"BDBM109589";"CC(Cc1ccc(C(=O)Oc2ccc(C(=N)N)cc2)o1)C(=O)N(CCCO)CC(=O)O";"Ki";"'='";"7.32";"nM";"8.13";"";"230084";"UO_0000065";"18.86";"0.36";"6.88";"4.87";"0";"CHEMBL3705715";"Inhibition Assay: Inhibition assay using human trysin.";"B";"BAO_0000357";"single protein format";"Homo sapiens";"None";"None";"None";"None";"";"";"";"CHEMBL209";"Serine protease 1";"Homo sapiens";"SINGLE PROTEIN";"CHEMBL3638962";"37";"BindingDB Patent Bioactivity Data";"";"2013";"None";"";"";"";"7.32"
"CHEMBL3642866";"";"None";"415.40";"0";"1.14";"BDBM109592";"C/C(=C\c1ccc(C(=O)Oc2ccc(C(=N)N)cc2)o1)C(=O)N[C@H](C(=O)O)C(C)O";"Ki";"'='";"0.48";"nM";"9.32";"";"230087";"UO_0000065";"22.43";"0.42";"8.18";"5.30";"0";"CHEMBL3705715";"Inhibition Assay: Inhibition assay using human trysin.";"B";"BAO_0000357";"single protein format";"Homo sapiens";"None";"None";"None";"None";"";"";"";"CHEMBL209";"Serine protease 1";"Homo sapiens";"SINGLE PROTEIN";"CHEMBL3638962";"37";"BindingDB Patent Bioactivity Data";"";"2013";"None";"";"";"";"0.48"
"CHEMBL3642869";"";"None";"387.39";"0";"1.55";"BDBM109595";"CC(Cc1ccc(C(=O)Oc2ccc(C(=N)N)cc2)o1)C(=O)NCCC(=O)O";"Ki";"'='";"1.76";"nM";"8.75";"";"230090";"UO_0000065";"22.60";"0.43";"7.20";"5.62";"0";"CHEMBL3705715";"Inhibition Assay: Inhibition assay using human trysin.";"B";"BAO_0000357";"single protein format";"Homo sapiens";"None";"None";"None";"None";"";"";"";"CHEMBL209";"Serine protease 1";"Homo sapiens";"SINGLE PROTEIN";"CHEMBL3638962";"37";"BindingDB Patent Bioactivity Data";"";"2013";"None";"";"";"";"1.76"
"CHEMBL3642871";"";"None";"413.43";"0";"2.04";"BDBM109597";"CC(Cc1ccc(C(=O)Oc2ccc(C(=N)N)cc2)o1)C(=O)N1CCC[C@@H]1C(=O)O";"Ki";"'='";"2.92";"nM";"8.54";"";"230092";"UO_0000065";"20.64";"0.39";"6.49";"5.81";"0";"CHEMBL3705715";"Inhibition Assay: Inhibition assay using human trysin.";"B";"BAO_0000357";"single protein format";"Homo sapiens";"None";"None";"None";"None";"";"";"";"CHEMBL209";"Serine protease 1";"Homo sapiens";"SINGLE PROTEIN";"CHEMBL3638962";"37";"BindingDB Patent Bioactivity Data";"";"2013";"None";"";"";"";"2.92"
"CHEMBL3642977";"";"None";"465.46";"0";"1.76";"BDBM109705";"N=C(N)c1ccc(OC(=O)c2ccc(CCC(=O)N[C@@H](CCC(=O)O)C(=O)O)s2)c(F)c1";"Ki";"'='";"0.4";"nM";"9.40";"";"230199";"UO_0000065";"20.19";"0.40";"7.64";"5.22";"0";"CHEMBL3705715";"Inhibition Assay: Inhibition assay using human trysin.";"B";"BAO_0000357";"single protein format";"Homo sapiens";"None";"None";"None";"None";"";"";"";"CHEMBL209";"Serine protease 1";"Homo sapiens";"SINGLE PROTEIN";"CHEMBL3638962";"37";"BindingDB Patent Bioactivity Data";"";"2013";"None";"";"";"";"0.4"
"CHEMBL3642979";"";"None";"479.49";"0";"2.00";"BDBM109707";"CC(C)(Cc1ccc(C(=O)Oc2ccc(C(=N)N)cc2F)s1)C(=O)N[C@@H](CC(=O)O)C(=O)O";"Ki";"'='";"0.6";"nM";"9.22";"";"230201";"UO_0000065";"19.23";"0.38";"7.22";"5.13";"0";"CHEMBL3705715";"Inhibition Assay: Inhibition assay using human trysin.";"B";"BAO_0000357";"single protein format";"Homo sapiens";"None";"None";"None";"None";"";"";"";"CHEMBL209";"Serine protease 1";"Homo sapiens";"SINGLE PROTEIN";"CHEMBL3638962";"37";"BindingDB Patent Bioactivity Data";"";"2013";"None";"";"";"";"0.6"
"CHEMBL3667901";"";"None";"511.60";"1";"2.86";"BDBM158095";"C=CCN(CCS(=O)(=O)O)C(=O)C(C)(C)Cc1ccc(C(=O)Oc2ccc(C(=N)N)cc2F)s1";"Ki";"'='";"3.17";"nM";"8.50";"";"300456";"UO_0000065";"16.61";"0.34";"5.64";"5.63";"0";"CHEMBL3705369";"Inhibition Assay: Using a 96 well plate (#3915, Costar), a test compound (25 μL) was mixed with 20 μM fluorescence enzyme substrate (Boc-Phe-Ser-Arg-AMC, 50 μL) mixed with 200 mM Tris-HCl buffer (pH 8.0), and human trypsin (Sigma, 25 μL) was added. Using a fluorescence plate reader fmax (Molecular Devices, Inc.), the reaction rate was measured from the time-course changes at excitation wavelength 355 nm and fluorescence wavelength 460 nm.";"B";"BAO_0000357";"single protein format";"Homo sapiens";"None";"None";"None";"None";"";"";"";"CHEMBL209";"Serine protease 1";"Homo sapiens";"SINGLE PROTEIN";"CHEMBL3639122";"37";"BindingDB Patent Bioactivity Data";"";"2015";"None";"";"";"";"3.17"
"CHEMBL3667906";"";"None";"477.56";"0";"3.72";"BDBM158100";"CC[C@H](NC(=O)C(CC)(CC)Cc1ccc(C(=O)Oc2ccc(C(=N)N)cc2F)s1)C(=O)O";"Ki";"'='";"1.93";"nM";"8.71";"";"300461";"UO_0000065";"18.25";"0.36";"4.99";"6.11";"0";"CHEMBL3705369";"Inhibition Assay: Using a 96 well plate (#3915, Costar), a test compound (25 μL) was mixed with 20 μM fluorescence enzyme substrate (Boc-Phe-Ser-Arg-AMC, 50 μL) mixed with 200 mM Tris-HCl buffer (pH 8.0), and human trypsin (Sigma, 25 μL) was added. Using a fluorescence plate reader fmax (Molecular Devices, Inc.), the reaction rate was measured from the time-course changes at excitation wavelength 355 nm and fluorescence wavelength 460 nm.";"B";"BAO_0000357";"single protein format";"Homo sapiens";"None";"None";"None";"None";"";"";"";"CHEMBL209";"Serine protease 1";"Homo sapiens";"SINGLE PROTEIN";"CHEMBL3639122";"37";"BindingDB Patent Bioactivity Data";"";"2015";"None";"";"";"";"1.93"
"CHEMBL3667910";"";"None";"483.52";"0";"4.30";"BDBM158104";"CC(C)(Cc1ccc(C(=O)Oc2ccc(C(=N)N)cc2F)s1)C(=O)Nc1cccc(C(=O)O)c1";"Ki";"'='";"0.7";"nM";"9.15";"";"300465";"UO_0000065";"18.93";"0.37";"4.85";"6.42";"0";"CHEMBL3705369";"Inhibition Assay: Using a 96 well plate (#3915, Costar), a test compound (25 μL) was mixed with 20 μM fluorescence enzyme substrate (Boc-Phe-Ser-Arg-AMC, 50 μL) mixed with 200 mM Tris-HCl buffer (pH 8.0), and human trypsin (Sigma, 25 μL) was added. Using a fluorescence plate reader fmax (Molecular Devices, Inc.), the reaction rate was measured from the time-course changes at excitation wavelength 355 nm and fluorescence wavelength 460 nm.";"B";"BAO_0000357";"single protein format";"Homo sapiens";"None";"None";"None";"None";"";"";"";"CHEMBL209";"Serine protease 1";"Homo sapiens";"SINGLE PROTEIN";"CHEMBL3639122";"37";"BindingDB Patent Bioactivity Data";"";"2015";"None";"";"";"";"0.7"
"CHEMBL3672850";"";"None";"497.55";"0";"3.90";"BDBM158109";"CC(C)(Cc1ccc(C(=O)Oc2ccc(C(=N)N)cc2F)s1)C(=O)N[C@H](C(=O)O)c1ccccc1";"Ki";"'='";"1.51";"nM";"8.82";"";"300470";"UO_0000065";"17.73";"0.34";"4.92";"6.19";"0";"CHEMBL3705369";"Inhibition Assay: Using a 96 well plate (#3915, Costar), a test compound (25 μL) was mixed with 20 μM fluorescence enzyme substrate (Boc-Phe-Ser-Arg-AMC, 50 μL) mixed with 200 mM Tris-HCl buffer (pH 8.0), and human trypsin (Sigma, 25 μL) was added. Using a fluorescence plate reader fmax (Molecular Devices, Inc.), the reaction rate was measured from the time-course changes at excitation wavelength 355 nm and fluorescence wavelength 460 nm.";"B";"BAO_0000357";"single protein format";"Homo sapiens";"None";"None";"None";"None";"";"";"";"CHEMBL209";"Serine protease 1";"Homo sapiens";"SINGLE PROTEIN";"CHEMBL3639122";"37";"BindingDB Patent Bioactivity Data";"";"2015";"None";"";"";"";"1.51"
"CHEMBL3672858";"";"None";"470.53";"0";"4.00";"BDBM158117";"COc1ccc(NC(=O)C(C)(C)Cc2ccc(C(=O)Oc3ccc(C(=N)N)cc3F)s2)cn1";"Ki";"'='";"3.36";"nM";"8.47";"";"300478";"UO_0000065";"18.01";"0.35";"4.47";"6.65";"0";"CHEMBL3705369";"Inhibition Assay: Using a 96 well plate (#3915, Costar), a test compound (25 μL) was mixed with 20 μM fluorescence enzyme substrate (Boc-Phe-Ser-Arg-AMC, 50 μL) mixed with 200 mM Tris-HCl buffer (pH 8.0), and human trypsin (Sigma, 25 μL) was added. Using a fluorescence plate reader fmax (Molecular Devices, Inc.), the reaction rate was measured from the time-course changes at excitation wavelength 355 nm and fluorescence wavelength 460 nm.";"B";"BAO_0000357";"single protein format";"Homo sapiens";"None";"None";"None";"None";"";"";"";"CHEMBL209";"Serine protease 1";"Homo sapiens";"SINGLE PROTEIN";"CHEMBL3639122";"37";"BindingDB Patent Bioactivity Data";"";"2015";"None";"";"";"";"3.36"
"CHEMBL3672859";"";"None";"439.46";"0";"3.44";"BDBM158118";"CC(C)(Cc1ccc(C(=O)Oc2ccc(C(=N)N)cc2F)s1)C(=O)N1CC(F)(F)C1";"Ki";"'='";"3.89";"nM";"8.41";"";"300479";"UO_0000065";"19.14";"0.38";"4.97";"8.72";"0";"CHEMBL3705369";"Inhibition Assay: Using a 96 well plate (#3915, Costar), a test compound (25 μL) was mixed with 20 μM fluorescence enzyme substrate (Boc-Phe-Ser-Arg-AMC, 50 μL) mixed with 200 mM Tris-HCl buffer (pH 8.0), and human trypsin (Sigma, 25 μL) was added. Using a fluorescence plate reader fmax (Molecular Devices, Inc.), the reaction rate was measured from the time-course changes at excitation wavelength 355 nm and fluorescence wavelength 460 nm.";"B";"BAO_0000357";"single protein format";"Homo sapiens";"None";"None";"None";"None";"";"";"";"CHEMBL209";"Serine protease 1";"Homo sapiens";"SINGLE PROTEIN";"CHEMBL3639122";"37";"BindingDB Patent Bioactivity Data";"";"2015";"None";"";"";"";"3.89"
"CHEMBL3672865";"";"None";"506.60";"1";"3.05";"BDBM158124";"CCC(CC)(Cc1ccc(C(=O)Oc2ccc(C(=N)N)cc2F)s1)C(=O)NCCC[C@H](N)C(=O)O";"Ki";"'='";"5.78";"nM";"8.24";"";"300485";"UO_0000065";"16.26";"0.32";"5.19";"4.89";"0";"CHEMBL3705369";"Inhibition Assay: Using a 96 well plate (#3915, Costar), a test compound (25 μL) was mixed with 20 μM fluorescence enzyme substrate (Boc-Phe-Ser-Arg-AMC, 50 μL) mixed with 200 mM Tris-HCl buffer (pH 8.0), and human trypsin (Sigma, 25 μL) was added. Using a fluorescence plate reader fmax (Molecular Devices, Inc.), the reaction rate was measured from the time-course changes at excitation wavelength 355 nm and fluorescence wavelength 460 nm.";"B";"BAO_0000357";"single protein format";"Homo sapiens";"None";"None";"None";"None";"";"";"";"CHEMBL209";"Serine protease 1";"Homo sapiens";"SINGLE PROTEIN";"CHEMBL3639122";"37";"BindingDB Patent Bioactivity Data";"";"2015";"None";"";"";"";"5.78"
"CHEMBL116597";"";"None";"351.45";"0";"1.86";"26";"N[C@H](Cc1ccccc1)C(=O)N1CCC[C@H]1C(=O)NCc1ccccc1";"Ki";"'>'";"1000000.0";"nM";"";"Outside typical range";"";"UO_0000065";"";"";"";"";"0";"CHEMBL818017";"Inhibitory constant evaluated against trypsin";"B";"BAO_0000357";"single protein format";"None";"None";"None";"None";"None";"";"";"";"CHEMBL209";"Serine protease 1";"Homo sapiens";"SINGLE PROTEIN";"CHEMBL1136286";"1";"Scientific Literature";"Bioorg Med Chem Lett";"2003";"None";"";"";"";"1000000.0"
"CHEMBL83532";"";"None";"482.59";"0";"3.12";"1f";"COc1ccc2ccc(S(=O)(=O)NC3CCN(Cc4cc5c(N)nccc5s4)C3=O)cc2c1";"Ki";"'>'";"2900.0";"nM";"";"";"";"UO_0000065";"";"";"";"";"0";"CHEMBL811783";"In vitro evaluation of inhibitory activity against trypsin";"B";"BAO_0000357";"single protein format";"None";"None";"None";"None";"None";"";"";"";"CHEMBL209";"Serine protease 1";"Homo sapiens";"SINGLE PROTEIN";"CHEMBL1132509";"1";"Scientific Literature";"Bioorg Med Chem Lett";"1999";"None";"";"";"";"2.9"
"CHEMBL182746";"";"None";"483.04";"1";"5.66";"22";"CC(C)N1CCC(NC(=O)c2cc3ccccc3n2Cc2cc(-c3ccc(Cl)s3)on2)CC1";"Ki";"'>'";"100000.0";"nM";"";"";"";"UO_0000065";"";"";"";"";"0";"CHEMBL827066";"Inhibitory activity against coagulation factor trypsin";"B";"BAO_0000357";"single protein format";"Homo sapiens";"None";"None";"None";"None";"";"";"";"CHEMBL209";"Serine protease 1";"Homo sapiens";"SINGLE PROTEIN";"CHEMBL1137150";"1";"Scientific Literature";"Bioorg Med Chem Lett";"2004";"None";"";"";"";"100.0"
"CHEMBL180104";"";"None";"634.76";"2";"5.86";"8";"COc1cc(C(Nc2ccc(C(=N)N)cc2)C(=O)NCc2ccccc2)c(S(=O)(=O)c2ccccc2)cc1OCc1ccccc1";"Ki";"'='";"420.0";"nM";"6.38";"";"";"UO_0000065";"10.05";"0.19";"0.52";"4.44";"0";"CHEMBL828075";"The value of binding constant measured against human trypsin";"B";"BAO_0000357";"single protein format";"Homo sapiens";"None";"None";"None";"None";"";"";"";"CHEMBL209";"Serine protease 1";"Homo sapiens";"SINGLE PROTEIN";"CHEMBL1144307";"1";"Scientific Literature";"Bioorg Med Chem Lett";"2005";"None";"";"";"";"0.42"
"CHEMBL19731";"";"None";"467.55";"0";"1.70";"NC6";"Cc1ccc(NS(=O)(=O)Cc2ccccc2)c(=O)n1CC(=O)NCc1ccc(C(=N)N)cc1";"Ki";"'='";"49.3";"nM";"7.31";"";"";"UO_0000065";"15.63";"0.30";"5.61";"4.97";"0";"CHEMBL817809";"In vitro inhibitory constant against trypsin";"B";"BAO_0000357";"single protein format";"Homo sapiens";"None";"None";"None";"None";"";"";"";"CHEMBL209";"Serine protease 1";"Homo sapiens";"SINGLE PROTEIN";"CHEMBL1136066";"1";"Scientific Literature";"Bioorg Med Chem Lett";"2002";"None";"";"";"";"49.3"
"CHEMBL99309";"";"None";"439.37";"None";"None";"12j";"NCCCC[C@H](NC(=O)CN(CCc1ccccc1)C(=O)CCc1ccccc1)B(O)O";"Ki";"'='";"2.5";"nM";"8.60";"";"";"UO_0000065";"19.58";"None";"None";"None";"0";"CHEMBL811782";"Compound was tested in vitro for inhibition of trypsin";"B";"BAO_0000357";"single protein format";"None";"None";"None";"None";"None";"";"";"";"CHEMBL209";"Serine protease 1";"Homo sapiens";"SINGLE PROTEIN";"CHEMBL1149934";"1";"Scientific Literature";"Bioorg Med Chem Lett";"1996";"None";"";"";"";"2.5"
"CHEMBL367166";"";"None";"483.58";"1";"6.08";"11a";"N=C(N)c1ccc(-n2c3ccccc3c3ccc(OCc4ccc5ccc(C(=N)N)cc5c4)cc32)cc1";"Ki";"'='";"510.0";"nM";"6.29";"";"";"UO_0000065";"13.01";"0.23";"0.21";"5.52";"0";"CHEMBL815755";"In vitro inhibition of bovine trypsin.";"B";"BAO_0000357";"single protein format";"None";"None";"None";"None";"None";"";"";"";"CHEMBL209";"Serine protease 1";"Homo sapiens";"SINGLE PROTEIN";"CHEMBL1133499";"1";"Scientific Literature";"Bioorg Med Chem Lett";"2000";"None";"";"";"";"510.0"
"CHEMBL148944";"";"None";"515.52";"1";"3.92";"40a";"NCc1ccccc1-n1nc(C(F)(F)F)cc1C(=O)Nc1ccc(-c2ccccc2S(N)(=O)=O)cc1";"Ki";"'>'";"1600.0";"nM";"";"";"";"UO_0000065";"";"";"";"";"0";"CHEMBL817826";"Tested in vitro for inhibition of human trypsin";"B";"BAO_0000357";"single protein format";"None";"None";"None";"None";"None";"";"";"";"CHEMBL209";"Serine protease 1";"Homo sapiens";"SINGLE PROTEIN";"CHEMBL1145914";"1";"Scientific Literature";"J Med Chem";"2003";"None";"";"";"";"1600.0"
"CHEMBL148656";"";"None";"255.32";"0";"2.54";"16 (table 3)";"NCc1ccc(C(=O)OCCc2ccccc2)cc1";"Ki";"'='";"599791076.26";"nM";"";"Outside typical range";"";"UO_0000065";"";"";"";"";"0";"CHEMBL858270";"Inhibition of trypsin";"B";"BAO_0000357";"single protein format";"None";"None";"None";"None";"None";"";"";"";"CHEMBL209";"Serine protease 1";"Homo sapiens";"SINGLE PROTEIN";"CHEMBL1132536";"1";"Scientific Literature";"J Med Chem";"1999";"None";"";"";"";"0.222"
"CHEMBL1204149";"";"None";"392.89";"1";"1.66";"25";"Cl.N=C(N)c1ccc(OCCCCOc2ccc(C(=N)N)cc2N)c(N)c1";"Ki";"'='";"9100.0";"nM";"5.04";"";"";"UO_0000065";"14.14";"0.26";"3.38";"2.96";"0";"CHEMBL815012";"Inhibition of trypsin by amidase assay.";"B";"BAO_0000357";"single protein format";"None";"None";"None";"None";"None";"";"";"";"CHEMBL209";"Serine protease 1";"Homo sapiens";"SINGLE PROTEIN";"CHEMBL1124749";"1";"Scientific Literature";"J Med Chem";"1990";"None";"";"";"";"9.1"
"CHEMBL441468";"";"None";"525.52";"1";"4.01";"5a";"CCN(CC)C(=O)CN[C@@H](C(=O)N1CCC[C@H]1C(=O)NCc1cc(Cl)ccc1Cl)C1CCCCC1";"Ki";"'='";"27000.0";"nM";"4.57";"";"";"UO_0000065";"8.69";"0.18";"0.56";"5.59";"0";"CHEMBL819276";"Binding affinity was evaluated on serine protease trypsin.";"B";"BAO_0000357";"single protein format";"None";"None";"None";"None";"None";"";"";"";"CHEMBL209";"Serine protease 1";"Homo sapiens";"SINGLE PROTEIN";"CHEMBL1131061";"1";"Scientific Literature";"J Med Chem";"1998";"None";"";"";"";"27.0"
"CHEMBL32752";"";"None";"419.51";"0";"0.52";"2g";"Cc1nc(N)ccc1CNC(=O)Cn1c(C)cc(S(=O)(=O)CC2CC2)c(N)c1=O";"Ki";"'='";"1900.0";"nM";"5.72";"";"";"UO_0000065";"13.64";"0.27";"5.20";"3.81";"0";"CHEMBL817816";"Inhibitory activity against human trypsin";"B";"BAO_0000357";"single protein format";"None";"None";"None";"None";"None";"";"";"";"CHEMBL209";"Serine protease 1";"Homo sapiens";"SINGLE PROTEIN";"CHEMBL1136704";"1";"Scientific Literature";"Bioorg Med Chem Lett";"2003";"None";"";"";"";"1900.0"
"CHEMBL309395";"";"None";"730.96";"1";"3.42";"34";"CC(=N)N1CCC(CNC(=O)N2CCN(C(=O)O[C@H]3CCC[C@@H](OC(=O)N4CCN(C(=O)NCC5CCN(C(C)=N)CC5)CC4)CCC3)CC2)CC1";"Ki";"'>'";"1000000.0";"nM";"";"Outside typical range";"";"UO_0000065";"";"";"";"";"0";"CHEMBL824723";"Compound was evaluated for its inhibitory potency against trypsin";"B";"BAO_0000357";"single protein format";"None";"None";"None";"None";"None";"";"";"";"CHEMBL209";"Serine protease 1";"Homo sapiens";"SINGLE PROTEIN";"CHEMBL1132784";"1";"Scientific Literature";"Bioorg Med Chem Lett";"2000";"None";"";"";"";"1000.0"
"CHEMBL111432";"";"None";"319.36";"0";"2.87";"28";"N=C(N)c1ccc2cc(C(=O)Nc3ccc(CO)cc3)ccc2c1";"Ki";"'='";"260.0";"nM";"6.58";"";"";"UO_0000065";"20.62";"0.37";"3.72";"6.64";"0";"CHEMBL819934";"Binding affinity against porcine trypsin was determined.";"B";"BAO_0000357";"single protein format";"Sus scrofa";"None";"None";"None";"None";"";"";"";"CHEMBL209";"Serine protease 1";"Homo sapiens";"SINGLE PROTEIN";"CHEMBL1148377";"1";"Scientific Literature";"J Med Chem";"2004";"None";"";"";"";"260.0"
"CHEMBL290363";"";"None";"488.44";"None";"None";"6";"CC1(C)C2CC1[C@]1(C)OB([C@H](CCCN=C(N)N)NC(=O)c3cccc(-c4ccccc4)c3)O[C@@H]1C2";"Ki";"'='";"7.4";"nM";"8.13";"";"";"UO_0000065";"16.65";"None";"None";"None";"0";"CHEMBL811780";"Inhibition of trypsin";"B";"BAO_0000357";"single protein format";"None";"None";"None";"None";"None";"";"";"";"CHEMBL209";"Serine protease 1";"Homo sapiens";"SINGLE PROTEIN";"CHEMBL1151536";"1";"Scientific Literature";"Bioorg Med Chem Lett";"1997";"None";"";"";"";"7.4"
"CHEMBL19438";"";"None";"393.45";"0";"0.89";"NC21";"Cc1cnc(NCCc2ccccc2)c(=O)n1CC(=O)NCc1cnc(N)nc1";"Ki";"";"";"nM";"";"";"Not Active";"UO_0000065";"";"";"";"";"0";"CHEMBL817810";"In vitro inhibitory constant against trypsin; Inactive";"B";"BAO_0000357";"single protein format";"None";"None";"None";"None";"None";"";"";"";"CHEMBL209";"Serine protease 1";"Homo sapiens";"SINGLE PROTEIN";"CHEMBL1136066";"1";"Scientific Literature";"Bioorg Med Chem Lett";"2002";"None";"";"";"";""
"CHEMBL288862";"";"None";"479.61";"0";"3.82";"7e";"N=C(N)c1ccc(CN(NS(=O)(=O)c2ccc3ccccc3c2)C(=O)N2CCCCCC2)cc1";"Ki";"'='";"10000.0";"nM";"5.00";"";"";"UO_0000065";"10.43";"0.20";"1.18";"4.18";"0";"CHEMBL815009";"In vitro inhibition of trypsin";"B";"BAO_0000357";"single protein format";"None";"None";"None";"None";"None";"";"";"";"CHEMBL209";"Serine protease 1";"Homo sapiens";"SINGLE PROTEIN";"CHEMBL1137966";"1";"Scientific Literature";"Bioorg Med Chem Lett";"2004";"None";"";"";"";"10.0"
"CHEMBL275957";"";"None";"647.16";"1";"3.17";"17 (+/-)";"Nc1cc(C2=NOC(CNS(=O)(=O)c3ccsc3)(C(=O)Nc3ccc(-c4ccccc4S(N)(=O)=O)cn3)C2)ccc1Cl";"Ki";"'>'";"8000.0";"nM";"";"";"";"UO_0000065";"";"";"";"";"0";"CHEMBL878974";"Inhibitory activity against trypsin using human purified enzyme";"B";"BAO_0000357";"single protein format";"None";"None";"None";"None";"None";"";"";"";"CHEMBL209";"Serine protease 1";"Homo sapiens";"SINGLE PROTEIN";"CHEMBL1145764";"1";"Scientific Literature";"Bioorg Med Chem Lett";"2003";"None";"";"";"";"8000.0"
"CHEMBL72350";"";"None";"378.46";"0";"3.24";"9g";"N=C(N)c1ccc(O)c(/C=C/CNC(=O)c2ccc(-c3ccccn3)s2)c1";"Ki";"'='";"1400.0";"nM";"5.85";"";"";"UO_0000065";"15.47";"0.30";"2.61";"5.22";"0";"CHEMBL817143";"In vitro inhibition of trypsin.";"B";"BAO_0000357";"single protein format";"None";"None";"None";"None";"None";"";"";"";"CHEMBL209";"Serine protease 1";"Homo sapiens";"SINGLE PROTEIN";"CHEMBL1133371";"1";"Scientific Literature";"Bioorg Med Chem Lett";"2000";"None";"";"";"";"1400.0"
"CHEMBL273483";"";"None";"121.18";"0";"1.45";"2 (table 3)";"Cc1ccc(CN)cc1";"Ki";"'='";"666806769.21";"nM";"";"Outside typical range";"";"UO_0000065";"";"";"";"";"0";"CHEMBL821444";"The compound was tested for inhibition of the proteolytic enzyme trypsin.";"B";"BAO_0000357";"single protein format";"None";"None";"None";"None";"None";"";"";"";"CHEMBL209";"Serine protease 1";"Homo sapiens";"SINGLE PROTEIN";"CHEMBL1132536";"1";"Scientific Literature";"J Med Chem";"1999";"None";"";"";"";"0.176"
"CHEMBL162730";"";"None";"482.56";"0";"1.97";"1s";"O=C(Cc1ccc2[nH]ncc2c1)CN1CCCC[C@H](NS(=O)(=O)c2ccc3c(c2)CCO3)C1=O";"Ki";"";"";"nM";"";"";"Not Active";"UO_0000065";"";"";"";"";"0";"CHEMBL817821";"Inhibitory constant against trypsin determined in Vitro; Inact. means Inactive";"B";"BAO_0000357";"single protein format";"None";"None";"None";"None";"None";"";"";"";"CHEMBL209";"Serine protease 1";"Homo sapiens";"SINGLE PROTEIN";"CHEMBL1135220";"1";"Scientific Literature";"Bioorg Med Chem Lett";"2002";"None";"";"";"";""
"CHEMBL3216032";"";"None";"399.32";"0";"2.49";"10";"Cl.Cl.N=C(N)c1cccc(OCCCCOc2cccc(C(=N)N)c2)c1";"Ki";"'='";"1800.0";"nM";"5.75";"";"";"UO_0000065";"17.60";"0.33";"3.25";"4.86";"0";"CHEMBL815012";"Inhibition of trypsin by amidase assay.";"B";"BAO_0000357";"single protein format";"None";"None";"None";"None";"None";"";"";"";"CHEMBL209";"Serine protease 1";"Homo sapiens";"SINGLE PROTEIN";"CHEMBL1124749";"1";"Scientific Literature";"J Med Chem";"1990";"None";"";"";"";"1.8"
"CHEMBL3642889";"";"None";"417.37";"0";"0.76";"BDBM109616";"N=C(N)c1ccc(OC(=O)c2ccc(CCC(=O)N[C@@H](CC(=O)O)C(=O)O)o2)cc1";"Ki";"'='";"0.86";"nM";"9.07";"";"230111";"UO_0000065";"21.72";"0.41";"8.31";"4.70";"0";"CHEMBL3705715";"Inhibition Assay: Inhibition assay using human trysin.";"B";"BAO_0000357";"single protein format";"Homo sapiens";"None";"None";"None";"None";"";"";"";"CHEMBL209";"Serine protease 1";"Homo sapiens";"SINGLE PROTEIN";"CHEMBL3638962";"37";"BindingDB Patent Bioactivity Data";"";"2013";"None";"";"";"";"0.86"
"CHEMBL3642915";"";"None";"386.45";"0";"1.64";"BDBM109642";"CC(Cc1ccc(C(=O)Oc2ccc(C(=N)N)cc2)o1)C(=O)NCCN(C)C";"Ki";"'='";"3.4";"nM";"8.47";"";"230121";"UO_0000065";"21.91";"0.41";"6.83";"6.96";"0";"CHEMBL3705715";"Inhibition Assay: Inhibition assay using human trysin.";"B";"BAO_0000357";"single protein format";"Homo sapiens";"None";"None";"None";"None";"";"";"";"CHEMBL209";"Serine protease 1";"Homo sapiens";"SINGLE PROTEIN";"CHEMBL3638962";"37";"BindingDB Patent Bioactivity Data";"";"2013";"None";"";"";"";"3.4"
"CHEMBL3642918";"";"None";"427.46";"0";"2.28";"BDBM109645";"CC(Cc1ccc(C(=O)Oc2ccc(C(=N)N)cc2)o1)C(=O)N1CCCC(C(=O)O)C1";"Ki";"'='";"1.2";"nM";"8.92";"";"230124";"UO_0000065";"20.87";"0.39";"6.64";"6.07";"0";"CHEMBL3705715";"Inhibition Assay: Inhibition assay using human trysin.";"B";"BAO_0000357";"single protein format";"Homo sapiens";"None";"None";"None";"None";"";"";"";"CHEMBL209";"Serine protease 1";"Homo sapiens";"SINGLE PROTEIN";"CHEMBL3638962";"37";"BindingDB Patent Bioactivity Data";"";"2013";"None";"";"";"";"1.2"
"CHEMBL3642920";"";"None";"399.40";"0";"1.81";"BDBM109647";"C=CCN(CC(=O)O)C(=O)CCc1ccc(C(=O)Oc2ccc(C(=N)N)cc2)o1";"Ki";"'='";"1.4";"nM";"8.85";"";"230126";"UO_0000065";"22.17";"0.42";"7.04";"6.03";"0";"CHEMBL3705715";"Inhibition Assay: Inhibition assay using human trysin.";"B";"BAO_0000357";"single protein format";"Homo sapiens";"None";"None";"None";"None";"";"";"";"CHEMBL209";"Serine protease 1";"Homo sapiens";"SINGLE PROTEIN";"CHEMBL3638962";"37";"BindingDB Patent Bioactivity Data";"";"2013";"None";"";"";"";"1.4"
"CHEMBL3642923";"";"None";"344.37";"0";"2.83";"BDBM109650";"CC(CCC(=O)O)Cc1ccc(C(=O)Oc2ccc(C(=N)N)cc2)o1";"Ki";"'='";"0.72";"nM";"9.14";"";"230129";"UO_0000065";"26.55";"0.50";"6.31";"7.22";"0";"CHEMBL3705715";"Inhibition Assay: Inhibition assay using human trysin.";"B";"BAO_0000357";"single protein format";"Homo sapiens";"None";"None";"None";"None";"";"";"";"CHEMBL209";"Serine protease 1";"Homo sapiens";"SINGLE PROTEIN";"CHEMBL3638962";"37";"BindingDB Patent Bioactivity Data";"";"2013";"None";"";"";"";"0.72"
"CHEMBL3642925";"";"None";"374.35";"0";"1.89";"BDBM109652";"N=C(N)c1ccc(OC(=O)c2ccc(CC(CCC(=O)O)C(=O)O)o2)cc1";"Ki";"'='";"6.7";"nM";"8.17";"";"230131";"UO_0000065";"21.83";"0.41";"6.28";"4.99";"0";"CHEMBL3705715";"Inhibition Assay: Inhibition assay using human trysin.";"B";"BAO_0000357";"single protein format";"Homo sapiens";"None";"None";"None";"None";"";"";"";"CHEMBL209";"Serine protease 1";"Homo sapiens";"SINGLE PROTEIN";"CHEMBL3638962";"37";"BindingDB Patent Bioactivity Data";"";"2013";"None";"";"";"";"6.7"
"CHEMBL3642933";"";"None";"465.42";"0";"2.11";"BDBM109660";"N=C(N)c1ccc(OC(=O)c2ccc(-c3ccc(C(=O)N[C@@H](CC(=O)O)C(=O)O)cc3)o2)cc1";"Ki";"'='";"0.23";"nM";"9.64";"";"230139";"UO_0000065";"20.71";"0.39";"7.53";"4.99";"0";"CHEMBL3705715";"Inhibition Assay: Inhibition assay using human trysin.";"B";"BAO_0000357";"single protein format";"Homo sapiens";"None";"None";"None";"None";"";"";"";"CHEMBL209";"Serine protease 1";"Homo sapiens";"SINGLE PROTEIN";"CHEMBL3638962";"37";"BindingDB Patent Bioactivity Data";"";"2013";"None";"";"";"";"0.23"
"CHEMBL3642937";"";"None";"432.39";"0";"1.43";"BDBM109664";"CC(Cc1ccc(C(=O)Oc2ccc(C(=N)N)cc2)o1)C(=O)O[C@H](CC(=O)O)C(=O)O";"Ki";"'='";"2.3";"nM";"8.64";"";"230143";"UO_0000065";"19.98";"0.38";"7.21";"4.54";"0";"CHEMBL3705715";"Inhibition Assay: Inhibition assay using human trysin.";"B";"BAO_0000357";"single protein format";"Homo sapiens";"None";"None";"None";"None";"";"";"";"CHEMBL209";"Serine protease 1";"Homo sapiens";"SINGLE PROTEIN";"CHEMBL3638962";"37";"BindingDB Patent Bioactivity Data";"";"2013";"None";"";"";"";"2.3"
"CHEMBL3642892";"";"None";"417.44";"0";"1.22";"BDBM109619";"C/C(=C\c1ccc(C(=O)Oc2ccc(C(=N)N)cc2)s1)C(=O)N[C@@H](CO)C(=O)O";"Ki";"'='";"4.76";"nM";"8.32";"";"230147";"UO_0000065";"19.94";"0.39";"7.10";"5.11";"0";"CHEMBL3705715";"Inhibition Assay: Inhibition assay using human trysin.";"B";"BAO_0000357";"single protein format";"Homo sapiens";"None";"None";"None";"None";"";"";"";"CHEMBL209";"Serine protease 1";"Homo sapiens";"SINGLE PROTEIN";"CHEMBL3638962";"37";"BindingDB Patent Bioactivity Data";"";"2013";"None";"";"";"";"4.76"
"CHEMBL3642898";"";"None";"411.28";"0";"3.28";"BDBM109625";"CC(Cc1ccc(C(=O)Oc2ccc(C(=N)N)cc2Br)s1)C(=O)O";"Ki";"'='";"1.51";"nM";"8.82";"";"230153";"UO_0000065";"21.45";"0.50";"5.54";"7.77";"0";"CHEMBL3705715";"Inhibition Assay: Inhibition assay using human trysin.";"B";"BAO_0000357";"single protein format";"Homo sapiens";"None";"None";"None";"None";"";"";"";"CHEMBL209";"Serine protease 1";"Homo sapiens";"SINGLE PROTEIN";"CHEMBL3638962";"37";"BindingDB Patent Bioactivity Data";"";"2013";"None";"";"";"";"1.51"
"CHEMBL3642900";"";"None";"447.47";"0";"1.47";"BDBM109627";"CC(Cc1ccc(C(=O)Oc2ccc(C(=N)N)cc2)s1)C(=O)N[C@@H](CC(=O)O)C(=O)O";"Ki";"'='";"1.76";"nM";"8.75";"";"230155";"UO_0000065";"19.56";"0.39";"7.28";"4.87";"0";"CHEMBL3705715";"Inhibition Assay: Inhibition assay using human trysin.";"B";"BAO_0000357";"single protein format";"Homo sapiens";"None";"None";"None";"None";"";"";"";"CHEMBL209";"Serine protease 1";"Homo sapiens";"SINGLE PROTEIN";"CHEMBL3638962";"37";"BindingDB Patent Bioactivity Data";"";"2013";"None";"";"";"";"1.76"
"CHEMBL19644";"";"None";"440.53";"0";"1.89";"NC12";"Cc1cnc(NCCc2ccccc2)c(=O)n1CC(=O)NCc1ccc(C(=N)NO)s1";"Ki";"";"";"nM";"";"";"Not Active";"UO_0000065";"";"";"";"";"0";"CHEMBL817810";"In vitro inhibitory constant against trypsin; Inactive";"B";"BAO_0000357";"single protein format";"None";"None";"None";"None";"None";"";"";"";"CHEMBL209";"Serine protease 1";"Homo sapiens";"SINGLE PROTEIN";"CHEMBL1136066";"1";"Scientific Literature";"Bioorg Med Chem Lett";"2002";"None";"";"";"";""
"CHEMBL19548";"";"None";"411.51";"0";"0.25";"NC30";"Cc1cnc(NCCc2ccccc2)c(=O)n1CC(=O)NC[C@@H]1CNC(N)=N[C@@H]1C";"Ki";"";"";"nM";"";"";"Not Active";"UO_0000065";"";"";"";"";"0";"CHEMBL817810";"In vitro inhibitory constant against trypsin; Inactive";"B";"BAO_0000357";"single protein format";"None";"None";"None";"None";"None";"";"";"";"CHEMBL209";"Serine protease 1";"Homo sapiens";"SINGLE PROTEIN";"CHEMBL1136066";"1";"Scientific Literature";"Bioorg Med Chem Lett";"2002";"None";"";"";"";""
"CHEMBL2373403";"";"None";"563.47";"None";"None";"31";"CC1(C)[C@@H]2C[C@H]3OB([C@H](CCCCN)NC(=O)Cn4nc(CC#N)nc4Cc4cccc([N+](=O)[O-])c4)O[C@@]3(C)[C@H]1C2";"Ki";"'='";"23.0";"nM";"7.64";"";"";"UO_0000065";"13.56";"None";"None";"None";"0";"CHEMBL811614";"Inhibition of trypsin";"B";"BAO_0000357";"single protein format";"None";"None";"None";"None";"None";"";"";"";"CHEMBL209";"Serine protease 1";"Homo sapiens";"SINGLE PROTEIN";"CHEMBL1130774";"1";"Scientific Literature";"Bioorg Med Chem Lett";"1998";"None";"";"";"";"23.0"
"CHEMBL124571";"";"None";"509.55";"0";"0.00";"(2S) 6";"CC(=O)N1C[C@H](O)C[C@H]1C(=O)N[C@@H](CCCN=C(N)N)C(=O)c1nc2ccccc2s1.O=[N+]([O-])O";"Ki";"'='";"8.1";"nM";"8.09";"";"";"UO_0000065";"18.12";"0.36";"None";"4.93";"0";"CHEMBL655074";"In vitro inhibition of bovine trypsin.";"B";"BAO_0000357";"single protein format";"None";"None";"None";"None";"None";"";"";"";"CHEMBL209";"Serine protease 1";"Homo sapiens";"SINGLE PROTEIN";"CHEMBL1145070";"1";"Scientific Literature";"J Med Chem";"2003";"None";"";"";"";"8.1"
"CHEMBL330496";"";"None";"591.57";"0";"2.81";"51";"CC1(C(=O)Nc2ccc(-c3ccccc3S(N)(=O)=O)cc2)CC(c2cccc(C(=N)N)c2)=NO1.O=C(O)C(F)(F)F";"Ki";"'='";"120.0";"nM";"6.92";"";"";"UO_0000065";"14.49";"0.28";"4.11";"4.31";"0";"CHEMBL824706";"Binding affinity towards trypsin obtained from human purified enzymes";"B";"BAO_0000357";"single protein format";"None";"None";"None";"None";"None";"";"";"";"CHEMBL209";"Serine protease 1";"Homo sapiens";"SINGLE PROTEIN";"CHEMBL1132652";"1";"Scientific Literature";"J Med Chem";"1999";"None";"";"";"";"120.0"
"CHEMBL32661";"";"None";"448.55";"0";"0.42";"3d";"Cc1nc(N)ccc1CNC(=O)Cn1c(C)cc(S(=O)(=O)NCC2CCC2)c(N)c1=O";"Ki";"'='";"740.0";"nM";"6.13";"";"";"UO_0000065";"13.67";"0.27";"5.71";"3.78";"0";"CHEMBL817816";"Inhibitory activity against human trypsin";"B";"BAO_0000357";"single protein format";"None";"None";"None";"None";"None";"";"";"";"CHEMBL209";"Serine protease 1";"Homo sapiens";"SINGLE PROTEIN";"CHEMBL1136704";"1";"Scientific Literature";"Bioorg Med Chem Lett";"2003";"None";"";"";"";"740.0"
"CHEMBL50933";"";"None";"434.34";"1";"5.49";"6";"Cc1cc(Br)c(O)c(-c2[nH]c3ccc(C(=N)N)cc3c2Cc2ccccc2)c1";"Ki";"'='";"2400.0";"nM";"5.62";"";"";"UO_0000065";"12.94";"0.27";"0.13";"6.54";"0";"CHEMBL874090";"Inhibitory activity against trypsin in human plasma";"B";"BAO_0000366";"cell-free format";"None";"CHEMBL3559721";"Plasma";"None";"None";"";"";"";"CHEMBL209";"Serine protease 1";"Homo sapiens";"SINGLE PROTEIN";"CHEMBL1134132";"1";"Scientific Literature";"Bioorg Med Chem Lett";"2001";"None";"";"";"";"2.4"
"CHEMBL606955";"";"None";"649.56";"None";"None";"13";"CC(=O)N[C@H](Cc1ccccc1)C(=O)N1CCC[C@H]1C(=O)N[C@@H](CCCn1ncnc1[N+](=O)[O-])B1O[C@@H]2CC3CC(C3(C)C)[C@]2(C)O1";"Ki";"'>'";"1200.0";"nM";"";"";"";"UO_0000065";"";"";"";"";"0";"CHEMBL812715";"Tested for selectivity against trypsin";"B";"BAO_0000357";"single protein format";"None";"None";"None";"None";"None";"";"";"";"CHEMBL209";"Serine protease 1";"Homo sapiens";"SINGLE PROTEIN";"CHEMBL1129866";"1";"Scientific Literature";"Bioorg Med Chem Lett";"1997";"None";"";"";"";"1200.0"
"CHEMBL28849";"";"None";"347.49";"0";"4.25";"42";"CSc1sc(C(=N)N)cc1-c1nc(-c2cccc(O)c2)cs1";"Ki";"'='";"930.0";"nM";"6.03";"";"";"UO_0000065";"17.36";"0.37";"1.78";"7.27";"0";"CHEMBL811785";"Inhibitory activity against Trypsin";"B";"BAO_0000357";"single protein format";"None";"None";"None";"None";"None";"";"";"";"CHEMBL209";"Serine protease 1";"Homo sapiens";"SINGLE PROTEIN";"CHEMBL1134078";"1";"Scientific Literature";"Bioorg Med Chem Lett";"2001";"None";"";"";"";"0.93"
"CHEMBL309670";"";"None";"465.64";"0";"2.15";"4";"N=C(N)N1CCC(OCCC2CCCCN2C(=O)[C@@H](CC2CCCCC2)NCC(=O)O)CC1";"Ki";"'='";"370.0";"nM";"6.43";"";"";"UO_0000065";"13.81";"0.27";"4.28";"4.87";"0";"CHEMBL817823";"In vitro inhibition of human trypsin.";"B";"BAO_0000357";"single protein format";"None";"None";"None";"None";"None";"";"";"";"CHEMBL209";"Serine protease 1";"Homo sapiens";"SINGLE PROTEIN";"CHEMBL1135990";"1";"Scientific Literature";"J Med Chem";"2002";"None";"";"";"";"370.0"
"CHEMBL10800";"";"None";"397.48";"0";"1.67";"2c";"CCC[C@@H]1Cc2cc(C)n(CC(=O)NCc3ccc(N)nc3C)c(=O)c2NC1=O";"Ki";"'='";"510.0";"nM";"6.29";"";"";"UO_0000065";"15.83";"0.30";"4.62";"5.28";"0";"CHEMBL818021";"The compound was tested for its ability to inhibit trypsin.";"B";"BAO_0000357";"single protein format";"None";"None";"None";"None";"None";"";"";"";"CHEMBL209";"Serine protease 1";"Homo sapiens";"SINGLE PROTEIN";"CHEMBL1132875";"1";"Scientific Literature";"Bioorg Med Chem Lett";"2000";"None";"";"";"";"510.0"
"CHEMBL93269";"";"None";"268.28";"0";"1.93";"6p";"N=C(N)c1ccc2[nH]c(-c3c(O)cccc3O)nc2c1";"Ki";"'='";"6000.0";"nM";"5.22";"";"";"UO_0000065";"19.46";"0.36";"3.29";"4.39";"0";"CHEMBL824709";"Activity against Human Serine Protease Trypsin";"B";"BAO_0000357";"single protein format";"Homo sapiens";"None";"None";"None";"None";"";"";"";"CHEMBL209";"Serine protease 1";"Homo sapiens";"SINGLE PROTEIN";"CHEMBL1134564";"1";"Scientific Literature";"J Med Chem";"2001";"None";"";"";"";"6.0"
"CHEMBL92345";"";"None";"423.50";"0";"1.60";"1e";"N=C(N)c1cccc(CN2CC[C@H](NS(=O)(=O)c3ccc4cnccc4c3)C2=O)c1";"Ki";"'>'";"2900.0";"nM";"";"";"";"UO_0000065";"";"";"";"";"0";"CHEMBL817137";"Binding affinity against trypsin";"B";"BAO_0000357";"single protein format";"None";"None";"None";"None";"None";"";"";"";"CHEMBL209";"Serine protease 1";"Homo sapiens";"SINGLE PROTEIN";"CHEMBL1131988";"1";"Scientific Literature";"Bioorg Med Chem Lett";"1999";"None";"";"";"";"2.9"
"CHEMBL178134";"";"None";"678.77";"2";"5.49";"10";"COc1cc([C@@H](Nc2ccc(C(=N)N)cc2)C(=O)N[C@H](C(=O)O)c2ccccc2)c(S(=O)(=O)c2ccccc2)cc1OCc1ccccc1";"Ki";"'='";"50.0";"nM";"7.30";"";"";"UO_0000065";"10.76";"0.20";"1.81";"4.04";"0";"CHEMBL828075";"The value of binding constant measured against human trypsin";"B";"BAO_0000357";"single protein format";"Homo sapiens";"None";"None";"None";"None";"";"";"";"CHEMBL209";"Serine protease 1";"Homo sapiens";"SINGLE PROTEIN";"CHEMBL1144307";"1";"Scientific Literature";"Bioorg Med Chem Lett";"2005";"None";"";"";"";"0.05"
"CHEMBL93536";"";"None";"638.52";"1";"4.72";"19";"COC(=O)CC1(C(=O)Nc2ccc(-c3cccc(C(F)(F)F)c3)cc2)CC(c2cccc(C(=N)N)c2)=NO1.O=C(O)C(F)(F)F";"Ki";"'='";"570.0";"nM";"6.24";"";"";"UO_0000065";"11.90";"0.22";"1.52";"4.92";"0";"CHEMBL824708";"The binding affinity was measured towards human purified trypsin";"B";"BAO_0000357";"single protein format";"None";"None";"None";"None";"None";"";"";"";"CHEMBL209";"Serine protease 1";"Homo sapiens";"SINGLE PROTEIN";"CHEMBL1132311";"1";"Scientific Literature";"J Med Chem";"1999";"None";"";"";"";"570.0"
"CHEMBL433369";"";"None";"649.60";"1";"2.35";"23";"COC(=O)CC1(C(=O)Nc2ccc(-c3cccc(S(N)(=O)=O)c3)cc2)CC(c2cccc(C(=N)N)c2)=NO1.O=C(O)C(F)(F)F";"Ki";"'='";"340.0";"nM";"6.47";"";"";"UO_0000065";"12.08";"0.23";"4.12";"3.46";"0";"CHEMBL824708";"The binding affinity was measured towards human purified trypsin";"B";"BAO_0000357";"single protein format";"None";"None";"None";"None";"None";"";"";"";"CHEMBL209";"Serine protease 1";"Homo sapiens";"SINGLE PROTEIN";"CHEMBL1132311";"1";"Scientific Literature";"J Med Chem";"1999";"None";"";"";"";"340.0"
"CHEMBL136215";"";"None";"465.51";"0";"3.09";"76";"N=C(N)c1ccc2[nH]cc(CC(=O)Nc3ccc(-c4ccccc4S(N)(=O)=O)cc3F)c2c1";"Ki";"'='";"270.0";"nM";"6.57";"";"";"UO_0000065";"14.11";"0.27";"3.48";"4.24";"0";"CHEMBL818182";"Binding affinity against human trypsin";"B";"BAO_0000357";"single protein format";"None";"None";"None";"None";"None";"";"";"";"CHEMBL209";"Serine protease 1";"Homo sapiens";"SINGLE PROTEIN";"CHEMBL1133520";"1";"Scientific Literature";"J Med Chem";"2000";"None";"";"";"";"270.0"
"CHEMBL104937";"";"None";"289.34";"0";"3.38";"6";"N=C(N)c1ccc2cc(C(=O)Nc3ccccc3)ccc2c1";"Ki";"'='";"325.0";"nM";"6.49";"";"";"UO_0000065";"22.42";"0.40";"3.11";"8.22";"1";"CHEMBL819934";"Binding affinity against porcine trypsin was determined.";"B";"BAO_0000357";"single protein format";"Sus scrofa";"None";"None";"None";"None";"";"";"";"CHEMBL209";"Serine protease 1";"Homo sapiens";"SINGLE PROTEIN";"CHEMBL1148377";"1";"Scientific Literature";"J Med Chem";"2004";"None";"";"";"";"0.325"
"CHEMBL143879";"";"None";"431.42";"0";"2.61";"19";"Cc1cnc(NCC(F)(F)c2ccccc2)c(=O)n1CC(=O)NCc1ncccc1F";"Ki";"'='";"501000.0";"nM";"";"Outside typical range";"";"UO_0000065";"";"";"";"";"0";"CHEMBL815470";"Inhibitory constant against human trypsin";"B";"BAO_0000357";"single protein format";"None";"None";"None";"None";"None";"";"";"";"CHEMBL209";"Serine protease 1";"Homo sapiens";"SINGLE PROTEIN";"CHEMBL1145961";"1";"Scientific Literature";"J Med Chem";"2003";"None";"";"";"";"501.0"
"CHEMBL19619";"";"None";"485.54";"0";"1.84";"NC7";"Cc1ccc(NS(=O)(=O)Cc2ccccc2)c(=O)n1CC(=O)NCc1ccc(C(=N)N)c(F)c1";"Ki";"";"";"nM";"";"";"Not Active";"UO_0000065";"";"";"";"";"0";"CHEMBL817810";"In vitro inhibitory constant against trypsin; Inactive";"B";"BAO_0000357";"single protein format";"None";"None";"None";"None";"None";"";"";"";"CHEMBL209";"Serine protease 1";"Homo sapiens";"SINGLE PROTEIN";"CHEMBL1136066";"1";"Scientific Literature";"Bioorg Med Chem Lett";"2002";"None";"";"";"";""
"CHEMBL163586";"";"None";"414.51";"0";"3.19";"19";"N=C(N)c1cccc(C(=O)N[C@@H](C(=O)NCCCc2ccccc2)c2ccccc2)c1";"Ki";"'='";"2200.0";"nM";"5.66";"";"";"UO_0000065";"13.65";"0.25";"2.47";"5.24";"0";"CHEMBL818185";"Binding affinity against human trypsin";"B";"BAO_0000357";"single protein format";"None";"None";"None";"None";"None";"";"";"";"CHEMBL209";"Serine protease 1";"Homo sapiens";"SINGLE PROTEIN";"CHEMBL1134227";"1";"Scientific Literature";"Bioorg Med Chem Lett";"2001";"None";"";"";"";"2.2"
"CHEMBL321944";"";"None";"344.40";"0";"1.80";"12b";"COc1ccc2ccc(C(=N)N)cc2c1-c1cnn(S(C)(=O)=O)c1";"Ki";"'='";"2700.0";"nM";"5.57";"";"";"UO_0000065";"16.17";"0.32";"3.77";"5.01";"0";"CHEMBL817133";"Binding affinity against trypsin";"B";"BAO_0000357";"single protein format";"None";"None";"None";"None";"None";"";"";"";"CHEMBL209";"Serine protease 1";"Homo sapiens";"SINGLE PROTEIN";"CHEMBL1146777";"1";"Scientific Literature";"Bioorg Med Chem Lett";"2004";"None";"";"";"";"2.7"
"CHEMBL157813";"";"None";"505.02";"1";"2.93";"24";"O=C1CN(S(=O)(=O)c2cc3ccc(Cl)cc3s2)CCN1Cc1cc2cnccc2n1CCO";"Ki";"'>'";"2900.0";"nM";"";"";"";"UO_0000065";"";"";"";"";"0";"CHEMBL821459";"Binding affinity towards trypsin";"B";"BAO_0000357";"single protein format";"None";"None";"None";"None";"None";"";"";"";"CHEMBL209";"Serine protease 1";"Homo sapiens";"SINGLE PROTEIN";"CHEMBL1144944";"1";"Scientific Literature";"J Med Chem";"2003";"None";"";"";"";"2900.0"
"CHEMBL308764";"";"None";"624.83";"1";"2.26";"43";"NCCCCCNC(=O)N1CCN(C(=O)O[C@H]2CCC[C@@H](OC(=O)N3CCN(C(=O)NCCCCCN)CC3)CCC2)CC1";"Ki";"'='";"754000.0";"nM";"";"Outside typical range";"";"UO_0000065";"";"";"";"";"0";"CHEMBL824723";"Compound was evaluated for its inhibitory potency against trypsin";"B";"BAO_0000357";"single protein format";"None";"None";"None";"None";"None";"";"";"";"CHEMBL209";"Serine protease 1";"Homo sapiens";"SINGLE PROTEIN";"CHEMBL1132784";"1";"Scientific Literature";"Bioorg Med Chem Lett";"2000";"None";"";"";"";"754.0"
"CHEMBL78283";"";"None";"800.97";"2";"3.51";"58";"N=C(N)Nc1ccc(CNC(=O)N2CCN(C(=O)OCC34CC5CC(C3)CC(COC(=O)N3CCN(C(=O)NCc6ccc(NC(=N)N)cc6)CC3)(C5)C4)CC2)cc1";"Ki";"'='";"17000.0";"nM";"4.77";"";"";"UO_0000065";"5.95";"0.11";"1.26";"1.93";"0";"CHEMBL824723";"Compound was evaluated for its inhibitory potency against trypsin";"B";"BAO_0000357";"single protein format";"None";"None";"None";"None";"None";"";"";"";"CHEMBL209";"Serine protease 1";"Homo sapiens";"SINGLE PROTEIN";"CHEMBL1132784";"1";"Scientific Literature";"Bioorg Med Chem Lett";"2000";"None";"";"";"";"17.0"
"CHEMBL93210";"";"None";"660.60";"2";"0.87";"69";"N=C(N)c1cccc(C2=NOC(Cn3cnnn3)(C(=O)Nc3ccc(-c4ccccc4S(N)(=O)=O)cn3)C2)c1.O=C(O)C(F)(F)F";"Ki";"'='";"31.0";"nM";"7.51";"";"";"UO_0000065";"13.74";"0.26";"6.64";"3.46";"0";"CHEMBL824706";"Binding affinity towards trypsin obtained from human purified enzymes";"B";"BAO_0000357";"single protein format";"None";"None";"None";"None";"None";"";"";"";"CHEMBL209";"Serine protease 1";"Homo sapiens";"SINGLE PROTEIN";"CHEMBL1132652";"1";"Scientific Literature";"J Med Chem";"1999";"None";"";"";"";"31.0"
"CHEMBL104995";"";"None";"498.07";"0";"2.91";"19";"Cl.N=C(N)c1cccc(N2CCCCN(C3CCN(S(=O)(=O)c4cccs4)CC3)C2=O)c1";"Ki";"'='";"52.0";"nM";"7.28";"";"";"UO_0000065";"15.78";"0.32";"4.37";"6.57";"0";"CHEMBL818020";"Inhibitory activity against trypsin";"B";"BAO_0000357";"single protein format";"None";"None";"None";"None";"None";"";"";"";"CHEMBL209";"Serine protease 1";"Homo sapiens";"SINGLE PROTEIN";"CHEMBL1133385";"1";"Scientific Literature";"Bioorg Med Chem Lett";"2000";"None";"";"";"";"52.0"
"CHEMBL408928";"";"None";"667.59";"1";"2.49";"28";"COC(=O)CC1(C(=O)Nc2ccc(-c3ccccc3S(N)(=O)=O)cc2F)CC(c2cccc(C(=N)N)c2)=NO1.O=C(O)C(F)(F)F";"Ki";"'='";"120.0";"nM";"6.92";"";"";"UO_0000065";"12.50";"0.24";"4.43";"3.70";"0";"CHEMBL824708";"The binding affinity was measured towards human purified trypsin";"B";"BAO_0000357";"single protein format";"None";"None";"None";"None";"None";"";"";"";"CHEMBL209";"Serine protease 1";"Homo sapiens";"SINGLE PROTEIN";"CHEMBL1132311";"1";"Scientific Literature";"J Med Chem";"1999";"None";"";"";"";"120.0"
"CHEMBL92519";"";"None";"584.55";"0";"4.01";"18";"COC(=O)CC1(C(=O)Nc2ccc(-c3ccccc3C)cc2)CC(c2cccc(C(=N)N)c2)=NO1.O=C(O)C(F)(F)F";"Ki";"'='";"390.0";"nM";"6.41";"";"";"UO_0000065";"13.62";"0.25";"2.40";"5.05";"0";"CHEMBL824708";"The binding affinity was measured towards human purified trypsin";"B";"BAO_0000357";"single protein format";"None";"None";"None";"None";"None";"";"";"";"CHEMBL209";"Serine protease 1";"Homo sapiens";"SINGLE PROTEIN";"CHEMBL1132311";"1";"Scientific Literature";"J Med Chem";"1999";"None";"";"";"";"390.0"
"CHEMBL174008";"";"None";"458.56";"0";"3.59";"19";"COC(=O)/C=C/c1cn(CC(=O)N2CCC(Cc3ccccc3)CC2)c2ccc(C(=N)N)cc12";"Ki";"'='";"280.0";"nM";"6.55";"";"";"UO_0000065";"14.29";"0.26";"2.96";"6.46";"0";"CHEMBL812713";"Inhibitory activity against trypsin";"B";"BAO_0000357";"single protein format";"None";"None";"None";"None";"None";"";"";"";"CHEMBL209";"Serine protease 1";"Homo sapiens";"SINGLE PROTEIN";"CHEMBL1131664";"1";"Scientific Literature";"Bioorg Med Chem Lett";"1999";"None";"";"";"";"280.0"
"CHEMBL421676";"";"None";"361.41";"0";"2.51";"9f";"N=C(N)c1ccc(O)c(/C=C/CNC(=O)c2ccc(-c3c[nH]cn3)cc2)c1";"Ki";"'='";"1800.0";"nM";"5.75";"";"";"UO_0000065";"15.90";"0.29";"3.23";"4.49";"0";"CHEMBL817143";"In vitro inhibition of trypsin.";"B";"BAO_0000357";"single protein format";"None";"None";"None";"None";"None";"";"";"";"CHEMBL209";"Serine protease 1";"Homo sapiens";"SINGLE PROTEIN";"CHEMBL1133371";"1";"Scientific Literature";"Bioorg Med Chem Lett";"2000";"None";"";"";"";"1800.0"
"CHEMBL4518749";"";"None";"526.98";"1";"2.95";"3";"CC1=C2CC(=O)NCc3cc(Cl)ccc3CNC(=O)OCOC(=O)c3cccc(c3)CNN(CC1)C2=O";"Ki";"'>'";"5400.0";"nM";"";"";"";"UO_0000065";"";"";"";"";"0";"CHEMBL4426683";"Inhibition of human trypsin 1 using S-2222 as substrate preincubated for 300 secs followed by substrate addition measured after 40 mins";"B";"BAO_0000357";"single protein format";"Homo sapiens";"None";"None";"None";"None";"";"";"";"CHEMBL209";"Serine protease 1";"Homo sapiens";"SINGLE PROTEIN";"CHEMBL4425130";"1";"Scientific Literature";"J Med Chem";"2016";"None";"";"";"";"5.4"
"CHEMBL3667880";"";"None";"505.52";"1";"2.54";"BDBM158074";"N=C(N)c1ccc(OC(=O)c2ccc(CC3(C(=O)N[C@@H](CC(=O)O)C(=O)O)CCCC3)s2)c(F)c1";"Ki";"'='";"4.1";"nM";"8.39";"";"591838";"UO_0000065";"16.59";"0.33";"5.85";"4.66";"1";"CHEMBL5731810";"Inhibitory Activity Assay: Using a 96 well plate (#3915, Costar), a test compound (25 μL), 400 mM Tris-HCl buffer (pH 8.0, 25 μL) and 0.5 mg/mL fluorescence enzyme substrate (Gly-Asp-Asp-Asp-Asp-Lys-β-Naphtylamide, 25 μL) were mixed, and recombinant human enteropeptidase (R&D Systems, Inc., 25 μL) was added. Using a fluorescence plate reader fmax (Molecular Devices, Inc.), the reaction rate was measured from the time-course changes at excitation wavelength 320 nm and fluorescence wavelength 405 nm. The Ki value was calculated from the concentration of the test compound, reciprocal of reaction rate, and Km value of the enzyme substrate, and by using Dixon plot.";"B";"BAO_0000357";"single protein format";"Homo sapiens";"None";"None";"None";"None";"";"";"";"CHEMBL209";"Serine protease 1";"Homo sapiens";"SINGLE PROTEIN";"CHEMBL5725983";"37";"BindingDB Patent Bioactivity Data";"";"2017";"None";"";"";"";"4.1"
"CHEMBL5956828";"";"None";"457.91";"0";"2.16";"BDBM308123";"CC(C)(Cc1ccc(C(=O)Oc2ccc(C(=N)N)cc2F)s1)C(=O)NCC(=O)O.Cl";"Ki";"'='";"0.42";"nM";"9.38";"";"591840";"UO_0000065";"22.25";"0.44";"7.22";"6.58";"0";"CHEMBL5731810";"Inhibitory Activity Assay: Using a 96 well plate (#3915, Costar), a test compound (25 μL), 400 mM Tris-HCl buffer (pH 8.0, 25 μL) and 0.5 mg/mL fluorescence enzyme substrate (Gly-Asp-Asp-Asp-Asp-Lys-β-Naphtylamide, 25 μL) were mixed, and recombinant human enteropeptidase (R&D Systems, Inc., 25 μL) was added. Using a fluorescence plate reader fmax (Molecular Devices, Inc.), the reaction rate was measured from the time-course changes at excitation wavelength 320 nm and fluorescence wavelength 405 nm. The Ki value was calculated from the concentration of the test compound, reciprocal of reaction rate, and Km value of the enzyme substrate, and by using Dixon plot.";"B";"BAO_0000357";"single protein format";"Homo sapiens";"None";"None";"None";"None";"";"";"";"CHEMBL209";"Serine protease 1";"Homo sapiens";"SINGLE PROTEIN";"CHEMBL5725983";"37";"BindingDB Patent Bioactivity Data";"";"2017";"None";"";"";"";"0.42"
"CHEMBL3667885";"";"None";"435.48";"0";"2.50";"BDBM158079";"CN(CC(=O)O)C(=O)C(C)(C)Cc1ccc(C(=O)Oc2ccc(C(=N)N)cc2F)s1";"Ki";"'='";"1.33";"nM";"8.88";"";"591848";"UO_0000065";"20.38";"0.40";"6.38";"6.63";"1";"CHEMBL5731810";"Inhibitory Activity Assay: Using a 96 well plate (#3915, Costar), a test compound (25 μL), 400 mM Tris-HCl buffer (pH 8.0, 25 μL) and 0.5 mg/mL fluorescence enzyme substrate (Gly-Asp-Asp-Asp-Asp-Lys-β-Naphtylamide, 25 μL) were mixed, and recombinant human enteropeptidase (R&D Systems, Inc., 25 μL) was added. Using a fluorescence plate reader fmax (Molecular Devices, Inc.), the reaction rate was measured from the time-course changes at excitation wavelength 320 nm and fluorescence wavelength 405 nm. The Ki value was calculated from the concentration of the test compound, reciprocal of reaction rate, and Km value of the enzyme substrate, and by using Dixon plot.";"B";"BAO_0000357";"single protein format";"Homo sapiens";"None";"None";"None";"None";"";"";"";"CHEMBL209";"Serine protease 1";"Homo sapiens";"SINGLE PROTEIN";"CHEMBL5725983";"37";"BindingDB Patent Bioactivity Data";"";"2017";"None";"";"";"";"1.33"
"CHEMBL5977817";"";"None";"526.03";"0";"3.81";"BDBM308425";"CCC(CC)(Cc1ccc(C(=O)Oc2ccc(C(=N)N)cc2F)s1)C(=O)N1CCC[C@@H]1C(=O)O.Cl";"Ki";"'='";"3.57";"nM";"8.45";"";"591878";"UO_0000065";"17.25";"0.34";"4.64";"6.31";"0";"CHEMBL5731810";"Inhibitory Activity Assay: Using a 96 well plate (#3915, Costar), a test compound (25 μL), 400 mM Tris-HCl buffer (pH 8.0, 25 μL) and 0.5 mg/mL fluorescence enzyme substrate (Gly-Asp-Asp-Asp-Asp-Lys-β-Naphtylamide, 25 μL) were mixed, and recombinant human enteropeptidase (R&D Systems, Inc., 25 μL) was added. Using a fluorescence plate reader fmax (Molecular Devices, Inc.), the reaction rate was measured from the time-course changes at excitation wavelength 320 nm and fluorescence wavelength 405 nm. The Ki value was calculated from the concentration of the test compound, reciprocal of reaction rate, and Km value of the enzyme substrate, and by using Dixon plot.";"B";"BAO_0000357";"single protein format";"Homo sapiens";"None";"None";"None";"None";"";"";"";"CHEMBL209";"Serine protease 1";"Homo sapiens";"SINGLE PROTEIN";"CHEMBL5725983";"37";"BindingDB Patent Bioactivity Data";"";"2017";"None";"";"";"";"3.57"
"CHEMBL5925594";"";"None";"544.00";"1";"2.78";"BDBM308429";"CCC(CC)(Cc1ccc(C(=O)Oc2ccc(C(=N)N)cc2F)s1)C(=O)N[C@H](CC(=O)O)C(=O)O.Cl";"Ki";"'='";"1.04";"nM";"8.98";"";"591884";"UO_0000065";"17.70";"0.35";"6.20";"4.99";"0";"CHEMBL5731810";"Inhibitory Activity Assay: Using a 96 well plate (#3915, Costar), a test compound (25 μL), 400 mM Tris-HCl buffer (pH 8.0, 25 μL) and 0.5 mg/mL fluorescence enzyme substrate (Gly-Asp-Asp-Asp-Asp-Lys-β-Naphtylamide, 25 μL) were mixed, and recombinant human enteropeptidase (R&D Systems, Inc., 25 μL) was added. Using a fluorescence plate reader fmax (Molecular Devices, Inc.), the reaction rate was measured from the time-course changes at excitation wavelength 320 nm and fluorescence wavelength 405 nm. The Ki value was calculated from the concentration of the test compound, reciprocal of reaction rate, and Km value of the enzyme substrate, and by using Dixon plot.";"B";"BAO_0000357";"single protein format";"Homo sapiens";"None";"None";"None";"None";"";"";"";"CHEMBL209";"Serine protease 1";"Homo sapiens";"SINGLE PROTEIN";"CHEMBL5725983";"37";"BindingDB Patent Bioactivity Data";"";"2017";"None";"";"";"";"1.04"
"CHEMBL5806039";"";"None";"543.02";"1";"2.18";"BDBM308508";"CCC(CC)(Cc1ccc(C(=O)Oc2ccc(C(=N)N)cc2F)s1)C(=O)N[C@@H](CC(N)=O)C(=O)O.Cl";"Ki";"'='";"1.69";"nM";"8.77";"";"591922";"UO_0000065";"17.32";"0.34";"6.59";"4.72";"0";"CHEMBL5731810";"Inhibitory Activity Assay: Using a 96 well plate (#3915, Costar), a test compound (25 μL), 400 mM Tris-HCl buffer (pH 8.0, 25 μL) and 0.5 mg/mL fluorescence enzyme substrate (Gly-Asp-Asp-Asp-Asp-Lys-β-Naphtylamide, 25 μL) were mixed, and recombinant human enteropeptidase (R&D Systems, Inc., 25 μL) was added. Using a fluorescence plate reader fmax (Molecular Devices, Inc.), the reaction rate was measured from the time-course changes at excitation wavelength 320 nm and fluorescence wavelength 405 nm. The Ki value was calculated from the concentration of the test compound, reciprocal of reaction rate, and Km value of the enzyme substrate, and by using Dixon plot.";"B";"BAO_0000357";"single protein format";"Homo sapiens";"None";"None";"None";"None";"";"";"";"CHEMBL209";"Serine protease 1";"Homo sapiens";"SINGLE PROTEIN";"CHEMBL5725983";"37";"BindingDB Patent Bioactivity Data";"";"2017";"None";"";"";"";"1.69"
"CHEMBL3672858";"";"None";"470.53";"0";"4.00";"BDBM158117";"COc1ccc(NC(=O)C(C)(C)Cc2ccc(C(=O)Oc3ccc(C(=N)N)cc3F)s2)cn1";"Ki";"'='";"3.36";"nM";"8.47";"";"591924";"UO_0000065";"18.01";"0.35";"4.47";"6.65";"1";"CHEMBL5731810";"Inhibitory Activity Assay: Using a 96 well plate (#3915, Costar), a test compound (25 μL), 400 mM Tris-HCl buffer (pH 8.0, 25 μL) and 0.5 mg/mL fluorescence enzyme substrate (Gly-Asp-Asp-Asp-Asp-Lys-β-Naphtylamide, 25 μL) were mixed, and recombinant human enteropeptidase (R&D Systems, Inc., 25 μL) was added. Using a fluorescence plate reader fmax (Molecular Devices, Inc.), the reaction rate was measured from the time-course changes at excitation wavelength 320 nm and fluorescence wavelength 405 nm. The Ki value was calculated from the concentration of the test compound, reciprocal of reaction rate, and Km value of the enzyme substrate, and by using Dixon plot.";"B";"BAO_0000357";"single protein format";"Homo sapiens";"None";"None";"None";"None";"";"";"";"CHEMBL209";"Serine protease 1";"Homo sapiens";"SINGLE PROTEIN";"CHEMBL5725983";"37";"BindingDB Patent Bioactivity Data";"";"2017";"None";"";"";"";"3.36"
"CHEMBL5771406";"";"None";"535.98";"0";"4.00";"BDBM308511";"CC(C)(Cc1ccc(C(=O)Oc2ccc(C(=N)N)cc2F)s1)C(=O)Nc1ccc(O)c(C(=O)O)c1.Cl";"Ki";"'='";"0.92";"nM";"9.04";"";"591928";"UO_0000065";"18.09";"0.35";"5.04";"5.55";"0";"CHEMBL5731810";"Inhibitory Activity Assay: Using a 96 well plate (#3915, Costar), a test compound (25 μL), 400 mM Tris-HCl buffer (pH 8.0, 25 μL) and 0.5 mg/mL fluorescence enzyme substrate (Gly-Asp-Asp-Asp-Asp-Lys-β-Naphtylamide, 25 μL) were mixed, and recombinant human enteropeptidase (R&D Systems, Inc., 25 μL) was added. Using a fluorescence plate reader fmax (Molecular Devices, Inc.), the reaction rate was measured from the time-course changes at excitation wavelength 320 nm and fluorescence wavelength 405 nm. The Ki value was calculated from the concentration of the test compound, reciprocal of reaction rate, and Km value of the enzyme substrate, and by using Dixon plot.";"B";"BAO_0000357";"single protein format";"Homo sapiens";"None";"None";"None";"None";"";"";"";"CHEMBL209";"Serine protease 1";"Homo sapiens";"SINGLE PROTEIN";"CHEMBL5725983";"37";"BindingDB Patent Bioactivity Data";"";"2017";"None";"";"";"";"0.92"
"CHEMBL5974605";"";"None";"513.98";"0";"2.01";"BDBM308557";"CC(C)(Cc1ccc(C(=O)Oc2ccc(C(=N)N)cc2F)s1)C(=O)N1C[C@H](O)C[C@H]1C(=O)O.Cl";"Ki";"'='";"0.9";"nM";"9.05";"";"592020";"UO_0000065";"18.94";"0.37";"7.04";"5.87";"0";"CHEMBL5731810";"Inhibitory Activity Assay: Using a 96 well plate (#3915, Costar), a test compound (25 μL), 400 mM Tris-HCl buffer (pH 8.0, 25 μL) and 0.5 mg/mL fluorescence enzyme substrate (Gly-Asp-Asp-Asp-Asp-Lys-β-Naphtylamide, 25 μL) were mixed, and recombinant human enteropeptidase (R&D Systems, Inc., 25 μL) was added. Using a fluorescence plate reader fmax (Molecular Devices, Inc.), the reaction rate was measured from the time-course changes at excitation wavelength 320 nm and fluorescence wavelength 405 nm. The Ki value was calculated from the concentration of the test compound, reciprocal of reaction rate, and Km value of the enzyme substrate, and by using Dixon plot.";"B";"BAO_0000357";"single protein format";"Homo sapiens";"None";"None";"None";"None";"";"";"";"CHEMBL209";"Serine protease 1";"Homo sapiens";"SINGLE PROTEIN";"CHEMBL5725983";"37";"BindingDB Patent Bioactivity Data";"";"2017";"None";"";"";"";"0.9"
"CHEMBL5744049";"";"None";"379.46";"1";"5.26";"BDBM113294";"CC(C)c1ccc(-c2nc3cc4c(cc3c(=O)o2)OCCCO4)c(C(C)C)c1";"Ki";"'>'";"10000.0";"nM";"";"";"461966";"UO_0000065";"";"";"";"";"0";"CHEMBL5730557";"Trypsin Assay: Materials: Trypsin, 100 ug (Roche, sequence grade, Mw 23500), Substrate S-2288 (Chromogenics, cat. no. 820852). Trypsin activity was determined at 37° C. in 10 mM Na phosphate pH 7.2, 0.5 M NaCl, with final concentrations of 0.8 ug/ml (34 nM) of Trypsin, 1 mM substrate, 5% DMSO in the presence of 0 uM, 0.1 uM, 1.0 uM and 10 uM of inhibitor, in 96 well plates by measuring absorbance at 405 nm in a plate reader (Spectramax).";"B";"BAO_0000357";"single protein format";"Homo sapiens";"None";"None";"None";"None";"";"";"";"CHEMBL209";"Serine protease 1";"Homo sapiens";"SINGLE PROTEIN";"CHEMBL5725320";"37";"BindingDB Patent Bioactivity Data";"";"2017";"None";"";"";"";"10000.0"
"CHEMBL5836147";"";"None";"315.71";"0";"3.28";"BDBM113300";"O=c1oc(-c2ccccc2Cl)nc2cc3c(cc12)OCCO3";"Ki";"'='";"3700.0";"nM";"5.43";"";"462001";"UO_0000065";"17.21";"0.34";"2.15";"8.82";"0";"CHEMBL5730557";"Trypsin Assay: Materials: Trypsin, 100 ug (Roche, sequence grade, Mw 23500), Substrate S-2288 (Chromogenics, cat. no. 820852). Trypsin activity was determined at 37° C. in 10 mM Na phosphate pH 7.2, 0.5 M NaCl, with final concentrations of 0.8 ug/ml (34 nM) of Trypsin, 1 mM substrate, 5% DMSO in the presence of 0 uM, 0.1 uM, 1.0 uM and 10 uM of inhibitor, in 96 well plates by measuring absorbance at 405 nm in a plate reader (Spectramax).";"B";"BAO_0000357";"single protein format";"Homo sapiens";"None";"None";"None";"None";"";"";"";"CHEMBL209";"Serine protease 1";"Homo sapiens";"SINGLE PROTEIN";"CHEMBL5725320";"37";"BindingDB Patent Bioactivity Data";"";"2017";"None";"";"";"";"3700.0"
"CHEMBL5957189";"";"None";"343.34";"0";"2.89";"BDBM113301";"COc1ccc(-c2nc3cc(OC)c(OC)cc3c(=O)o2)c(OC)c1";"Ki";"'>'";"10000.0";"nM";"";"";"462008";"UO_0000065";"";"";"";"";"0";"CHEMBL5730557";"Trypsin Assay: Materials: Trypsin, 100 ug (Roche, sequence grade, Mw 23500), Substrate S-2288 (Chromogenics, cat. no. 820852). Trypsin activity was determined at 37° C. in 10 mM Na phosphate pH 7.2, 0.5 M NaCl, with final concentrations of 0.8 ug/ml (34 nM) of Trypsin, 1 mM substrate, 5% DMSO in the presence of 0 uM, 0.1 uM, 1.0 uM and 10 uM of inhibitor, in 96 well plates by measuring absorbance at 405 nm in a plate reader (Spectramax).";"B";"BAO_0000357";"single protein format";"Homo sapiens";"None";"None";"None";"None";"";"";"";"CHEMBL209";"Serine protease 1";"Homo sapiens";"SINGLE PROTEIN";"CHEMBL5725320";"37";"BindingDB Patent Bioactivity Data";"";"2017";"None";"";"";"";"10000.0"
"CHEMBL3084828";"";"None";"520.61";"1";"-0.15";"2f";"N[C@H]1CC[C@H](C(NC(=O)[C@@H]2CC[C@H]3CN(S(=O)(=O)Cc4ccccc4)CC(=O)N32)C(=O)C(=O)O)CC1";"Ki";"'='";"2200.0";"nM";"5.66";"";"";"UO_0000065";"10.87";"0.21";"5.81";"3.38";"0";"CHEMBL817804";"In vitro activity against human alpha trypsin was determined";"B";"BAO_0000357";"single protein format";"None";"None";"None";"None";"None";"";"";"";"CHEMBL209";"Serine protease 1";"Homo sapiens";"SINGLE PROTEIN";"CHEMBL1133798";"1";"Scientific Literature";"Bioorg Med Chem Lett";"2001";"None";"";"";"";"2200.0"
"CHEMBL165196";"";"None";"567.76";"1";"3.15";"34";"O=C(NCC1CCc2ncncc2C1)[C@@H]1CCCN1C(=O)[C@@H](CC1CCCCC1)NS(=O)(=O)Cc1ccccc1";"Ki";"'='";"342000.0";"nM";"";"Outside typical range";"";"UO_0000065";"";"";"";"";"0";"CHEMBL817808";"In vitro inhibitory activity against Trypsin";"B";"BAO_0000357";"single protein format";"None";"None";"None";"None";"None";"";"";"";"CHEMBL209";"Serine protease 1";"Homo sapiens";"SINGLE PROTEIN";"CHEMBL1136607";"1";"Scientific Literature";"Bioorg Med Chem Lett";"2003";"None";"";"";"";"342.0"
"CHEMBL290212";"";"None";"637.66";"None";"None";"19";"CCN(CC)S(=O)(=O)c1ccccc1-c1ccc(C(=O)N[C@@H](CCCN=C(N)N)B2O[C@@H]3CC4CC(C4(C)C)[C@]3(C)O2)c(C)c1";"Ki";"'='";"0.62";"nM";"9.21";"";"";"UO_0000065";"14.44";"None";"None";"None";"0";"CHEMBL811780";"Inhibition of trypsin";"B";"BAO_0000357";"single protein format";"None";"None";"None";"None";"None";"";"";"";"CHEMBL209";"Serine protease 1";"Homo sapiens";"SINGLE PROTEIN";"CHEMBL1151536";"1";"Scientific Literature";"Bioorg Med Chem Lett";"1997";"None";"";"";"";"0.62"
"CHEMBL151201";"";"None";"544.56";"1";"4.68";"33a";"COc1ccc(-n2nc(C(F)(F)F)cc2C(=O)Nc2ccc(-c3ccccc3S(C)(=O)=O)cc2)c(CN)c1";"Ki";"'>'";"1600.0";"nM";"";"";"";"UO_0000065";"";"";"";"";"0";"CHEMBL817826";"Tested in vitro for inhibition of human trypsin";"B";"BAO_0000357";"single protein format";"None";"None";"None";"None";"None";"";"";"";"CHEMBL209";"Serine protease 1";"Homo sapiens";"SINGLE PROTEIN";"CHEMBL1145914";"1";"Scientific Literature";"J Med Chem";"2003";"None";"";"";"";"1600.0"
"CHEMBL366643";"";"None";"432.52";"0";"3.03";"17";"N=C(N)c1ccc2c(c1)c(CC(=O)O)cn2CC(=O)N1CCC(Cc2ccccc2)CC1";"Ki";"";"";"nM";"";"";"Not Determined";"UO_0000065";"";"";"";"";"0";"CHEMBL812714";"Inhibitory activity against trypsin; not determined";"B";"BAO_0000357";"single protein format";"None";"None";"None";"None";"None";"";"";"";"CHEMBL209";"Serine protease 1";"Homo sapiens";"SINGLE PROTEIN";"CHEMBL1131664";"1";"Scientific Literature";"Bioorg Med Chem Lett";"1999";"None";"";"";"";""
"CHEMBL111543";"";"None";"405.50";"0";"4.95";"37b";"CC(C)Oc1cc(NC(=O)c2ccc3cc(C(=N)N)ccc3c2)cc(OC(C)C)c1";"Ki";"'='";"13.0";"nM";"7.89";"";"";"UO_0000065";"19.45";"0.36";"2.94";"8.09";"0";"CHEMBL819934";"Binding affinity against porcine trypsin was determined.";"B";"BAO_0000357";"single protein format";"Sus scrofa";"None";"None";"None";"None";"";"";"";"CHEMBL209";"Serine protease 1";"Homo sapiens";"SINGLE PROTEIN";"CHEMBL1148377";"1";"Scientific Literature";"J Med Chem";"2004";"None";"";"";"";"13.0"
"CHEMBL1183989";"";"None";"547.56";"2";"0.26";"78";"N=C(N)c1cccc(C2=NOC(Cn3cnnn3)(C(=O)Nc3ncc(-c4ccccc4S(N)(=O)=O)cn3)C2)c1";"Ki";"'='";"120.0";"nM";"6.92";"";"";"UO_0000065";"12.64";"0.24";"6.66";"3.01";"0";"CHEMBL824706";"Binding affinity towards trypsin obtained from human purified enzymes";"B";"BAO_0000357";"single protein format";"None";"None";"None";"None";"None";"";"";"";"CHEMBL209";"Serine protease 1";"Homo sapiens";"SINGLE PROTEIN";"CHEMBL1132652";"1";"Scientific Literature";"J Med Chem";"1999";"None";"";"";"";"120.0"
"CHEMBL164924";"";"None";"416.49";"0";"2.40";"8a";"Cc1cnc(NCCc2ccccc2)c(=O)n1CC(=O)NCc1ccc2[nH]ccc2n1";"Ki";"'>'";"100000.0";"nM";"";"";"";"UO_0000065";"";"";"";"";"0";"CHEMBL817814";"Inhibition of Trypsin";"B";"BAO_0000357";"single protein format";"Homo sapiens";"None";"None";"None";"None";"";"";"";"CHEMBL209";"Serine protease 1";"Homo sapiens";"SINGLE PROTEIN";"CHEMBL1136608";"1";"Scientific Literature";"Bioorg Med Chem Lett";"2003";"None";"";"";"";"100000.0"
"CHEMBL167995";"";"None";"416.49";"0";"2.40";"9a";"Cc1cnc(NCCc2ccccc2)c(=O)n1CC(=O)NCc1cc2cc[nH]c2cn1";"Ki";"'>'";"100000.0";"nM";"";"";"";"UO_0000065";"";"";"";"";"0";"CHEMBL817814";"Inhibition of Trypsin";"B";"BAO_0000357";"single protein format";"Homo sapiens";"None";"None";"None";"None";"";"";"";"CHEMBL209";"Serine protease 1";"Homo sapiens";"SINGLE PROTEIN";"CHEMBL1136608";"1";"Scientific Literature";"Bioorg Med Chem Lett";"2003";"None";"";"";"";"100000.0"
"CHEMBL289318";"";"None";"502.47";"None";"None";"12";"Cc1cc(-c2ccccc2)ccc1C(=O)N[C@@H](CCCN=C(N)N)B1O[C@@H]2CC3CC(C3(C)C)[C@]2(C)O1";"Ki";"'='";"4.2";"nM";"8.38";"";"";"UO_0000065";"16.67";"None";"None";"None";"0";"CHEMBL811780";"Inhibition of trypsin";"B";"BAO_0000357";"single protein format";"None";"None";"None";"None";"None";"";"";"";"CHEMBL209";"Serine protease 1";"Homo sapiens";"SINGLE PROTEIN";"CHEMBL1151536";"1";"Scientific Literature";"Bioorg Med Chem Lett";"1997";"None";"";"";"";"4.2"
"CHEMBL310289";"";"None";"604.71";"2";"2.47";"24";"C[C@@H](NC(=O)OCc1ccc(COC(=O)N[C@H](C)C(=O)NCc2ccc(CN)cc2)cc1)C(=O)NCc1ccc(CN)cc1";"Ki";"'='";"38000.0";"nM";"4.42";"";"";"UO_0000065";"7.31";"0.14";"1.95";"2.37";"0";"CHEMBL824722";"Inhibitory potency against trypsin";"B";"BAO_0000357";"single protein format";"None";"None";"None";"None";"None";"";"";"";"CHEMBL209";"Serine protease 1";"Homo sapiens";"SINGLE PROTEIN";"CHEMBL1132783";"1";"Scientific Literature";"Bioorg Med Chem Lett";"2000";"None";"";"";"";"38.0"
"CHEMBL39587";"";"None";"495.61";"0";"3.63";"6e";"N/C(=N\O)c1ccc(CN(NS(=O)(=O)c2ccc3ccccc3c2)C(=O)N2CCCCCC2)cc1";"Ki";"'='";"13000.0";"nM";"4.89";"";"";"UO_0000065";"9.86";"0.19";"1.26";"3.81";"0";"CHEMBL815009";"In vitro inhibition of trypsin";"B";"BAO_0000357";"single protein format";"None";"None";"None";"None";"None";"";"";"";"CHEMBL209";"Serine protease 1";"Homo sapiens";"SINGLE PROTEIN";"CHEMBL1137966";"1";"Scientific Literature";"Bioorg Med Chem Lett";"2004";"None";"";"";"";"13.0"
"CHEMBL37318";"";"None";"479.61";"0";"3.67";"7i";"CC1CCN(C(=O)N(Cc2cccc(C(=N)N)c2)NS(=O)(=O)c2ccc3ccccc3c2)CC1";"Ki";"'='";"110.0";"nM";"6.96";"";"";"UO_0000065";"14.51";"0.28";"3.29";"5.82";"0";"CHEMBL815009";"In vitro inhibition of trypsin";"B";"BAO_0000357";"single protein format";"None";"None";"None";"None";"None";"";"";"";"CHEMBL209";"Serine protease 1";"Homo sapiens";"SINGLE PROTEIN";"CHEMBL1137966";"1";"Scientific Literature";"Bioorg Med Chem Lett";"2004";"None";"";"";"";"0.11"
"CHEMBL3900248";"";"None";"542.57";"1";"0.81";"BDBM234243";"N=C(N)c1ccc(OC(=O)c2ccc(CN3CCC[C@H]3C(=O)N[C@@H](CS(=O)(=O)O)C(=O)O)s2)c(F)c1";"Ki";"'='";"0.25";"nM";"9.60";"";"408285";"UO_0000065";"17.70";"0.36";"8.79";"4.80";"0";"CHEMBL3888548";"Inhibition Assay: Using a 96 well plate (#3915, Costar), a test compound (25 μL), 400 mM Tris-HCl buffer (pH 8.0, 25 μL) and 0.5 mg/mL fluorescence enzyme substrate (Gly-Asp-Asp-Asp-Asp-Lys-β-Naphtylamide, 25 μL) were mixed, and recombinant human enteropeptidase (R&D Systems, Inc., 25 μL) was added. Using a fluorescence plate reader fmax (Molecular Devices, Inc.), the reaction rate was measured from the time-course changes at excitation wavelength 320 nm and fluorescence wavelength 405 nm. The Ki value was calculated from the concentration of the test compound, reciprocal of reaction rate, and Km value of the enzyme substrate, and by using Dixon plot.";"B";"BAO_0000357";"single protein format";"Homo sapiens";"None";"None";"None";"None";"";"";"";"CHEMBL209";"Serine protease 1";"Homo sapiens";"SINGLE PROTEIN";"CHEMBL3886757";"37";"BindingDB Patent Bioactivity Data";"";"2016";"None";"";"";"";"0.25"
"CHEMBL3969696";"";"None";"536.58";"1";"2.28";"BDBM234257";"CC(C)C[C@@H](C(=O)N[C@@H](CC(=O)O)C(=O)O)N(C)Cc1ccc(C(=O)Oc2ccc(C(=N)N)cc2F)s1";"Ki";"'='";"0.81";"nM";"9.09";"";"408299";"UO_0000065";"16.94";"0.34";"6.81";"4.97";"0";"CHEMBL3888548";"Inhibition Assay: Using a 96 well plate (#3915, Costar), a test compound (25 μL), 400 mM Tris-HCl buffer (pH 8.0, 25 μL) and 0.5 mg/mL fluorescence enzyme substrate (Gly-Asp-Asp-Asp-Asp-Lys-β-Naphtylamide, 25 μL) were mixed, and recombinant human enteropeptidase (R&D Systems, Inc., 25 μL) was added. Using a fluorescence plate reader fmax (Molecular Devices, Inc.), the reaction rate was measured from the time-course changes at excitation wavelength 320 nm and fluorescence wavelength 405 nm. The Ki value was calculated from the concentration of the test compound, reciprocal of reaction rate, and Km value of the enzyme substrate, and by using Dixon plot.";"B";"BAO_0000357";"single protein format";"Homo sapiens";"None";"None";"None";"None";"";"";"";"CHEMBL209";"Serine protease 1";"Homo sapiens";"SINGLE PROTEIN";"CHEMBL3886757";"37";"BindingDB Patent Bioactivity Data";"";"2016";"None";"";"";"";"0.81"
"CHEMBL4108738";"";"None";"520.54";"1";"1.74";"BDBM234269";"N=C(N)c1ccc(OC(=O)c2ccc(CN3CCC[C@@H]3C(=O)N(CCC(=O)O)CC(=O)O)s2)c(F)c1";"Ki";"'='";"0.42";"nM";"9.38";"";"408311";"UO_0000065";"18.01";"0.36";"7.64";"5.38";"0";"CHEMBL3888548";"Inhibition Assay: Using a 96 well plate (#3915, Costar), a test compound (25 μL), 400 mM Tris-HCl buffer (pH 8.0, 25 μL) and 0.5 mg/mL fluorescence enzyme substrate (Gly-Asp-Asp-Asp-Asp-Lys-β-Naphtylamide, 25 μL) were mixed, and recombinant human enteropeptidase (R&D Systems, Inc., 25 μL) was added. Using a fluorescence plate reader fmax (Molecular Devices, Inc.), the reaction rate was measured from the time-course changes at excitation wavelength 320 nm and fluorescence wavelength 405 nm. The Ki value was calculated from the concentration of the test compound, reciprocal of reaction rate, and Km value of the enzyme substrate, and by using Dixon plot.";"B";"BAO_0000357";"single protein format";"Homo sapiens";"None";"None";"None";"None";"";"";"";"CHEMBL209";"Serine protease 1";"Homo sapiens";"SINGLE PROTEIN";"CHEMBL3886757";"37";"BindingDB Patent Bioactivity Data";"";"2016";"None";"";"";"";"0.42"
"CHEMBL4172393";"";"None";"1623.93";"None";"None";"SFTI-Bip7";"CC[C@H](C)[C@@H]1NC(=O)[C@@H]2CCCN2C(=O)[C@@H]2CCCN2C(=O)[C@H](Cc2ccc(-c3ccccc3)cc2)NC(=O)[C@H](CO)NC(=O)[C@H](CCCCN)NC(=O)[C@H]([C@@H](C)O)NC(=O)[C@@H]2CSSC[C@H](NC1=O)C(=O)N[C@@H](Cc1ccccc1)C(=O)N1CCC[C@H]1C(=O)N[C@@H](CC(=O)O)C(=O)NCC(=O)N[C@@H](CCCNC(=N)N)C(=O)N2";"Ki";"'='";"0.76";"nM";"9.12";"";"";"UO_0000065";"5.62";"None";"None";"None";"0";"CHEMBL4156165";"Inhibition of human cationic trypsin using Boc-VPR-MCA as substrate measured every 30 secs for 10 mins";"B";"BAO_0000357";"single protein format";"Homo sapiens";"None";"None";"None";"None";"";"";"";"CHEMBL209";"Serine protease 1";"Homo sapiens";"SINGLE PROTEIN";"CHEMBL4152317";"1";"Scientific Literature";"Eur J Med Chem";"2018";"None";"";"";"";"0.76"
"CHEMBL4175285";"";"None";"1485.72";"None";"None";"SFTI-Arg5Gly7";"CC[C@H](C)[C@@H]1NC(=O)[C@@H]2CCCN2C(=O)[C@@H]2CCCN2C(=O)CNC(=O)[C@H](CO)NC(=O)[C@H](CCCNC(=N)N)NC(=O)[C@H]([C@@H](C)O)NC(=O)[C@@H]2CSSC[C@H](NC1=O)C(=O)N[C@@H](Cc1ccccc1)C(=O)N1CCC[C@H]1C(=O)N[C@@H](CC(=O)O)C(=O)NCC(=O)N[C@@H](CCCNC(=N)N)C(=O)N2";"Ki";"'='";"100.0";"nM";"7.00";"";"";"UO_0000065";"4.71";"None";"None";"None";"0";"CHEMBL4156165";"Inhibition of human cationic trypsin using Boc-VPR-MCA as substrate measured every 30 secs for 10 mins";"B";"BAO_0000357";"single protein format";"Homo sapiens";"None";"None";"None";"None";"";"";"";"CHEMBL209";"Serine protease 1";"Homo sapiens";"SINGLE PROTEIN";"CHEMBL4152317";"1";"Scientific Literature";"Eur J Med Chem";"2018";"None";"";"";"";"100.0"
"CHEMBL5870313";"";"None";"355.35";"0";"3.03";"BDBM113283";"COc1ccc(-c2nc3cc4c(cc3c(=O)o2)OCCCO4)c(OC)c1";"Ki";"'>'";"10000.0";"nM";"";"";"461945";"UO_0000065";"";"";"";"";"0";"CHEMBL5730557";"Trypsin Assay: Materials: Trypsin, 100 ug (Roche, sequence grade, Mw 23500), Substrate S-2288 (Chromogenics, cat. no. 820852). Trypsin activity was determined at 37° C. in 10 mM Na phosphate pH 7.2, 0.5 M NaCl, with final concentrations of 0.8 ug/ml (34 nM) of Trypsin, 1 mM substrate, 5% DMSO in the presence of 0 uM, 0.1 uM, 1.0 uM and 10 uM of inhibitor, in 96 well plates by measuring absorbance at 405 nm in a plate reader (Spectramax).";"B";"BAO_0000357";"single protein format";"Homo sapiens";"None";"None";"None";"None";"";"";"";"CHEMBL209";"Serine protease 1";"Homo sapiens";"SINGLE PROTEIN";"CHEMBL5725320";"37";"BindingDB Patent Bioactivity Data";"";"2017";"None";"";"";"";"10000.0"
"CHEMBL5826120";"";"None";"375.40";"0";"2.67";"BDBM113068";"CCOc1cc2c(=O)oc(-c3ccccc3S(C)(=O)=O)nc2cc1OC";"Ki";"'>'";"10000.0";"nM";"";"";"461917";"UO_0000065";"";"";"";"";"0";"CHEMBL5730557";"Trypsin Assay: Materials: Trypsin, 100 ug (Roche, sequence grade, Mw 23500), Substrate S-2288 (Chromogenics, cat. no. 820852). Trypsin activity was determined at 37° C. in 10 mM Na phosphate pH 7.2, 0.5 M NaCl, with final concentrations of 0.8 ug/ml (34 nM) of Trypsin, 1 mM substrate, 5% DMSO in the presence of 0 uM, 0.1 uM, 1.0 uM and 10 uM of inhibitor, in 96 well plates by measuring absorbance at 405 nm in a plate reader (Spectramax).";"B";"BAO_0000357";"single protein format";"Homo sapiens";"None";"None";"None";"None";"";"";"";"CHEMBL209";"Serine protease 1";"Homo sapiens";"SINGLE PROTEIN";"CHEMBL5725320";"37";"BindingDB Patent Bioactivity Data";"";"2017";"None";"";"";"";"10000.0"
"CHEMBL290376";"";"None";"460.34";"None";"None";"DuP-714";"CC(=O)N[C@H](Cc1ccccc1)C(=O)N1CCC[C@H]1C(=O)N[C@@H](CCCN=C(N)N)B(O)O";"Ki";"'='";"9.0";"nM";"8.05";"";"";"UO_0000065";"17.48";"None";"None";"None";"0";"CHEMBL812713";"Inhibitory activity against trypsin";"B";"BAO_0000357";"single protein format";"None";"None";"None";"None";"None";"";"";"";"CHEMBL209";"Serine protease 1";"Homo sapiens";"SINGLE PROTEIN";"CHEMBL1131664";"1";"Scientific Literature";"Bioorg Med Chem Lett";"1999";"None";"";"";"";"9.0"
"CHEMBL92893";"";"None";"438.51";"0";"1.18";"1j";"N=C(N)c1cccc(CN2CC[C@H](NS(=O)(=O)c3ccc4ccc(N)nc4c3)C2=O)c1";"Ki";"'>'";"2900.0";"nM";"";"";"";"UO_0000065";"";"";"";"";"0";"CHEMBL817137";"Binding affinity against trypsin";"B";"BAO_0000357";"single protein format";"None";"None";"None";"None";"None";"";"";"";"CHEMBL209";"Serine protease 1";"Homo sapiens";"SINGLE PROTEIN";"CHEMBL1131988";"1";"Scientific Literature";"Bioorg Med Chem Lett";"1999";"None";"";"";"";"2.9"
"CHEMBL425512";"";"None";"560.49";"1";"4.32";"39";"Nc1noc2ccc(-n3nc(C(F)(F)F)cc3C(=O)Nc3ccc(-c4ccccc4S(N)(=O)=O)cc3F)cc12";"Ki";"'>'";"1600.0";"nM";"";"";"";"UO_0000065";"";"";"";"";"0";"CHEMBL826336";"Binding affinity determined against human trypsin";"B";"BAO_0000357";"single protein format";"Homo sapiens";"None";"None";"None";"None";"";"";"";"CHEMBL209";"Serine protease 1";"Homo sapiens";"SINGLE PROTEIN";"CHEMBL1145195";"1";"Scientific Literature";"J Med Chem";"2005";"None";"";"";"";"1600.0"
"CHEMBL37637";"";"None";"457.53";"0";"1.14";"11";"Cc1cc(OCCCON=C(N)N)cc(OS(=O)(=O)c2ccccc2S(C)(=O)=O)c1";"Ki";"'>'";"22000.0";"nM";"";"";"";"UO_0000065";"";"";"";"";"0";"CHEMBL873991";"In vitro inhibitory activity against serine protease Trypsin";"B";"BAO_0000357";"single protein format";"None";"None";"None";"None";"None";"";"";"";"CHEMBL209";"Serine protease 1";"Homo sapiens";"SINGLE PROTEIN";"CHEMBL1136712";"1";"Scientific Literature";"Bioorg Med Chem Lett";"2003";"None";"";"";"";"22000.0"
"CHEMBL147170";"";"None";"275.74";"0";"3.16";"15 (table 3)";"NCc1ccc(C(=O)OCc2ccc(Cl)cc2)cc1";"Ki";"'='";"29991625.19";"nM";"";"Outside typical range";"";"UO_0000065";"";"";"";"";"0";"CHEMBL858270";"Inhibition of trypsin";"B";"BAO_0000357";"single protein format";"None";"None";"None";"None";"None";"";"";"";"CHEMBL209";"Serine protease 1";"Homo sapiens";"SINGLE PROTEIN";"CHEMBL1132536";"1";"Scientific Literature";"J Med Chem";"1999";"None";"";"";"";"1.523"
"CHEMBL45000";"";"None";"429.52";"0";"3.79";"9a";"COC(=O)[C@H](Cc1cccc(C(=N)N)c1)[C@@H](C)NC(=O)c1ccc(-c2ccccc2)cc1";"Ki";"'='";"69.0";"nM";"7.16";"";"";"UO_0000065";"16.67";"0.31";"3.37";"6.80";"0";"CHEMBL817805";"In vitro inhibitory activity against human trypsin";"B";"BAO_0000357";"single protein format";"None";"None";"None";"None";"None";"";"";"";"CHEMBL209";"Serine protease 1";"Homo sapiens";"SINGLE PROTEIN";"CHEMBL1135154";"1";"Scientific Literature";"Bioorg Med Chem Lett";"2002";"None";"";"";"";"69.0"
"CHEMBL76733";"";"None";"572.71";"2";"2.03";"8";"NCc1ccc(CNC(=O)CCC(=O)NCc2ccc(CNC(=O)CCC(=O)NCc3ccc(CN)cc3)cc2)cc1";"Ki";"'='";"237000.0";"nM";"";"Outside typical range";"";"UO_0000065";"";"";"";"";"0";"CHEMBL824722";"Inhibitory potency against trypsin";"B";"BAO_0000357";"single protein format";"None";"None";"None";"None";"None";"";"";"";"CHEMBL209";"Serine protease 1";"Homo sapiens";"SINGLE PROTEIN";"CHEMBL1132783";"1";"Scientific Literature";"Bioorg Med Chem Lett";"2000";"None";"";"";"";"237.0"
"CHEMBL149837";"";"None";"226.28";"0";"2.40";"19 (table 3)";"NCc1ccc(C(=O)Nc2ccccc2)cc1";"Ki";"'='";"199986186.96";"nM";"";"Outside typical range";"";"UO_0000065";"";"";"";"";"0";"CHEMBL858270";"Inhibition of trypsin";"B";"BAO_0000357";"single protein format";"None";"None";"None";"None";"None";"";"";"";"CHEMBL209";"Serine protease 1";"Homo sapiens";"SINGLE PROTEIN";"CHEMBL1132536";"1";"Scientific Literature";"J Med Chem";"1999";"None";"";"";"";"0.699"
"CHEMBL3084834";"";"None";"577.66";"1";"-1.04";"2i";"N[C@H]1CC[C@H](C(NC(=O)[C@@H]2CC[C@H]3CN(S(=O)(=O)Cc4ccccc4)CC(=O)N32)C(=O)C(=O)NCC(=O)O)CC1";"Ki";"'='";"29.0";"nM";"7.54";"";"";"UO_0000065";"13.05";"0.26";"8.58";"3.84";"0";"CHEMBL817804";"In vitro activity against human alpha trypsin was determined";"B";"BAO_0000357";"single protein format";"None";"None";"None";"None";"None";"";"";"";"CHEMBL209";"Serine protease 1";"Homo sapiens";"SINGLE PROTEIN";"CHEMBL1133798";"1";"Scientific Literature";"Bioorg Med Chem Lett";"2001";"None";"";"";"";"29.0"
"CHEMBL19359";"";"None";"418.50";"0";"1.81";"NC10";"Cc1cnc(NCCc2ccccc2)c(=O)n1CC(=O)NCc1ccc(C(=N)N)cc1";"Ki";"'='";"19.7";"nM";"7.71";"";"";"UO_0000065";"18.41";"0.34";"5.90";"6.12";"0";"CHEMBL817809";"In vitro inhibitory constant against trypsin";"B";"BAO_0000357";"single protein format";"Homo sapiens";"None";"None";"None";"None";"";"";"";"CHEMBL209";"Serine protease 1";"Homo sapiens";"SINGLE PROTEIN";"CHEMBL1136066";"1";"Scientific Literature";"Bioorg Med Chem Lett";"2002";"None";"";"";"";"19.7"
"CHEMBL2204325";"";"None";"490.99";"0";"1.52";"7";"O=C1COc2ccc(Cl)cc2CNC(=O)[C@@H]2CCCN2C(=O)[C@@H](C2CCCCC2)NC(=O)CN1";"Ki";"'='";"9300.0";"nM";"5.03";"";"";"UO_0000065";"10.25";"0.20";"3.51";"4.31";"0";"CHEMBL817817";"Inhibitory activity against human trypsin";"B";"BAO_0000357";"single protein format";"None";"None";"None";"None";"None";"";"";"";"CHEMBL209";"Serine protease 1";"Homo sapiens";"SINGLE PROTEIN";"CHEMBL1136169";"1";"Scientific Literature";"Bioorg Med Chem Lett";"2003";"None";"";"";"";"9.3"
"CHEMBL7651";"";"None";"546.57";"2";"0.87";"5 (+/-)";"N=C(N)c1cccc(C2=NOC(Cn3cnnn3)(C(=O)Nc3ccc(-c4ccccc4S(N)(=O)=O)cn3)C2)c1";"Ki";"'='";"31.0";"nM";"7.51";"";"";"UO_0000065";"13.74";"0.26";"6.64";"3.46";"0";"CHEMBL878974";"Inhibitory activity against trypsin using human purified enzyme";"B";"BAO_0000357";"single protein format";"None";"None";"None";"None";"None";"";"";"";"CHEMBL209";"Serine protease 1";"Homo sapiens";"SINGLE PROTEIN";"CHEMBL1145764";"1";"Scientific Literature";"Bioorg Med Chem Lett";"2003";"None";"";"";"";"31.0"
"CHEMBL77911";"";"None";"632.68";"2";"1.38";"20";"N=C(N)Nc1ccc(CNC(=O)CNC(=O)OCc2ccc(COC(=O)NCC(=O)NCc3ccc(NC(=N)N)cc3)cc2)cc1";"Ki";"'='";"56000.0";"nM";"4.25";"";"";"UO_0000065";"6.72";"0.13";"2.87";"1.64";"0";"CHEMBL824722";"Inhibitory potency against trypsin";"B";"BAO_0000357";"single protein format";"None";"None";"None";"None";"None";"";"";"";"CHEMBL209";"Serine protease 1";"Homo sapiens";"SINGLE PROTEIN";"CHEMBL1132783";"1";"Scientific Literature";"Bioorg Med Chem Lett";"2000";"None";"";"";"";"56.0"
"CHEMBL167755";"";"None";"417.47";"0";"1.75";"10b";"Cc1cnc(NCCc2ccccn2)c(=O)n1CC(=O)NCc1c[nH]c2nccc-2c1";"Ki";"'='";"140000.0";"nM";"";"Outside typical range";"";"UO_0000065";"";"";"";"";"0";"CHEMBL817814";"Inhibition of Trypsin";"B";"BAO_0000357";"single protein format";"Homo sapiens";"None";"None";"None";"None";"";"";"";"CHEMBL209";"Serine protease 1";"Homo sapiens";"SINGLE PROTEIN";"CHEMBL1136608";"1";"Scientific Literature";"Bioorg Med Chem Lett";"2003";"None";"";"";"";"140000.0"
"CHEMBL267438";"";"None";"543.99";"1";"1.80";"25 (+)";"NC(=O)NCC1(C(=O)Nc2ccc(-c3ccccc3S(N)(=O)=O)cn2)CC(c2ccc(Cl)c(N)c2)=NO1";"Ki";"'>'";"1600.0";"nM";"";"";"";"UO_0000065";"";"";"";"";"0";"CHEMBL878974";"Inhibitory activity against trypsin using human purified enzyme";"B";"BAO_0000357";"single protein format";"None";"None";"None";"None";"None";"";"";"";"CHEMBL209";"Serine protease 1";"Homo sapiens";"SINGLE PROTEIN";"CHEMBL1145764";"1";"Scientific Literature";"Bioorg Med Chem Lett";"2003";"None";"";"";"";"1600.0"
"CHEMBL162657";"";"None";"416.48";"0";"2.77";"21";"COc1ccc(CNC(=O)[C@H](NC(=O)c2cccc(C(=N)N)c2)c2ccccc2)cc1";"Ki";"'='";"5500.0";"nM";"5.26";"";"";"UO_0000065";"12.63";"0.23";"2.49";"4.48";"0";"CHEMBL818185";"Binding affinity against human trypsin";"B";"BAO_0000357";"single protein format";"None";"None";"None";"None";"None";"";"";"";"CHEMBL209";"Serine protease 1";"Homo sapiens";"SINGLE PROTEIN";"CHEMBL1134227";"1";"Scientific Literature";"Bioorg Med Chem Lett";"2001";"None";"";"";"";"5.5"
"CHEMBL164376";"";"None";"386.45";"0";"2.76";"17";"N=C(N)c1cccc(C(=O)N[C@@H](C(=O)NCc2ccccc2)c2ccccc2)c1";"Ki";"'='";"5400.0";"nM";"5.27";"";"";"UO_0000065";"13.63";"0.25";"2.51";"4.87";"0";"CHEMBL818185";"Binding affinity against human trypsin";"B";"BAO_0000357";"single protein format";"None";"None";"None";"None";"None";"";"";"";"CHEMBL209";"Serine protease 1";"Homo sapiens";"SINGLE PROTEIN";"CHEMBL1134227";"1";"Scientific Literature";"Bioorg Med Chem Lett";"2001";"None";"";"";"";"5.4"
"CHEMBL117387";"";"None";"468.58";"0";"1.92";"21";"Cc1ccc(NS(=O)(=O)Cc2ccccc2)c(=O)n1CC(=O)NCc1ccccc1CCN";"Ki";"'='";"437000.0";"nM";"";"Outside typical range";"";"UO_0000065";"";"";"";"";"0";"CHEMBL818017";"Inhibitory constant evaluated against trypsin";"B";"BAO_0000357";"single protein format";"None";"None";"None";"None";"None";"";"";"";"CHEMBL209";"Serine protease 1";"Homo sapiens";"SINGLE PROTEIN";"CHEMBL1136286";"1";"Scientific Literature";"Bioorg Med Chem Lett";"2003";"None";"";"";"";"437000.0"
"CHEMBL168176";"";"None";"416.49";"0";"2.35";"10a";"Cc1cnc(NCCc2ccccc2)c(=O)n1CC(=O)NCc1c[nH]c2nccc-2c1";"Ki";"'>'";"100000.0";"nM";"";"";"";"UO_0000065";"";"";"";"";"0";"CHEMBL817814";"Inhibition of Trypsin";"B";"BAO_0000357";"single protein format";"Homo sapiens";"None";"None";"None";"None";"";"";"";"CHEMBL209";"Serine protease 1";"Homo sapiens";"SINGLE PROTEIN";"CHEMBL1136608";"1";"Scientific Literature";"Bioorg Med Chem Lett";"2003";"None";"";"";"";"100000.0"
"CHEMBL368131";"";"None";"375.48";"0";"2.80";"26";"N=C(N)c1ccc2c(c1)ncn2CC(=O)N1CCC(Cc2ccccc2)CC1";"Ki";"";"";"nM";"";"";"Not Determined";"UO_0000065";"";"";"";"";"0";"CHEMBL812714";"Inhibitory activity against trypsin; not determined";"B";"BAO_0000357";"single protein format";"None";"None";"None";"None";"None";"";"";"";"CHEMBL209";"Serine protease 1";"Homo sapiens";"SINGLE PROTEIN";"CHEMBL1131664";"1";"Scientific Literature";"Bioorg Med Chem Lett";"1999";"None";"";"";"";""
"CHEMBL45307";"";"None";"419.49";"0";"2.31";"10a";"COC(=O)[C@H](Cc1cccc(C(=N)N)c1)[C@@H](C)NC(=O)c1ccc(-n2ccnc2)cc1";"Ki";"'>'";"2900.0";"nM";"";"";"";"UO_0000065";"";"";"";"";"0";"CHEMBL817811";"In vitro inhibitory potency against Trypsin";"B";"BAO_0000357";"single protein format";"Homo sapiens";"None";"None";"None";"None";"";"";"";"CHEMBL209";"Serine protease 1";"Homo sapiens";"SINGLE PROTEIN";"CHEMBL1135155";"1";"Scientific Literature";"Bioorg Med Chem Lett";"2002";"None";"";"";"";"2900.0"
"CHEMBL43264";"";"None";"505.62";"2";"5.01";"8";"COC(=O)[C@H](Cc1cccc(C(=N)N)c1)[C@@H](Cc1ccccc1)NC(=O)c1ccc(-c2ccccc2)cc1";"Ki";"'='";"75.0";"nM";"7.12";"";"";"UO_0000065";"14.09";"0.26";"2.11";"6.77";"0";"CHEMBL817805";"In vitro inhibitory activity against human trypsin";"B";"BAO_0000357";"single protein format";"None";"None";"None";"None";"None";"";"";"";"CHEMBL209";"Serine protease 1";"Homo sapiens";"SINGLE PROTEIN";"CHEMBL1135154";"1";"Scientific Literature";"Bioorg Med Chem Lett";"2002";"None";"";"";"";"75.0"
"CHEMBL45106";"";"None";"540.71";"2";"5.20";"13";"COC(=O)[C@H](Cc1cccc(C(=N)N)c1)[C@@H](CC1CCCCC1)NC(=O)c1ccc(-c2cccc(CN)c2)cc1";"Ki";"'='";"36.0";"nM";"7.44";"";"";"UO_0000065";"13.77";"0.25";"2.24";"5.67";"0";"CHEMBL817805";"In vitro inhibitory activity against human trypsin";"B";"BAO_0000357";"single protein format";"None";"None";"None";"None";"None";"";"";"";"CHEMBL209";"Serine protease 1";"Homo sapiens";"SINGLE PROTEIN";"CHEMBL1135154";"1";"Scientific Literature";"Bioorg Med Chem Lett";"2002";"None";"";"";"";"36.0"
"CHEMBL2047999";"";"None";"293.35";"0";"0.34";"3";"CCNC(=O)Cn1/c(=N\C(=N)N)sc2cc(O)ccc21";"Ki";"";"";"";"";"";"Not Active";"";"";"";"";"";"0";"CHEMBL2051531";"Inhibition of human recombinant trypsin 1 using tosyl-GPR-pNA substrate by spectrophotometry";"B";"BAO_0000357";"single protein format";"Homo sapiens";"None";"None";"None";"None";"";"";"";"CHEMBL209";"Serine protease 1";"Homo sapiens";"SINGLE PROTEIN";"CHEMBL2046377";"1";"Scientific Literature";"Bioorg Med Chem Lett";"2012";"None";"";"";"";""
"CHEMBL2048002";"";"None";"226.69";"0";"2.26";"6";"N=C(N)Nc1nc2cccc(Cl)c2s1";"Ki";"";"";"";"";"";"Not Active";"";"";"";"";"";"0";"CHEMBL2051531";"Inhibition of human recombinant trypsin 1 using tosyl-GPR-pNA substrate by spectrophotometry";"B";"BAO_0000357";"single protein format";"Homo sapiens";"None";"None";"None";"None";"";"";"";"CHEMBL209";"Serine protease 1";"Homo sapiens";"SINGLE PROTEIN";"CHEMBL2046377";"1";"Scientific Literature";"Bioorg Med Chem Lett";"2012";"None";"";"";"";""
"CHEMBL1562872";"";"None";"208.09";"0";"0.55";"4-Aminobenzamidine dihydrochloride";"Cl.Cl.N=C(N)c1ccc(N)cc1";"Ki";"'='";"8900.0";"nM";"5.05";"";"";"UO_0000065";"37.36";"0.69";"4.50";"6.66";"0";"CHEMBL2051531";"Inhibition of human recombinant trypsin 1 using tosyl-GPR-pNA substrate by spectrophotometry";"B";"BAO_0000357";"single protein format";"Homo sapiens";"None";"None";"None";"None";"";"";"";"CHEMBL209";"Serine protease 1";"Homo sapiens";"SINGLE PROTEIN";"CHEMBL2046377";"1";"Scientific Literature";"Bioorg Med Chem Lett";"2012";"None";"";"";"";"8.9"
"CHEMBL295010";"";"None";"430.51";"0";"3.18";"5a";"COC(=O)[C@H](Cc1cccc(C(=N)N)c1)[C@@H](C)NC(=O)c1ccc(-c2ccccn2)cc1";"Ki";"'='";"51.0";"nM";"7.29";"";"";"UO_0000065";"16.94";"0.31";"4.11";"6.17";"0";"CHEMBL817811";"In vitro inhibitory potency against Trypsin";"B";"BAO_0000357";"single protein format";"Homo sapiens";"None";"None";"None";"None";"";"";"";"CHEMBL209";"Serine protease 1";"Homo sapiens";"SINGLE PROTEIN";"CHEMBL1135155";"1";"Scientific Literature";"Bioorg Med Chem Lett";"2002";"None";"";"";"";"51.0"
"CHEMBL75679";"";"None";"690.89";"1";"3.13";"51";"NCCc1ccc(CC(=O)N2CCN(C(=O)O[C@H]3CCC[C@@H](OC(=O)N4CCN(C(=O)Cc5ccc(CCN)cc5)CC4)CCC3)CC2)cc1";"Ki";"'>'";"1000000.0";"nM";"";"Outside typical range";"";"UO_0000065";"";"";"";"";"0";"CHEMBL824723";"Compound was evaluated for its inhibitory potency against trypsin";"B";"BAO_0000357";"single protein format";"None";"None";"None";"None";"None";"";"";"";"CHEMBL209";"Serine protease 1";"Homo sapiens";"SINGLE PROTEIN";"CHEMBL1132784";"1";"Scientific Literature";"Bioorg Med Chem Lett";"2000";"None";"";"";"";"1000.0"
"CHEMBL216418";"";"None";"1151.46";"None";"None";"2";"CC[C@@H](C)[C@H](NC(=O)[C@H](CO)NC(=O)[C@H](CCSC)NC(=O)[C@@H]1CCCN1C(=O)[C@H](NC(=O)[C@@H](C)NC(=O)[C@@H](CCC(=O)O)NC(=O)[C@@H](CC(C)C)NC(=O)[C@@H](Cc1ccccc1)NC(=O)[C@H](N)CCSC)[C@H](C)CC)C(=O)O";"Ki";"";"";"nM";"";"";"Not Active";"UO_0000065";"";"";"";"";"0";"CHEMBL821462";"Competitive inhibition constant against trypsin using the reporter substrate Ac-R-pNa; No inhibition";"B";"BAO_0000357";"single protein format";"None";"None";"None";"None";"None";"";"";"";"CHEMBL209";"Serine protease 1";"Homo sapiens";"SINGLE PROTEIN";"CHEMBL1132903";"1";"Scientific Literature";"Bioorg Med Chem Lett";"2000";"None";"";"";"";""
"CHEMBL291101";"";"None";"509.63";"1";"3.68";"7d";"COc1ccc2cc(S(=O)(=O)NN(Cc3ccc(C(=N)N)cc3)C(=O)N3CCC(C)CC3)ccc2c1";"Ki";"'='";"18000.0";"nM";"4.75";"";"";"UO_0000065";"9.31";"0.18";"1.06";"3.68";"0";"CHEMBL815009";"In vitro inhibition of trypsin";"B";"BAO_0000357";"single protein format";"None";"None";"None";"None";"None";"";"";"";"CHEMBL209";"Serine protease 1";"Homo sapiens";"SINGLE PROTEIN";"CHEMBL1137966";"1";"Scientific Literature";"Bioorg Med Chem Lett";"2004";"None";"";"";"";"18.0"
"CHEMBL321314";"";"None";"650.59";"1";"1.75";"29";"COC(=O)CC1(C(=O)Nc2ccc(-c3ccccc3S(N)(=O)=O)nc2)CC(c2cccc(C(=N)N)c2)=NO1.O=C(O)C(F)(F)F";"Ki";"'='";"180.0";"nM";"6.75";"";"";"UO_0000065";"12.57";"0.24";"4.99";"3.37";"0";"CHEMBL824708";"The binding affinity was measured towards human purified trypsin";"B";"BAO_0000357";"single protein format";"None";"None";"None";"None";"None";"";"";"";"CHEMBL209";"Serine protease 1";"Homo sapiens";"SINGLE PROTEIN";"CHEMBL1132311";"1";"Scientific Literature";"J Med Chem";"1999";"None";"";"";"";"180.0"
"CHEMBL139788";"";"None";"462.53";"0";"3.76";"6d";"COc1ccc(-n2nc(C)cc2C(=O)Nc2ccc(-c3ccccc3S(N)(=O)=O)cc2)cc1";"Ki";"'>'";"1500.0";"nM";"";"";"";"UO_0000065";"";"";"";"";"0";"CHEMBL817826";"Tested in vitro for inhibition of human trypsin";"B";"BAO_0000357";"single protein format";"None";"None";"None";"None";"None";"";"";"";"CHEMBL209";"Serine protease 1";"Homo sapiens";"SINGLE PROTEIN";"CHEMBL1145914";"1";"Scientific Literature";"J Med Chem";"2003";"None";"";"";"";"1500.0"
"CHEMBL332716";"";"None";"579.73";"1";"1.64";"2";"N=C(N)N1CCCC(C[C@H](NC(=O)[C@@H]2CC[C@H]3CN(C(=O)CCc4ccccc4)CC(=O)N32)C(=O)c2nccs2)C1";"Ki";"'='";"4000.0";"nM";"5.40";"";"";"UO_0000065";"9.31";"0.18";"3.76";"3.53";"0";"CHEMBL818016";"Inhibitory activity towards Trypsin";"B";"BAO_0000357";"single protein format";"None";"None";"None";"None";"None";"";"";"";"CHEMBL209";"Serine protease 1";"Homo sapiens";"SINGLE PROTEIN";"CHEMBL1133576";"1";"Scientific Literature";"J Med Chem";"2000";"None";"";"";"";"4000.0"
"CHEMBL358604";"";"None";"491.57";"0";"3.21";"18";"COc1ccc(-n2nc(C)cc2C(=O)Nc2ccc(-c3ccccc3S(N)(=O)=O)cc2)cc1CN";"Ki";"";"";"";"";"";"Not Determined";"";"";"";"";"";"0";"CHEMBL817827";"Tested in vitro for inhibition of human trypsin; Not tested";"B";"BAO_0000357";"single protein format";"None";"None";"None";"None";"None";"";"";"";"CHEMBL209";"Serine protease 1";"Homo sapiens";"SINGLE PROTEIN";"CHEMBL1145914";"1";"Scientific Literature";"J Med Chem";"2003";"None";"";"";"";""
"CHEMBL327213";"";"None";"651.58";"1";"1.14";"31";"COC(=O)CC1(C(=O)Nc2ncc(-c3ccccc3S(N)(=O)=O)cn2)CC(c2cccc(C(=N)N)c2)=NO1.O=C(O)C(F)(F)F";"Ki";"'='";"336.0";"nM";"6.47";"";"";"UO_0000065";"12.04";"0.23";"5.33";"3.04";"1";"CHEMBL824708";"The binding affinity was measured towards human purified trypsin";"B";"BAO_0000357";"single protein format";"None";"None";"None";"None";"None";"";"";"";"CHEMBL209";"Serine protease 1";"Homo sapiens";"SINGLE PROTEIN";"CHEMBL1132311";"1";"Scientific Literature";"J Med Chem";"1999";"None";"";"";"";"336.0"
"CHEMBL160076";"";"None";"387.53";"0";"1.61";"2";"CC(C)[C@H](NC(=O)c1cccc(C(=N)N)c1)C(=O)NCC1CCC(CN)CC1";"Ki";"'='";"12600.0";"nM";"4.90";"";"";"UO_0000065";"12.64";"0.24";"3.29";"3.65";"0";"CHEMBL818185";"Binding affinity against human trypsin";"B";"BAO_0000357";"single protein format";"None";"None";"None";"None";"None";"";"";"";"CHEMBL209";"Serine protease 1";"Homo sapiens";"SINGLE PROTEIN";"CHEMBL1134227";"1";"Scientific Literature";"Bioorg Med Chem Lett";"2001";"None";"";"";"";"12.6"
"CHEMBL429068";"";"None";"762.73";"1";"3.84";"27";"CCCCOC(=O)[C@@H]1CN(Cc2ccc(-c3ccccc3S(N)(=O)=O)cc2)C[C@H]1c1cccc(C(=N)N)c1.O=C(O)C(F)(F)F.O=C(O)C(F)(F)F";"Ki";"'='";"110.0";"nM";"6.96";"";"";"UO_0000065";"13.01";"0.25";"3.12";"4.99";"0";"CHEMBL818183";"Binding affinity against trypsin in an enzyme inhibition assay.";"B";"BAO_0000357";"single protein format";"None";"None";"None";"None";"None";"";"";"";"CHEMBL209";"Serine protease 1";"Homo sapiens";"SINGLE PROTEIN";"CHEMBL1131683";"1";"Scientific Literature";"Bioorg Med Chem Lett";"1999";"None";"";"";"";"110.0"
"CHEMBL420682";"";"None";"489.00";"0";"2.53";"24";"Cc1ccc(NS(=O)(=O)Cc2ccccc2)c(=O)n1CC(=O)NCc1cc(Cl)ccc1CN";"Ki";"'='";"1850.0";"nM";"5.73";"";"";"UO_0000065";"11.72";"0.24";"3.20";"4.65";"0";"CHEMBL818017";"Inhibitory constant evaluated against trypsin";"B";"BAO_0000357";"single protein format";"None";"None";"None";"None";"None";"";"";"";"CHEMBL209";"Serine protease 1";"Homo sapiens";"SINGLE PROTEIN";"CHEMBL1136286";"1";"Scientific Literature";"Bioorg Med Chem Lett";"2003";"None";"";"";"";"1850.0"
"CHEMBL117098";"";"None";"414.94";"0";"1.98";"29";"NCc1ccc(Cl)cc1CNC(=O)[C@@H]1CCCN1C(=O)[C@H](N)Cc1ccccc1";"Ki";"'='";"6200.0";"nM";"5.21";"";"";"UO_0000065";"12.55";"0.25";"3.23";"5.13";"0";"CHEMBL818017";"Inhibitory constant evaluated against trypsin";"B";"BAO_0000357";"single protein format";"None";"None";"None";"None";"None";"";"";"";"CHEMBL209";"Serine protease 1";"Homo sapiens";"SINGLE PROTEIN";"CHEMBL1136286";"1";"Scientific Literature";"Bioorg Med Chem Lett";"2003";"None";"";"";"";"6200.0"
"CHEMBL77361";"";"None";"726.92";"1";"3.24";"19";"CN1CCC(CCNC(=O)N2CCN(C(=O)O[C@H]3CCC[C@@H](OC(=O)N4CCN(C(=O)NCc5ccc(NC(=N)N)cc5)CC4)CCC3)CC2)CC1";"Ki";"'='";"110000.0";"nM";"";"Outside typical range";"";"UO_0000065";"";"";"";"";"0";"CHEMBL824723";"Compound was evaluated for its inhibitory potency against trypsin";"B";"BAO_0000357";"single protein format";"None";"None";"None";"None";"None";"";"";"";"CHEMBL209";"Serine protease 1";"Homo sapiens";"SINGLE PROTEIN";"CHEMBL1132784";"1";"Scientific Literature";"Bioorg Med Chem Lett";"2000";"None";"";"";"";"110.0"
"CHEMBL191441";"";"None";"511.41";"1";"3.37";"25b (Diastereomer)";"NCc1ccc(Cl)cc1CNC(=O)[C@@H]1CCCN1C(=O)C1(O)c2cc(Cl)ccc2-c2ncccc21";"Ki";"'='";"300.0";"nM";"6.52";"";"";"UO_0000065";"12.75";"0.25";"3.15";"6.01";"0";"CHEMBL827150";"Inhibitory activity against serine protease trypsin";"B";"BAO_0000357";"single protein format";"None";"None";"None";"None";"None";"";"";"";"CHEMBL209";"Serine protease 1";"Homo sapiens";"SINGLE PROTEIN";"CHEMBL1145209";"1";"Scientific Literature";"J Med Chem";"2005";"None";"";"";"";"300.0"
"CHEMBL555753";"";"None";"494.08";"0";"4.32";"11";"Cl.NC1CCC(CNC(=O)[C@@H]2CCCN2C(=O)CC2c3ccccc3C=Cc3ccccc32)CC1";"Ki";"'='";"1600.0";"nM";"5.80";"";"";"UO_0000065";"12.67";"0.23";"1.48";"7.68";"0";"CHEMBL817812";"In vitro inhibition of human trypsin.";"B";"BAO_0000357";"single protein format";"None";"None";"None";"None";"None";"";"";"";"CHEMBL209";"Serine protease 1";"Homo sapiens";"SINGLE PROTEIN";"CHEMBL1130225";"1";"Scientific Literature";"J Med Chem";"1997";"None";"";"";"";"1600.0"
"CHEMBL75750";"";"None";"742.84";"2";"2.63";"56";"N=C(N)Nc1ccc(CNC(=O)N2CCN(C(=O)OCc3ccc(COC(=O)N4CCN(C(=O)NCc5ccc(NC(=N)N)cc5)CC4)cc3)CC2)cc1";"Ki";"'='";"17000.0";"nM";"4.77";"";"";"UO_0000065";"6.42";"0.12";"2.14";"1.93";"0";"CHEMBL824723";"Compound was evaluated for its inhibitory potency against trypsin";"B";"BAO_0000357";"single protein format";"None";"None";"None";"None";"None";"";"";"";"CHEMBL209";"Serine protease 1";"Homo sapiens";"SINGLE PROTEIN";"CHEMBL1132784";"1";"Scientific Literature";"Bioorg Med Chem Lett";"2000";"None";"";"";"";"17.0"
"CHEMBL76883";"";"None";"718.91";"2";"2.83";"65";"N=C(N)Nc1ccc(CNC(=O)N2CCN(C(=O)CCCCCCCCC(=O)N3CCN(C(=O)NCc4ccc(NC(=N)N)cc4)CC3)CC2)cc1";"Ki";"'='";"20000.0";"nM";"4.70";"";"";"UO_0000065";"6.54";"0.12";"1.87";"2.05";"0";"CHEMBL824723";"Compound was evaluated for its inhibitory potency against trypsin";"B";"BAO_0000357";"single protein format";"None";"None";"None";"None";"None";"";"";"";"CHEMBL209";"Serine protease 1";"Homo sapiens";"SINGLE PROTEIN";"CHEMBL1132784";"1";"Scientific Literature";"Bioorg Med Chem Lett";"2000";"None";"";"";"";"20.0"
"CHEMBL263244";"";"None";"706.85";"1";"3.15";"20";"N=C(N)Nc1ccc(CNC(=O)N2CCN(C(=O)O[C@H]3CCC[C@@H](OC(=O)N4CCN(C(=O)NCCc5ccncc5)CC4)CCC3)CC2)cc1";"Ki";"'='";"131000.0";"nM";"";"Outside typical range";"";"UO_0000065";"";"";"";"";"0";"CHEMBL824723";"Compound was evaluated for its inhibitory potency against trypsin";"B";"BAO_0000357";"single protein format";"None";"None";"None";"None";"None";"";"";"";"CHEMBL209";"Serine protease 1";"Homo sapiens";"SINGLE PROTEIN";"CHEMBL1132784";"1";"Scientific Literature";"Bioorg Med Chem Lett";"2000";"None";"";"";"";"131.0"
"CHEMBL104211";"";"None";"415.52";"1";"5.75";"18b";"CCSc1cc(-c2cc(C(=O)Nc3ccccc3)cc3ccc(C(=N)N)cc23)co1";"Ki";"'='";"11.0";"nM";"7.96";"";"";"UO_0000065";"19.15";"0.36";"2.21";"8.64";"0";"CHEMBL817133";"Binding affinity against trypsin";"B";"BAO_0000357";"single protein format";"None";"None";"None";"None";"None";"";"";"";"CHEMBL209";"Serine protease 1";"Homo sapiens";"SINGLE PROTEIN";"CHEMBL1146777";"1";"Scientific Literature";"Bioorg Med Chem Lett";"2004";"None";"";"";"";"0.011"
"CHEMBL311482";"";"None";"688.83";"1";"2.69";"47";"N=C(N)c1ccc(CC(=O)N2CCN(C(=O)O[C@H]3CCC[C@@H](OC(=O)N4CCN(C(=O)Cc5ccc(C(=N)N)cc5)CC4)CCC3)CC2)cc1";"Ki";"'='";"11000.0";"nM";"4.96";"";"";"UO_0000065";"7.20";"0.14";"2.27";"2.49";"0";"CHEMBL824723";"Compound was evaluated for its inhibitory potency against trypsin";"B";"BAO_0000357";"single protein format";"None";"None";"None";"None";"None";"";"";"";"CHEMBL209";"Serine protease 1";"Homo sapiens";"SINGLE PROTEIN";"CHEMBL1132784";"1";"Scientific Literature";"Bioorg Med Chem Lett";"2000";"None";"";"";"";"11.0"
"CHEMBL310412";"";"None";"706.85";"1";"2.94";"24";"N=C(N)Nc1ccc(CNC(=O)N2CCN(C(=O)O[C@H]3CCC[C@@H](OC(=O)N4CCN(C(=O)CCc5ccc(N)nc5)CC4)CCC3)CC2)cc1";"Ki";"'='";"156000.0";"nM";"";"Outside typical range";"";"UO_0000065";"";"";"";"";"0";"CHEMBL824723";"Compound was evaluated for its inhibitory potency against trypsin";"B";"BAO_0000357";"single protein format";"None";"None";"None";"None";"None";"";"";"";"CHEMBL209";"Serine protease 1";"Homo sapiens";"SINGLE PROTEIN";"CHEMBL1132784";"1";"Scientific Literature";"Bioorg Med Chem Lett";"2000";"None";"";"";"";"156.0"
"CHEMBL3642877";"";"None";"444.44";"0";"0.80";"BDBM109603";"C[C@@H](Cc1ccc(C(=O)Oc2ccc(C(=N)N)cc2)o1)C(=O)N[C@@H](CCC(N)=O)C(=O)O";"Ki";"'='";"2.0";"nM";"8.70";"";"230098";"UO_0000065";"19.57";"0.37";"7.90";"4.38";"0";"CHEMBL3705715";"Inhibition Assay: Inhibition assay using human trysin.";"B";"BAO_0000357";"single protein format";"Homo sapiens";"None";"None";"None";"None";"";"";"";"CHEMBL209";"Serine protease 1";"Homo sapiens";"SINGLE PROTEIN";"CHEMBL3638962";"37";"BindingDB Patent Bioactivity Data";"";"2013";"None";"";"";"";"2.0"
"CHEMBL3642882";"";"None";"445.43";"0";"1.40";"BDBM109609";"CCC(Cc1ccc(C(=O)Oc2ccc(C(=N)N)cc2)o1)C(=O)N[C@H](CC(=O)O)C(=O)O";"Ki";"'='";"0.62";"nM";"9.21";"";"230104";"UO_0000065";"20.67";"0.39";"7.81";"4.77";"0";"CHEMBL3705715";"Inhibition Assay: Inhibition assay using human trysin.";"B";"BAO_0000357";"single protein format";"Homo sapiens";"None";"None";"None";"None";"";"";"";"CHEMBL209";"Serine protease 1";"Homo sapiens";"SINGLE PROTEIN";"CHEMBL3638962";"37";"BindingDB Patent Bioactivity Data";"";"2013";"None";"";"";"";"0.62"
"CHEMBL3642917";"";"None";"369.42";"0";"2.58";"BDBM109644";"CC(Cc1ccc(C(=O)Oc2ccc(C(=N)N)cc2)o1)C(=O)N1CCCC1";"Ki";"'='";"3.6";"nM";"8.44";"";"230123";"UO_0000065";"22.86";"0.43";"5.86";"7.70";"0";"CHEMBL3705715";"Inhibition Assay: Inhibition assay using human trysin.";"B";"BAO_0000357";"single protein format";"Homo sapiens";"None";"None";"None";"None";"";"";"";"CHEMBL209";"Serine protease 1";"Homo sapiens";"SINGLE PROTEIN";"CHEMBL3638962";"37";"BindingDB Patent Bioactivity Data";"";"2013";"None";"";"";"";"3.6"
"CHEMBL3642919";"";"None";"431.40";"0";"1.10";"BDBM109646";"N=C(N)c1ccc(OC(=O)c2ccc(CCC(=O)N(CCC(=O)O)CC(=O)O)o2)cc1";"Ki";"'='";"1.3";"nM";"8.89";"";"230125";"UO_0000065";"20.60";"0.39";"7.79";"4.82";"0";"CHEMBL3705715";"Inhibition Assay: Inhibition assay using human trysin.";"B";"BAO_0000357";"single protein format";"Homo sapiens";"None";"None";"None";"None";"";"";"";"CHEMBL209";"Serine protease 1";"Homo sapiens";"SINGLE PROTEIN";"CHEMBL3638962";"37";"BindingDB Patent Bioactivity Data";"";"2013";"None";"";"";"";"1.3"
"CHEMBL3642961";"";"None";"487.49";"0";"0.78";"BDBM109688";"N=C(N)c1ccc(OC(=O)c2ccc(CCC(=O)N[C@@H](CS(=O)(=O)O)C(=O)O)s2)c(F)c1";"Ki";"'='";"1.1";"nM";"8.96";"";"230182";"UO_0000065";"18.38";"0.38";"8.18";"4.55";"0";"CHEMBL3705715";"Inhibition Assay: Inhibition assay using human trysin.";"B";"BAO_0000357";"single protein format";"Homo sapiens";"None";"None";"None";"None";"";"";"";"CHEMBL209";"Serine protease 1";"Homo sapiens";"SINGLE PROTEIN";"CHEMBL3638962";"37";"BindingDB Patent Bioactivity Data";"";"2013";"None";"";"";"";"1.1"
"CHEMBL3667880";"";"None";"505.52";"1";"2.54";"BDBM158074";"N=C(N)c1ccc(OC(=O)c2ccc(CC3(C(=O)N[C@@H](CC(=O)O)C(=O)O)CCCC3)s2)c(F)c1";"Ki";"'='";"4.1";"nM";"8.39";"";"355620";"UO_0000065";"16.59";"0.33";"5.85";"4.66";"1";"CHEMBL3887805";"Trypsin Inhibition Assay: Using a 96 well plate (#3915, Costar), a test compound (25 uL) was mixed with 20 uM fluorescence enzyme substrate (Boc-Phe-Ser-Arg-AMC, 50 uL) mixed with 200 mM Tris-HCl buffer (pH 8.0), and human trypsin (Sigma, 25 uL) was added. Using a fluorescence plate reader fmax (Molecular Devices, Inc.), the reaction rate was measured from the time-course changes at excitation wavelength 355 nm and fluorescence wavelength 460 nm.";"B";"BAO_0000357";"single protein format";"Homo sapiens";"None";"None";"None";"None";"";"";"";"CHEMBL209";"Serine protease 1";"Homo sapiens";"SINGLE PROTEIN";"CHEMBL3886456";"37";"BindingDB Patent Bioactivity Data";"";"2016";"None";"";"";"";"4.1"
"CHEMBL3667884";"";"None";"449.50";"0";"2.94";"BDBM158078";"CC(C)(Cc1ccc(C(=O)Oc2ccc(C(=N)N)cc2F)s1)C(=O)NC(C)(C)C(=O)O";"Ki";"'='";"0.95";"nM";"9.02";"";"355624";"UO_0000065";"20.07";"0.40";"6.08";"6.33";"1";"CHEMBL3887805";"Trypsin Inhibition Assay: Using a 96 well plate (#3915, Costar), a test compound (25 uL) was mixed with 20 uM fluorescence enzyme substrate (Boc-Phe-Ser-Arg-AMC, 50 uL) mixed with 200 mM Tris-HCl buffer (pH 8.0), and human trypsin (Sigma, 25 uL) was added. Using a fluorescence plate reader fmax (Molecular Devices, Inc.), the reaction rate was measured from the time-course changes at excitation wavelength 355 nm and fluorescence wavelength 460 nm.";"B";"BAO_0000357";"single protein format";"Homo sapiens";"None";"None";"None";"None";"";"";"";"CHEMBL209";"Serine protease 1";"Homo sapiens";"SINGLE PROTEIN";"CHEMBL3886456";"37";"BindingDB Patent Bioactivity Data";"";"2016";"None";"";"";"";"0.95"
"CHEMBL3667886";"";"None";"461.52";"0";"3.03";"BDBM158080";"CC(C)(Cc1ccc(C(=O)Oc2ccc(C(=N)N)cc2F)s1)C(=O)N1CCC[C@H]1C(=O)O";"Ki";"'='";"1.69";"nM";"8.77";"";"355626";"UO_0000065";"19.01";"0.37";"5.74";"6.56";"1";"CHEMBL3887805";"Trypsin Inhibition Assay: Using a 96 well plate (#3915, Costar), a test compound (25 uL) was mixed with 20 uM fluorescence enzyme substrate (Boc-Phe-Ser-Arg-AMC, 50 uL) mixed with 200 mM Tris-HCl buffer (pH 8.0), and human trypsin (Sigma, 25 uL) was added. Using a fluorescence plate reader fmax (Molecular Devices, Inc.), the reaction rate was measured from the time-course changes at excitation wavelength 355 nm and fluorescence wavelength 460 nm.";"B";"BAO_0000357";"single protein format";"Homo sapiens";"None";"None";"None";"None";"";"";"";"CHEMBL209";"Serine protease 1";"Homo sapiens";"SINGLE PROTEIN";"CHEMBL3886456";"37";"BindingDB Patent Bioactivity Data";"";"2016";"None";"";"";"";"1.69"
"CHEMBL117147";"";"None";"454.55";"0";"1.87";"18";"Cc1ccc(NS(=O)(=O)Cc2ccccc2)c(=O)n1CC(=O)NCc1cccc(CN)c1";"Ki";"'='";"23000.0";"nM";"4.64";"";"";"UO_0000065";"10.20";"0.20";"2.77";"3.76";"0";"CHEMBL818017";"Inhibitory constant evaluated against trypsin";"B";"BAO_0000357";"single protein format";"None";"None";"None";"None";"None";"";"";"";"CHEMBL209";"Serine protease 1";"Homo sapiens";"SINGLE PROTEIN";"CHEMBL1136286";"1";"Scientific Literature";"Bioorg Med Chem Lett";"2003";"None";"";"";"";"23000.0"
"CHEMBL415907";"";"None";"430.51";"0";"3.18";"5b";"COC(=O)[C@H](Cc1cccc(C(=N)N)c1)[C@@H](C)NC(=O)c1ccc(-c2cccnc2)cc1";"Ki";"'='";"368.0";"nM";"6.43";"";"";"UO_0000065";"14.95";"0.27";"3.25";"5.45";"0";"CHEMBL817811";"In vitro inhibitory potency against Trypsin";"B";"BAO_0000357";"single protein format";"Homo sapiens";"None";"None";"None";"None";"";"";"";"CHEMBL209";"Serine protease 1";"Homo sapiens";"SINGLE PROTEIN";"CHEMBL1135155";"1";"Scientific Literature";"Bioorg Med Chem Lett";"2002";"None";"";"";"";"368.0"
"CHEMBL2048001";"";"None";"226.69";"0";"2.26";"5";"N=C(N)Nc1nc2cc(Cl)ccc2s1";"Ki";"";"";"";"";"";"Not Active";"";"";"";"";"";"0";"CHEMBL2051531";"Inhibition of human recombinant trypsin 1 using tosyl-GPR-pNA substrate by spectrophotometry";"B";"BAO_0000357";"single protein format";"Homo sapiens";"None";"None";"None";"None";"";"";"";"CHEMBL209";"Serine protease 1";"Homo sapiens";"SINGLE PROTEIN";"CHEMBL2046377";"1";"Scientific Literature";"Bioorg Med Chem Lett";"2012";"None";"";"";"";""
"CHEMBL2373346";"";"None";"578.57";"None";"None";"22";"CC(C)C(=O)NCc1nc(Cc2ccccc2)n(CC(=O)N[C@@H](CCCCN)B2O[C@@H]3C[C@@H]4C[C@@H](C4(C)C)[C@]3(C)O2)n1";"Ki";"'='";"9.6";"nM";"8.02";"";"";"UO_0000065";"13.86";"None";"None";"None";"0";"CHEMBL811614";"Inhibition of trypsin";"B";"BAO_0000357";"single protein format";"None";"None";"None";"None";"None";"";"";"";"CHEMBL209";"Serine protease 1";"Homo sapiens";"SINGLE PROTEIN";"CHEMBL1130774";"1";"Scientific Literature";"Bioorg Med Chem Lett";"1998";"None";"";"";"";"9.6"
"CHEMBL327404";"";"None";"650.59";"1";"1.75";"30";"COC(=O)CC1(C(=O)Nc2ccc(-c3ccccc3S(N)(=O)=O)cn2)CC(c2cccc(C(=N)N)c2)=NO1.O=C(O)C(F)(F)F";"Ki";"'='";"25.0";"nM";"7.60";"";"";"UO_0000065";"14.17";"0.27";"5.85";"3.80";"0";"CHEMBL824708";"The binding affinity was measured towards human purified trypsin";"B";"BAO_0000357";"single protein format";"None";"None";"None";"None";"None";"";"";"";"CHEMBL209";"Serine protease 1";"Homo sapiens";"SINGLE PROTEIN";"CHEMBL1132311";"1";"Scientific Literature";"J Med Chem";"1999";"None";"";"";"";"25.0"
"CHEMBL175779";"";"None";"490.42";"0";"3.84";"41";"Nc1noc2ccc(-n3nc(C(F)(F)F)cc3C(=O)Nc3ccc(N4CCOCC4)cc3F)cc12";"Ki";"'>'";"5200.0";"nM";"";"";"";"UO_0000065";"";"";"";"";"0";"CHEMBL826336";"Binding affinity determined against human trypsin";"B";"BAO_0000357";"single protein format";"Homo sapiens";"None";"None";"None";"None";"";"";"";"CHEMBL209";"Serine protease 1";"Homo sapiens";"SINGLE PROTEIN";"CHEMBL1145195";"1";"Scientific Literature";"J Med Chem";"2005";"None";"";"";"";"5200.0"
"CHEMBL368285";"";"None";"561.48";"1";"3.72";"23";"Nc1noc2ccc(-n3nc(C(F)(F)F)cc3C(=O)Nc3ccc(-c4ccncc4S(N)(=O)=O)cc3F)cc12";"Ki";"'>'";"4200.0";"nM";"";"";"";"UO_0000065";"";"";"";"";"0";"CHEMBL826336";"Binding affinity determined against human trypsin";"B";"BAO_0000357";"single protein format";"Homo sapiens";"None";"None";"None";"None";"";"";"";"CHEMBL209";"Serine protease 1";"Homo sapiens";"SINGLE PROTEIN";"CHEMBL1145195";"1";"Scientific Literature";"J Med Chem";"2005";"None";"";"";"";"4200.0"
"CHEMBL179964";"";"None";"485.40";"0";"4.41";"28";"Cn1ccnc1-c1ccc(NC(=O)c2cc(C(F)(F)F)nn2-c2ccc3onc(N)c3c2)c(F)c1";"Ki";"'>'";"2500.0";"nM";"";"";"";"UO_0000065";"";"";"";"";"0";"CHEMBL826336";"Binding affinity determined against human trypsin";"B";"BAO_0000357";"single protein format";"Homo sapiens";"None";"None";"None";"None";"";"";"";"CHEMBL209";"Serine protease 1";"Homo sapiens";"SINGLE PROTEIN";"CHEMBL1145195";"1";"Scientific Literature";"J Med Chem";"2005";"None";"";"";"";"2500.0"
"CHEMBL160996";"";"None";"460.97";"0";"3.42";"13";"O=C1CN(S(=O)(=O)c2cc3ccc(Cl)cc3s2)CCN1Cc1cc2[nH]cccc-2n1";"Ki";"'>'";"2900.0";"nM";"";"";"";"UO_0000065";"";"";"";"";"0";"CHEMBL821459";"Binding affinity towards trypsin";"B";"BAO_0000357";"single protein format";"None";"None";"None";"None";"None";"";"";"";"CHEMBL209";"Serine protease 1";"Homo sapiens";"SINGLE PROTEIN";"CHEMBL1144944";"1";"Scientific Literature";"J Med Chem";"2003";"None";"";"";"";"2900.0"
"CHEMBL76796";"";"None";"676.83";"2";"1.66";"62";"N=C(N)Nc1ccc(CNC(=O)N2CCN(C(=O)CCCCCC(=O)N3CCN(C(=O)NCc4ccc(NC(=N)N)cc4)CC3)CC2)cc1";"Ki";"'='";"52000.0";"nM";"4.28";"";"";"UO_0000065";"6.33";"0.12";"2.62";"1.87";"0";"CHEMBL824723";"Compound was evaluated for its inhibitory potency against trypsin";"B";"BAO_0000357";"single protein format";"None";"None";"None";"None";"None";"";"";"";"CHEMBL209";"Serine protease 1";"Homo sapiens";"SINGLE PROTEIN";"CHEMBL1132784";"1";"Scientific Literature";"Bioorg Med Chem Lett";"2000";"None";"";"";"";"52.0"
"CHEMBL327404";"";"None";"650.59";"1";"1.75";"36(+)";"COC(=O)CC1(C(=O)Nc2ccc(-c3ccccc3S(N)(=O)=O)cn2)CC(c2cccc(C(=N)N)c2)=NO1.O=C(O)C(F)(F)F";"Ki";"'='";"130.0";"nM";"6.89";"";"";"UO_0000065";"12.83";"0.25";"5.14";"3.44";"0";"CHEMBL824708";"The binding affinity was measured towards human purified trypsin";"B";"BAO_0000357";"single protein format";"None";"None";"None";"None";"None";"";"";"";"CHEMBL209";"Serine protease 1";"Homo sapiens";"SINGLE PROTEIN";"CHEMBL1132311";"1";"Scientific Literature";"J Med Chem";"1999";"None";"";"";"";"130.0"
"CHEMBL11157";"L-374087";"None";"455.54";"0";"1.70";"1c";"Cc1nc(N)ccc1CNC(=O)Cn1c(C)ccc(NS(=O)(=O)Cc2ccccc2)c1=O";"Ki";"'='";"3200.0";"nM";"5.50";"";"";"UO_0000065";"12.06";"0.23";"3.79";"4.03";"1";"CHEMBL818017";"Inhibitory constant evaluated against trypsin";"B";"BAO_0000357";"single protein format";"None";"None";"None";"None";"None";"";"";"";"CHEMBL209";"Serine protease 1";"Homo sapiens";"SINGLE PROTEIN";"CHEMBL1136286";"1";"Scientific Literature";"Bioorg Med Chem Lett";"2003";"None";"";"";"";"3200.0"
"CHEMBL296041";"";"None";"459.96";"0";"3.07";"23";"Cc1ccc(NS(=O)(=O)Cc2ccccc2)c(=O)n1CC(=O)NCc1cccc(Cl)c1";"Ki";"'='";"20000.0";"nM";"4.70";"";"";"UO_0000065";"10.22";"0.21";"1.63";"4.83";"0";"CHEMBL818017";"Inhibitory constant evaluated against trypsin";"B";"BAO_0000357";"single protein format";"None";"None";"None";"None";"None";"";"";"";"CHEMBL209";"Serine protease 1";"Homo sapiens";"SINGLE PROTEIN";"CHEMBL1136286";"1";"Scientific Literature";"Bioorg Med Chem Lett";"2003";"None";"";"";"";"20000.0"
"CHEMBL333270";"";"None";"494.47";"0";"2.09";"12";"Nc1noc2ccc(-n3nnnc3C(=O)Nc3ccc(-c4ccccc4S(N)(=O)=O)cc3F)cc12";"Ki";"'>'";"5200.0";"nM";"";"";"";"UO_0000065";"";"";"";"";"0";"CHEMBL817820";"Inhibitory constant against trypsin using human purified enzymes";"B";"BAO_0000357";"single protein format";"Homo sapiens";"None";"None";"None";"None";"";"";"";"CHEMBL209";"Serine protease 1";"Homo sapiens";"SINGLE PROTEIN";"CHEMBL1136511";"1";"Scientific Literature";"Bioorg Med Chem Lett";"2003";"None";"";"";"";"5200.0"
"CHEMBL330791";"";"None";"592.62";"0";"2.96";"21 (diastereomer 2)";"NC1CCC(CNC(=O)[C@@H]2CCCN2C(=O)CC(c2cccnc2)c2ccc3c(c2)OCO3)CC1.O=C(O)C(F)(F)F";"Ki";"'='";"2600.0";"nM";"5.58";"";"";"UO_0000065";"11.67";"0.22";"2.63";"5.23";"0";"CHEMBL817812";"In vitro inhibition of human trypsin.";"B";"BAO_0000357";"single protein format";"None";"None";"None";"None";"None";"";"";"";"CHEMBL209";"Serine protease 1";"Homo sapiens";"SINGLE PROTEIN";"CHEMBL1130225";"1";"Scientific Literature";"J Med Chem";"1997";"None";"";"";"";"2600.0"
"CHEMBL45407";"";"None";"519.65";"2";"5.40";"1";"COC(=O)[C@H](Cc1cccc(C(=N)N)c1)[C@@H](CCc1ccccc1)NC(=O)c1ccc(-c2ccccc2)cc1";"Ki";"'='";"67.0";"nM";"7.17";"";"";"UO_0000065";"13.81";"0.25";"1.77";"6.81";"0";"CHEMBL817805";"In vitro inhibitory activity against human trypsin";"B";"BAO_0000357";"single protein format";"None";"None";"None";"None";"None";"";"";"";"CHEMBL209";"Serine protease 1";"Homo sapiens";"SINGLE PROTEIN";"CHEMBL1135154";"1";"Scientific Literature";"Bioorg Med Chem Lett";"2002";"None";"";"";"";"67.0"
"CHEMBL416795";"";"None";"448.61";"0";"2.77";"1";"NC1CCC(CNC(=O)[C@@H]2CCCN2C(=O)[C@H](N)C(c2ccccc2)c2ccccc2)CC1";"Ki";"'='";"94.0";"nM";"7.03";"";"";"UO_0000065";"15.66";"0.29";"4.26";"6.93";"0";"CHEMBL817813";"Inhibitory activity against human trypsin";"B";"BAO_0000357";"single protein format";"None";"None";"None";"None";"None";"";"";"";"CHEMBL209";"Serine protease 1";"Homo sapiens";"SINGLE PROTEIN";"CHEMBL1130205";"1";"Scientific Literature";"J Med Chem";"1997";"None";"";"";"";"94.0"
"CHEMBL2315243";"";"None";"936.03";"2";"2.33";"8.3TFA";"N=C(N)c1ccc(CNC(=O)[C@@H]2Cc3ccc(cc3)NC(=O)CCN3CCN(CCC(=O)Nc4ccc(cc4)C[C@@H](NS(=O)(=O)Cc4ccccc4)C(=O)N2)CC3)cc1.O=C(O)C(F)(F)F";"Ki";"'='";"8.4";"nM";"8.08";"";"";"UO_0000065";"9.82";"0.19";"5.75";"3.69";"0";"CHEMBL2318522";"Inhibition of human trypsin";"B";"BAO_0000357";"single protein format";"Homo sapiens";"None";"None";"None";"None";"";"";"";"CHEMBL209";"Serine protease 1";"Homo sapiens";"SINGLE PROTEIN";"CHEMBL2311491";"1";"Scientific Literature";"J Med Chem";"2013";"None";"";"";"";"8.4"
"CHEMBL316070";"";"None";"667.67";"1";"4.03";"53";"N=C(N)c1cccc(C2=NOC(Cc3ccccc3)(C(=O)Nc3ccc(-c4ccccc4S(N)(=O)=O)cc3)C2)c1.O=C(O)C(F)(F)F";"Ki";"'='";"80.0";"nM";"7.10";"";"";"UO_0000065";"12.82";"0.24";"3.07";"4.42";"0";"CHEMBL824706";"Binding affinity towards trypsin obtained from human purified enzymes";"B";"BAO_0000357";"single protein format";"None";"None";"None";"None";"None";"";"";"";"CHEMBL209";"Serine protease 1";"Homo sapiens";"SINGLE PROTEIN";"CHEMBL1132652";"1";"Scientific Literature";"J Med Chem";"1999";"None";"";"";"";"80.0"
"CHEMBL93431";"";"None";"453.52";"0";"1.61";"1l";"COc1ccc2ccc(S(=O)(=O)N[C@H]3CCN(Cc4cccc(C(=N)N)c4)C3=O)cc2n1";"Ki";"'>'";"2900.0";"nM";"";"";"";"UO_0000065";"";"";"";"";"0";"CHEMBL817137";"Binding affinity against trypsin";"B";"BAO_0000357";"single protein format";"None";"None";"None";"None";"None";"";"";"";"CHEMBL209";"Serine protease 1";"Homo sapiens";"SINGLE PROTEIN";"CHEMBL1131988";"1";"Scientific Literature";"Bioorg Med Chem Lett";"1999";"None";"";"";"";"2.9"
"CHEMBL164138";"";"None";"387.51";"0";"2.42";"9";"N=C(N)NCCC[C@H](NC(=O)C1CCCC1)C(=O)c1nc2ccccc2s1";"Ki";"'='";"30.0";"nM";"7.52";"";"";"UO_0000065";"19.41";"0.38";"5.10";"6.22";"0";"CHEMBL824724";"Binding affinity against human alpha trypsin";"B";"BAO_0000357";"single protein format";"Homo sapiens";"None";"None";"None";"None";"";"";"";"CHEMBL209";"Serine protease 1";"Homo sapiens";"SINGLE PROTEIN";"CHEMBL1148408";"1";"Scientific Literature";"J Med Chem";"2004";"None";"";"";"";"30.0"
"CHEMBL328239";"";"None";"663.63";"1";"2.66";"27";"COC(=O)CC1(C(=O)Nc2ccc(-c3ccccc3S(N)(=O)=O)cc2C)CC(c2cccc(C(=N)N)c2)=NO1.O=C(O)C(F)(F)F";"Ki";"'='";"300.0";"nM";"6.52";"";"";"UO_0000065";"11.87";"0.23";"3.86";"3.49";"0";"CHEMBL824708";"The binding affinity was measured towards human purified trypsin";"B";"BAO_0000357";"single protein format";"None";"None";"None";"None";"None";"";"";"";"CHEMBL209";"Serine protease 1";"Homo sapiens";"SINGLE PROTEIN";"CHEMBL1132311";"1";"Scientific Literature";"J Med Chem";"1999";"None";"";"";"";"300.0"
"CHEMBL39086";"";"None";"558.75";"1";"4.78";"26";"CC1(C)CNc2c(cccc2S(=O)(=O)NC(Cc2nc3ccccc3s2)C(=O)N2CCC(CCF)CC2)C1";"Ki";"";"";"nM";"";"";"Not Determined";"UO_0000065";"";"";"";"";"0";"CHEMBL817140";"Compound was evaluated for its inhibitory activity against Trypsin; Not determined";"B";"BAO_0000357";"single protein format";"None";"None";"None";"None";"None";"";"";"";"CHEMBL209";"Serine protease 1";"Homo sapiens";"SINGLE PROTEIN";"CHEMBL1133232";"1";"Scientific Literature";"Bioorg Med Chem Lett";"2000";"None";"";"";"";""
"CHEMBL296046";"";"None";"430.51";"0";"3.18";"5c";"COC(=O)[C@H](Cc1cccc(C(=N)N)c1)[C@@H](C)NC(=O)c1ccc(-c2ccncc2)cc1";"Ki";"'='";"76.0";"nM";"7.12";"";"";"UO_0000065";"16.54";"0.30";"3.94";"6.03";"0";"CHEMBL817811";"In vitro inhibitory potency against Trypsin";"B";"BAO_0000357";"single protein format";"Homo sapiens";"None";"None";"None";"None";"";"";"";"CHEMBL209";"Serine protease 1";"Homo sapiens";"SINGLE PROTEIN";"CHEMBL1135155";"1";"Scientific Literature";"Bioorg Med Chem Lett";"2002";"None";"";"";"";"76.0"
"CHEMBL312647";"";"None";"479.67";"0";"2.63";"22";"CN(C1CCCCC1)[C@@H](CCC(=O)O)C(=O)N1CCCC[C@H]1CCOC1CCN(C(=N)N)CC1";"Ki";"'='";"550.0";"nM";"6.26";"";"";"UO_0000065";"13.05";"0.25";"3.63";"5.08";"0";"CHEMBL817823";"In vitro inhibition of human trypsin.";"B";"BAO_0000357";"single protein format";"None";"None";"None";"None";"None";"";"";"";"CHEMBL209";"Serine protease 1";"Homo sapiens";"SINGLE PROTEIN";"CHEMBL1135990";"1";"Scientific Literature";"J Med Chem";"2002";"None";"";"";"";"550.0"
"CHEMBL165006";"";"None";"568.74";"1";"2.48";"38";"Nc1ncc2c(n1)CCC(NC(=O)[C@@H]1CCCN1C(=O)[C@@H](CC1CCCCC1)NS(=O)(=O)Cc1ccccc1)C2";"Ki";"'>'";"68300.0";"nM";"";"";"";"UO_0000065";"";"";"";"";"0";"CHEMBL817808";"In vitro inhibitory activity against Trypsin";"B";"BAO_0000357";"single protein format";"None";"None";"None";"None";"None";"";"";"";"CHEMBL209";"Serine protease 1";"Homo sapiens";"SINGLE PROTEIN";"CHEMBL1136607";"1";"Scientific Literature";"Bioorg Med Chem Lett";"2003";"None";"";"";"";"68.3"
"CHEMBL340577";"";"None";"450.48";"0";"2.24";"4";"COc1ccc(-n2nnnc2C(=O)Nc2ccc(-c3ccccc3S(N)(=O)=O)cc2)cc1";"Ki";"'>'";"1600.0";"nM";"";"";"";"UO_0000065";"";"";"";"";"0";"CHEMBL817820";"Inhibitory constant against trypsin using human purified enzymes";"B";"BAO_0000357";"single protein format";"Homo sapiens";"None";"None";"None";"None";"";"";"";"CHEMBL209";"Serine protease 1";"Homo sapiens";"SINGLE PROTEIN";"CHEMBL1136511";"1";"Scientific Literature";"Bioorg Med Chem Lett";"2003";"None";"";"";"";"1600.0"
"CHEMBL72514";"";"None";"648.62";"1";"3.11";"26";"COC(=O)CC1(C(=O)Nc2ccc(-c3ccccc3S(C)(=O)=O)cc2)CC(c2cccc(C(=N)N)c2)=NO1.O=C(O)C(F)(F)F";"Ki";"'='";"100.0";"nM";"7.00";"";"";"UO_0000065";"13.09";"0.25";"3.89";"4.35";"0";"CHEMBL824708";"The binding affinity was measured towards human purified trypsin";"B";"BAO_0000357";"single protein format";"None";"None";"None";"None";"None";"";"";"";"CHEMBL209";"Serine protease 1";"Homo sapiens";"SINGLE PROTEIN";"CHEMBL1132311";"1";"Scientific Literature";"J Med Chem";"1999";"None";"";"";"";"100.0"
"CHEMBL349451";"";"None";"427.59";"0";"2.53";"15";"N=C(N)c1cccc(C(=O)N[C@@H](C(=O)NCC2CCC(CN)CC2)C2CCCCC2)c1";"Ki";"'='";"8500.0";"nM";"5.07";"";"";"UO_0000065";"11.86";"0.22";"2.54";"3.78";"0";"CHEMBL818185";"Binding affinity against human trypsin";"B";"BAO_0000357";"single protein format";"None";"None";"None";"None";"None";"";"";"";"CHEMBL209";"Serine protease 1";"Homo sapiens";"SINGLE PROTEIN";"CHEMBL1134227";"1";"Scientific Literature";"Bioorg Med Chem Lett";"2001";"None";"";"";"";"8.5"
"CHEMBL308074";"";"None";"746.87";"2";"2.48";"54";"N=C(N)Nc1ccc(CNC(=O)N2CCN(C(=O)O[C@H]3C[C@H]4C[C@@H](OC(=O)N5CCN(C(=O)NCc6ccc(NC(=N)N)cc6)CC5)C[C@H]4C3)CC2)cc1";"Ki";"'='";"4000.0";"nM";"5.40";"";"";"UO_0000065";"7.23";"0.14";"2.92";"2.18";"0";"CHEMBL824723";"Compound was evaluated for its inhibitory potency against trypsin";"B";"BAO_0000357";"single protein format";"None";"None";"None";"None";"None";"";"";"";"CHEMBL209";"Serine protease 1";"Homo sapiens";"SINGLE PROTEIN";"CHEMBL1132784";"1";"Scientific Literature";"Bioorg Med Chem Lett";"2000";"None";"";"";"";"4.0"
"CHEMBL408125";"";"None";"553.67";"0";"4.37";"10 (diastereomer 2)";"NC1CCC(CNC(=O)[C@@H]2CCCN2C(=O)CC(c2ccccc2)C2CCCCC2)CC1.O=C(O)C(F)(F)F";"Ki";"'='";"300.0";"nM";"6.52";"";"";"UO_0000065";"14.84";"0.28";"2.15";"8.65";"0";"CHEMBL817812";"In vitro inhibition of human trypsin.";"B";"BAO_0000357";"single protein format";"None";"None";"None";"None";"None";"";"";"";"CHEMBL209";"Serine protease 1";"Homo sapiens";"SINGLE PROTEIN";"CHEMBL1130225";"1";"Scientific Literature";"J Med Chem";"1997";"None";"";"";"";"300.0"
"CHEMBL555753";"";"None";"494.08";"0";"4.32";"11";"Cl.NC1CCC(CNC(=O)[C@@H]2CCCN2C(=O)CC2c3ccccc3C=Cc3ccccc32)CC1";"Ki";"'='";"1600.0";"nM";"5.80";"";"";"UO_0000065";"12.67";"0.23";"1.48";"7.68";"0";"CHEMBL817812";"In vitro inhibition of human trypsin.";"B";"BAO_0000357";"single protein format";"None";"None";"None";"None";"None";"";"";"";"CHEMBL209";"Serine protease 1";"Homo sapiens";"SINGLE PROTEIN";"CHEMBL1130225";"1";"Scientific Literature";"J Med Chem";"1997";"None";"";"";"";"1.6"
"CHEMBL25063";"";"None";"494.64";"1";"5.44";"15b";"CCc1nc2cc(OC3CCN(C(C)=N)CC3)ccc2n1Cc1ccc(-c2ccc(C(=N)N)cc2)cc1";"Ki";"'='";"150.0";"nM";"6.82";"";"";"UO_0000065";"13.80";"0.25";"1.38";"6.56";"0";"CHEMBL817144";"Tested in vitro for the selectivity against trypsin (Trp)";"B";"BAO_0000357";"single protein format";"None";"None";"None";"None";"None";"";"";"";"CHEMBL209";"Serine protease 1";"Homo sapiens";"SINGLE PROTEIN";"CHEMBL1135304";"1";"Scientific Literature";"Bioorg Med Chem Lett";"2002";"None";"";"";"";"150.0"
"CHEMBL136846";"";"None";"447.52";"0";"2.95";"41";"N=C(N)c1ccc2[nH]cc(CC(=O)Nc3ccc(-c4ccccc4S(N)(=O)=O)cc3)c2c1";"Ki";"'='";"160.0";"nM";"6.80";"";"";"UO_0000065";"15.19";"0.29";"3.85";"4.39";"0";"CHEMBL818182";"Binding affinity against human trypsin";"B";"BAO_0000357";"single protein format";"None";"None";"None";"None";"None";"";"";"";"CHEMBL209";"Serine protease 1";"Homo sapiens";"SINGLE PROTEIN";"CHEMBL1133520";"1";"Scientific Literature";"J Med Chem";"2000";"None";"";"";"";"160.0"
"CHEMBL2448530";"";"None";"1452.75";"None";"None";"bicyclic peptide 1";"C[C@@H]1NC(=O)[C@@H]2CCCN2C(=O)[C@@H]2CCCN2C(=O)[C@@H]2CSCc3cc(cc(c3)CSC[C@H](NC(=O)[C@@H](N)CO)C(=O)NCC(=O)NCC(=O)N[C@@H](CCCNC(=N)N)C(=O)N3CCC[C@H]3C(=O)N2)CSC[C@@H](C(=O)N[C@@H](CCCCN)C(=O)O)NC(=O)[C@H](Cc2ccc(O)cc2)NC1=O";"Ki";"'>'";"120000.0";"nM";"";"Outside typical range";"";"UO_0000065";"";"";"";"";"0";"CHEMBL2340209";"Inhibition of human trypsin using Z-Gly-Gly-Arg-AMC as substrate assessed as residual activity by fluorescence plate reader analysis";"B";"BAO_0000357";"single protein format";"Homo sapiens";"None";"None";"None";"None";"";"";"";"CHEMBL209";"Serine protease 1";"Homo sapiens";"SINGLE PROTEIN";"CHEMBL2331474";"1";"Scientific Literature";"J Med Chem";"2013";"None";"";"";"";"120.0"
"CHEMBL46331";"";"None";"509.51";"1";"2.41";"4";"Cc1nc(N)ccc1CNC(=O)Cn1c(C(F)(F)F)ccc(NS(=O)(=O)Cc2ccccc2)c1=O";"Ki";"'='";"2500.0";"nM";"5.60";"";"";"UO_0000065";"10.99";"0.22";"3.19";"4.11";"0";"CHEMBL817281";"Compound was evaluated to inhibit the trypsin enzyme";"B";"BAO_0000357";"single protein format";"None";"None";"None";"None";"None";"";"";"";"CHEMBL209";"Serine protease 1";"Homo sapiens";"SINGLE PROTEIN";"CHEMBL1130870";"1";"Scientific Literature";"Bioorg Med Chem Lett";"1998";"None";"";"";"";"2500.0"
"CHEMBL181849";"";"None";"466.05";"1";"6.16";"17";"CC(C)N1CCC(NC(=O)c2cc3ccccc3n2Cc2cc3ccc(Cl)cc3s2)CC1";"Ki";"'>'";"100000.0";"nM";"";"";"";"UO_0000065";"";"";"";"";"0";"CHEMBL827066";"Inhibitory activity against coagulation factor trypsin";"B";"BAO_0000357";"single protein format";"Homo sapiens";"None";"None";"None";"None";"";"";"";"CHEMBL209";"Serine protease 1";"Homo sapiens";"SINGLE PROTEIN";"CHEMBL1137150";"1";"Scientific Literature";"Bioorg Med Chem Lett";"2004";"None";"";"";"";"100.0"
"CHEMBL321130";"";"None";"385.89";"0";"2.52";"27";"N[C@H](Cc1ccccc1)C(=O)N1CCC[C@H]1C(=O)NCc1cccc(Cl)c1";"Ki";"'='";"89000.0";"nM";"4.05";"";"";"UO_0000065";"10.50";"0.20";"1.53";"5.37";"0";"CHEMBL818017";"Inhibitory constant evaluated against trypsin";"B";"BAO_0000357";"single protein format";"None";"None";"None";"None";"None";"";"";"";"CHEMBL209";"Serine protease 1";"Homo sapiens";"SINGLE PROTEIN";"CHEMBL1136286";"1";"Scientific Literature";"Bioorg Med Chem Lett";"2003";"None";"";"";"";"89000.0"
"CHEMBL79463";"";"None";"423.43";"0";"1.63";"1l";"COC(=O)N[C@H](C(=O)N1CCC[C@H]1C(=O)N[C@H](C(=O)C(F)(F)F)C(C)C)C(C)C";"Ki";"'='";"66600.0";"nM";"4.18";"";"";"UO_0000065";"9.86";"0.20";"2.55";"3.98";"0";"CHEMBL818186";"Binding affinity for human pancreatic trypsin";"B";"BAO_0000357";"single protein format";"None";"None";"None";"None";"None";"";"";"";"CHEMBL209";"Serine protease 1";"Homo sapiens";"SINGLE PROTEIN";"CHEMBL1130170";"1";"Scientific Literature";"J Med Chem";"1997";"None";"";"";"";"66600.0"
"CHEMBL316318";"";"None";"635.58";"1";"2.26";"42";"N=C(N)c1cccc(C2=NOC(CC(=O)O)(C(=O)Nc3ccc(-c4ccccc4S(N)(=O)=O)cc3)C2)c1.O=C(O)C(F)(F)F";"Ki";"'='";"630.0";"nM";"6.20";"";"";"UO_0000065";"11.89";"0.23";"3.94";"3.13";"0";"CHEMBL824706";"Binding affinity towards trypsin obtained from human purified enzymes";"B";"BAO_0000357";"single protein format";"None";"None";"None";"None";"None";"";"";"";"CHEMBL209";"Serine protease 1";"Homo sapiens";"SINGLE PROTEIN";"CHEMBL1132652";"1";"Scientific Literature";"J Med Chem";"1999";"None";"";"";"";"630.0"
"CHEMBL289331";"";"None";"525.63";"1";"3.84";"6l";"COc1ccc2cc(S(=O)(=O)NN(Cc3cccc(C(=N)NO)c3)C(=O)N3CCCCCC3)ccc2c1";"Ki";"'='";"17000.0";"nM";"4.77";"";"";"UO_0000065";"9.07";"0.18";"0.93";"3.53";"0";"CHEMBL815009";"In vitro inhibition of trypsin";"B";"BAO_0000357";"single protein format";"None";"None";"None";"None";"None";"";"";"";"CHEMBL209";"Serine protease 1";"Homo sapiens";"SINGLE PROTEIN";"CHEMBL1137966";"1";"Scientific Literature";"Bioorg Med Chem Lett";"2004";"None";"";"";"";"17.0"
"CHEMBL314754";"";"None";"463.97";"0";"2.31";"1t";"N=C(N)c1cccc(CN2CC[C@H](NS(=O)(=O)c3cc4c(Cl)nccc4s3)C2=O)c1";"Ki";"'>'";"2900.0";"nM";"";"";"";"UO_0000065";"";"";"";"";"0";"CHEMBL817137";"Binding affinity against trypsin";"B";"BAO_0000357";"single protein format";"None";"None";"None";"None";"None";"";"";"";"CHEMBL209";"Serine protease 1";"Homo sapiens";"SINGLE PROTEIN";"CHEMBL1131988";"1";"Scientific Literature";"Bioorg Med Chem Lett";"1999";"None";"";"";"";"2900.0"
"CHEMBL139432";"";"None";"475.57";"0";"3.55";"79";"CN(C)S(=O)(=O)c1ccccc1-c1ccc(NC(=O)Cc2c[nH]c3ccc(C(=N)N)cc23)cc1";"Ki";"'='";"390.0";"nM";"6.41";"";"";"UO_0000065";"13.48";"0.26";"2.86";"4.85";"0";"CHEMBL818182";"Binding affinity against human trypsin";"B";"BAO_0000357";"single protein format";"None";"None";"None";"None";"None";"";"";"";"CHEMBL209";"Serine protease 1";"Homo sapiens";"SINGLE PROTEIN";"CHEMBL1133520";"1";"Scientific Literature";"J Med Chem";"2000";"None";"";"";"";"390.0"
"CHEMBL44113";"";"None";"419.49";"0";"2.51";"10c";"COC(=O)[C@H](Cc1cccc(C(=N)N)c1)[C@@H](C)NC(=O)c1ccc(-c2c[nH]cn2)cc1";"Ki";"'='";"170.0";"nM";"6.77";"";"";"UO_0000065";"16.14";"0.30";"4.26";"5.05";"0";"CHEMBL817811";"In vitro inhibitory potency against Trypsin";"B";"BAO_0000357";"single protein format";"Homo sapiens";"None";"None";"None";"None";"";"";"";"CHEMBL209";"Serine protease 1";"Homo sapiens";"SINGLE PROTEIN";"CHEMBL1135155";"1";"Scientific Literature";"Bioorg Med Chem Lett";"2002";"None";"";"";"";"170.0"
"CHEMBL276880";"";"None";"488.44";"None";"None";"3";"CC1(C)C2CC1[C@]1(C)OB([C@H](CCCN=C(N)N)NC(=O)c3ccc(-c4ccccc4)cc3)O[C@@H]1C2";"Ki";"'='";"33.0";"nM";"7.48";"";"";"UO_0000065";"15.32";"None";"None";"None";"0";"CHEMBL811780";"Inhibition of trypsin";"B";"BAO_0000357";"single protein format";"None";"None";"None";"None";"None";"";"";"";"CHEMBL209";"Serine protease 1";"Homo sapiens";"SINGLE PROTEIN";"CHEMBL1151536";"1";"Scientific Literature";"Bioorg Med Chem Lett";"1997";"None";"";"";"";"33.0"
"CHEMBL151750";"";"None";"563.53";"1";"4.06";"34b";"COc1ccc(-n2nc(C(F)(F)F)cc2C(=O)Nc2ccc(-c3ccccc3S(N)(=O)=O)cc2F)c(CN)c1";"Ki";"'>'";"1600.0";"nM";"";"";"";"UO_0000065";"";"";"";"";"0";"CHEMBL817826";"Tested in vitro for inhibition of human trypsin";"B";"BAO_0000357";"single protein format";"None";"None";"None";"None";"None";"";"";"";"CHEMBL209";"Serine protease 1";"Homo sapiens";"SINGLE PROTEIN";"CHEMBL1145914";"1";"Scientific Literature";"J Med Chem";"2003";"None";"";"";"";"1600.0"
"CHEMBL108183";"";"None";"496.44";"0";"4.76";"1";"NC(C(=O)N1CCC[C@H]1C(=O)NCc1cc(Cl)ccc1Cl)C(c1ccccc1)c1ccccc1";"Ki";"'='";"7000.0";"nM";"5.16";"";"";"UO_0000065";"10.38";"0.21";"0.39";"6.83";"0";"CHEMBL817824";"Selectivity was evaluated as the binding affinity between thrombin versus trypsin.";"B";"BAO_0000357";"single protein format";"None";"None";"None";"None";"None";"";"";"";"CHEMBL209";"Serine protease 1";"Homo sapiens";"SINGLE PROTEIN";"CHEMBL1131061";"1";"Scientific Literature";"J Med Chem";"1998";"None";"";"";"";"7.0"
"CHEMBL149190";"";"None";"240.31";"0";"2.08";"20 (table 3)";"NCc1ccc(C(=O)NCc2ccccc2)cc1";"Ki";"'='";"399944749.76";"nM";"";"Outside typical range";"";"UO_0000065";"";"";"";"";"0";"CHEMBL858270";"Inhibition of trypsin";"B";"BAO_0000357";"single protein format";"None";"None";"None";"None";"None";"";"";"";"CHEMBL209";"Serine protease 1";"Homo sapiens";"SINGLE PROTEIN";"CHEMBL1132536";"1";"Scientific Literature";"J Med Chem";"1999";"None";"";"";"";"0.398"
"CHEMBL342036";"";"None";"462.54";"0";"2.35";"81";"Cn1cc(CC(=O)Nc2ccc(-c3ccccc3S(N)(=O)=O)cn2)c2cc(C(=N)N)ccc21";"Ki";"'='";"1500.0";"nM";"5.82";"";"";"UO_0000065";"12.59";"0.24";"3.47";"3.71";"0";"CHEMBL818182";"Binding affinity against human trypsin";"B";"BAO_0000357";"single protein format";"None";"None";"None";"None";"None";"";"";"";"CHEMBL209";"Serine protease 1";"Homo sapiens";"SINGLE PROTEIN";"CHEMBL1133520";"1";"Scientific Literature";"J Med Chem";"2000";"None";"";"";"";"1500.0"
"CHEMBL166536";"";"None";"564.51";"1";"4.06";"27";"CC(C)(C)OC(=O)N[C@H](Cc1ccc(Cl)c(Cl)c1)C(=O)N1CCC[C@H]1C(=O)NCC1CCc2n[nH]cc2C1";"Ki";"'>'";"68300.0";"nM";"";"";"";"UO_0000065";"";"";"";"";"0";"CHEMBL817808";"In vitro inhibitory activity against Trypsin";"B";"BAO_0000357";"single protein format";"None";"None";"None";"None";"None";"";"";"";"CHEMBL209";"Serine protease 1";"Homo sapiens";"SINGLE PROTEIN";"CHEMBL1136607";"1";"Scientific Literature";"Bioorg Med Chem Lett";"2003";"None";"";"";"";"68.3"
"CHEMBL146910";"";"None";"532.52";"1";"4.81";"40d";"CS(=O)(=O)c1ccccc1-c1ccc(NC(=O)c2cc(C(F)(F)F)nn2-c2ccccc2CN)c(F)c1";"Ki";"'>'";"2500.0";"nM";"";"";"";"UO_0000065";"";"";"";"";"0";"CHEMBL817826";"Tested in vitro for inhibition of human trypsin";"B";"BAO_0000357";"single protein format";"None";"None";"None";"None";"None";"";"";"";"CHEMBL209";"Serine protease 1";"Homo sapiens";"SINGLE PROTEIN";"CHEMBL1145914";"1";"Scientific Literature";"J Med Chem";"2003";"None";"";"";"";"2500.0"
"CHEMBL421370";"";"None";"405.55";"0";"3.66";"11";"N=C(N)c1cccc(N2CCCCN(C3CCN(Cc4ccccc4)CC3)C2=O)c1";"Ki";"'='";"282.0";"nM";"6.55";"";"";"UO_0000065";"16.15";"0.30";"2.89";"8.54";"0";"CHEMBL811778";"Compound was tested for inhibition of trypsin.";"B";"BAO_0000357";"single protein format";"None";"None";"None";"None";"None";"";"";"";"CHEMBL209";"Serine protease 1";"Homo sapiens";"SINGLE PROTEIN";"CHEMBL1131265";"1";"Scientific Literature";"Bioorg Med Chem Lett";"1998";"None";"";"";"";"282.0"
"CHEMBL354996";"";"None";"421.89";"0";"2.59";"8";"Nc1ncnc2cc(CN3CCN(Cc4nc5cc(Cl)ccc5[nH]4)CC3=O)ccc12";"Ki";"'>'";"2900.0";"nM";"";"";"";"UO_0000065";"";"";"";"";"0";"CHEMBL818019";"Tested for inhibitory activity against trypsin";"B";"BAO_0000357";"single protein format";"None";"None";"None";"None";"None";"";"";"";"CHEMBL209";"Serine protease 1";"Homo sapiens";"SINGLE PROTEIN";"CHEMBL1135247";"1";"Scientific Literature";"Bioorg Med Chem Lett";"2002";"None";"";"";"";"2900.0"
"CHEMBL416033";"";"None";"460.56";"0";"0.93";"4d";"Cc1nc(N)ccc1CNC(=O)Cn1c(C)cc2c(c1=O)NCN(CC1CCC1)S2(=O)=O";"Ki";"'='";"1600.0";"nM";"5.80";"";"";"UO_0000065";"12.58";"0.25";"4.87";"4.16";"0";"CHEMBL817816";"Inhibitory activity against human trypsin";"B";"BAO_0000357";"single protein format";"None";"None";"None";"None";"None";"";"";"";"CHEMBL209";"Serine protease 1";"Homo sapiens";"SINGLE PROTEIN";"CHEMBL1136704";"1";"Scientific Literature";"Bioorg Med Chem Lett";"2003";"None";"";"";"";"1600.0"
"CHEMBL312463";"";"None";"706.85";"1";"3.23";"23";"N=C(N)Nc1ccc(CNC(=O)N2CCN(C(=O)O[C@H]3CCC[C@@H](OC(=O)N4CCN(C(=O)CCNc5ccncc5)CC4)CCC3)CC2)cc1";"Ki";"'='";"111000.0";"nM";"";"Outside typical range";"";"UO_0000065";"";"";"";"";"0";"CHEMBL824723";"Compound was evaluated for its inhibitory potency against trypsin";"B";"BAO_0000357";"single protein format";"None";"None";"None";"None";"None";"";"";"";"CHEMBL209";"Serine protease 1";"Homo sapiens";"SINGLE PROTEIN";"CHEMBL1132784";"1";"Scientific Literature";"Bioorg Med Chem Lett";"2000";"None";"";"";"";"111.0"
"CHEMBL350117";"";"None";"435.59";"0";"1.96";"1q";"N[C@H]1CC[C@H](CC(=O)CN2CCCC[C@H](NS(=O)(=O)Cc3ccccc3)C2=O)CC1";"Ki";"";"";"nM";"";"";"Not Active";"UO_0000065";"";"";"";"";"0";"CHEMBL817821";"Inhibitory constant against trypsin determined in Vitro; Inact. means Inactive";"B";"BAO_0000357";"single protein format";"None";"None";"None";"None";"None";"";"";"";"CHEMBL209";"Serine protease 1";"Homo sapiens";"SINGLE PROTEIN";"CHEMBL1135220";"1";"Scientific Literature";"Bioorg Med Chem Lett";"2002";"None";"";"";"";""
"CHEMBL418839";"";"None";"431.54";"1";"5.48";"37c";"CC(C)Oc1cc(NC(=O)c2ccc3cc(C(=N)N)ccc3c2)cc(OC2CCCC2)c1";"Ki";"'='";"11.0";"nM";"7.96";"";"";"UO_0000065";"18.44";"0.34";"2.48";"8.17";"0";"CHEMBL819934";"Binding affinity against porcine trypsin was determined.";"B";"BAO_0000357";"single protein format";"Sus scrofa";"None";"None";"None";"None";"";"";"";"CHEMBL209";"Serine protease 1";"Homo sapiens";"SINGLE PROTEIN";"CHEMBL1148377";"1";"Scientific Literature";"J Med Chem";"2004";"None";"";"";"";"11.0"
"CHEMBL284805";"";"None";"251.29";"0";"2.82";"19";"N=C(N)c1ccc2[nH]c(-c3ccccc3O)cc2c1";"Ki";"'='";"8000.0";"nM";"5.10";"";"";"UO_0000065";"20.28";"0.37";"2.28";"5.93";"0";"CHEMBL824709";"Activity against Human Serine Protease Trypsin";"B";"BAO_0000357";"single protein format";"Homo sapiens";"None";"None";"None";"None";"";"";"";"CHEMBL209";"Serine protease 1";"Homo sapiens";"SINGLE PROTEIN";"CHEMBL1134564";"1";"Scientific Literature";"J Med Chem";"2001";"None";"";"";"";"8.0"
"CHEMBL348963";"";"None";"415.50";"0";"2.22";"16";"N=C(N)c1cccc(C(=O)N[C@@H](C(=O)NCc2ccc(CN)cc2)c2ccccc2)c1";"Ki";"'='";"4100.0";"nM";"5.39";"";"";"UO_0000065";"12.97";"0.24";"3.17";"4.02";"0";"CHEMBL818185";"Binding affinity against human trypsin";"B";"BAO_0000357";"single protein format";"None";"None";"None";"None";"None";"";"";"";"CHEMBL209";"Serine protease 1";"Homo sapiens";"SINGLE PROTEIN";"CHEMBL1134227";"1";"Scientific Literature";"Bioorg Med Chem Lett";"2001";"None";"";"";"";"4.1"
"CHEMBL146898";"";"None";"213.28";"0";"2.72";"5 (table 3)";"NCc1ccc(OCc2ccccc2)cc1";"Ki";"'='";"399944749.76";"nM";"";"Outside typical range";"";"UO_0000065";"";"";"";"";"0";"CHEMBL858270";"Inhibition of trypsin";"B";"BAO_0000357";"single protein format";"None";"None";"None";"None";"None";"";"";"";"CHEMBL209";"Serine protease 1";"Homo sapiens";"SINGLE PROTEIN";"CHEMBL1132536";"1";"Scientific Literature";"J Med Chem";"1999";"None";"";"";"";"0.398"
"CHEMBL93657";"";"None";"350.38";"0";"1.39";"9";"N=C(N)c1ccc(NC(=O)C2CC(c3cccc(C(=N)N)c3)=NO2)cc1";"Ki";"'='";"700.0";"nM";"6.16";"";"";"UO_0000065";"17.57";"0.32";"4.76";"4.09";"0";"CHEMBL879096";"The compound was evaluated for inhibitory activity against Trypsin";"B";"BAO_0000357";"single protein format";"None";"None";"None";"None";"None";"";"";"";"CHEMBL209";"Serine protease 1";"Homo sapiens";"SINGLE PROTEIN";"CHEMBL1129218";"1";"Scientific Literature";"Bioorg Med Chem Lett";"1997";"None";"";"";"";"0.7"
"CHEMBL147525";"";"None";"207.27";"0";"2.10";"11 (table 3)";"CCCCOC(=O)c1ccc(CN)cc1";"Ki";"'='";"909913272.63";"nM";"";"Outside typical range";"";"UO_0000065";"";"";"";"";"0";"CHEMBL858270";"Inhibition of trypsin";"B";"BAO_0000357";"single protein format";"None";"None";"None";"None";"None";"";"";"";"CHEMBL209";"Serine protease 1";"Homo sapiens";"SINGLE PROTEIN";"CHEMBL1132536";"1";"Scientific Literature";"J Med Chem";"1999";"None";"";"";"";"0.041"
"CHEMBL13218";"";"None";"141.60";"0";"1.80";"3 (table 3)";"NCc1ccc(Cl)cc1";"Ki";"'='";"699841996.0";"nM";"";"Outside typical range";"";"UO_0000065";"";"";"";"";"0";"CHEMBL821444";"The compound was tested for inhibition of the proteolytic enzyme trypsin.";"B";"BAO_0000357";"single protein format";"None";"None";"None";"None";"None";"";"";"";"CHEMBL209";"Serine protease 1";"Homo sapiens";"SINGLE PROTEIN";"CHEMBL1132536";"1";"Scientific Literature";"J Med Chem";"1999";"None";"";"";"";"0.155"
"CHEMBL355992";"";"None";"517.49";"1";"3.86";"13b";"COc1ccc(-n2nc(C(F)(F)F)cc2C(=O)Nc2ccc(-c3ccccc3S(N)(=O)=O)cn2)cc1";"Ki";"'>'";"1500.0";"nM";"";"";"";"UO_0000065";"";"";"";"";"0";"CHEMBL817826";"Tested in vitro for inhibition of human trypsin";"B";"BAO_0000357";"single protein format";"None";"None";"None";"None";"None";"";"";"";"CHEMBL209";"Serine protease 1";"Homo sapiens";"SINGLE PROTEIN";"CHEMBL1145914";"1";"Scientific Literature";"J Med Chem";"2003";"None";"";"";"";"1500.0"
"CHEMBL94052";"";"None";"635.62";"1";"2.82";"22";"COCCC1(C(=O)Nc2ccc(-c3ccccc3S(N)(=O)=O)cc2)CC(c2cccc(C(=N)N)c2)=NO1.O=C(O)C(F)(F)F";"Ki";"'='";"98.0";"nM";"7.01";"";"";"UO_0000065";"13.44";"0.26";"4.19";"4.12";"0";"CHEMBL824706";"Binding affinity towards trypsin obtained from human purified enzymes";"B";"BAO_0000357";"single protein format";"None";"None";"None";"None";"None";"";"";"";"CHEMBL209";"Serine protease 1";"Homo sapiens";"SINGLE PROTEIN";"CHEMBL1132652";"1";"Scientific Literature";"J Med Chem";"1999";"None";"";"";"";"98.0"
"CHEMBL37857";"";"None";"495.61";"0";"3.83";"6b";"CC1CCCCN1C(=O)N(Cc1ccc(C(=N)NO)cc1)NS(=O)(=O)c1ccc2ccccc2c1";"Ki";"'='";"45000.0";"nM";"4.35";"";"";"UO_0000065";"8.77";"0.17";"0.52";"3.45";"0";"CHEMBL815009";"In vitro inhibition of trypsin";"B";"BAO_0000357";"single protein format";"None";"None";"None";"None";"None";"";"";"";"CHEMBL209";"Serine protease 1";"Homo sapiens";"SINGLE PROTEIN";"CHEMBL1137966";"1";"Scientific Literature";"Bioorg Med Chem Lett";"2004";"None";"";"";"";"45.0"
"CHEMBL166602";"";"None";"416.49";"0";"2.17";"4";"Cc1cnc(NCCc2ccccc2)c(=O)n1CC(=O)NCc1ccn2ccnc2c1";"Ki";"'='";"120000.0";"nM";"";"Outside typical range";"";"UO_0000065";"";"";"";"";"0";"CHEMBL817814";"Inhibition of Trypsin";"B";"BAO_0000357";"single protein format";"Homo sapiens";"None";"None";"None";"None";"";"";"";"CHEMBL209";"Serine protease 1";"Homo sapiens";"SINGLE PROTEIN";"CHEMBL1136608";"1";"Scientific Literature";"Bioorg Med Chem Lett";"2003";"None";"";"";"";"120000.0"
"CHEMBL178616";"";"None";"538.60";"1";"4.65";"9";"COc1cc([C@@H](Nc2ccc(C(=N)N)cc2)C(=O)N[C@H](C(=O)O)c2ccccc2)ccc1OCc1ccccc1";"Ki";"'='";"40.0";"nM";"7.40";"";"";"UO_0000065";"13.74";"0.25";"2.75";"5.04";"0";"CHEMBL828075";"The value of binding constant measured against human trypsin";"B";"BAO_0000357";"single protein format";"Homo sapiens";"None";"None";"None";"None";"";"";"";"CHEMBL209";"Serine protease 1";"Homo sapiens";"SINGLE PROTEIN";"CHEMBL1144307";"1";"Scientific Literature";"Bioorg Med Chem Lett";"2005";"None";"";"";"";"0.04"
"CHEMBL96599";"";"None";"512.01";"1";"2.23";"28";"O=C1Cn2c(Cl)cnc(c2=O)N[C@@H](Cc2ccccc2)CNCCOCCOc2ccccc2CN1";"Ki";"'='";"4600.0";"nM";"5.34";"";"";"UO_0000065";"10.42";"0.20";"3.11";"5.01";"0";"CHEMBL817817";"Inhibitory activity against human trypsin";"B";"BAO_0000357";"single protein format";"None";"None";"None";"None";"None";"";"";"";"CHEMBL209";"Serine protease 1";"Homo sapiens";"SINGLE PROTEIN";"CHEMBL1136169";"1";"Scientific Literature";"Bioorg Med Chem Lett";"2003";"None";"";"";"";"4.6"
"CHEMBL42900";"";"None";"686.86";"2";"2.64";"14";"N=C(N)Nc1ccc(CNC(=O)N2CCN(C(=O)O[C@H]3CCC[C@@H](OC(=O)N4CCN(C(=O)NCCCCCN)CC4)CCC3)CC2)cc1";"Ki";"'='";"129000.0";"nM";"";"Outside typical range";"";"UO_0000065";"";"";"";"";"0";"CHEMBL824723";"Compound was evaluated for its inhibitory potency against trypsin";"B";"BAO_0000357";"single protein format";"None";"None";"None";"None";"None";"";"";"";"CHEMBL209";"Serine protease 1";"Homo sapiens";"SINGLE PROTEIN";"CHEMBL1132784";"1";"Scientific Literature";"Bioorg Med Chem Lett";"2000";"None";"";"";"";"129.0"
"CHEMBL68486";"";"None";"414.47";"0";"2.89";"9i";"N=C(N)c1ccc(O)c(/C=C/CNC(=O)c2ccc(-c3ccc(C(N)=O)cc3)cc2)c1";"Ki";"'='";"1400.0";"nM";"5.85";"";"";"UO_0000065";"14.12";"0.26";"2.96";"4.11";"0";"CHEMBL817143";"In vitro inhibition of trypsin.";"B";"BAO_0000357";"single protein format";"None";"None";"None";"None";"None";"";"";"";"CHEMBL209";"Serine protease 1";"Homo sapiens";"SINGLE PROTEIN";"CHEMBL1133371";"1";"Scientific Literature";"Bioorg Med Chem Lett";"2000";"None";"";"";"";"1400.0"
"CHEMBL317059";"";"None";"502.40";"1";"2.87";"17";"O=C1Cn2c(Cl)cnc(c2=O)N[C@@H](Cc2ccccc2)CNCCOc2ccc(Cl)cc2CN1";"Ki";"";"";"nM";"";"";"Not Determined";"UO_0000065";"";"";"";"";"0";"CHEMBL817819";"Inhibitory activity against trypsin; Not determined";"B";"BAO_0000357";"single protein format";"None";"None";"None";"None";"None";"";"";"";"CHEMBL209";"Serine protease 1";"Homo sapiens";"SINGLE PROTEIN";"CHEMBL1136169";"1";"Scientific Literature";"Bioorg Med Chem Lett";"2003";"None";"";"";"";""
"CHEMBL327421";"";"None";"509.05";"1";"2.36";"31";"O=C1Cn2c(Cl)cnc(c2=O)N[C@@H](Cc2ccccc2)CNCCCNCCc2ccccc2CN1";"Ki";"'='";"2100.0";"nM";"5.68";"";"";"UO_0000065";"11.15";"0.22";"3.32";"5.67";"0";"CHEMBL817817";"Inhibitory activity against human trypsin";"B";"BAO_0000357";"single protein format";"None";"None";"None";"None";"None";"";"";"";"CHEMBL209";"Serine protease 1";"Homo sapiens";"SINGLE PROTEIN";"CHEMBL1136169";"1";"Scientific Literature";"Bioorg Med Chem Lett";"2003";"None";"";"";"";"2.1"
"CHEMBL279628";"";"None";"649.60";"1";"2.35";"15(SF303) (+/-)";"COC(=O)CC1(C(=O)Nc2ccc(-c3ccccc3S(N)(=O)=O)cc2)CC(c2cccc(C(=N)N)c2)=NO1.O=C(O)C(F)(F)F";"Ki";"'='";"121.0";"nM";"6.92";"";"";"UO_0000065";"12.92";"0.25";"4.57";"3.70";"0";"CHEMBL824708";"The binding affinity was measured towards human purified trypsin";"B";"BAO_0000357";"single protein format";"None";"None";"None";"None";"None";"";"";"";"CHEMBL209";"Serine protease 1";"Homo sapiens";"SINGLE PROTEIN";"CHEMBL1132311";"1";"Scientific Literature";"J Med Chem";"1999";"None";"";"";"";"121.0"
"CHEMBL95993";"";"None";"362.24";"None";"None";"11";"CN(CC(=O)N[C@@H](CCC/N=C\N)B(O)O)C(=O)CCc1ccccc1";"Ki";"'='";"21.0";"nM";"7.68";"";"";"UO_0000065";"21.20";"None";"None";"None";"0";"CHEMBL811782";"Compound was tested in vitro for inhibition of trypsin";"B";"BAO_0000357";"single protein format";"None";"None";"None";"None";"None";"";"";"";"CHEMBL209";"Serine protease 1";"Homo sapiens";"SINGLE PROTEIN";"CHEMBL1149934";"1";"Scientific Literature";"Bioorg Med Chem Lett";"1996";"None";"";"";"";"21.0"
"CHEMBL423759";"";"None";"546.55";"1";"4.85";"49";"CS(=O)(=O)c1ccccc1-c1ccc(NC(=O)c2cc(C(F)(F)F)nn2-c2ccccc2CCN)c(F)c1";"Ki";"'>'";"2500.0";"nM";"";"";"";"UO_0000065";"";"";"";"";"0";"CHEMBL817826";"Tested in vitro for inhibition of human trypsin";"B";"BAO_0000357";"single protein format";"None";"None";"None";"None";"None";"";"";"";"CHEMBL209";"Serine protease 1";"Homo sapiens";"SINGLE PROTEIN";"CHEMBL1145914";"1";"Scientific Literature";"J Med Chem";"2003";"None";"";"";"";"2500.0"
"CHEMBL76070";"";"None";"696.89";"1";"4.55";"53";"O=C(CCCCCn1ccnc1)N1CCN(C(=O)O[C@H]2CCC[C@@H](OC(=O)N3CCN(C(=O)CCCCCn4ccnc4)CC3)CCC2)CC1";"Ki";"'>'";"1000000.0";"nM";"";"Outside typical range";"";"UO_0000065";"";"";"";"";"0";"CHEMBL824723";"Compound was evaluated for its inhibitory potency against trypsin";"B";"BAO_0000357";"single protein format";"None";"None";"None";"None";"None";"";"";"";"CHEMBL209";"Serine protease 1";"Homo sapiens";"SINGLE PROTEIN";"CHEMBL1132784";"1";"Scientific Literature";"Bioorg Med Chem Lett";"2000";"None";"";"";"";"1000.0"
"CHEMBL558198";"RAZAXABAN HYDROCHLORIDE";"-1.0";"564.93";"1";"4.25";"Razaxaban hydrochloride";"CN(C)Cc1nccn1-c1ccc(NC(=O)c2cc(C(F)(F)F)nn2-c2ccc3onc(N)c3c2)c(F)c1.Cl";"Ki";"'>'";"10000.0";"nM";"";"";"";"UO_0000065";"";"";"";"";"0";"CHEMBL826336";"Binding affinity determined against human trypsin";"B";"BAO_0000357";"single protein format";"Homo sapiens";"None";"None";"None";"None";"";"";"";"CHEMBL209";"Serine protease 1";"Homo sapiens";"SINGLE PROTEIN";"CHEMBL1145195";"1";"Scientific Literature";"J Med Chem";"2005";"None";"";"";"";"10000.0"
"CHEMBL116202";"";"None";"503.02";"1";"2.57";"25";"Cc1ccc(NS(=O)(=O)Cc2ccccc2)c(=O)n1CC(=O)NCc1cc(Cl)ccc1CCN";"Ki";"'='";"37000.0";"nM";"4.43";"";"";"UO_0000065";"8.81";"0.18";"1.86";"3.59";"0";"CHEMBL818017";"Inhibitory constant evaluated against trypsin";"B";"BAO_0000357";"single protein format";"None";"None";"None";"None";"None";"";"";"";"CHEMBL209";"Serine protease 1";"Homo sapiens";"SINGLE PROTEIN";"CHEMBL1136286";"1";"Scientific Literature";"Bioorg Med Chem Lett";"2003";"None";"";"";"";"37000.0"
"CHEMBL117365";"";"None";"425.51";"0";"2.42";"22";"Cc1ccc(NS(=O)(=O)Cc2ccccc2)c(=O)n1CC(=O)NCc1ccccc1";"Ki";"'='";"466000.0";"nM";"";"Outside typical range";"";"UO_0000065";"";"";"";"";"0";"CHEMBL818017";"Inhibitory constant evaluated against trypsin";"B";"BAO_0000357";"single protein format";"None";"None";"None";"None";"None";"";"";"";"CHEMBL209";"Serine protease 1";"Homo sapiens";"SINGLE PROTEIN";"CHEMBL1136286";"1";"Scientific Literature";"Bioorg Med Chem Lett";"2003";"None";"";"";"";"466000.0"
"CHEMBL115755";"";"None";"454.55";"0";"1.87";"17";"Cc1ccc(NS(=O)(=O)Cc2ccccc2)c(=O)n1CC(=O)NCc1ccc(CN)cc1";"Ki";"'='";"1300.0";"nM";"5.89";"";"";"UO_0000065";"12.95";"0.25";"4.02";"4.77";"0";"CHEMBL818017";"Inhibitory constant evaluated against trypsin";"B";"BAO_0000357";"single protein format";"None";"None";"None";"None";"None";"";"";"";"CHEMBL209";"Serine protease 1";"Homo sapiens";"SINGLE PROTEIN";"CHEMBL1136286";"1";"Scientific Literature";"Bioorg Med Chem Lett";"2003";"None";"";"";"";"1300.0"
"CHEMBL182597";"";"None";"453.97";"0";"3.93";"29";"CC(C)N1CCC(NC(=O)c2cc3ccccc3n2CC(=O)Nc2ccc(Cl)cn2)CC1";"Ki";"'>'";"100000.0";"nM";"";"";"";"UO_0000065";"";"";"";"";"0";"CHEMBL827066";"Inhibitory activity against coagulation factor trypsin";"B";"BAO_0000357";"single protein format";"Homo sapiens";"None";"None";"None";"None";"";"";"";"CHEMBL209";"Serine protease 1";"Homo sapiens";"SINGLE PROTEIN";"CHEMBL1137150";"1";"Scientific Literature";"Bioorg Med Chem Lett";"2004";"None";"";"";"";"100.0"
"CHEMBL47543";"";"None";"291.37";"0";"3.18";"1";"Nc1cc[n+](Cc2ccc(OCc3ccccc3)cc2)cc1";"Ki";"'='";"77000.0";"nM";"4.11";"";"";"UO_0000065";"14.12";"0.26";"0.93";"10.51";"0";"CHEMBL816556";"Compound was evaluated for its inhibitory activity against trypsin";"B";"BAO_0000357";"single protein format";"None";"None";"None";"None";"None";"";"";"";"CHEMBL209";"Serine protease 1";"Homo sapiens";"SINGLE PROTEIN";"CHEMBL1131365";"1";"Scientific Literature";"Bioorg Med Chem Lett";"1998";"None";"";"";"";"77.0"
"CHEMBL47481";"";"None";"395.53";"1";"5.36";"8";"Nc1cc[n+](Cc2ccc(OC(CCc3ccccc3)c3ccccc3)cc2)cc1";"Ki";"'='";"16000.0";"nM";"4.80";"";"";"UO_0000065";"12.13";"0.22";"-0.56";"12.26";"0";"CHEMBL816556";"Compound was evaluated for its inhibitory activity against trypsin";"B";"BAO_0000357";"single protein format";"None";"None";"None";"None";"None";"";"";"";"CHEMBL209";"Serine protease 1";"Homo sapiens";"SINGLE PROTEIN";"CHEMBL1131365";"1";"Scientific Literature";"Bioorg Med Chem Lett";"1998";"None";"";"";"";"16.0"
"CHEMBL79822";"";"None";"600.76";"1";"2.71";"10";"CN(Cc1ccc(CN(C)C(=O)CCC(=O)NCc2ccc(CN)cc2)cc1)C(=O)CCC(=O)NCc1ccc(CN)cc1";"Ki";"'='";"162000.0";"nM";"";"Outside typical range";"";"UO_0000065";"";"";"";"";"0";"CHEMBL824722";"Inhibitory potency against trypsin";"B";"BAO_0000357";"single protein format";"None";"None";"None";"None";"None";"";"";"";"CHEMBL209";"Serine protease 1";"Homo sapiens";"SINGLE PROTEIN";"CHEMBL1132783";"1";"Scientific Literature";"Bioorg Med Chem Lett";"2000";"None";"";"";"";"162.0"
"CHEMBL162051";"";"None";"455.99";"0";"2.98";"10";"N=C(N)c1cccc(C(=O)NC(C(=O)NCC2CCC(CN)CC2)c2ccc(Cl)cc2)c1";"Ki";"'='";"6000.0";"nM";"5.22";"";"";"UO_0000065";"11.45";"0.22";"2.24";"3.89";"0";"CHEMBL818185";"Binding affinity against human trypsin";"B";"BAO_0000357";"single protein format";"None";"None";"None";"None";"None";"";"";"";"CHEMBL209";"Serine protease 1";"Homo sapiens";"SINGLE PROTEIN";"CHEMBL1134227";"1";"Scientific Literature";"Bioorg Med Chem Lett";"2001";"None";"";"";"";"6.0"
"CHEMBL143824";"";"None";"446.43";"0";"2.31";"18";"Cc1ccnc(CNC(=O)Cn2c(C)cnc(NCC(F)(F)c3ccccn3)c2=O)c1F";"Ki";"'='";"118000.0";"nM";"";"Outside typical range";"";"UO_0000065";"";"";"";"";"0";"CHEMBL815470";"Inhibitory constant against human trypsin";"B";"BAO_0000357";"single protein format";"None";"None";"None";"None";"None";"";"";"";"CHEMBL209";"Serine protease 1";"Homo sapiens";"SINGLE PROTEIN";"CHEMBL1145961";"1";"Scientific Literature";"J Med Chem";"2003";"None";"";"";"";"118.0"
"CHEMBL142153";"";"None";"427.46";"0";"2.78";"15";"Cc1ccnc(CNC(=O)Cn2c(C)cnc(NCC(F)(F)c3ccccc3)c2=O)c1";"Ki";"'='";"270000.0";"nM";"";"Outside typical range";"";"UO_0000065";"";"";"";"";"0";"CHEMBL815470";"Inhibitory constant against human trypsin";"B";"BAO_0000357";"single protein format";"None";"None";"None";"None";"None";"";"";"";"CHEMBL209";"Serine protease 1";"Homo sapiens";"SINGLE PROTEIN";"CHEMBL1145961";"1";"Scientific Literature";"J Med Chem";"2003";"None";"";"";"";"270.0"
"CHEMBL267387";"";"None";"552.02";"1";"3.03";"23 (+)";"Nc1cc(C2=NOC(Cn3cccn3)(C(=O)Nc3ccc(-c4ccccc4S(N)(=O)=O)cn3)C2)ccc1Cl";"Ki";"'>'";"1600.0";"nM";"";"";"";"UO_0000065";"";"";"";"";"0";"CHEMBL878974";"Inhibitory activity against trypsin using human purified enzyme";"B";"BAO_0000357";"single protein format";"None";"None";"None";"None";"None";"";"";"";"CHEMBL209";"Serine protease 1";"Homo sapiens";"SINGLE PROTEIN";"CHEMBL1145764";"1";"Scientific Literature";"Bioorg Med Chem Lett";"2003";"None";"";"";"";"1600.0"
"CHEMBL3667892";"";"None";"463.53";"0";"3.33";"BDBM158086";"CCC(CC)(Cc1ccc(C(=O)Oc2ccc(C(=N)N)cc2F)s1)C(=O)NCCC(=O)O";"Ki";"'='";"2.5";"nM";"8.60";"";"300447";"UO_0000065";"18.56";"0.37";"5.27";"6.03";"0";"CHEMBL3705369";"Inhibition Assay: Using a 96 well plate (#3915, Costar), a test compound (25 μL) was mixed with 20 μM fluorescence enzyme substrate (Boc-Phe-Ser-Arg-AMC, 50 μL) mixed with 200 mM Tris-HCl buffer (pH 8.0), and human trypsin (Sigma, 25 μL) was added. Using a fluorescence plate reader fmax (Molecular Devices, Inc.), the reaction rate was measured from the time-course changes at excitation wavelength 355 nm and fluorescence wavelength 460 nm.";"B";"BAO_0000357";"single protein format";"Homo sapiens";"None";"None";"None";"None";"";"";"";"CHEMBL209";"Serine protease 1";"Homo sapiens";"SINGLE PROTEIN";"CHEMBL3639122";"37";"BindingDB Patent Bioactivity Data";"";"2015";"None";"";"";"";"2.5"
"CHEMBL3639717";"";"None";"491.59";"0";"4.11";"BDBM158134";"CCC(CC)(Cc1ccc(C(=O)Oc2ccc(C(=N)N)cc2F)s1)C(=O)NCCCCC(=O)O";"Ki";"'='";"5.17";"nM";"8.29";"";"300495";"UO_0000065";"16.86";"0.33";"4.18";"5.81";"0";"CHEMBL3705369";"Inhibition Assay: Using a 96 well plate (#3915, Costar), a test compound (25 μL) was mixed with 20 μM fluorescence enzyme substrate (Boc-Phe-Ser-Arg-AMC, 50 μL) mixed with 200 mM Tris-HCl buffer (pH 8.0), and human trypsin (Sigma, 25 μL) was added. Using a fluorescence plate reader fmax (Molecular Devices, Inc.), the reaction rate was measured from the time-course changes at excitation wavelength 355 nm and fluorescence wavelength 460 nm.";"B";"BAO_0000357";"single protein format";"Homo sapiens";"None";"None";"None";"None";"";"";"";"CHEMBL209";"Serine protease 1";"Homo sapiens";"SINGLE PROTEIN";"CHEMBL3639122";"37";"BindingDB Patent Bioactivity Data";"";"2015";"None";"";"";"";"5.17"
"CHEMBL3672890";"";"None";"489.57";"0";"3.72";"BDBM158150";"CC(C)(Cc1ccc(C(=O)Oc2ccc(C(=N)N)cc2F)s1)C(=O)N[C@H]1CC[C@H](C(=O)O)CC1";"Ki";"'='";"2.57";"nM";"8.59";"";"300511";"UO_0000065";"17.55";"0.35";"4.87";"6.03";"0";"CHEMBL3705369";"Inhibition Assay: Using a 96 well plate (#3915, Costar), a test compound (25 μL) was mixed with 20 μM fluorescence enzyme substrate (Boc-Phe-Ser-Arg-AMC, 50 μL) mixed with 200 mM Tris-HCl buffer (pH 8.0), and human trypsin (Sigma, 25 μL) was added. Using a fluorescence plate reader fmax (Molecular Devices, Inc.), the reaction rate was measured from the time-course changes at excitation wavelength 355 nm and fluorescence wavelength 460 nm.";"B";"BAO_0000357";"single protein format";"Homo sapiens";"None";"None";"None";"None";"";"";"";"CHEMBL209";"Serine protease 1";"Homo sapiens";"SINGLE PROTEIN";"CHEMBL3639122";"37";"BindingDB Patent Bioactivity Data";"";"2015";"None";"";"";"";"2.57"
"CHEMBL3667880";"";"None";"505.52";"1";"2.54";"BDBM158074";"N=C(N)c1ccc(OC(=O)c2ccc(CC3(C(=O)N[C@@H](CC(=O)O)C(=O)O)CCCC3)s2)c(F)c1";"Ki";"'='";"4.1";"nM";"8.39";"";"300435";"UO_0000065";"16.59";"0.33";"5.85";"4.66";"0";"CHEMBL3705369";"Inhibition Assay: Using a 96 well plate (#3915, Costar), a test compound (25 μL) was mixed with 20 μM fluorescence enzyme substrate (Boc-Phe-Ser-Arg-AMC, 50 μL) mixed with 200 mM Tris-HCl buffer (pH 8.0), and human trypsin (Sigma, 25 μL) was added. Using a fluorescence plate reader fmax (Molecular Devices, Inc.), the reaction rate was measured from the time-course changes at excitation wavelength 355 nm and fluorescence wavelength 460 nm.";"B";"BAO_0000357";"single protein format";"Homo sapiens";"None";"None";"None";"None";"";"";"";"CHEMBL209";"Serine protease 1";"Homo sapiens";"SINGLE PROTEIN";"CHEMBL3639122";"37";"BindingDB Patent Bioactivity Data";"";"2015";"None";"";"";"";"4.1"
"CHEMBL328582";"";"None";"635.62";"1";"2.82";"45";"CCOCC1(C(=O)Nc2ccc(-c3ccccc3S(N)(=O)=O)cc2)CC(c2cccc(C(=N)N)c2)=NO1.O=C(O)C(F)(F)F";"Ki";"'='";"70.0";"nM";"7.16";"";"";"UO_0000065";"13.72";"0.26";"4.33";"4.21";"0";"CHEMBL824706";"Binding affinity towards trypsin obtained from human purified enzymes";"B";"BAO_0000357";"single protein format";"None";"None";"None";"None";"None";"";"";"";"CHEMBL209";"Serine protease 1";"Homo sapiens";"SINGLE PROTEIN";"CHEMBL1132652";"1";"Scientific Literature";"J Med Chem";"1999";"None";"";"";"";"70.0"
"CHEMBL19798";"";"None";"476.54";"0";"0.71";"NC5";"COc1cccc(S(=O)(=O)Nc2cccn(CC(=O)NCc3nc(C(=N)N)cs3)c2=O)c1";"Ki";"'>'";"168.0";"nM";"";"";"";"UO_0000065";"";"";"";"";"0";"CHEMBL817809";"In vitro inhibitory constant against trypsin";"B";"BAO_0000357";"single protein format";"Homo sapiens";"None";"None";"None";"None";"";"";"";"CHEMBL209";"Serine protease 1";"Homo sapiens";"SINGLE PROTEIN";"CHEMBL1136066";"1";"Scientific Literature";"Bioorg Med Chem Lett";"2002";"None";"";"";"";"168.0"
"CHEMBL80878";"";"None";"706.85";"2";"3.29";"8";"N=C(N)Nc1ccc(CNC(=O)N2CCN(C(=O)O[C@H]3CCC[C@@H](OC(=O)N4CCN(C(=O)NCc5ccc(N)cc5)CC4)CCC3)CC2)cc1";"Ki";"'='";"126000.0";"nM";"";"Outside typical range";"";"UO_0000065";"";"";"";"";"0";"CHEMBL824723";"Compound was evaluated for its inhibitory potency against trypsin";"B";"BAO_0000357";"single protein format";"None";"None";"None";"None";"None";"";"";"";"CHEMBL209";"Serine protease 1";"Homo sapiens";"SINGLE PROTEIN";"CHEMBL1132784";"1";"Scientific Literature";"Bioorg Med Chem Lett";"2000";"None";"";"";"";"126.0"
"CHEMBL330460";"";"None";"323.40";"0";"3.07";"6o";"CCN(CC)c1ccc(-c2nc3cc(C(=N)N)ccc3[nH]2)c(O)c1";"Ki";"'='";"16000.0";"nM";"4.80";"";"";"UO_0000065";"14.83";"0.27";"1.73";"4.70";"0";"CHEMBL816557";"Inhibition of Human Serine Protease Trypsin.";"B";"BAO_0000357";"single protein format";"None";"None";"None";"None";"None";"";"";"";"CHEMBL209";"Serine protease 1";"Homo sapiens";"SINGLE PROTEIN";"CHEMBL1134564";"1";"Scientific Literature";"J Med Chem";"2001";"None";"";"";"";"16.0"
"CHEMBL40854";"";"None";"637.66";"None";"None";"18";"Cc1cc(-c2ccccc2S(=O)(=O)NC(C)(C)C)ccc1C(=O)N[C@@H](CCCN=C(N)N)B1O[C@@H]2CC3CC(C3(C)C)[C@]2(C)O1";"Ki";"'='";"0.7";"nM";"9.15";"";"";"UO_0000065";"14.36";"None";"None";"None";"0";"CHEMBL811780";"Inhibition of trypsin";"B";"BAO_0000357";"single protein format";"None";"None";"None";"None";"None";"";"";"";"CHEMBL209";"Serine protease 1";"Homo sapiens";"SINGLE PROTEIN";"CHEMBL1151536";"1";"Scientific Literature";"Bioorg Med Chem Lett";"1997";"None";"";"";"";"0.7"
"CHEMBL263204";"";"None";"533.44";"None";"None";"16";"CC1(C)C2CC1[C@]1(C)OB([C@H](CCCN=C(N)N)NC(=O)c3ccc(-c4ccccc4)c([N+](=O)[O-])c3)O[C@@H]1C2";"Ki";"'='";"4.8";"nM";"8.32";"";"";"UO_0000065";"15.59";"None";"None";"None";"0";"CHEMBL811780";"Inhibition of trypsin";"B";"BAO_0000357";"single protein format";"None";"None";"None";"None";"None";"";"";"";"CHEMBL209";"Serine protease 1";"Homo sapiens";"SINGLE PROTEIN";"CHEMBL1151536";"1";"Scientific Literature";"Bioorg Med Chem Lett";"1997";"None";"";"";"";"4.8"
"CHEMBL164249";"";"None";"455.99";"0";"2.98";"9";"N=C(N)c1cccc(C(=O)NC(C(=O)NCC2CCC(CN)CC2)c2cccc(Cl)c2)c1";"Ki";"'='";"3900.0";"nM";"5.41";"";"";"UO_0000065";"11.86";"0.23";"2.43";"4.03";"0";"CHEMBL818185";"Binding affinity against human trypsin";"B";"BAO_0000357";"single protein format";"None";"None";"None";"None";"None";"";"";"";"CHEMBL209";"Serine protease 1";"Homo sapiens";"SINGLE PROTEIN";"CHEMBL1134227";"1";"Scientific Literature";"Bioorg Med Chem Lett";"2001";"None";"";"";"";"3.9"
"CHEMBL279628";"";"None";"649.60";"1";"2.35";"33(-)";"COC(=O)CC1(C(=O)Nc2ccc(-c3ccccc3S(N)(=O)=O)cc2)CC(c2cccc(C(=N)N)c2)=NO1.O=C(O)C(F)(F)F";"Ki";"'='";"98.0";"nM";"7.01";"";"";"UO_0000065";"13.09";"0.25";"4.66";"3.75";"0";"CHEMBL824708";"The binding affinity was measured towards human purified trypsin";"B";"BAO_0000357";"single protein format";"None";"None";"None";"None";"None";"";"";"";"CHEMBL209";"Serine protease 1";"Homo sapiens";"SINGLE PROTEIN";"CHEMBL1132311";"1";"Scientific Literature";"J Med Chem";"1999";"None";"";"";"";"98.0"
"CHEMBL148718";"";"None";"562.55";"1";"4.82";"33b";"COc1ccc(-n2nc(C(F)(F)F)cc2C(=O)Nc2ccc(-c3ccccc3S(C)(=O)=O)cc2F)c(CN)c1";"Ki";"'>'";"1600.0";"nM";"";"";"";"UO_0000065";"";"";"";"";"0";"CHEMBL817826";"Tested in vitro for inhibition of human trypsin";"B";"BAO_0000357";"single protein format";"None";"None";"None";"None";"None";"";"";"";"CHEMBL209";"Serine protease 1";"Homo sapiens";"SINGLE PROTEIN";"CHEMBL1145914";"1";"Scientific Literature";"J Med Chem";"2003";"None";"";"";"";"1600.0"
"CHEMBL327404";"";"None";"650.59";"1";"1.75";"37(-)";"COC(=O)CC1(C(=O)Nc2ccc(-c3ccccc3S(N)(=O)=O)cn2)CC(c2cccc(C(=N)N)c2)=NO1.O=C(O)C(F)(F)F";"Ki";"'='";"17.0";"nM";"7.77";"";"";"UO_0000065";"14.48";"0.28";"6.02";"3.89";"0";"CHEMBL824708";"The binding affinity was measured towards human purified trypsin";"B";"BAO_0000357";"single protein format";"None";"None";"None";"None";"None";"";"";"";"CHEMBL209";"Serine protease 1";"Homo sapiens";"SINGLE PROTEIN";"CHEMBL1132311";"1";"Scientific Literature";"J Med Chem";"1999";"None";"";"";"";"17.0"
"CHEMBL559015";"";"None";"568.98";"1";"4.81";"DPC423";"CS(=O)(=O)c1ccccc1-c1ccc(NC(=O)c2cc(C(F)(F)F)nn2-c2cccc(CN)c2)c(F)c1.Cl";"Ki";"'='";"60.0";"nM";"7.22";"";"";"UO_0000065";"13.56";"0.27";"2.41";"6.74";"0";"CHEMBL817826";"Tested in vitro for inhibition of human trypsin";"B";"BAO_0000357";"single protein format";"None";"None";"None";"None";"None";"";"";"";"CHEMBL209";"Serine protease 1";"Homo sapiens";"SINGLE PROTEIN";"CHEMBL1145914";"1";"Scientific Literature";"J Med Chem";"2003";"None";"";"";"";"60.0"
"CHEMBL96428";"";"None";"342.40";"0";"3.90";"49";"Cn1c(-c2cccc(-c3ccccc3)c2O)nc2ccc(C(=N)N)cc21";"Ki";"'='";"6500.0";"nM";"5.19";"";"";"UO_0000065";"15.15";"0.27";"1.29";"5.90";"0";"CHEMBL816557";"Inhibition of Human Serine Protease Trypsin.";"B";"BAO_0000357";"single protein format";"None";"None";"None";"None";"None";"";"";"";"CHEMBL209";"Serine protease 1";"Homo sapiens";"SINGLE PROTEIN";"CHEMBL1134564";"1";"Scientific Literature";"J Med Chem";"2001";"None";"";"";"";"6.5"
"CHEMBL295745";"";"None";"530.63";"1";"4.03";"9d";"CCOC(=O)NCc1cccc(-c2ccc(C(=O)N[C@H](C)[C@@H](Cc3cccc(C(=N)N)c3)C(=O)OC)cc2)c1";"Ki";"'>'";"2900.0";"nM";"";"";"";"UO_0000065";"";"";"";"";"0";"CHEMBL817805";"In vitro inhibitory activity against human trypsin";"B";"BAO_0000357";"single protein format";"None";"None";"None";"None";"None";"";"";"";"CHEMBL209";"Serine protease 1";"Homo sapiens";"SINGLE PROTEIN";"CHEMBL1135154";"1";"Scientific Literature";"Bioorg Med Chem Lett";"2002";"None";"";"";"";"2900.0"
"CHEMBL327331";"";"None";"661.58";"2";"0.26";"62";"N=C(N)c1cccc(C2=NOC(Cn3cnnn3)(C(=O)Nc3ncc(-c4ccccc4S(N)(=O)=O)cn3)C2)c1.O=C(O)C(F)(F)F";"Ki";"'='";"500.0";"nM";"6.30";"";"";"UO_0000065";"11.51";"0.22";"6.04";"2.74";"0";"CHEMBL824706";"Binding affinity towards trypsin obtained from human purified enzymes";"B";"BAO_0000357";"single protein format";"None";"None";"None";"None";"None";"";"";"";"CHEMBL209";"Serine protease 1";"Homo sapiens";"SINGLE PROTEIN";"CHEMBL1132652";"1";"Scientific Literature";"J Med Chem";"1999";"None";"";"";"";"500.0"
"CHEMBL359695";"";"None";"502.43";"1";"4.24";"40";"Nc1noc2ccc(-n3nc(C(F)(F)F)cc3C(=O)Nc3ccc(C(=O)N4CCCC4)cc3F)cc12";"Ki";"'>'";"5200.0";"nM";"";"";"";"UO_0000065";"";"";"";"";"0";"CHEMBL826336";"Binding affinity determined against human trypsin";"B";"BAO_0000357";"single protein format";"Homo sapiens";"None";"None";"None";"None";"";"";"";"CHEMBL209";"Serine protease 1";"Homo sapiens";"SINGLE PROTEIN";"CHEMBL1145195";"1";"Scientific Literature";"J Med Chem";"2005";"None";"";"";"";"5200.0"
"CHEMBL328451";"";"None";"663.68";"1";"3.46";"49";"CC(C)COCC1(C(=O)Nc2ccc(-c3ccccc3S(N)(=O)=O)cc2)CC(c2cccc(C(=N)N)c2)=NO1.O=C(O)C(F)(F)F";"Ki";"'='";"140.0";"nM";"6.85";"";"";"UO_0000065";"12.47";"0.24";"3.39";"4.03";"0";"CHEMBL824706";"Binding affinity towards trypsin obtained from human purified enzymes";"B";"BAO_0000357";"single protein format";"None";"None";"None";"None";"None";"";"";"";"CHEMBL209";"Serine protease 1";"Homo sapiens";"SINGLE PROTEIN";"CHEMBL1132652";"1";"Scientific Literature";"J Med Chem";"1999";"None";"";"";"";"140.0"
"CHEMBL290376";"";"None";"460.34";"None";"None";"35 (DuP-714)";"CC(=O)N[C@H](Cc1ccccc1)C(=O)N1CCC[C@H]1C(=O)N[C@@H](CCCN=C(N)N)B(O)O";"Ki";"'='";"0.045";"nM";"10.35";"";"";"UO_0000065";"22.48";"None";"None";"None";"1";"CHEMBL817134";"Binding affinity against Trypsin";"B";"BAO_0000357";"single protein format";"None";"None";"None";"None";"None";"";"";"";"CHEMBL209";"Serine protease 1";"Homo sapiens";"SINGLE PROTEIN";"CHEMBL1133572";"1";"Scientific Literature";"J Med Chem";"2000";"None";"";"";"";"45.0"
"CHEMBL77182";"";"None";"712.90";"2";"3.03";"10";"N=C(N)Nc1ccc(CNC(=O)N2CCN(C(=O)O[C@H]3CCC[C@@H](OC(=O)N4CCN(C(=O)NC[C@H]5CC[C@@H](N)CC5)CC4)CCC3)CC2)cc1";"Ki";"'='";"171000.0";"nM";"";"Outside typical range";"";"UO_0000065";"";"";"";"";"0";"CHEMBL824723";"Compound was evaluated for its inhibitory potency against trypsin";"B";"BAO_0000357";"single protein format";"None";"None";"None";"None";"None";"";"";"";"CHEMBL209";"Serine protease 1";"Homo sapiens";"SINGLE PROTEIN";"CHEMBL1132784";"1";"Scientific Literature";"Bioorg Med Chem Lett";"2000";"None";"";"";"";"171.0"
"CHEMBL431969";"";"None";"692.86";"1";"3.32";"36";"NCc1ccc(CNC(=O)N2CCN(C(=O)O[C@H]3CCC[C@@H](OC(=O)N4CCN(C(=O)NCc5ccc(CN)cc5)CC4)CCC3)CC2)cc1";"Ki";"'='";"219000.0";"nM";"";"Outside typical range";"";"UO_0000065";"";"";"";"";"0";"CHEMBL824723";"Compound was evaluated for its inhibitory potency against trypsin";"B";"BAO_0000357";"single protein format";"None";"None";"None";"None";"None";"";"";"";"CHEMBL209";"Serine protease 1";"Homo sapiens";"SINGLE PROTEIN";"CHEMBL1132784";"1";"Scientific Literature";"Bioorg Med Chem Lett";"2000";"None";"";"";"";"219.0"
"CHEMBL33480";"";"None";"447.56";"0";"1.30";"2i";"Cc1nc(N)ccc1CNC(=O)Cn1c(C)cc(S(=O)(=O)CC2CCCC2)c(N)c1=O";"Ki";"'='";"630.0";"nM";"6.20";"";"";"UO_0000065";"13.85";"0.27";"4.90";"4.13";"0";"CHEMBL817816";"Inhibitory activity against human trypsin";"B";"BAO_0000357";"single protein format";"None";"None";"None";"None";"None";"";"";"";"CHEMBL209";"Serine protease 1";"Homo sapiens";"SINGLE PROTEIN";"CHEMBL1136704";"1";"Scientific Literature";"Bioorg Med Chem Lett";"2003";"None";"";"";"";"630.0"
"CHEMBL307374";"";"None";"676.90";"1";"2.78";"39";"O=C(NCCC1CCNCC1)N1CCN(C(=O)O[C@H]2CCC[C@@H](OC(=O)N3CCN(C(=O)NCCC4CCNCC4)CC3)CCC2)CC1";"Ki";"'>'";"1000000.0";"nM";"";"Outside typical range";"";"UO_0000065";"";"";"";"";"0";"CHEMBL824723";"Compound was evaluated for its inhibitory potency against trypsin";"B";"BAO_0000357";"single protein format";"None";"None";"None";"None";"None";"";"";"";"CHEMBL209";"Serine protease 1";"Homo sapiens";"SINGLE PROTEIN";"CHEMBL1132784";"1";"Scientific Literature";"Bioorg Med Chem Lett";"2000";"None";"";"";"";"1000.0"
"CHEMBL369251";"";"None";"489.62";"1";"6.12";"14b";"CC(=N)N1CCC(Oc2ccc3c4ccccc4n(Cc4ccc5ccc(C(=N)N)cc5c4)c3c2)CC1";"Ki";"'='";"40.0";"nM";"7.40";"";"";"UO_0000065";"15.11";"0.27";"1.28";"8.12";"0";"CHEMBL815755";"In vitro inhibition of bovine trypsin.";"B";"BAO_0000357";"single protein format";"None";"None";"None";"None";"None";"";"";"";"CHEMBL209";"Serine protease 1";"Homo sapiens";"SINGLE PROTEIN";"CHEMBL1133499";"1";"Scientific Literature";"Bioorg Med Chem Lett";"2000";"None";"";"";"";"40.0"
"CHEMBL356296";"";"None";"447.87";"0";"3.12";"14";"Cc1cnc(NCC(F)(F)c2ccccc2)c(=O)n1CC(=O)NCc1cc(Cl)ccn1";"Ki";"'='";"47000.0";"nM";"4.33";"";"";"UO_0000065";"9.66";"0.19";"1.21";"4.87";"0";"CHEMBL815470";"Inhibitory constant against human trypsin";"B";"BAO_0000357";"single protein format";"None";"None";"None";"None";"None";"";"";"";"CHEMBL209";"Serine protease 1";"Homo sapiens";"SINGLE PROTEIN";"CHEMBL1145961";"1";"Scientific Literature";"J Med Chem";"2003";"None";"";"";"";"47.0"
"CHEMBL30054";"DPOC-4088";"1.0";"452.82";"0";"2.35";"24";"O=C(Cn1c(Cl)cnc(NCC(F)(F)c2ccccn2)c1=O)NCc1ncccc1F";"Ki";"'='";"202000.0";"nM";"";"Outside typical range";"";"UO_0000065";"";"";"";"";"0";"CHEMBL815470";"Inhibitory constant against human trypsin";"B";"BAO_0000357";"single protein format";"None";"None";"None";"None";"None";"";"";"";"CHEMBL209";"Serine protease 1";"Homo sapiens";"SINGLE PROTEIN";"CHEMBL1145961";"1";"Scientific Literature";"J Med Chem";"2003";"None";"";"";"";"202.0"
"CHEMBL341909";"";"None";"445.45";"0";"2.91";"17";"Cc1ccnc(CNC(=O)Cn2c(C)cnc(NCC(F)(F)c3ccccc3)c2=O)c1F";"Ki";"'='";"40000.0";"nM";"4.40";"";"";"UO_0000065";"9.87";"0.19";"1.49";"4.95";"0";"CHEMBL815470";"Inhibitory constant against human trypsin";"B";"BAO_0000357";"single protein format";"None";"None";"None";"None";"None";"";"";"";"CHEMBL209";"Serine protease 1";"Homo sapiens";"SINGLE PROTEIN";"CHEMBL1145961";"1";"Scientific Literature";"J Med Chem";"2003";"None";"";"";"";"40.0"
"CHEMBL19700";"";"None";"514.56";"1";"0.87";"NC23";"Cc1nc(N)ncc1CNC(=O)Cn1c(C)ccc(NS(=O)(=O)Cc2cccc3c2OCCO3)c1=O";"Ki";"";"";"nM";"";"";"Not Active";"UO_0000065";"";"";"";"";"0";"CHEMBL817810";"In vitro inhibitory constant against trypsin; Inactive";"B";"BAO_0000357";"single protein format";"None";"None";"None";"None";"None";"";"";"";"CHEMBL209";"Serine protease 1";"Homo sapiens";"SINGLE PROTEIN";"CHEMBL1136066";"1";"Scientific Literature";"Bioorg Med Chem Lett";"2002";"None";"";"";"";""
"CHEMBL141889";"";"None";"432.41";"0";"2.00";"20";"Cc1cnc(NCC(F)(F)c2ccccn2)c(=O)n1CC(=O)NCc1ncccc1F";"Ki";"'='";"252000.0";"nM";"";"Outside typical range";"";"UO_0000065";"";"";"";"";"0";"CHEMBL815470";"Inhibitory constant against human trypsin";"B";"BAO_0000357";"single protein format";"None";"None";"None";"None";"None";"";"";"";"CHEMBL209";"Serine protease 1";"Homo sapiens";"SINGLE PROTEIN";"CHEMBL1145961";"1";"Scientific Literature";"J Med Chem";"2003";"None";"";"";"";"252.0"
"CHEMBL436454";"";"None";"602.80";"1";"3.93";"6";"NC1CCC(CNC(=O)[C@@H]2CCCN2C(=O)C(NS(=O)(=O)Cc2ccccc2)C(c2ccccc2)c2ccccc2)CC1";"Ki";"'='";"4.0";"nM";"8.40";"";"";"UO_0000065";"13.93";"0.27";"4.47";"6.91";"0";"CHEMBL819274";"Binding affinity towards trypsin";"B";"BAO_0000357";"single protein format";"None";"None";"None";"None";"None";"";"";"";"CHEMBL209";"Serine protease 1";"Homo sapiens";"SINGLE PROTEIN";"CHEMBL1129964";"1";"Scientific Literature";"J Med Chem";"1997";"None";"";"";"";"4.0"
"CHEMBL174456";"";"None";"374.49";"0";"3.41";"7";"N=C(N)c1ccc2c(ccn2CC(=O)N2CCC(Cc3ccccc3)CC2)c1";"Ki";"'>'";"15000.0";"nM";"";"";"";"UO_0000065";"";"";"";"";"0";"CHEMBL812713";"Inhibitory activity against trypsin";"B";"BAO_0000357";"single protein format";"None";"None";"None";"None";"None";"";"";"";"CHEMBL209";"Serine protease 1";"Homo sapiens";"SINGLE PROTEIN";"CHEMBL1131664";"1";"Scientific Literature";"Bioorg Med Chem Lett";"1999";"None";"";"";"";"15000.0"
"CHEMBL37251";"";"None";"474.55";"0";"3.03";"SN-429";"Cc1cc(C(=O)Nc2ccc(-c3ccccc3S(N)(=O)=O)cc2)n(-c2cccc(C(=N)N)c2)n1";"Ki";"'='";"16.0";"nM";"7.80";"";"";"UO_0000065";"16.43";"0.31";"4.77";"4.97";"1";"CHEMBL817826";"Tested in vitro for inhibition of human trypsin";"B";"BAO_0000357";"single protein format";"None";"None";"None";"None";"None";"";"";"";"CHEMBL209";"Serine protease 1";"Homo sapiens";"SINGLE PROTEIN";"CHEMBL1145914";"1";"Scientific Literature";"J Med Chem";"2003";"None";"";"";"";"16.0"
"CHEMBL151939";"";"None";"533.51";"1";"4.06";"40c";"NCc1ccccc1-n1nc(C(F)(F)F)cc1C(=O)Nc1ccc(-c2ccccc2S(N)(=O)=O)cc1F";"Ki";"'='";"3500.0";"nM";"5.46";"";"";"UO_0000065";"10.23";"0.20";"1.40";"4.10";"0";"CHEMBL817826";"Tested in vitro for inhibition of human trypsin";"B";"BAO_0000357";"single protein format";"None";"None";"None";"None";"None";"";"";"";"CHEMBL209";"Serine protease 1";"Homo sapiens";"SINGLE PROTEIN";"CHEMBL1145914";"1";"Scientific Literature";"J Med Chem";"2003";"None";"";"";"";"3500.0"
"CHEMBL311198";"";"None";"693.87";"1";"3.87";"15";"N=C(N)N1CCCC(C[C@H](NC(=O)CN2C(=O)CN(CCCc3ccccc3)C(=O)[C@@H]2Cc2ccc3ccccc3c2)C(=O)c2nccs2)C1";"Ki";"'='";"13.5";"nM";"7.87";"";"";"UO_0000065";"11.34";"0.21";"4.00";"5.15";"0";"CHEMBL811779";"Compound was tested for the binding affinity against trypsin";"B";"BAO_0000357";"single protein format";"None";"None";"None";"None";"None";"";"";"";"CHEMBL209";"Serine protease 1";"Homo sapiens";"SINGLE PROTEIN";"CHEMBL1132668";"1";"Scientific Literature";"Bioorg Med Chem Lett";"1999";"None";"";"";"";"13.5"
"CHEMBL37836";"";"None";"454.53";"0";"1.63";"10";"Cc1ccc(NC(=O)OCc2ccccc2)c(=O)n1CC(=O)NCC1CCN(C(=N)N)CC1";"Ki";"'='";"350.0";"nM";"6.46";"";"";"UO_0000065";"14.20";"0.27";"4.83";"4.53";"0";"CHEMBL818184";"Binding affinity against human trypsin";"B";"BAO_0000357";"single protein format";"None";"None";"None";"None";"None";"";"";"";"CHEMBL209";"Serine protease 1";"Homo sapiens";"SINGLE PROTEIN";"CHEMBL1130452";"1";"Scientific Literature";"Bioorg Med Chem Lett";"1997";"None";"";"";"";"350.0"
"CHEMBL104937";"";"None";"289.34";"0";"3.38";"1b";"N=C(N)c1ccc2cc(C(=O)Nc3ccccc3)ccc2c1";"Ki";"'='";"330.0";"nM";"6.48";"";"";"UO_0000065";"22.40";"0.40";"3.10";"8.21";"0";"CHEMBL817133";"Binding affinity against trypsin";"B";"BAO_0000357";"single protein format";"None";"None";"None";"None";"None";"";"";"";"CHEMBL209";"Serine protease 1";"Homo sapiens";"SINGLE PROTEIN";"CHEMBL1146777";"1";"Scientific Literature";"Bioorg Med Chem Lett";"2004";"None";"";"";"";"0.33"
"CHEMBL1907779";"";"None";"512.74";"1";"2.03";"35";"CC1(C)CNc2c(cccc2S(=O)(=O)N[C@@H](CSCCCN)C(=O)N2CCC(CCO)CC2)C1";"Ki";"'='";"1780.0";"nM";"5.75";"";"";"UO_0000065";"11.21";"0.23";"3.72";"4.61";"0";"CHEMBL817139";"Compound was evaluated for its inhibitory activity against Trypsin";"B";"BAO_0000357";"single protein format";"None";"None";"None";"None";"None";"";"";"";"CHEMBL209";"Serine protease 1";"Homo sapiens";"SINGLE PROTEIN";"CHEMBL1133232";"1";"Scientific Literature";"Bioorg Med Chem Lett";"2000";"None";"";"";"";"1.78"
"CHEMBL421643";"";"None";"560.60";"0";"1.57";"17";"CC(=O)N[C@@H](CC(C)C)C(=O)N[C@@H](CCCN=C(N)N)C(=O)c1nc2ccccc2s1.O=C(O)C(F)(F)F";"Ki";"'='";"7.0";"nM";"8.15";"";"";"UO_0000065";"18.26";"0.36";"6.58";"5.35";"0";"CHEMBL655074";"In vitro inhibition of bovine trypsin.";"B";"BAO_0000357";"single protein format";"None";"None";"None";"None";"None";"";"";"";"CHEMBL209";"Serine protease 1";"Homo sapiens";"SINGLE PROTEIN";"CHEMBL1145070";"1";"Scientific Literature";"J Med Chem";"2003";"None";"";"";"";"7.0"
"CHEMBL25698";"";"None";"494.64";"1";"5.44";"15a";"CCc1nc2cc(OC3CCN(C(C)=N)CC3)ccc2n1Cc1cccc(-c2ccc(C(=N)N)cc2)c1";"Ki";"'='";"690.0";"nM";"6.16";"";"";"UO_0000065";"12.46";"0.23";"0.72";"5.92";"0";"CHEMBL817144";"Tested in vitro for the selectivity against trypsin (Trp)";"B";"BAO_0000357";"single protein format";"None";"None";"None";"None";"None";"";"";"";"CHEMBL209";"Serine protease 1";"Homo sapiens";"SINGLE PROTEIN";"CHEMBL1135304";"1";"Scientific Literature";"Bioorg Med Chem Lett";"2002";"None";"";"";"";"690.0"
"CHEMBL7626";"";"None";"579.06";"1";"1.68";"13 (+/-)";"CS(=O)(=O)NCC1(C(=O)Nc2ccc(-c3ccccc3S(N)(=O)=O)cn2)CC(c2ccc(Cl)c(N)c2)=NO1";"Ki";"'>'";"8000.0";"nM";"";"";"";"UO_0000065";"";"";"";"";"0";"CHEMBL878974";"Inhibitory activity against trypsin using human purified enzyme";"B";"BAO_0000357";"single protein format";"None";"None";"None";"None";"None";"";"";"";"CHEMBL209";"Serine protease 1";"Homo sapiens";"SINGLE PROTEIN";"CHEMBL1145764";"1";"Scientific Literature";"Bioorg Med Chem Lett";"2003";"None";"";"";"";"8000.0"
"CHEMBL364255";"";"None";"433.55";"0";"2.53";"39";"N[C@H]1CC[C@H](CNC(=O)[C@@H]2CCCN2C(=O)C2(O)c3ccccc3-c3ccccc32)CC1";"Ki";"'='";"860.0";"nM";"6.07";"";"";"UO_0000065";"13.99";"0.26";"3.54";"6.34";"1";"CHEMBL817134";"Binding affinity against Trypsin";"B";"BAO_0000357";"single protein format";"None";"None";"None";"None";"None";"";"";"";"CHEMBL209";"Serine protease 1";"Homo sapiens";"SINGLE PROTEIN";"CHEMBL1133572";"1";"Scientific Literature";"J Med Chem";"2000";"None";"";"";"";"860.0"
"CHEMBL46618";"OTAMIXABAN";"3.0";"446.51";"0";"2.42";"9c";"COC(=O)[C@H](Cc1cccc(C(=N)N)c1)[C@@H](C)NC(=O)c1ccc(-c2cc[n+]([O-])cc2)cc1";"Ki";"'='";"301.0";"nM";"6.52";"";"";"UO_0000065";"14.61";"0.27";"4.10";"4.93";"0";"CHEMBL817811";"In vitro inhibitory potency against Trypsin";"B";"BAO_0000357";"single protein format";"Homo sapiens";"None";"None";"None";"None";"";"";"";"CHEMBL209";"Serine protease 1";"Homo sapiens";"SINGLE PROTEIN";"CHEMBL1135155";"1";"Scientific Literature";"Bioorg Med Chem Lett";"2002";"None";"";"";"";"301.0"
"CHEMBL143853";"";"None";"414.42";"0";"1.86";"13";"Cc1cnc(NCC(F)(F)c2ccccn2)c(=O)n1CC(=O)NCc1ccccn1";"Ki";"'>'";"1000000.0";"nM";"";"Outside typical range";"";"UO_0000065";"";"";"";"";"0";"CHEMBL815470";"Inhibitory constant against human trypsin";"B";"BAO_0000357";"single protein format";"None";"None";"None";"None";"None";"";"";"";"CHEMBL209";"Serine protease 1";"Homo sapiens";"SINGLE PROTEIN";"CHEMBL1145961";"1";"Scientific Literature";"J Med Chem";"2003";"None";"";"";"";"1000.0"
"CHEMBL368072";"";"None";"510.64";"1";"4.67";"18c";"CC(=N)N1CCC(Oc2ccc3cc(C(=O)N(C)C)n(Cc4ccc5ccc(C(=N)N)cc5c4)c3c2)CC1";"Ki";"'='";"90.0";"nM";"7.05";"";"";"UO_0000065";"13.80";"0.25";"2.38";"6.32";"0";"CHEMBL815755";"In vitro inhibition of bovine trypsin.";"B";"BAO_0000357";"single protein format";"None";"None";"None";"None";"None";"";"";"";"CHEMBL209";"Serine protease 1";"Homo sapiens";"SINGLE PROTEIN";"CHEMBL1133499";"1";"Scientific Literature";"Bioorg Med Chem Lett";"2000";"None";"";"";"";"90.0"
"CHEMBL522";"BENZYLAMINE";"None";"107.16";"0";"1.15";"1 (table 3)";"NCc1ccccc1";"Ki";"'='";"299916251.9";"nM";"";"Outside typical range";"";"UO_0000065";"";"";"";"";"0";"CHEMBL821444";"The compound was tested for inhibition of the proteolytic enzyme trypsin.";"B";"BAO_0000357";"single protein format";"None";"None";"None";"None";"None";"";"";"";"CHEMBL209";"Serine protease 1";"Homo sapiens";"SINGLE PROTEIN";"CHEMBL1132536";"1";"Scientific Literature";"J Med Chem";"1999";"None";"";"";"";"0.523"
"CHEMBL92277";"";"None";"270.27";"0";"2.36";"6d";"N=C(N)c1ccc2[nH]c(-c3cc(F)ccc3O)nc2c1";"Ki";"'='";"10000.0";"nM";"5.00";"";"";"UO_0000065";"18.50";"0.34";"2.64";"5.06";"0";"CHEMBL816557";"Inhibition of Human Serine Protease Trypsin.";"B";"BAO_0000357";"single protein format";"None";"None";"None";"None";"None";"";"";"";"CHEMBL209";"Serine protease 1";"Homo sapiens";"SINGLE PROTEIN";"CHEMBL1134564";"1";"Scientific Literature";"J Med Chem";"2001";"None";"";"";"";"10.0"
"CHEMBL433501";"";"None";"252.28";"0";"2.22";"6b";"N=C(N)c1ccc2[nH]c(-c3ccccc3O)nc2c1";"Ki";"'='";"23000.0";"nM";"4.64";"";"";"UO_0000065";"18.39";"0.33";"2.42";"4.70";"0";"CHEMBL816557";"Inhibition of Human Serine Protease Trypsin.";"B";"BAO_0000357";"single protein format";"None";"None";"None";"None";"None";"";"";"";"CHEMBL209";"Serine protease 1";"Homo sapiens";"SINGLE PROTEIN";"CHEMBL1134564";"1";"Scientific Literature";"J Med Chem";"2001";"None";"";"";"";"23.0"
"CHEMBL93227";"";"None";"616.62";"1";"4.42";"24";"COC(=O)CC1(C(=O)Nc2ccc(-c3ccccc3SC)cc2)CC(c2cccc(C(=N)N)c2)=NO1.O=C(O)C(F)(F)F";"Ki";"'='";"260.0";"nM";"6.58";"";"";"UO_0000065";"13.10";"0.25";"2.17";"5.19";"0";"CHEMBL824708";"The binding affinity was measured towards human purified trypsin";"B";"BAO_0000357";"single protein format";"None";"None";"None";"None";"None";"";"";"";"CHEMBL209";"Serine protease 1";"Homo sapiens";"SINGLE PROTEIN";"CHEMBL1132311";"1";"Scientific Literature";"J Med Chem";"1999";"None";"";"";"";"260.0"
"CHEMBL307479";"";"None";"720.92";"1";"3.84";"37";"CNCc1ccc(CNC(=O)N2CCN(C(=O)O[C@H]3CCC[C@@H](OC(=O)N4CCN(C(=O)NCc5ccc(CNC)cc5)CC4)CCC3)CC2)cc1";"Ki";"'>'";"1000000.0";"nM";"";"Outside typical range";"";"UO_0000065";"";"";"";"";"0";"CHEMBL824723";"Compound was evaluated for its inhibitory potency against trypsin";"B";"BAO_0000357";"single protein format";"None";"None";"None";"None";"None";"";"";"";"CHEMBL209";"Serine protease 1";"Homo sapiens";"SINGLE PROTEIN";"CHEMBL1132784";"1";"Scientific Literature";"Bioorg Med Chem Lett";"2000";"None";"";"";"";"1000.0"
"CHEMBL32531";"";"None";"441.51";"0";"1.17";"2b";"Cc1nc(N)ccc1CNC(=O)Cn1c(C)cc(S(=O)(=O)c2ccccc2)c(N)c1=O";"Ki";"'='";"500.0";"nM";"6.30";"";"";"UO_0000065";"14.27";"0.28";"5.13";"4.20";"0";"CHEMBL817816";"Inhibitory activity against human trypsin";"B";"BAO_0000357";"single protein format";"None";"None";"None";"None";"None";"";"";"";"CHEMBL209";"Serine protease 1";"Homo sapiens";"SINGLE PROTEIN";"CHEMBL1136704";"1";"Scientific Literature";"Bioorg Med Chem Lett";"2003";"None";"";"";"";"500.0"
"CHEMBL349430";"";"None";"405.50";"0";"2.41";"6";"Cc1nc(N)ccc1CNC(=O)Cn1c(C)ccc(NCCc2ccccc2)c1=O";"Ki";"'='";"4300.0";"nM";"5.37";"";"";"UO_0000065";"13.23";"0.24";"2.96";"5.26";"0";"CHEMBL816554";"Binding affinity towards trypsin was evaluated";"B";"BAO_0000357";"single protein format";"None";"None";"None";"None";"None";"";"";"";"CHEMBL209";"Serine protease 1";"Homo sapiens";"SINGLE PROTEIN";"CHEMBL1130777";"1";"Scientific Literature";"Bioorg Med Chem Lett";"1998";"None";"";"";"";"4300.0"
"CHEMBL93151";"";"None";"479.97";"0";"2.02";"1w";"N=C(N)c1ccc(O)c(CN2CC[C@H](NS(=O)(=O)c3cc4ccnc(Cl)c4s3)C2=O)c1";"Ki";"'>'";"2900.0";"nM";"";"";"";"UO_0000065";"";"";"";"";"0";"CHEMBL817137";"Binding affinity against trypsin";"B";"BAO_0000357";"single protein format";"None";"None";"None";"None";"None";"";"";"";"CHEMBL209";"Serine protease 1";"Homo sapiens";"SINGLE PROTEIN";"CHEMBL1131988";"1";"Scientific Literature";"Bioorg Med Chem Lett";"1999";"None";"";"";"";"2900.0"
"CHEMBL606950";"";"None";"645.61";"None";"None";"3";"CC(=O)N[C@H](Cc1ccccc1)C(=O)N1CCC[C@H]1C(=O)N[C@@H](CCCNc1ccnc(N)n1)B1O[C@@H]2CC3CC(C3(C)C)[C@]2(C)O1";"Ki";"";"";"nM";"";"";"Not Determined";"UO_0000065";"";"";"";"";"0";"CHEMBL812716";"Tested for selectivity against trypsin; Not determined.";"B";"BAO_0000357";"single protein format";"None";"None";"None";"None";"None";"";"";"";"CHEMBL209";"Serine protease 1";"Homo sapiens";"SINGLE PROTEIN";"CHEMBL1129866";"1";"Scientific Literature";"Bioorg Med Chem Lett";"1997";"None";"";"";"";""
"CHEMBL92988";"";"None";"422.45";"0";"1.32";"5";"COC(=O)CC1(C(=O)Nc2ccc(C(=N)N)cc2)CC(c2cccc(C(=N)N)c2)=NO1";"Ki";"'='";"480.0";"nM";"6.32";"";"";"UO_0000065";"14.96";"0.28";"5.00";"3.58";"1";"CHEMBL824708";"The binding affinity was measured towards human purified trypsin";"B";"BAO_0000357";"single protein format";"None";"None";"None";"None";"None";"";"";"";"CHEMBL209";"Serine protease 1";"Homo sapiens";"SINGLE PROTEIN";"CHEMBL1132311";"1";"Scientific Literature";"J Med Chem";"1999";"None";"";"";"";"480.0"
"CHEMBL327213";"";"None";"651.58";"1";"1.14";"31(+/-)";"COC(=O)CC1(C(=O)Nc2ncc(-c3ccccc3S(N)(=O)=O)cn2)CC(c2cccc(C(=N)N)c2)=NO1.O=C(O)C(F)(F)F";"Ki";"'='";"330.0";"nM";"6.48";"";"";"UO_0000065";"12.06";"0.23";"5.34";"3.05";"1";"CHEMBL824708";"The binding affinity was measured towards human purified trypsin";"B";"BAO_0000357";"single protein format";"None";"None";"None";"None";"None";"";"";"";"CHEMBL209";"Serine protease 1";"Homo sapiens";"SINGLE PROTEIN";"CHEMBL1132311";"1";"Scientific Literature";"J Med Chem";"1999";"None";"";"";"";"330.0"
"CHEMBL80210";"";"None";"604.71";"1";"2.37";"23";"CN(CC(=O)NCc1ccc(CN)cc1)C(=O)OCc1ccc(COC(=O)N(C)CC(=O)NCc2ccc(CN)cc2)cc1";"Ki";"'='";"50000.0";"nM";"4.30";"";"";"UO_0000065";"7.11";"0.13";"1.93";"2.54";"0";"CHEMBL824722";"Inhibitory potency against trypsin";"B";"BAO_0000357";"single protein format";"None";"None";"None";"None";"None";"";"";"";"CHEMBL209";"Serine protease 1";"Homo sapiens";"SINGLE PROTEIN";"CHEMBL1132783";"1";"Scientific Literature";"Bioorg Med Chem Lett";"2000";"None";"";"";"";"50.0"
"CHEMBL358488";"";"None";"448.50";"0";"3.45";"7c";"Cc1cc(C(=O)Nc2ccc(-c3ccccc3S(N)(=O)=O)cc2)n(-c2ccc(O)cc2)n1";"Ki";"'>'";"1500.0";"nM";"";"";"";"UO_0000065";"";"";"";"";"0";"CHEMBL817826";"Tested in vitro for inhibition of human trypsin";"B";"BAO_0000357";"single protein format";"None";"None";"None";"None";"None";"";"";"";"CHEMBL209";"Serine protease 1";"Homo sapiens";"SINGLE PROTEIN";"CHEMBL1145914";"1";"Scientific Literature";"J Med Chem";"2003";"None";"";"";"";"1500.0"
"CHEMBL492579";"";"None";"374.92";"1";"2.95";"34";"Cl.N=C(N)c1ccc(NCCCCCNc2ccc(C(=N)N)cc2)cc1";"Ki";"'='";"1400.0";"nM";"5.85";"";"";"UO_0000065";"17.30";"0.32";"2.90";"4.73";"0";"CHEMBL815012";"Inhibition of trypsin by amidase assay.";"B";"BAO_0000357";"single protein format";"None";"None";"None";"None";"None";"";"";"";"CHEMBL209";"Serine protease 1";"Homo sapiens";"SINGLE PROTEIN";"CHEMBL1124749";"1";"Scientific Literature";"J Med Chem";"1990";"None";"";"";"";"1.4"
"CHEMBL151826";"";"None";"276.34";"0";"3.55";"22 (table 3)";"NCc1ccc(C(=O)Nc2cccc3ccccc23)cc1";"Ki";"'='";"100000000.0";"nM";"";"Outside typical range";"";"UO_0000065";"";"";"";"";"0";"CHEMBL821444";"The compound was tested for inhibition of the proteolytic enzyme trypsin.";"B";"BAO_0000357";"single protein format";"None";"None";"None";"None";"None";"";"";"";"CHEMBL209";"Serine protease 1";"Homo sapiens";"SINGLE PROTEIN";"CHEMBL1132536";"1";"Scientific Literature";"J Med Chem";"1999";"None";"";"";"";"1.0"
"CHEMBL111575";"";"None";"373.46";"0";"4.70";"34e";"N=C(N)c1ccc2cc(C(=O)Nc3cccc(OC4CCCC4)c3)ccc2c1";"Ki";"'='";"56.0";"nM";"7.25";"";"";"UO_0000065";"19.42";"0.35";"2.55";"8.22";"0";"CHEMBL819934";"Binding affinity against porcine trypsin was determined.";"B";"BAO_0000357";"single protein format";"Sus scrofa";"None";"None";"None";"None";"";"";"";"CHEMBL209";"Serine protease 1";"Homo sapiens";"SINGLE PROTEIN";"CHEMBL1148377";"1";"Scientific Literature";"J Med Chem";"2004";"None";"";"";"";"56.0"
"CHEMBL111567";"";"None";"344.42";"0";"3.02";"56b";"N=C(N)c1ccc2cc(C(=O)Nc3ccc4c(c3)CCNC4)ccc2c1";"Ki";"'='";"92.0";"nM";"7.04";"";"";"UO_0000065";"20.43";"0.37";"4.02";"7.73";"0";"CHEMBL819934";"Binding affinity against porcine trypsin was determined.";"B";"BAO_0000357";"single protein format";"Sus scrofa";"None";"None";"None";"None";"";"";"";"CHEMBL209";"Serine protease 1";"Homo sapiens";"SINGLE PROTEIN";"CHEMBL1148377";"1";"Scientific Literature";"J Med Chem";"2004";"None";"";"";"";"92.0"
"CHEMBL118077";"";"None";"428.96";"0";"2.02";"30";"NCCc1ccc(Cl)cc1CNC(=O)[C@@H]1CCCN1C(=O)[C@H](N)Cc1ccccc1";"Ki";"'='";"252000.0";"nM";"";"Outside typical range";"";"UO_0000065";"";"";"";"";"0";"CHEMBL818017";"Inhibitory constant evaluated against trypsin";"B";"BAO_0000357";"single protein format";"None";"None";"None";"None";"None";"";"";"";"CHEMBL209";"Serine protease 1";"Homo sapiens";"SINGLE PROTEIN";"CHEMBL1136286";"1";"Scientific Literature";"Bioorg Med Chem Lett";"2003";"None";"";"";"";"252000.0"
"CHEMBL48029";"";"None";"304.39";"0";"4.32";"6";"c1ccc(COc2ccc(CCNc3ccncc3)cc2)cc1";"Ki";"'='";"568000.0";"nM";"";"Outside typical range";"";"UO_0000065";"";"";"";"";"0";"CHEMBL816556";"Compound was evaluated for its inhibitory activity against trypsin";"B";"BAO_0000357";"single protein format";"None";"None";"None";"None";"None";"";"";"";"CHEMBL209";"Serine protease 1";"Homo sapiens";"SINGLE PROTEIN";"CHEMBL1131365";"1";"Scientific Literature";"Bioorg Med Chem Lett";"1998";"None";"";"";"";"568.0"
"CHEMBL147132";"";"None";"480.52";"0";"3.90";"6f";"COc1ccc(-n2nc(C)cc2C(=O)Nc2ccc(-c3ccccc3S(N)(=O)=O)cc2F)cc1";"Ki";"'>'";"1500.0";"nM";"";"";"";"UO_0000065";"";"";"";"";"0";"CHEMBL817826";"Tested in vitro for inhibition of human trypsin";"B";"BAO_0000357";"single protein format";"None";"None";"None";"None";"None";"";"";"";"CHEMBL209";"Serine protease 1";"Homo sapiens";"SINGLE PROTEIN";"CHEMBL1145914";"1";"Scientific Literature";"J Med Chem";"2003";"None";"";"";"";"1500.0"
"CHEMBL92609";"";"None";"592.56";"0";"2.20";"64";"CC1(C(=O)Nc2ccc(-c3ccccc3S(N)(=O)=O)cn2)CC(c2cccc(C(=N)N)c2)=NO1.O=C(O)C(F)(F)F";"Ki";"'='";"41.0";"nM";"7.39";"";"";"UO_0000065";"15.44";"0.30";"5.19";"4.26";"0";"CHEMBL824706";"Binding affinity towards trypsin obtained from human purified enzymes";"B";"BAO_0000357";"single protein format";"None";"None";"None";"None";"None";"";"";"";"CHEMBL209";"Serine protease 1";"Homo sapiens";"SINGLE PROTEIN";"CHEMBL1132652";"1";"Scientific Literature";"J Med Chem";"1999";"None";"";"";"";"41.0"
"CHEMBL81056";"";"None";"458.60";"0";"3.13";"2";"N=C(N)c1ccc(OCC[C@@H]2CCCCN2C(=O)[C@@H](CC2CCCCC2)NCC(=O)O)cc1";"Ki";"'='";"89.0";"nM";"7.05";"";"";"UO_0000065";"15.37";"0.29";"3.92";"5.48";"0";"CHEMBL817823";"In vitro inhibition of human trypsin.";"B";"BAO_0000357";"single protein format";"None";"None";"None";"None";"None";"";"";"";"CHEMBL209";"Serine protease 1";"Homo sapiens";"SINGLE PROTEIN";"CHEMBL1135990";"1";"Scientific Literature";"J Med Chem";"2002";"None";"";"";"";"89.0"
"CHEMBL334257";"";"None";"495.65";"0";"3.60";"2b";"COc1ccc2cc(S(=O)(=O)NC(Cc3ccc(CN)cc3)C(=O)N(C)C3CCCC3)ccc2c1";"Ki";"'='";"14200.0";"nM";"4.85";"";"";"UO_0000065";"9.78";"0.19";"1.25";"4.77";"0";"CHEMBL818017";"Inhibitory constant evaluated against trypsin";"B";"BAO_0000357";"single protein format";"None";"None";"None";"None";"None";"";"";"";"CHEMBL209";"Serine protease 1";"Homo sapiens";"SINGLE PROTEIN";"CHEMBL1136286";"1";"Scientific Literature";"Bioorg Med Chem Lett";"2003";"None";"";"";"";"14200.0"
"CHEMBL307637";"";"None";"658.80";"2";"1.86";"12";"N=C(N)Nc1ccc(CNC(=O)N2CCN(C(=O)O[C@H]3CCC[C@@H](OC(=O)N4CCN(C(=O)NCCCN)CC4)CCC3)CC2)cc1";"Ki";"'='";"138000.0";"nM";"";"Outside typical range";"";"UO_0000065";"";"";"";"";"0";"CHEMBL824723";"Compound was evaluated for its inhibitory potency against trypsin";"B";"BAO_0000357";"single protein format";"None";"None";"None";"None";"None";"";"";"";"CHEMBL209";"Serine protease 1";"Homo sapiens";"SINGLE PROTEIN";"CHEMBL1132784";"1";"Scientific Literature";"Bioorg Med Chem Lett";"2000";"None";"";"";"";"138.0"
"CHEMBL311043";"";"None";"712.90";"2";"2.90";"16";"N=C(N)Nc1ccc(CNC(=O)N2CCN(C(=O)O[C@H]3CCC[C@@H](OC(=O)N4CCN(C(=O)NCCC5CCNCC5)CC4)CCC3)CC2)cc1";"Ki";"'='";"121000.0";"nM";"";"Outside typical range";"";"UO_0000065";"";"";"";"";"0";"CHEMBL824723";"Compound was evaluated for its inhibitory potency against trypsin";"B";"BAO_0000357";"single protein format";"None";"None";"None";"None";"None";"";"";"";"CHEMBL209";"Serine protease 1";"Homo sapiens";"SINGLE PROTEIN";"CHEMBL1132784";"1";"Scientific Literature";"Bioorg Med Chem Lett";"2000";"None";"";"";"";"121.0"
"CHEMBL92523";"";"None";"577.54";"0";"2.42";"50";"N=C(N)c1cccc(C2=NOC(C(=O)Nc3ccc(-c4ccccc4S(N)(=O)=O)cc3)C2)c1.O=C(O)C(F)(F)F";"Ki";"'='";"83.0";"nM";"7.08";"";"";"UO_0000065";"15.28";"0.29";"4.66";"4.41";"0";"CHEMBL824706";"Binding affinity towards trypsin obtained from human purified enzymes";"B";"BAO_0000357";"single protein format";"None";"None";"None";"None";"None";"";"";"";"CHEMBL209";"Serine protease 1";"Homo sapiens";"SINGLE PROTEIN";"CHEMBL1132652";"1";"Scientific Literature";"J Med Chem";"1999";"None";"";"";"";"83.0"
"CHEMBL328577";"";"None";"637.60";"1";"1.61";"59";"CCOCC1(C(=O)Nc2ncc(-c3ccccc3S(N)(=O)=O)cn2)CC(c2cccc(C(=N)N)c2)=NO1.O=C(O)C(F)(F)F";"Ki";"'='";"330.0";"nM";"6.48";"";"";"UO_0000065";"12.38";"0.24";"4.87";"3.31";"0";"CHEMBL824706";"Binding affinity towards trypsin obtained from human purified enzymes";"B";"BAO_0000357";"single protein format";"None";"None";"None";"None";"None";"";"";"";"CHEMBL209";"Serine protease 1";"Homo sapiens";"SINGLE PROTEIN";"CHEMBL1132652";"1";"Scientific Literature";"J Med Chem";"1999";"None";"";"";"";"330.0"
"CHEMBL424545";"";"None";"396.54";"0";"2.45";"2";"Cc1ccc(NCCc2ccccc2)c(=O)n1CC(=O)NC[C@H]1CC[C@H](N)CC1";"Ki";"'='";"2200.0";"nM";"5.66";"";"";"UO_0000065";"14.27";"0.27";"3.21";"6.35";"0";"CHEMBL818184";"Binding affinity against human trypsin";"B";"BAO_0000357";"single protein format";"None";"None";"None";"None";"None";"";"";"";"CHEMBL209";"Serine protease 1";"Homo sapiens";"SINGLE PROTEIN";"CHEMBL1130452";"1";"Scientific Literature";"Bioorg Med Chem Lett";"1997";"None";"";"";"";"2200.0"
"CHEMBL302064";"";"None";"374.44";"0";"3.10";"3h";"N=C(N)c1ccc(O)c(CCCNC(=O)c2ccc(-c3cccnc3)cc2)c1";"Ki";"'='";"1900.0";"nM";"5.72";"";"";"UO_0000065";"15.28";"0.28";"2.62";"5.10";"0";"CHEMBL817143";"In vitro inhibition of trypsin.";"B";"BAO_0000357";"single protein format";"None";"None";"None";"None";"None";"";"";"";"CHEMBL209";"Serine protease 1";"Homo sapiens";"SINGLE PROTEIN";"CHEMBL1133371";"1";"Scientific Literature";"Bioorg Med Chem Lett";"2000";"None";"";"";"";"1900.0"
"CHEMBL12506";"";"None";"569.70";"1";"3.30";"17";"Nc1ccc([C@H](NS(=O)(=O)c2cnccc2N[C@H](CO)Cc2ccccc2)C(=O)N2CCC(CCF)CC2)cc1";"Ki";"'='";"25180.0";"nM";"4.60";"";"";"UO_0000065";"8.07";"0.16";"1.30";"3.34";"0";"CHEMBL819275";"Binding affinity was evaluated against human trypsin";"B";"BAO_0000357";"single protein format";"None";"None";"None";"None";"None";"";"";"";"CHEMBL209";"Serine protease 1";"Homo sapiens";"SINGLE PROTEIN";"CHEMBL1131676";"1";"Scientific Literature";"Bioorg Med Chem Lett";"1999";"None";"";"";"";"25.18"
"CHEMBL606952";"";"None";"647.65";"None";"None";"5";"CC(=O)N[C@H](Cc1ccccc1)C(=O)N1CCC[C@H]1C(=O)N[C@@H](CCCSc1ncccn1)B1O[C@@H]2CC3CC(C3(C)C)[C@]2(C)O1";"Ki";"'>'";"1200.0";"nM";"";"";"";"UO_0000065";"";"";"";"";"0";"CHEMBL812715";"Tested for selectivity against trypsin";"B";"BAO_0000357";"single protein format";"None";"None";"None";"None";"None";"";"";"";"CHEMBL209";"Serine protease 1";"Homo sapiens";"SINGLE PROTEIN";"CHEMBL1129866";"1";"Scientific Literature";"Bioorg Med Chem Lett";"1997";"None";"";"";"";"1200.0"
"CHEMBL47486";"";"None";"366.46";"1";"5.86";"9";"c1ccc(C(Oc2ccc(CNc3ccncc3)cc2)c2ccccc2)cc1";"Ki";"'='";"77000.0";"nM";"4.11";"";"";"UO_0000065";"11.22";"0.20";"-1.75";"12.05";"0";"CHEMBL816556";"Compound was evaluated for its inhibitory activity against trypsin";"B";"BAO_0000357";"single protein format";"None";"None";"None";"None";"None";"";"";"";"CHEMBL209";"Serine protease 1";"Homo sapiens";"SINGLE PROTEIN";"CHEMBL1131365";"1";"Scientific Literature";"Bioorg Med Chem Lett";"1998";"None";"";"";"";"77.0"
"CHEMBL160944";"";"None";"293.33";"1";"-1.98";"6";"N=C(N)c1ccc(CNC(=O)CNC(=O)[C@H](N)CO)cc1";"Ki";"'='";"6900.0";"nM";"5.16";"";"";"UO_0000065";"17.60";"0.34";"7.14";"3.34";"0";"CHEMBL811611";"In vitro inhibition of trypsin.";"B";"BAO_0000357";"single protein format";"None";"None";"None";"None";"None";"";"";"";"CHEMBL209";"Serine protease 1";"Homo sapiens";"SINGLE PROTEIN";"CHEMBL1135855";"1";"Scientific Literature";"Bioorg Med Chem Lett";"2002";"None";"";"";"";"6.9"
"CHEMBL430526";"";"None";"539.66";"1";"1.48";"37, UK-156406";"CC1=CCN(C(=O)[C@H](Cc2ccc(C(=N)N)cc2)NS(=O)(=O)c2ccc3c(c2)CN(C)CC3)[C@@H](C(=O)O)C1";"Ki";"'='";"0.46";"nM";"9.34";"";"";"UO_0000065";"17.30";"0.34";"7.86";"5.95";"0";"CHEMBL817134";"Binding affinity against Trypsin";"B";"BAO_0000357";"single protein format";"None";"None";"None";"None";"None";"";"";"";"CHEMBL209";"Serine protease 1";"Homo sapiens";"SINGLE PROTEIN";"CHEMBL1133572";"1";"Scientific Literature";"J Med Chem";"2000";"None";"";"";"";"0.46"
"CHEMBL317590";"";"None";"364.41";"0";"1.78";"6";"N=C(N)c1ccc(C2=NOC(CC(=O)Nc3cccc(C(=N)N)c3)C2)cc1";"Ki";"'='";"510.0";"nM";"6.29";"";"";"UO_0000065";"17.27";"0.32";"4.51";"4.18";"0";"CHEMBL879096";"The compound was evaluated for inhibitory activity against Trypsin";"B";"BAO_0000357";"single protein format";"None";"None";"None";"None";"None";"";"";"";"CHEMBL209";"Serine protease 1";"Homo sapiens";"SINGLE PROTEIN";"CHEMBL1129218";"1";"Scientific Literature";"Bioorg Med Chem Lett";"1997";"None";"";"";"";"0.51"
"CHEMBL34614";"";"None";"446.53";"0";"0.68";"4c";"Cc1nc(N)ccc1CNC(=O)Cn1c(C)cc2c(c1=O)NCN(C1CCC1)S2(=O)=O";"Ki";"'='";"6300.0";"nM";"5.20";"";"";"UO_0000065";"11.65";"0.23";"4.52";"3.73";"0";"CHEMBL817816";"Inhibitory activity against human trypsin";"B";"BAO_0000357";"single protein format";"None";"None";"None";"None";"None";"";"";"";"CHEMBL209";"Serine protease 1";"Homo sapiens";"SINGLE PROTEIN";"CHEMBL1136704";"1";"Scientific Literature";"Bioorg Med Chem Lett";"2003";"None";"";"";"";"6300.0"
"CHEMBL41947";"";"None";"509.63";"1";"3.82";"7l";"COc1ccc2cc(S(=O)(=O)NN(Cc3cccc(C(=N)N)c3)C(=O)N3CCCCCC3)ccc2c1";"Ki";"'='";"53.0";"nM";"7.28";"";"";"UO_0000065";"14.28";"0.28";"3.46";"5.65";"0";"CHEMBL815009";"In vitro inhibition of trypsin";"B";"BAO_0000357";"single protein format";"None";"None";"None";"None";"None";"";"";"";"CHEMBL209";"Serine protease 1";"Homo sapiens";"SINGLE PROTEIN";"CHEMBL1137966";"1";"Scientific Literature";"Bioorg Med Chem Lett";"2004";"None";"";"";"";"0.053"
"CHEMBL267438";"";"None";"543.99";"1";"1.80";"25 (+)";"NC(=O)NCC1(C(=O)Nc2ccc(-c3ccccc3S(N)(=O)=O)cn2)CC(c2ccc(Cl)c(N)c2)=NO1";"Ki";"'>'";"6000.0";"nM";"";"";"";"UO_0000065";"";"";"";"";"0";"CHEMBL878974";"Inhibitory activity against trypsin using human purified enzyme";"B";"BAO_0000357";"single protein format";"None";"None";"None";"None";"None";"";"";"";"CHEMBL209";"Serine protease 1";"Homo sapiens";"SINGLE PROTEIN";"CHEMBL1145764";"1";"Scientific Literature";"Bioorg Med Chem Lett";"2003";"None";"";"";"";"6000.0"
"CHEMBL348441";"";"None";"514.53";"1";"4.67";"40b";"CS(=O)(=O)c1ccccc1-c1ccc(NC(=O)c2cc(C(F)(F)F)nn2-c2ccccc2CN)cc1";"Ki";"'>'";"1600.0";"nM";"";"";"";"UO_0000065";"";"";"";"";"0";"CHEMBL817826";"Tested in vitro for inhibition of human trypsin";"B";"BAO_0000357";"single protein format";"None";"None";"None";"None";"None";"";"";"";"CHEMBL209";"Serine protease 1";"Homo sapiens";"SINGLE PROTEIN";"CHEMBL1145914";"1";"Scientific Literature";"J Med Chem";"2003";"None";"";"";"";"1600.0"
"CHEMBL119779";"";"None";"440.53";"0";"2.00";"20";"Cc1ccc(NS(=O)(=O)Cc2ccccc2)c(=O)n1CC(=O)NCc1ccccc1N";"Ki";"'>'";"1000000.0";"nM";"";"Outside typical range";"";"UO_0000065";"";"";"";"";"0";"CHEMBL818017";"Inhibitory constant evaluated against trypsin";"B";"BAO_0000357";"single protein format";"None";"None";"None";"None";"None";"";"";"";"CHEMBL209";"Serine protease 1";"Homo sapiens";"SINGLE PROTEIN";"CHEMBL1136286";"1";"Scientific Literature";"Bioorg Med Chem Lett";"2003";"None";"";"";"";"1000000.0"
"CHEMBL319206";"";"None";"638.52";"1";"4.72";"20";"COC(=O)CC1(C(=O)Nc2ccc(-c3ccccc3C(F)(F)F)cc2)CC(c2cccc(C(=N)N)c2)=NO1.O=C(O)C(F)(F)F";"Ki";"'='";"230.0";"nM";"6.64";"";"";"UO_0000065";"12.66";"0.24";"1.92";"5.23";"0";"CHEMBL824708";"The binding affinity was measured towards human purified trypsin";"B";"BAO_0000357";"single protein format";"None";"None";"None";"None";"None";"";"";"";"CHEMBL209";"Serine protease 1";"Homo sapiens";"SINGLE PROTEIN";"CHEMBL1132311";"1";"Scientific Literature";"J Med Chem";"1999";"None";"";"";"";"230.0"
"CHEMBL3642856";"";"None";"401.38";"0";"0.75";"BDBM109582";"C/C(=C\c1ccc(C(=O)Oc2ccc(C(=N)N)cc2)o1)C(=O)N[C@@H](CO)C(=O)O";"Ki";"'='";"0.52";"nM";"9.28";"";"230077";"UO_0000065";"23.13";"0.44";"8.53";"5.28";"0";"CHEMBL3705715";"Inhibition Assay: Inhibition assay using human trysin.";"B";"BAO_0000357";"single protein format";"Homo sapiens";"None";"None";"None";"None";"";"";"";"CHEMBL209";"Serine protease 1";"Homo sapiens";"SINGLE PROTEIN";"CHEMBL3638962";"37";"BindingDB Patent Bioactivity Data";"";"2013";"None";"";"";"";"0.52"
"CHEMBL149260";"";"None";"534.49";"1";"4.61";"13c";"COc1ccc(-n2nc(C(F)(F)F)cc2C(=O)Nc2ccc(-c3ccccc3S(N)(=O)=O)cc2F)cc1";"Ki";"";"";"";"";"";"Not Determined";"";"";"";"";"";"0";"CHEMBL817827";"Tested in vitro for inhibition of human trypsin; Not tested";"B";"BAO_0000357";"single protein format";"None";"None";"None";"None";"None";"";"";"";"CHEMBL209";"Serine protease 1";"Homo sapiens";"SINGLE PROTEIN";"CHEMBL1145914";"1";"Scientific Literature";"J Med Chem";"2003";"None";"";"";"";""
"CHEMBL109228";"";"None";"453.59";"0";"1.27";"17";"CCCS(=O)(=O)Nc1ccc(C)n(CC(=O)NCC2CCc3nc(N)sc3C2)c1=O";"Ki";"";"";"nM";"";"";"Not Determined";"UO_0000065";"";"";"";"";"0";"CHEMBL815014";"Inhibitory activity of compound against Trypsin; ND=Not determined";"B";"BAO_0000357";"single protein format";"None";"None";"None";"None";"None";"";"";"";"CHEMBL209";"Serine protease 1";"Homo sapiens";"SINGLE PROTEIN";"CHEMBL1146655";"1";"Scientific Literature";"Bioorg Med Chem Lett";"2004";"None";"";"";"";""
"CHEMBL315218";"";"None";"476.56";"0";"3.06";"2a";"COc1ccc2ccc(S(=O)(=O)N[C@H]3CCN(Cc4ccc5ccnc(N)c5c4)C3=O)cc2c1";"Ki";"'>'";"2900.0";"nM";"";"";"";"UO_0000065";"";"";"";"";"0";"CHEMBL811783";"In vitro evaluation of inhibitory activity against trypsin";"B";"BAO_0000357";"single protein format";"None";"None";"None";"None";"None";"";"";"";"CHEMBL209";"Serine protease 1";"Homo sapiens";"SINGLE PROTEIN";"CHEMBL1132509";"1";"Scientific Literature";"Bioorg Med Chem Lett";"1999";"None";"";"";"";"2.9"
"CHEMBL173765";"";"None";"390.49";"0";"2.90";"11";"N=C(N)c1ccc2c(ccn2CC(=O)N2CCC(C(O)c3ccccc3)CC2)c1";"Ki";"'>'";"15000.0";"nM";"";"";"";"UO_0000065";"";"";"";"";"0";"CHEMBL812713";"Inhibitory activity against trypsin";"B";"BAO_0000357";"single protein format";"None";"None";"None";"None";"None";"";"";"";"CHEMBL209";"Serine protease 1";"Homo sapiens";"SINGLE PROTEIN";"CHEMBL1131664";"1";"Scientific Literature";"Bioorg Med Chem Lett";"1999";"None";"";"";"";"15000.0"
"CHEMBL298256";"";"None";"718.86";"2";"2.97";"30";"N=C(N)c1ccc(CNC(=O)N2CCN(C(=O)O[C@H]3CCC[C@@H](OC(=O)N4CCN(C(=O)NCc5ccc(C(=N)N)cc5)CC4)CCC3)CC2)cc1";"Ki";"'='";"25000.0";"nM";"4.60";"";"";"UO_0000065";"6.40";"0.12";"1.63";"2.06";"0";"CHEMBL824723";"Compound was evaluated for its inhibitory potency against trypsin";"B";"BAO_0000357";"single protein format";"None";"None";"None";"None";"None";"";"";"";"CHEMBL209";"Serine protease 1";"Homo sapiens";"SINGLE PROTEIN";"CHEMBL1132784";"1";"Scientific Literature";"Bioorg Med Chem Lett";"2000";"None";"";"";"";"25.0"
"CHEMBL19080";"L-375378";"None";"406.49";"0";"1.81";"3";"Cc1nc(N)ccc1CNC(=O)Cn1c(C)cnc(NCCc2ccccc2)c1=O";"Ki";"'='";"1800.0";"nM";"5.75";"";"";"UO_0000065";"14.13";"0.26";"3.93";"5.00";"0";"CHEMBL817818";"Inhibitory activity against trypsin was determined";"B";"BAO_0000357";"single protein format";"None";"None";"None";"None";"None";"";"";"";"CHEMBL209";"Serine protease 1";"Homo sapiens";"SINGLE PROTEIN";"CHEMBL1131169";"1";"Scientific Literature";"J Med Chem";"1998";"None";"";"";"";"1800.0"
"CHEMBL115643";"";"None";"446.57";"0";"1.73";"1b";"Cc1ccc(NS(=O)(=O)Cc2ccccc2)c(=O)n1CC(=O)NC[C@H]1CC[C@H](N)CC1";"Ki";"'='";"3000.0";"nM";"5.52";"";"";"UO_0000065";"12.37";"0.24";"3.79";"4.48";"1";"CHEMBL818017";"Inhibitory constant evaluated against trypsin";"B";"BAO_0000357";"single protein format";"None";"None";"None";"None";"None";"";"";"";"CHEMBL209";"Serine protease 1";"Homo sapiens";"SINGLE PROTEIN";"CHEMBL1136286";"1";"Scientific Literature";"Bioorg Med Chem Lett";"2003";"None";"";"";"";"3000.0"
"CHEMBL318112";"";"None";"636.61";"1";"2.22";"66";"CCOCC1(C(=O)Nc2ccc(-c3ccccc3S(N)(=O)=O)cn2)CC(c2cccc(C(=N)N)c2)=NO1.O=C(O)C(F)(F)F";"Ki";"'='";"40.0";"nM";"7.40";"";"";"UO_0000065";"14.16";"0.27";"5.18";"4.05";"0";"CHEMBL824706";"Binding affinity towards trypsin obtained from human purified enzymes";"B";"BAO_0000357";"single protein format";"None";"None";"None";"None";"None";"";"";"";"CHEMBL209";"Serine protease 1";"Homo sapiens";"SINGLE PROTEIN";"CHEMBL1132652";"1";"Scientific Literature";"J Med Chem";"1999";"None";"";"";"";"40.0"
"CHEMBL323310";"";"None";"677.60";"1";"1.61";"76";"N=C(N)c1cccc(C2=NOC(Cn3cnnn3)(C(=O)Nc3ccc(-c4ccccc4S(N)(=O)=O)cc3F)C2)c1.O=C(O)C(F)(F)F";"Ki";"'='";"110.0";"nM";"6.96";"";"";"UO_0000065";"12.35";"0.24";"5.35";"3.41";"0";"CHEMBL824706";"Binding affinity towards trypsin obtained from human purified enzymes";"B";"BAO_0000357";"single protein format";"None";"None";"None";"None";"None";"";"";"";"CHEMBL209";"Serine protease 1";"Homo sapiens";"SINGLE PROTEIN";"CHEMBL1132652";"1";"Scientific Literature";"J Med Chem";"1999";"None";"";"";"";"110.0"
"CHEMBL417020";"";"None";"464.32";"0";"4.88";"9";"N=C(N)c1ccc2[nH]c(-c3cc(C(=O)O)cc(Br)c3O)c(Cc3ccccc3)c2c1";"Ki";"'='";"440.0";"nM";"6.36";"";"";"UO_0000065";"13.69";"0.29";"1.48";"5.16";"0";"CHEMBL874090";"Inhibitory activity against trypsin in human plasma";"B";"BAO_0000366";"cell-free format";"None";"CHEMBL3559721";"Plasma";"None";"None";"";"";"";"CHEMBL209";"Serine protease 1";"Homo sapiens";"SINGLE PROTEIN";"CHEMBL1134132";"1";"Scientific Literature";"Bioorg Med Chem Lett";"2001";"None";"";"";"";"0.44"
"CHEMBL352144";"";"None";"400.48";"0";"3.07";"20";"Cc1ccc(CNC(=O)[C@H](NC(=O)c2cccc(C(=N)N)c2)c2ccccc2)cc1";"Ki";"'='";"4900.0";"nM";"5.31";"";"";"UO_0000065";"13.26";"0.24";"2.24";"4.91";"0";"CHEMBL818185";"Binding affinity against human trypsin";"B";"BAO_0000357";"single protein format";"None";"None";"None";"None";"None";"";"";"";"CHEMBL209";"Serine protease 1";"Homo sapiens";"SINGLE PROTEIN";"CHEMBL1134227";"1";"Scientific Literature";"Bioorg Med Chem Lett";"2001";"None";"";"";"";"4.9"
"CHEMBL54093";"";"None";"279.34";"0";"3.44";"4";"Cc1cc(C)c(O)c(-c2cc3cc(C(=N)N)ccc3[nH]2)c1";"Ki";"'='";"5000.0";"nM";"5.30";"";"";"UO_0000065";"18.98";"0.34";"1.86";"6.17";"0";"CHEMBL874090";"Inhibitory activity against trypsin in human plasma";"B";"BAO_0000366";"cell-free format";"None";"CHEMBL3559721";"Plasma";"None";"None";"";"";"";"CHEMBL209";"Serine protease 1";"Homo sapiens";"SINGLE PROTEIN";"CHEMBL1134132";"1";"Scientific Literature";"Bioorg Med Chem Lett";"2001";"None";"";"";"";"5.0"
"CHEMBL299009";"";"None";"492.37";"1";"5.20";"12";"N=C(N)c1ccc2[nH]c(-c3cc(CCC(=O)O)cc(Br)c3O)c(Cc3ccccc3)c2c1";"Ki";"'='";"600.0";"nM";"6.22";"";"";"UO_0000065";"12.64";"0.27";"1.02";"5.05";"0";"CHEMBL874090";"Inhibitory activity against trypsin in human plasma";"B";"BAO_0000366";"cell-free format";"None";"CHEMBL3559721";"Plasma";"None";"None";"";"";"";"CHEMBL209";"Serine protease 1";"Homo sapiens";"SINGLE PROTEIN";"CHEMBL1134132";"1";"Scientific Literature";"Bioorg Med Chem Lett";"2001";"None";"";"";"";"0.6"
"CHEMBL147399";"";"None";"235.33";"0";"2.88";"13 (table 3)";"CCCCCCOC(=O)c1ccc(CN)cc1";"Ki";"'='";"299916251.9";"nM";"";"Outside typical range";"";"UO_0000065";"";"";"";"";"0";"CHEMBL858270";"Inhibition of trypsin";"B";"BAO_0000357";"single protein format";"None";"None";"None";"None";"None";"";"";"";"CHEMBL209";"Serine protease 1";"Homo sapiens";"SINGLE PROTEIN";"CHEMBL1132536";"1";"Scientific Literature";"J Med Chem";"1999";"None";"";"";"";"0.523"
"CHEMBL45000";"";"None";"429.52";"0";"3.79";"1";"COC(=O)[C@H](Cc1cccc(C(=N)N)c1)[C@@H](C)NC(=O)c1ccc(-c2ccccc2)cc1";"Ki";"'='";"69.0";"nM";"7.16";"";"";"UO_0000065";"16.67";"0.31";"3.37";"6.80";"1";"CHEMBL817811";"In vitro inhibitory potency against Trypsin";"B";"BAO_0000357";"single protein format";"Homo sapiens";"None";"None";"None";"None";"";"";"";"CHEMBL209";"Serine protease 1";"Homo sapiens";"SINGLE PROTEIN";"CHEMBL1135155";"1";"Scientific Literature";"Bioorg Med Chem Lett";"2002";"None";"";"";"";"69.0"
"CHEMBL45648";"";"None";"289.38";"0";"4.44";"4";"Nc1ccc(Cc2ccc(OCc3ccccc3)cc2)cc1";"Ki";"'>'";"10000.0";"nM";"";"";"";"UO_0000065";"";"";"";"";"0";"CHEMBL816556";"Compound was evaluated for its inhibitory activity against trypsin";"B";"BAO_0000357";"single protein format";"None";"None";"None";"None";"None";"";"";"";"CHEMBL209";"Serine protease 1";"Homo sapiens";"SINGLE PROTEIN";"CHEMBL1131365";"1";"Scientific Literature";"Bioorg Med Chem Lett";"1998";"None";"";"";"";"10.0"
"CHEMBL41220";"";"None";"465.58";"0";"3.43";"7a";"N=C(N)c1ccc(CN(NS(=O)(=O)c2ccc3ccccc3c2)C(=O)N2CCCCC2)cc1";"Ki";"'='";"13000.0";"nM";"4.89";"";"";"UO_0000065";"10.49";"0.20";"1.46";"4.09";"0";"CHEMBL815009";"In vitro inhibition of trypsin";"B";"BAO_0000357";"single protein format";"None";"None";"None";"None";"None";"";"";"";"CHEMBL209";"Serine protease 1";"Homo sapiens";"SINGLE PROTEIN";"CHEMBL1137966";"1";"Scientific Literature";"Bioorg Med Chem Lett";"2004";"None";"";"";"";"13.0"
"CHEMBL180105";"";"None";"454.55";"0";"3.54";"7";"COc1cc(CNc2ccc(C(=N)N)cc2)c(NS(C)(=O)=O)cc1OCc1ccccc1";"Ki";"'='";"400.0";"nM";"6.40";"";"";"UO_0000065";"14.08";"0.27";"2.86";"5.06";"0";"CHEMBL828075";"The value of binding constant measured against human trypsin";"B";"BAO_0000357";"single protein format";"Homo sapiens";"None";"None";"None";"None";"";"";"";"CHEMBL209";"Serine protease 1";"Homo sapiens";"SINGLE PROTEIN";"CHEMBL1144307";"1";"Scientific Literature";"Bioorg Med Chem Lett";"2005";"None";"";"";"";"0.4"
"CHEMBL347586";"";"None";"338.41";"0";"2.45";"24";"N=C(N)c1ccc(CCC(CC(=O)O)c2cccc(C(=N)N)c2)cc1";"Ki";"'>'";"1200.0";"nM";"";"";"";"UO_0000065";"";"";"";"";"0";"CHEMBL811612";"In vitro inhibition of trypsin";"B";"BAO_0000357";"single protein format";"None";"None";"None";"None";"None";"";"";"";"CHEMBL209";"Serine protease 1";"Homo sapiens";"SINGLE PROTEIN";"CHEMBL1131205";"1";"Scientific Literature";"J Med Chem";"1998";"None";"";"";"";"1200.0"
"CHEMBL1204160";"";"None";"362.87";"1";"0.94";"44";"Cl.N=C(N)c1ccc(NCCNc2ccc(C(=N)N)cc2N)c(N)c1";"Ki";"'='";"12700.0";"nM";"4.90";"";"";"UO_0000065";"15.00";"0.28";"3.96";"2.78";"0";"CHEMBL815012";"Inhibition of trypsin by amidase assay.";"B";"BAO_0000357";"single protein format";"None";"None";"None";"None";"None";"";"";"";"CHEMBL209";"Serine protease 1";"Homo sapiens";"SINGLE PROTEIN";"CHEMBL1124749";"1";"Scientific Literature";"J Med Chem";"1990";"None";"";"";"";"12.7"
"CHEMBL46809";"";"None";"748.89";"2";"3.02";"27";"N=C(N)Nc1ccc(CNC(=O)N2CCN(C(=O)O[C@H]3CCC[C@@H](OC(=O)N4CCN(C(=O)NCc5ccc(NC(=N)N)cc5)CC4)CCC3)CC2)cc1";"Ki";"'='";"39000.0";"nM";"4.41";"";"";"UO_0000065";"5.89";"0.11";"1.39";"1.78";"1";"CHEMBL824722";"Inhibitory potency against trypsin";"B";"BAO_0000357";"single protein format";"None";"None";"None";"None";"None";"";"";"";"CHEMBL209";"Serine protease 1";"Homo sapiens";"SINGLE PROTEIN";"CHEMBL1132783";"1";"Scientific Literature";"Bioorg Med Chem Lett";"2000";"None";"";"";"";"39.0"
"CHEMBL7928";"";"None";"642.12";"1";"2.51";"18 (+/-)";"Nc1cc(C2=NOC(CNS(=O)(=O)c3cccnc3)(C(=O)Nc3ccc(-c4ccccc4S(N)(=O)=O)cn3)C2)ccc1Cl";"Ki";"'>'";"8000.0";"nM";"";"";"";"UO_0000065";"";"";"";"";"0";"CHEMBL878974";"Inhibitory activity against trypsin using human purified enzyme";"B";"BAO_0000357";"single protein format";"None";"None";"None";"None";"None";"";"";"";"CHEMBL209";"Serine protease 1";"Homo sapiens";"SINGLE PROTEIN";"CHEMBL1145764";"1";"Scientific Literature";"Bioorg Med Chem Lett";"2003";"None";"";"";"";"8000.0"
"CHEMBL116258";"";"None";"439.95";"0";"2.63";"31";"Cc1cnc(NCCc2ccccc2)c(=O)n1CC(=O)NCc1cc(Cl)ccc1CN";"Ki";"'='";"1600.0";"nM";"5.80";"";"";"UO_0000065";"13.17";"0.26";"3.17";"5.68";"0";"CHEMBL818017";"Inhibitory constant evaluated against trypsin";"B";"BAO_0000357";"single protein format";"None";"None";"None";"None";"None";"";"";"";"CHEMBL209";"Serine protease 1";"Homo sapiens";"SINGLE PROTEIN";"CHEMBL1136286";"1";"Scientific Literature";"Bioorg Med Chem Lett";"2003";"None";"";"";"";"1600.0"
"CHEMBL310290";"";"None";"576.65";"2";"1.69";"65";"NCc1ccc(CNC(=O)CNC(=O)OCc2ccc(COC(=O)NCC(=O)NCc3ccc(CN)cc3)cc2)cc1";"Ki";"'='";"84000.0";"nM";"4.08";"";"";"UO_0000065";"7.07";"0.13";"2.39";"2.18";"1";"CHEMBL817134";"Binding affinity against Trypsin";"B";"BAO_0000357";"single protein format";"None";"None";"None";"None";"None";"";"";"";"CHEMBL209";"Serine protease 1";"Homo sapiens";"SINGLE PROTEIN";"CHEMBL1133572";"1";"Scientific Literature";"J Med Chem";"2000";"None";"";"";"";"84.0"
"CHEMBL1204158";"";"None";"334.81";"0";"1.71";"4";"Cl.N=C(N)c1ccc(OCCOc2ccc(C(=N)N)cc2)cc1";"Ki";"'='";"7300.0";"nM";"5.14";"";"";"UO_0000065";"17.22";"0.32";"3.43";"4.35";"0";"CHEMBL815012";"Inhibition of trypsin by amidase assay.";"B";"BAO_0000357";"single protein format";"None";"None";"None";"None";"None";"";"";"";"CHEMBL209";"Serine protease 1";"Homo sapiens";"SINGLE PROTEIN";"CHEMBL1124749";"1";"Scientific Literature";"J Med Chem";"1990";"None";"";"";"";"7.3"
"CHEMBL164249";"";"None";"455.99";"0";"2.98";"11";"N=C(N)c1cccc(C(=O)NC(C(=O)NCC2CCC(CN)CC2)c2cccc(Cl)c2)c1";"Ki";"'='";"5100.0";"nM";"5.29";"";"";"UO_0000065";"11.61";"0.23";"2.31";"3.95";"0";"CHEMBL818185";"Binding affinity against human trypsin";"B";"BAO_0000357";"single protein format";"None";"None";"None";"None";"None";"";"";"";"CHEMBL209";"Serine protease 1";"Homo sapiens";"SINGLE PROTEIN";"CHEMBL1134227";"1";"Scientific Literature";"Bioorg Med Chem Lett";"2001";"None";"";"";"";"5.1"
"CHEMBL162634";"";"None";"486.55";"0";"3.70";"24";"N=C(N)c1cccc(C(=O)N[C@@H](C(=O)N2CCC(C(=O)c3ccc(F)cc3)CC2)c2ccccc2)c1";"Ki";"'='";"540.0";"nM";"6.27";"";"";"UO_0000065";"12.88";"0.24";"2.57";"5.39";"0";"CHEMBL818185";"Binding affinity against human trypsin";"B";"BAO_0000357";"single protein format";"None";"None";"None";"None";"None";"";"";"";"CHEMBL209";"Serine protease 1";"Homo sapiens";"SINGLE PROTEIN";"CHEMBL1134227";"1";"Scientific Literature";"Bioorg Med Chem Lett";"2001";"None";"";"";"";"0.54"
"CHEMBL3667894";"";"None";"539.63";"1";"4.55";"BDBM158088";"CCC(CC)(Cc1ccc(C(=O)Oc2ccc(C(=N)N)cc2F)s1)C(=O)N[C@@H](Cc1ccccc1)C(=O)O";"Ki";"'='";"8.3";"nM";"8.08";"";"300449";"UO_0000065";"14.97";"0.29";"3.53";"5.67";"0";"CHEMBL3705369";"Inhibition Assay: Using a 96 well plate (#3915, Costar), a test compound (25 μL) was mixed with 20 μM fluorescence enzyme substrate (Boc-Phe-Ser-Arg-AMC, 50 μL) mixed with 200 mM Tris-HCl buffer (pH 8.0), and human trypsin (Sigma, 25 μL) was added. Using a fluorescence plate reader fmax (Molecular Devices, Inc.), the reaction rate was measured from the time-course changes at excitation wavelength 355 nm and fluorescence wavelength 460 nm.";"B";"BAO_0000357";"single protein format";"Homo sapiens";"None";"None";"None";"None";"";"";"";"CHEMBL209";"Serine protease 1";"Homo sapiens";"SINGLE PROTEIN";"CHEMBL3639122";"37";"BindingDB Patent Bioactivity Data";"";"2015";"None";"";"";"";"8.3"
"CHEMBL3667895";"";"None";"489.57";"0";"3.81";"BDBM158089";"CCC(CC)(Cc1ccc(C(=O)Oc2ccc(C(=N)N)cc2F)s1)C(=O)N1CCC[C@H]1C(=O)O";"Ki";"'='";"6.38";"nM";"8.20";"";"300450";"UO_0000065";"16.74";"0.33";"4.39";"6.13";"0";"CHEMBL3705369";"Inhibition Assay: Using a 96 well plate (#3915, Costar), a test compound (25 μL) was mixed with 20 μM fluorescence enzyme substrate (Boc-Phe-Ser-Arg-AMC, 50 μL) mixed with 200 mM Tris-HCl buffer (pH 8.0), and human trypsin (Sigma, 25 μL) was added. Using a fluorescence plate reader fmax (Molecular Devices, Inc.), the reaction rate was measured from the time-course changes at excitation wavelength 355 nm and fluorescence wavelength 460 nm.";"B";"BAO_0000357";"single protein format";"Homo sapiens";"None";"None";"None";"None";"";"";"";"CHEMBL209";"Serine protease 1";"Homo sapiens";"SINGLE PROTEIN";"CHEMBL3639122";"37";"BindingDB Patent Bioactivity Data";"";"2015";"None";"";"";"";"6.38"
"CHEMBL3667904";"";"None";"475.54";"0";"3.28";"BDBM158098";"CC(C)(Cc1ccc(C(=O)Oc2ccc(C(=N)N)cc2F)s1)C(=O)N1CCC(C(=O)O)CC1";"Ki";"'='";"3.1";"nM";"8.51";"";"300459";"UO_0000065";"17.89";"0.35";"5.23";"6.36";"0";"CHEMBL3705369";"Inhibition Assay: Using a 96 well plate (#3915, Costar), a test compound (25 μL) was mixed with 20 μM fluorescence enzyme substrate (Boc-Phe-Ser-Arg-AMC, 50 μL) mixed with 200 mM Tris-HCl buffer (pH 8.0), and human trypsin (Sigma, 25 μL) was added. Using a fluorescence plate reader fmax (Molecular Devices, Inc.), the reaction rate was measured from the time-course changes at excitation wavelength 355 nm and fluorescence wavelength 460 nm.";"B";"BAO_0000357";"single protein format";"Homo sapiens";"None";"None";"None";"None";"";"";"";"CHEMBL209";"Serine protease 1";"Homo sapiens";"SINGLE PROTEIN";"CHEMBL3639122";"37";"BindingDB Patent Bioactivity Data";"";"2015";"None";"";"";"";"3.1"
"CHEMBL3949541";"";"None";"461.52";"0";"2.89";"BDBM158105";"CC(C)(Cc1ccc(C(=O)Oc2ccc(C(=N)N)cc2F)s1)C(=O)N1CC[C@H](C(=O)O)C1";"Ki";"'='";"2.0";"nM";"8.70";"";"300466";"UO_0000065";"18.85";"0.37";"5.81";"6.50";"0";"CHEMBL3705369";"Inhibition Assay: Using a 96 well plate (#3915, Costar), a test compound (25 μL) was mixed with 20 μM fluorescence enzyme substrate (Boc-Phe-Ser-Arg-AMC, 50 μL) mixed with 200 mM Tris-HCl buffer (pH 8.0), and human trypsin (Sigma, 25 μL) was added. Using a fluorescence plate reader fmax (Molecular Devices, Inc.), the reaction rate was measured from the time-course changes at excitation wavelength 355 nm and fluorescence wavelength 460 nm.";"B";"BAO_0000357";"single protein format";"Homo sapiens";"None";"None";"None";"None";"";"";"";"CHEMBL209";"Serine protease 1";"Homo sapiens";"SINGLE PROTEIN";"CHEMBL3639122";"37";"BindingDB Patent Bioactivity Data";"";"2015";"None";"";"";"";"2.0"
"CHEMBL3672851";"";"None";"497.55";"0";"3.90";"BDBM158110";"CC(C)(Cc1ccc(C(=O)Oc2ccc(C(=N)N)cc2F)s1)C(=O)N[C@@H](C(=O)O)c1ccccc1";"Ki";"'='";"1.45";"nM";"8.84";"";"300471";"UO_0000065";"17.76";"0.34";"4.94";"6.20";"0";"CHEMBL3705369";"Inhibition Assay: Using a 96 well plate (#3915, Costar), a test compound (25 μL) was mixed with 20 μM fluorescence enzyme substrate (Boc-Phe-Ser-Arg-AMC, 50 μL) mixed with 200 mM Tris-HCl buffer (pH 8.0), and human trypsin (Sigma, 25 μL) was added. Using a fluorescence plate reader fmax (Molecular Devices, Inc.), the reaction rate was measured from the time-course changes at excitation wavelength 355 nm and fluorescence wavelength 460 nm.";"B";"BAO_0000357";"single protein format";"Homo sapiens";"None";"None";"None";"None";"";"";"";"CHEMBL209";"Serine protease 1";"Homo sapiens";"SINGLE PROTEIN";"CHEMBL3639122";"37";"BindingDB Patent Bioactivity Data";"";"2015";"None";"";"";"";"1.45"
"CHEMBL3672852";"";"None";"440.50";"0";"3.99";"BDBM158111";"CC(C)(Cc1ccc(C(=O)Oc2ccc(C(=N)N)cc2F)s1)C(=O)Nc1cccnc1";"Ki";"'='";"3.6";"nM";"8.44";"";"300472";"UO_0000065";"19.17";"0.37";"4.45";"7.15";"0";"CHEMBL3705369";"Inhibition Assay: Using a 96 well plate (#3915, Costar), a test compound (25 μL) was mixed with 20 μM fluorescence enzyme substrate (Boc-Phe-Ser-Arg-AMC, 50 μL) mixed with 200 mM Tris-HCl buffer (pH 8.0), and human trypsin (Sigma, 25 μL) was added. Using a fluorescence plate reader fmax (Molecular Devices, Inc.), the reaction rate was measured from the time-course changes at excitation wavelength 355 nm and fluorescence wavelength 460 nm.";"B";"BAO_0000357";"single protein format";"Homo sapiens";"None";"None";"None";"None";"";"";"";"CHEMBL209";"Serine protease 1";"Homo sapiens";"SINGLE PROTEIN";"CHEMBL3639122";"37";"BindingDB Patent Bioactivity Data";"";"2015";"None";"";"";"";"3.6"
"CHEMBL5914411";"";"None";"None";"None";"None";"BDBM158073";"";"Ki";"'='";"0.61";"nM";"9.21";"";"300434";"UO_0000065";"";"";"";"";"0";"CHEMBL3705369";"Inhibition Assay: Using a 96 well plate (#3915, Costar), a test compound (25 μL) was mixed with 20 μM fluorescence enzyme substrate (Boc-Phe-Ser-Arg-AMC, 50 μL) mixed with 200 mM Tris-HCl buffer (pH 8.0), and human trypsin (Sigma, 25 μL) was added. Using a fluorescence plate reader fmax (Molecular Devices, Inc.), the reaction rate was measured from the time-course changes at excitation wavelength 355 nm and fluorescence wavelength 460 nm.";"B";"BAO_0000357";"single protein format";"Homo sapiens";"None";"None";"None";"None";"";"";"";"CHEMBL209";"Serine protease 1";"Homo sapiens";"SINGLE PROTEIN";"CHEMBL3639122";"37";"BindingDB Patent Bioactivity Data";"";"2015";"None";"";"";"";"0.61"
"CHEMBL3667881";"";"None";"421.45";"0";"2.16";"BDBM158075";"CC(C)(Cc1ccc(C(=O)Oc2ccc(C(=N)N)cc2F)s1)C(=O)NCC(=O)O";"Ki";"'='";"0.42";"nM";"9.38";"";"300436";"UO_0000065";"22.25";"0.44";"7.22";"6.58";"0";"CHEMBL3705369";"Inhibition Assay: Using a 96 well plate (#3915, Costar), a test compound (25 μL) was mixed with 20 μM fluorescence enzyme substrate (Boc-Phe-Ser-Arg-AMC, 50 μL) mixed with 200 mM Tris-HCl buffer (pH 8.0), and human trypsin (Sigma, 25 μL) was added. Using a fluorescence plate reader fmax (Molecular Devices, Inc.), the reaction rate was measured from the time-course changes at excitation wavelength 355 nm and fluorescence wavelength 460 nm.";"B";"BAO_0000357";"single protein format";"Homo sapiens";"None";"None";"None";"None";"";"";"";"CHEMBL209";"Serine protease 1";"Homo sapiens";"SINGLE PROTEIN";"CHEMBL3639122";"37";"BindingDB Patent Bioactivity Data";"";"2015";"None";"";"";"";"0.42"
"CHEMBL142546";"";"None";"442.47";"0";"2.36";"4";"Cc1nc(N)ccc1CNC(=O)Cn1c(C)cnc(NCC(F)(F)c2ccccc2)c1=O";"Ki";"'='";"855.0";"nM";"6.07";"";"";"UO_0000065";"13.71";"0.26";"3.71";"5.28";"0";"CHEMBL815470";"Inhibitory constant against human trypsin";"B";"BAO_0000357";"single protein format";"None";"None";"None";"None";"None";"";"";"";"CHEMBL209";"Serine protease 1";"Homo sapiens";"SINGLE PROTEIN";"CHEMBL1145961";"1";"Scientific Literature";"J Med Chem";"2003";"None";"";"";"";"855.0"
"CHEMBL96376";"";"None";"533.07";"1";"2.69";"10";"O=C1COc2ccc(Cl)cc2CNC(=O)[C@@H]2CCCN2C(=O)[C@@H](C2CCCCC2)NC(=O)CCCCN1";"Ki";"'='";"48000.0";"nM";"4.32";"";"";"UO_0000065";"8.10";"0.16";"1.63";"3.70";"0";"CHEMBL817817";"Inhibitory activity against human trypsin";"B";"BAO_0000357";"single protein format";"None";"None";"None";"None";"None";"";"";"";"CHEMBL209";"Serine protease 1";"Homo sapiens";"SINGLE PROTEIN";"CHEMBL1136169";"1";"Scientific Literature";"Bioorg Med Chem Lett";"2003";"None";"";"";"";"48.0"
"CHEMBL345731";"";"None";"491.57";"0";"3.21";"27";"COc1ccc(-n2nc(C)cc2C(=O)Nc2ccc(-c3ccccc3S(N)(=O)=O)cc2)c(CN)c1";"Ki";"'>'";"1600.0";"nM";"";"";"";"UO_0000065";"";"";"";"";"0";"CHEMBL817826";"Tested in vitro for inhibition of human trypsin";"B";"BAO_0000357";"single protein format";"None";"None";"None";"None";"None";"";"";"";"CHEMBL209";"Serine protease 1";"Homo sapiens";"SINGLE PROTEIN";"CHEMBL1145914";"1";"Scientific Literature";"J Med Chem";"2003";"None";"";"";"";"1600.0"
"CHEMBL170063";"";"None";"392.48";"0";"3.55";"9";"N=C(N)c1ccc2c(ccn2CC(=O)N2CCC(Cc3cccc(F)c3)CC2)c1";"Ki";"";"";"nM";"";"";"Not Determined";"UO_0000065";"";"";"";"";"0";"CHEMBL812714";"Inhibitory activity against trypsin; not determined";"B";"BAO_0000357";"single protein format";"None";"None";"None";"None";"None";"";"";"";"CHEMBL209";"Serine protease 1";"Homo sapiens";"SINGLE PROTEIN";"CHEMBL1131664";"1";"Scientific Literature";"Bioorg Med Chem Lett";"1999";"None";"";"";"";""
"CHEMBL606957";"";"None";"603.57";"None";"None";"12";"CC(=O)N[C@H](Cc1ccccc1)C(=O)N1CCC[C@H]1C(=O)N[C@@H](CCCn1ccnc1)B1O[C@@H]2CC3CC(C3(C)C)[C@]2(C)O1";"Ki";"'='";"27.0";"nM";"7.57";"";"";"UO_0000065";"12.54";"None";"None";"None";"0";"CHEMBL812715";"Tested for selectivity against trypsin";"B";"BAO_0000357";"single protein format";"None";"None";"None";"None";"None";"";"";"";"CHEMBL209";"Serine protease 1";"Homo sapiens";"SINGLE PROTEIN";"CHEMBL1129866";"1";"Scientific Literature";"Bioorg Med Chem Lett";"1997";"None";"";"";"";"27.0"
"CHEMBL287614";"";"None";"474.59";"0";"0.82";"1a";"Cc1ccc(NS(=O)(=O)Cc2ccccc2)c(=O)n1CC(=O)NCC1CCN(C(=N)N)CC1";"Ki";"'='";"570.0";"nM";"6.24";"";"";"UO_0000065";"13.16";"0.26";"5.42";"4.15";"1";"CHEMBL818017";"Inhibitory constant evaluated against trypsin";"B";"BAO_0000357";"single protein format";"None";"None";"None";"None";"None";"";"";"";"CHEMBL209";"Serine protease 1";"Homo sapiens";"SINGLE PROTEIN";"CHEMBL1136286";"1";"Scientific Literature";"Bioorg Med Chem Lett";"2003";"None";"";"";"";"570.0"
"CHEMBL323309";"";"None";"694.05";"1";"2.13";"77";"N=C(N)c1cccc(C2=NOC(Cn3cnnn3)(C(=O)Nc3ccc(-c4ccccc4S(N)(=O)=O)cc3Cl)C2)c1.O=C(O)C(F)(F)F";"Ki";"'='";"47.0";"nM";"7.33";"";"";"UO_0000065";"12.63";"0.25";"5.20";"3.59";"0";"CHEMBL824706";"Binding affinity towards trypsin obtained from human purified enzymes";"B";"BAO_0000357";"single protein format";"None";"None";"None";"None";"None";"";"";"";"CHEMBL209";"Serine protease 1";"Homo sapiens";"SINGLE PROTEIN";"CHEMBL1132652";"1";"Scientific Literature";"J Med Chem";"1999";"None";"";"";"";"47.0"
"CHEMBL156702";"";"None";"352.44";"0";"2.53";"1";"COC(=O)CC(CCc1ccc(C(=N)N)cc1)c1cccc(C(=N)N)c1";"Ki";"'='";"99.0";"nM";"7.00";"";"";"UO_0000065";"19.87";"0.37";"4.47";"5.56";"0";"CHEMBL811612";"In vitro inhibition of trypsin";"B";"BAO_0000357";"single protein format";"None";"None";"None";"None";"None";"";"";"";"CHEMBL209";"Serine protease 1";"Homo sapiens";"SINGLE PROTEIN";"CHEMBL1131205";"1";"Scientific Literature";"J Med Chem";"1998";"None";"";"";"";"99.0"
"CHEMBL333806";"";"None";"504.36";"1";"3.12";"8";"Nc1cc(-n2nnnc2C(=O)Nc2ccc(-c3ccccc3S(N)(=O)=O)cc2Cl)ccc1Cl";"Ki";"'>'";"1600.0";"nM";"";"";"";"UO_0000065";"";"";"";"";"0";"CHEMBL817820";"Inhibitory constant against trypsin using human purified enzymes";"B";"BAO_0000357";"single protein format";"Homo sapiens";"None";"None";"None";"None";"";"";"";"CHEMBL209";"Serine protease 1";"Homo sapiens";"SINGLE PROTEIN";"CHEMBL1136511";"1";"Scientific Literature";"Bioorg Med Chem Lett";"2003";"None";"";"";"";"1600.0"
"CHEMBL330791";"";"None";"592.62";"0";"2.96";"20 (diastereomer 1)";"NC1CCC(CNC(=O)[C@@H]2CCCN2C(=O)CC(c2cccnc2)c2ccc3c(c2)OCO3)CC1.O=C(O)C(F)(F)F";"Ki";"'='";"1900.0";"nM";"5.72";"";"";"UO_0000065";"11.95";"0.22";"2.76";"5.36";"0";"CHEMBL817812";"In vitro inhibition of human trypsin.";"B";"BAO_0000357";"single protein format";"None";"None";"None";"None";"None";"";"";"";"CHEMBL209";"Serine protease 1";"Homo sapiens";"SINGLE PROTEIN";"CHEMBL1130225";"1";"Scientific Literature";"J Med Chem";"1997";"None";"";"";"";"1900.0"
"CHEMBL2375178";"";"None";"518.47";"None";"None";"8";"CC1(C)[C@@H]2C[C@H]3OB([C@H](CCCCN)NC(=O)Cn4nc(CC#N)nc4Cc4ccccc4)O[C@@]3(C)[C@H]1C2";"Ki";"'='";"5.6";"nM";"8.25";"";"";"UO_0000065";"15.92";"None";"None";"None";"0";"CHEMBL811614";"Inhibition of trypsin";"B";"BAO_0000357";"single protein format";"None";"None";"None";"None";"None";"";"";"";"CHEMBL209";"Serine protease 1";"Homo sapiens";"SINGLE PROTEIN";"CHEMBL1130774";"1";"Scientific Literature";"Bioorg Med Chem Lett";"1998";"None";"";"";"";"5.6"
"CHEMBL280342";"";"None";"417.56";"0";"4.73";"21a";"CCc1nc2cc(OC3CCN(C(C)=N)CC3)ccc2n1C/C=C/c1ccc(N)cc1";"Ki";"'='";"350.0";"nM";"6.46";"";"";"UO_0000065";"15.46";"0.28";"1.73";"8.05";"0";"CHEMBL817144";"Tested in vitro for the selectivity against trypsin (Trp)";"B";"BAO_0000357";"single protein format";"None";"None";"None";"None";"None";"";"";"";"CHEMBL209";"Serine protease 1";"Homo sapiens";"SINGLE PROTEIN";"CHEMBL1135304";"1";"Scientific Literature";"Bioorg Med Chem Lett";"2002";"None";"";"";"";"350.0"
"CHEMBL84389";"";"None";"479.67";"0";"2.63";"13";"CN(C1CCCCCC1)[C@@H](CC(=O)O)C(=O)N1CCCC[C@H]1CCOC1CCN(C(=N)N)CC1";"Ki";"'='";"810.0";"nM";"6.09";"";"";"UO_0000065";"12.70";"0.24";"3.46";"4.94";"0";"CHEMBL817823";"In vitro inhibition of human trypsin.";"B";"BAO_0000357";"single protein format";"None";"None";"None";"None";"None";"";"";"";"CHEMBL209";"Serine protease 1";"Homo sapiens";"SINGLE PROTEIN";"CHEMBL1135990";"1";"Scientific Literature";"J Med Chem";"2002";"None";"";"";"";"810.0"
"CHEMBL339703";"";"None";"530.53";"0";"0.64";"16";"CC(=O)N1CC[C@H]1C(=O)N[C@@H](CCCN=C(N)N)C(=O)c1nc2ccccc2s1.O=C(O)C(F)(F)F";"Ki";"'='";"53.0";"nM";"7.28";"";"";"UO_0000065";"17.47";"0.34";"6.64";"5.06";"0";"CHEMBL655074";"In vitro inhibition of bovine trypsin.";"B";"BAO_0000357";"single protein format";"None";"None";"None";"None";"None";"";"";"";"CHEMBL209";"Serine protease 1";"Homo sapiens";"SINGLE PROTEIN";"CHEMBL1145070";"1";"Scientific Literature";"J Med Chem";"2003";"None";"";"";"";"53.0"
"CHEMBL41152";"";"None";"570.47";"None";"None";"20";"Cc1cc(-c2ccccc2C(F)(F)F)ccc1C(=O)N[C@@H](CCCN=C(N)N)B1O[C@@H]2CC3CC(C3(C)C)[C@]2(C)O1";"Ki";"'='";"3.1";"nM";"8.51";"";"";"UO_0000065";"14.92";"None";"None";"None";"0";"CHEMBL811780";"Inhibition of trypsin";"B";"BAO_0000357";"single protein format";"None";"None";"None";"None";"None";"";"";"";"CHEMBL209";"Serine protease 1";"Homo sapiens";"SINGLE PROTEIN";"CHEMBL1151536";"1";"Scientific Literature";"Bioorg Med Chem Lett";"1997";"None";"";"";"";"3.1"
"CHEMBL3642962";"";"None";"429.37";"0";"1.57";"BDBM109689";"N=C(N)c1ccc(OC(=O)c2ccc(CCC(=O)NCP(=O)(O)O)s2)c(F)c1";"Ki";"'='";"0.44";"nM";"9.36";"";"230183";"UO_0000065";"21.79";"0.46";"7.79";"5.75";"0";"CHEMBL3705715";"Inhibition Assay: Inhibition assay using human trysin.";"B";"BAO_0000357";"single protein format";"Homo sapiens";"None";"None";"None";"None";"";"";"";"CHEMBL209";"Serine protease 1";"Homo sapiens";"SINGLE PROTEIN";"CHEMBL3638962";"37";"BindingDB Patent Bioactivity Data";"";"2013";"None";"";"";"";"0.44"
"CHEMBL3642974";"";"None";"481.49";"0";"2.58";"BDBM109701";"N=C(N)c1ccc(OC(=O)c2ccc(-c3cccc(C(=O)N[C@@H](CC(=O)O)C(=O)O)c3)s2)cc1";"Ki";"'='";"3.5";"nM";"8.46";"";"230195";"UO_0000065";"17.56";"0.34";"5.88";"4.70";"0";"CHEMBL3705715";"Inhibition Assay: Inhibition assay using human trysin.";"B";"BAO_0000357";"single protein format";"Homo sapiens";"None";"None";"None";"None";"";"";"";"CHEMBL209";"Serine protease 1";"Homo sapiens";"SINGLE PROTEIN";"CHEMBL3638962";"37";"BindingDB Patent Bioactivity Data";"";"2013";"None";"";"";"";"3.5"
"CHEMBL3642976";"";"None";"437.41";"0";"0.98";"BDBM109703";"N=C(N)c1ccc(OC(=O)c2ccc(CC(=O)N[C@@H](CC(=O)O)C(=O)O)s2)c(F)c1";"Ki";"'='";"3.2";"nM";"8.49";"";"230197";"UO_0000065";"19.42";"0.39";"7.51";"4.72";"0";"CHEMBL3705715";"Inhibition Assay: Inhibition assay using human trysin.";"B";"BAO_0000357";"single protein format";"Homo sapiens";"None";"None";"None";"None";"";"";"";"CHEMBL209";"Serine protease 1";"Homo sapiens";"SINGLE PROTEIN";"CHEMBL3638962";"37";"BindingDB Patent Bioactivity Data";"";"2013";"None";"";"";"";"3.2"
"CHEMBL19599";"CVS-2139";"None";"496.52";"1";"-0.24";"CVS-2139";"N=C(N)NCCC[C@@H](NC(=O)Cn1cccc(NS(=O)(=O)Cc2ccccc2F)c1=O)C(=O)O";"Ki";"'='";"20.8";"nM";"7.68";"";"";"UO_0000065";"15.47";"0.31";"7.92";"3.91";"0";"CHEMBL817809";"In vitro inhibitory constant against trypsin";"B";"BAO_0000357";"single protein format";"Homo sapiens";"None";"None";"None";"None";"";"";"";"CHEMBL209";"Serine protease 1";"Homo sapiens";"SINGLE PROTEIN";"CHEMBL1136066";"1";"Scientific Literature";"Bioorg Med Chem Lett";"2002";"None";"";"";"";"20.8"
"CHEMBL349545";"";"None";"335.36";"1";"-1.80";"8";"CC(=O)N[C@H](CO)C(=O)NCC(=O)NCc1ccc(C(=N)N)cc1";"Ki";"'='";"14000.0";"nM";"4.85";"";"";"UO_0000065";"14.47";"0.28";"6.65";"3.08";"0";"CHEMBL811611";"In vitro inhibition of trypsin.";"B";"BAO_0000357";"single protein format";"None";"None";"None";"None";"None";"";"";"";"CHEMBL209";"Serine protease 1";"Homo sapiens";"SINGLE PROTEIN";"CHEMBL1135855";"1";"Scientific Literature";"Bioorg Med Chem Lett";"2002";"None";"";"";"";"14.0"
"CHEMBL280769";"";"None";"525.66";"1";"4.88";"8d";"CCc1nc2c(NC(C)=O)c(OC3CCN(C(C)=N)CC3)ccc2n1Cc1ccc2ccc(C(=N)N)cc2c1";"Ki";"'='";"25.0";"nM";"7.60";"";"";"UO_0000065";"14.46";"0.27";"2.72";"5.71";"0";"CHEMBL817144";"Tested in vitro for the selectivity against trypsin (Trp)";"B";"BAO_0000357";"single protein format";"None";"None";"None";"None";"None";"";"";"";"CHEMBL209";"Serine protease 1";"Homo sapiens";"SINGLE PROTEIN";"CHEMBL1135304";"1";"Scientific Literature";"Bioorg Med Chem Lett";"2002";"None";"";"";"";"25.0"
"CHEMBL19831";"";"None";"568.58";"1";"-0.35";"CVS-2361";"COC(=O)c1ccc(F)cc1CS(=O)(=O)Nc1ccc(C)n(CC(=O)N[C@H](CCCN=C(N)N)C(=O)O)c1=O";"Ki";"'='";"16.6";"nM";"7.78";"";"";"UO_0000065";"13.68";"0.27";"8.13";"3.45";"0";"CHEMBL817809";"In vitro inhibitory constant against trypsin";"B";"BAO_0000357";"single protein format";"Homo sapiens";"None";"None";"None";"None";"";"";"";"CHEMBL209";"Serine protease 1";"Homo sapiens";"SINGLE PROTEIN";"CHEMBL1136066";"1";"Scientific Literature";"Bioorg Med Chem Lett";"2002";"None";"";"";"";"16.6"
"CHEMBL11157";"L-374087";"None";"455.54";"0";"1.70";"L-374087";"Cc1nc(N)ccc1CNC(=O)Cn1c(C)ccc(NS(=O)(=O)Cc2ccccc2)c1=O";"Ki";"";"";"nM";"";"";"Not Active";"UO_0000065";"";"";"";"";"0";"CHEMBL817810";"In vitro inhibitory constant against trypsin; Inactive";"B";"BAO_0000357";"single protein format";"None";"None";"None";"None";"None";"";"";"";"CHEMBL209";"Serine protease 1";"Homo sapiens";"SINGLE PROTEIN";"CHEMBL1136066";"1";"Scientific Literature";"Bioorg Med Chem Lett";"2002";"None";"";"";"";""
"CHEMBL321510";"";"None";"311.39";"0";"4.79";"22j";"N=C(N)c1ccc2[nH]c(-c3cccc(-c4ccccc4)c3)cc2c1";"Ki";"'='";"17000.0";"nM";"4.77";"";"";"UO_0000065";"15.32";"0.27";"-0.02";"7.26";"0";"CHEMBL816557";"Inhibition of Human Serine Protease Trypsin.";"B";"BAO_0000357";"single protein format";"None";"None";"None";"None";"None";"";"";"";"CHEMBL209";"Serine protease 1";"Homo sapiens";"SINGLE PROTEIN";"CHEMBL1134564";"1";"Scientific Literature";"J Med Chem";"2001";"None";"";"";"";"17.0"
"CHEMBL367626";"";"None";"392.48";"0";"3.55";"8";"N=C(N)c1ccc2c(ccn2CC(=O)N2CCC(Cc3ccccc3F)CC2)c1";"Ki";"";"";"nM";"";"";"Not Determined";"UO_0000065";"";"";"";"";"0";"CHEMBL812714";"Inhibitory activity against trypsin; not determined";"B";"BAO_0000357";"single protein format";"None";"None";"None";"None";"None";"";"";"";"CHEMBL209";"Serine protease 1";"Homo sapiens";"SINGLE PROTEIN";"CHEMBL1131664";"1";"Scientific Literature";"Bioorg Med Chem Lett";"1999";"None";"";"";"";""
"CHEMBL108447";"";"None";"372.47";"0";"3.97";"56a";"CCC1CNCc2ccc(NC(=O)c3ccc4cc(C(=N)N)ccc4c3)cc21";"Ki";"'='";"82.0";"nM";"7.09";"";"";"UO_0000065";"19.02";"0.35";"3.12";"7.79";"0";"CHEMBL819934";"Binding affinity against porcine trypsin was determined.";"B";"BAO_0000357";"single protein format";"Sus scrofa";"None";"None";"None";"None";"";"";"";"CHEMBL209";"Serine protease 1";"Homo sapiens";"SINGLE PROTEIN";"CHEMBL1148377";"1";"Scientific Literature";"J Med Chem";"2004";"None";"";"";"";"82.0"
"CHEMBL297961";"";"None";"462.39";"1";"6.07";"8";"Cc1cc(Br)c(O)c(-c2[nH]c3ccc(C(=N)N)cc3c2CCCc2ccccc2)c1";"Ki";"'='";"42000.0";"nM";"4.38";"";"";"UO_0000065";"9.47";"0.20";"-1.69";"5.10";"0";"CHEMBL874090";"Inhibitory activity against trypsin in human plasma";"B";"BAO_0000366";"cell-free format";"None";"CHEMBL3559721";"Plasma";"None";"None";"";"";"";"CHEMBL209";"Serine protease 1";"Homo sapiens";"SINGLE PROTEIN";"CHEMBL1134132";"1";"Scientific Literature";"Bioorg Med Chem Lett";"2001";"None";"";"";"";"42.0"
"CHEMBL606958";"";"None";"726.71";"None";"None";"10";"CCCCS(=O)(=O)N[C@H](Cc1ccccc1)C(=O)N1CCC[C@H]1C(=O)N[C@@H](CCCn1ccnc1[N+](=O)[O-])B1O[C@@H]2CC3CC(C3(C)C)[C@]2(C)O1";"Ki";"'>'";"1200.0";"nM";"";"";"";"UO_0000065";"";"";"";"";"0";"CHEMBL812715";"Tested for selectivity against trypsin";"B";"BAO_0000357";"single protein format";"None";"None";"None";"None";"None";"";"";"";"CHEMBL209";"Serine protease 1";"Homo sapiens";"SINGLE PROTEIN";"CHEMBL1129866";"1";"Scientific Literature";"Bioorg Med Chem Lett";"1997";"None";"";"";"";"1200.0"
"CHEMBL423420";"";"None";"435.57";"0";"2.19";"6";"N=C(N)c1cccc(C(=O)N[C@@H](Cc2ccccc2)C(=O)NCC2CCC(CN)CC2)c1";"Ki";"'='";"12600.0";"nM";"4.90";"";"";"UO_0000065";"11.25";"0.21";"2.71";"3.65";"0";"CHEMBL818185";"Binding affinity against human trypsin";"B";"BAO_0000357";"single protein format";"None";"None";"None";"None";"None";"";"";"";"CHEMBL209";"Serine protease 1";"Homo sapiens";"SINGLE PROTEIN";"CHEMBL1134227";"1";"Scientific Literature";"Bioorg Med Chem Lett";"2001";"None";"";"";"";"12.6"
"CHEMBL18225";"";"None";"720.65";"0";"2.67";"10";"COC(=O)[C@@H]1CN(Cc2ccc(-c3ccccc3S(N)(=O)=O)cc2)C[C@H]1c1cccc(C(=N)N)c1.O=C(O)C(F)(F)F.O=C(O)C(F)(F)F";"Ki";"'='";"63.0";"nM";"7.20";"";"";"UO_0000065";"14.62";"0.28";"4.53";"5.16";"0";"CHEMBL818183";"Binding affinity against trypsin in an enzyme inhibition assay.";"B";"BAO_0000357";"single protein format";"None";"None";"None";"None";"None";"";"";"";"CHEMBL209";"Serine protease 1";"Homo sapiens";"SINGLE PROTEIN";"CHEMBL1131683";"1";"Scientific Literature";"Bioorg Med Chem Lett";"1999";"None";"";"";"";"63.0"
"CHEMBL1160810";"";"None";"634.58";"0";"3.05";"14";"N=C(N)c1cccc(N2CCCCN(C3CCN(Cc4ccccn4)CC3)C2=O)c1.O=C(O)C(F)(F)F.O=C(O)C(F)(F)F";"Ki";"'='";"120.0";"nM";"6.92";"";"";"UO_0000065";"17.02";"0.32";"3.87";"7.73";"0";"CHEMBL818020";"Inhibitory activity against trypsin";"B";"BAO_0000357";"single protein format";"None";"None";"None";"None";"None";"";"";"";"CHEMBL209";"Serine protease 1";"Homo sapiens";"SINGLE PROTEIN";"CHEMBL1133385";"1";"Scientific Literature";"Bioorg Med Chem Lett";"2000";"None";"";"";"";"120.0"
"CHEMBL2373367";"";"None";"607.61";"None";"None";"11";"CC(C)(C)OC(=O)CCc1nc(Cc2ccccc2)n(CC(=O)N[C@@H](CCCCN)B2O[C@@H]3C[C@@H]4C[C@@H](C4(C)C)[C@]3(C)O2)n1";"Ki";"'='";"1.4";"nM";"8.85";"";"";"UO_0000065";"14.57";"None";"None";"None";"0";"CHEMBL811614";"Inhibition of trypsin";"B";"BAO_0000357";"single protein format";"None";"None";"None";"None";"None";"";"";"";"CHEMBL209";"Serine protease 1";"Homo sapiens";"SINGLE PROTEIN";"CHEMBL1130774";"1";"Scientific Literature";"Bioorg Med Chem Lett";"1998";"None";"";"";"";"1.4"
"CHEMBL268225";"";"None";"553.99";"2";"1.82";"20 (-)";"Nc1cc(C2=NOC(Cn3cnnn3)(C(=O)Nc3ccc(-c4ccccc4S(N)(=O)=O)cn3)C2)ccc1Cl";"Ki";"'>'";"1600.0";"nM";"";"";"";"UO_0000065";"";"";"";"";"0";"CHEMBL878974";"Inhibitory activity against trypsin using human purified enzyme";"B";"BAO_0000357";"single protein format";"None";"None";"None";"None";"None";"";"";"";"CHEMBL209";"Serine protease 1";"Homo sapiens";"SINGLE PROTEIN";"CHEMBL1145764";"1";"Scientific Literature";"Bioorg Med Chem Lett";"2003";"None";"";"";"";"1600.0"
"CHEMBL40043";"";"None";"509.63";"1";"3.68";"7j";"COc1ccc2cc(S(=O)(=O)NN(Cc3cccc(C(=N)N)c3)C(=O)N3CCC(C)CC3)ccc2c1";"Ki";"";"";"nM";"";"";"Not Determined";"UO_0000065";"";"";"";"";"0";"CHEMBL815010";"In vitro inhibitory potency against trypsin was determined; Not determined";"B";"BAO_0000357";"single protein format";"None";"None";"None";"None";"None";"";"";"";"CHEMBL209";"Serine protease 1";"Homo sapiens";"SINGLE PROTEIN";"CHEMBL1137966";"1";"Scientific Literature";"Bioorg Med Chem Lett";"2004";"None";"";"";"";""
"CHEMBL146982";"";"None";"463.52";"0";"3.15";"6e";"COc1ccc(-n2nc(C)cc2C(=O)Nc2ccc(-c3ccccc3S(N)(=O)=O)cn2)cc1";"Ki";"'>'";"1500.0";"nM";"";"";"";"UO_0000065";"";"";"";"";"0";"CHEMBL817826";"Tested in vitro for inhibition of human trypsin";"B";"BAO_0000357";"single protein format";"None";"None";"None";"None";"None";"";"";"";"CHEMBL209";"Serine protease 1";"Homo sapiens";"SINGLE PROTEIN";"CHEMBL1145914";"1";"Scientific Literature";"J Med Chem";"2003";"None";"";"";"";"1500.0"
"CHEMBL101563";"";"None";"416.49";"0";"2.40";"7";"Cc1cnc(NCCc2ccccc2)c(=O)n1CC(=O)NCc1ccc2[nH]cnc2c1";"Ki";"'='";"2000.0";"nM";"5.70";"";"";"UO_0000065";"13.68";"0.25";"3.30";"5.44";"0";"CHEMBL817814";"Inhibition of Trypsin";"B";"BAO_0000357";"single protein format";"Homo sapiens";"None";"None";"None";"None";"";"";"";"CHEMBL209";"Serine protease 1";"Homo sapiens";"SINGLE PROTEIN";"CHEMBL1136608";"1";"Scientific Literature";"Bioorg Med Chem Lett";"2003";"None";"";"";"";"2000.0"
"CHEMBL347993";"";"None";"377.45";"0";"1.92";"12";"Cc1cnc(NCCc2ccccc2)c(=O)n1CC(=O)NCc1ccncc1";"Ki";"'='";"251000.0";"nM";"";"Outside typical range";"";"UO_0000065";"";"";"";"";"0";"CHEMBL815470";"Inhibitory constant against human trypsin";"B";"BAO_0000357";"single protein format";"None";"None";"None";"None";"None";"";"";"";"CHEMBL209";"Serine protease 1";"Homo sapiens";"SINGLE PROTEIN";"CHEMBL1145961";"1";"Scientific Literature";"J Med Chem";"2003";"None";"";"";"";"251.0"
"CHEMBL19811";"";"None";"446.53";"0";"-0.25";"NC27";"Cc1ccc(NS(=O)(=O)Cc2ccccc2)c(=O)n1CC(=O)NCC1CN=C(N)NC1";"Ki";"";"";"nM";"";"";"Not Active";"UO_0000065";"";"";"";"";"0";"CHEMBL817810";"In vitro inhibitory constant against trypsin; Inactive";"B";"BAO_0000357";"single protein format";"None";"None";"None";"None";"None";"";"";"";"CHEMBL209";"Serine protease 1";"Homo sapiens";"SINGLE PROTEIN";"CHEMBL1136066";"1";"Scientific Literature";"Bioorg Med Chem Lett";"2002";"None";"";"";"";""
"CHEMBL2048000";"";"None";"242.69";"0";"1.96";"4";"N=C(N)Nc1nc2cc(Cl)c(O)cc2s1";"Ki";"'='";"647000.0";"nM";"";"Outside typical range";"";"UO_0000065";"";"";"";"";"0";"CHEMBL2051531";"Inhibition of human recombinant trypsin 1 using tosyl-GPR-pNA substrate by spectrophotometry";"B";"BAO_0000357";"single protein format";"Homo sapiens";"None";"None";"None";"None";"";"";"";"CHEMBL209";"Serine protease 1";"Homo sapiens";"SINGLE PROTEIN";"CHEMBL2046377";"1";"Scientific Literature";"Bioorg Med Chem Lett";"2012";"None";"";"";"";"647.0"
"CHEMBL2373350";"";"None";"539.56";"None";"None";"17";"CSCc1nc(Cc2ccccc2)n(CC(=O)N[C@@H](CCCCN)B2O[C@@H]3C[C@@H]4C[C@@H](C4(C)C)[C@]3(C)O2)n1";"Ki";"'='";"1.9";"nM";"8.72";"";"";"UO_0000065";"16.16";"None";"None";"None";"0";"CHEMBL811614";"Inhibition of trypsin";"B";"BAO_0000357";"single protein format";"None";"None";"None";"None";"None";"";"";"";"CHEMBL209";"Serine protease 1";"Homo sapiens";"SINGLE PROTEIN";"CHEMBL1130774";"1";"Scientific Literature";"Bioorg Med Chem Lett";"1998";"None";"";"";"";"1.9"
"CHEMBL348735";"";"None";"491.42";"0";"2.15";"33";"Nc1ncc2c(n1)CCC(CNC(=O)[C@@H]1CCCN1C(=O)[C@H](N)Cc1ccc(Cl)c(Cl)c1)C2";"Ki";"'>'";"68300.0";"nM";"";"";"";"UO_0000065";"";"";"";"";"0";"CHEMBL817808";"In vitro inhibitory activity against Trypsin";"B";"BAO_0000357";"single protein format";"None";"None";"None";"None";"None";"";"";"";"CHEMBL209";"Serine protease 1";"Homo sapiens";"SINGLE PROTEIN";"CHEMBL1136607";"1";"Scientific Literature";"Bioorg Med Chem Lett";"2003";"None";"";"";"";"68.3"
"CHEMBL142699";"";"None";"418.38";"0";"1.69";"22";"O=C(Cn1ccnc(NCC(F)(F)c2ccccn2)c1=O)NCc1ncccc1F";"Ki";"'>'";"1000000.0";"nM";"";"Outside typical range";"";"UO_0000065";"";"";"";"";"0";"CHEMBL815470";"Inhibitory constant against human trypsin";"B";"BAO_0000357";"single protein format";"None";"None";"None";"None";"None";"";"";"";"CHEMBL209";"Serine protease 1";"Homo sapiens";"SINGLE PROTEIN";"CHEMBL1145961";"1";"Scientific Literature";"J Med Chem";"2003";"None";"";"";"";"1000.0"
"CHEMBL416912";"";"None";"499.55";"0";"1.27";"NC4";"COc1cccc(S(=O)(=O)Nc2cccn(CC(=O)NCc3ccc(C(=N)N)cc3OC)c2=O)c1";"Ki";"'='";"11.9";"nM";"7.92";"";"";"UO_0000065";"15.86";"0.31";"6.65";"4.79";"0";"CHEMBL817809";"In vitro inhibitory constant against trypsin";"B";"BAO_0000357";"single protein format";"Homo sapiens";"None";"None";"None";"None";"";"";"";"CHEMBL209";"Serine protease 1";"Homo sapiens";"SINGLE PROTEIN";"CHEMBL1136066";"1";"Scientific Literature";"Bioorg Med Chem Lett";"2002";"None";"";"";"";"11.9"
"CHEMBL275520";"";"None";"411.51";"0";"1.92";"2h";"Cc1nc(N)ccc1CNC(=O)Cn1c(C)cc2c(c1=O)NC(=O)[C@H](CC(C)C)C2";"Ki";"'='";"580.0";"nM";"6.24";"";"";"UO_0000065";"15.16";"0.28";"4.32";"5.24";"0";"CHEMBL818021";"The compound was tested for its ability to inhibit trypsin.";"B";"BAO_0000357";"single protein format";"None";"None";"None";"None";"None";"";"";"";"CHEMBL209";"Serine protease 1";"Homo sapiens";"SINGLE PROTEIN";"CHEMBL1132875";"1";"Scientific Literature";"Bioorg Med Chem Lett";"2000";"None";"";"";"";"580.0"
"CHEMBL19241";"";"None";"442.50";"0";"0.79";"NC14";"Cc1ccc(NS(=O)(=O)Cc2ccccc2)c(=O)n1CC(=O)NCc1cnc(N)cn1";"Ki";"";"";"nM";"";"";"Not Active";"UO_0000065";"";"";"";"";"0";"CHEMBL817810";"In vitro inhibitory constant against trypsin; Inactive";"B";"BAO_0000357";"single protein format";"None";"None";"None";"None";"None";"";"";"";"CHEMBL209";"Serine protease 1";"Homo sapiens";"SINGLE PROTEIN";"CHEMBL1136066";"1";"Scientific Literature";"Bioorg Med Chem Lett";"2002";"None";"";"";"";""
"CHEMBL431267";"";"None";"479.97";"0";"2.02";"1q";"N=C(N)c1ccc(O)c(CN2CC[C@H](NS(=O)(=O)c3cc4nc(Cl)ccc4s3)C2=O)c1";"Ki";"'='";"1600.0";"nM";"5.80";"";"";"UO_0000065";"12.08";"0.26";"3.78";"3.88";"0";"CHEMBL817137";"Binding affinity against trypsin";"B";"BAO_0000357";"single protein format";"None";"None";"None";"None";"None";"";"";"";"CHEMBL209";"Serine protease 1";"Homo sapiens";"SINGLE PROTEIN";"CHEMBL1131988";"1";"Scientific Literature";"Bioorg Med Chem Lett";"1999";"None";"";"";"";"1600.0"
"CHEMBL158939";"";"None";"487.58";"0";"0.06";"17";"N=C(N)c1ccc(CNC(=O)[C@H]2CCCN2C(=O)[C@@H](CO)NS(=O)(=O)Cc2ccccc2)cc1";"Ki";"'='";"3.2";"nM";"8.49";"";"";"UO_0000065";"17.42";"0.34";"8.43";"5.13";"0";"CHEMBL811611";"In vitro inhibition of trypsin.";"B";"BAO_0000357";"single protein format";"None";"None";"None";"None";"None";"";"";"";"CHEMBL209";"Serine protease 1";"Homo sapiens";"SINGLE PROTEIN";"CHEMBL1135855";"1";"Scientific Literature";"Bioorg Med Chem Lett";"2002";"None";"";"";"";"0.0032"
"CHEMBL43463";"";"None";"634.78";"1";"4.41";"29";"O=C(NCc1ccccc1)N1CCN(C(=O)O[C@H]2CCC[C@@H](OC(=O)N3CCN(C(=O)NCc4ccccc4)CC3)CCC2)CC1";"Ki";"'='";"44000.0";"nM";"4.36";"";"";"UO_0000065";"6.86";"0.13";"-0.05";"3.52";"0";"CHEMBL824722";"Inhibitory potency against trypsin";"B";"BAO_0000357";"single protein format";"None";"None";"None";"None";"None";"";"";"";"CHEMBL209";"Serine protease 1";"Homo sapiens";"SINGLE PROTEIN";"CHEMBL1132783";"1";"Scientific Literature";"Bioorg Med Chem Lett";"2000";"None";"";"";"";"44.0"
"CHEMBL339764";"";"None";"518.51";"0";"0.68";"22";"CC(=O)N1C[C@H](O)C[C@H]1C(=O)NC(CCCN)C(=O)c1nc2ccccc2s1.O=C(O)C(F)(F)F";"Ki";"'='";"16.0";"nM";"7.80";"";"";"UO_0000065";"19.27";"0.38";"7.12";"6.21";"0";"CHEMBL655074";"In vitro inhibition of bovine trypsin.";"B";"BAO_0000357";"single protein format";"None";"None";"None";"None";"None";"";"";"";"CHEMBL209";"Serine protease 1";"Homo sapiens";"SINGLE PROTEIN";"CHEMBL1145070";"1";"Scientific Literature";"J Med Chem";"2003";"None";"";"";"";"16.0"
"CHEMBL25184";"";"None";"494.64";"1";"5.44";"14b";"CCc1nc2ccc(OC3CCN(C(C)=N)CC3)cc2n1Cc1ccc(-c2ccc(C(=N)N)cc2)cc1";"Ki";"'='";"91.0";"nM";"7.04";"";"";"UO_0000065";"14.23";"0.26";"1.60";"6.77";"0";"CHEMBL817144";"Tested in vitro for the selectivity against trypsin (Trp)";"B";"BAO_0000357";"single protein format";"None";"None";"None";"None";"None";"";"";"";"CHEMBL209";"Serine protease 1";"Homo sapiens";"SINGLE PROTEIN";"CHEMBL1135304";"1";"Scientific Literature";"Bioorg Med Chem Lett";"2002";"None";"";"";"";"91.0"
"CHEMBL329266";"";"None";"510.04";"1";"3.39";"27";"O=C1Cn2c(Cl)cnc(c2=O)N[C@@H](Cc2ccccc2)CNCCCCCOc2ccccc2CN1";"Ki";"'='";"6700.0";"nM";"5.17";"";"";"UO_0000065";"10.14";"0.20";"1.78";"5.32";"0";"CHEMBL817817";"Inhibitory activity against human trypsin";"B";"BAO_0000357";"single protein format";"None";"None";"None";"None";"None";"";"";"";"CHEMBL209";"Serine protease 1";"Homo sapiens";"SINGLE PROTEIN";"CHEMBL1136169";"1";"Scientific Literature";"Bioorg Med Chem Lett";"2003";"None";"";"";"";"6.7"
"CHEMBL3672881";"";"None";"513.55";"1";"3.61";"BDBM158141";"CC(C)(Cc1ccc(C(=O)Oc2ccc(C(=N)N)cc2F)s1)C(=O)N[C@@H](C(=O)O)c1ccc(O)cc1";"Ki";"'='";"1.14";"nM";"8.94";"";"300502";"UO_0000065";"17.41";"0.34";"5.33";"5.49";"0";"CHEMBL3705369";"Inhibition Assay: Using a 96 well plate (#3915, Costar), a test compound (25 μL) was mixed with 20 μM fluorescence enzyme substrate (Boc-Phe-Ser-Arg-AMC, 50 μL) mixed with 200 mM Tris-HCl buffer (pH 8.0), and human trypsin (Sigma, 25 μL) was added. Using a fluorescence plate reader fmax (Molecular Devices, Inc.), the reaction rate was measured from the time-course changes at excitation wavelength 355 nm and fluorescence wavelength 460 nm.";"B";"BAO_0000357";"single protein format";"Homo sapiens";"None";"None";"None";"None";"";"";"";"CHEMBL209";"Serine protease 1";"Homo sapiens";"SINGLE PROTEIN";"CHEMBL3639122";"37";"BindingDB Patent Bioactivity Data";"";"2015";"None";"";"";"";"1.14"
"CHEMBL109367";"";"None";"384.48";"0";"4.38";"43a";"CC(C)C1=NCCc2ccc(NC(=O)c3ccc4cc(C(=N)N)ccc4c3)cc21";"Ki";"'='";"42.0";"nM";"7.38";"";"";"UO_0000065";"19.19";"0.35";"3.00";"8.08";"0";"CHEMBL819934";"Binding affinity against porcine trypsin was determined.";"B";"BAO_0000357";"single protein format";"Sus scrofa";"None";"None";"None";"None";"";"";"";"CHEMBL209";"Serine protease 1";"Homo sapiens";"SINGLE PROTEIN";"CHEMBL1148377";"1";"Scientific Literature";"J Med Chem";"2004";"None";"";"";"";"42.0"
"CHEMBL147284";"";"None";"241.29";"0";"2.50";"14 (table 3)";"NCc1ccc(C(=O)OCc2ccccc2)cc1";"Ki";"'='";"29991625.19";"nM";"";"Outside typical range";"";"UO_0000065";"";"";"";"";"0";"CHEMBL858270";"Inhibition of trypsin";"B";"BAO_0000357";"single protein format";"None";"None";"None";"None";"None";"";"";"";"CHEMBL209";"Serine protease 1";"Homo sapiens";"SINGLE PROTEIN";"CHEMBL1132536";"1";"Scientific Literature";"J Med Chem";"1999";"None";"";"";"";"1.523"
"CHEMBL172413";"";"None";"432.53";"0";"4.96";"7f";"N=C(N)c1ccc(-n2ccc3ccc(NCc4ccc5ccc(C(=N)N)cc5c4)cc32)cc1";"Ki";"'='";"300.0";"nM";"6.52";"";"";"UO_0000065";"15.08";"0.27";"1.56";"5.59";"0";"CHEMBL815755";"In vitro inhibition of bovine trypsin.";"B";"BAO_0000357";"single protein format";"None";"None";"None";"None";"None";"";"";"";"CHEMBL209";"Serine protease 1";"Homo sapiens";"SINGLE PROTEIN";"CHEMBL1133499";"1";"Scientific Literature";"Bioorg Med Chem Lett";"2000";"None";"";"";"";"300.0"
"CHEMBL48929";"";"None";"441.51";"0";"1.39";"2";"Cc1nc(N)ccc1CNC(=O)Cn1cccc(NS(=O)(=O)Cc2ccccc2)c1=O";"Ki";"'='";"20000.0";"nM";"4.70";"";"";"UO_0000065";"10.64";"0.21";"3.31";"3.45";"0";"CHEMBL817281";"Compound was evaluated to inhibit the trypsin enzyme";"B";"BAO_0000357";"single protein format";"None";"None";"None";"None";"None";"";"";"";"CHEMBL209";"Serine protease 1";"Homo sapiens";"SINGLE PROTEIN";"CHEMBL1130870";"1";"Scientific Literature";"Bioorg Med Chem Lett";"1998";"None";"";"";"";"20000.0"
"CHEMBL93741";"";"None";"423.50";"0";"1.60";"1i";"N=C(N)c1cccc(CN2CC[C@H](NS(=O)(=O)c3ccc4cccnc4c3)C2=O)c1";"Ki";"'>'";"2900.0";"nM";"";"";"";"UO_0000065";"";"";"";"";"0";"CHEMBL817137";"Binding affinity against trypsin";"B";"BAO_0000357";"single protein format";"None";"None";"None";"None";"None";"";"";"";"CHEMBL209";"Serine protease 1";"Homo sapiens";"SINGLE PROTEIN";"CHEMBL1131988";"1";"Scientific Literature";"Bioorg Med Chem Lett";"1999";"None";"";"";"";"2.9"
"CHEMBL453539";"";"None";"1513.81";"None";"None";"SFTI-1";"CC[C@H](C)[C@@H]1NC(=O)[C@@H]2CCCN2C(=O)[C@@H]2CCCN2C(=O)[C@H]([C@@H](C)CC)NC(=O)[C@H](CO)NC(=O)[C@H](CCCCN)NC(=O)[C@H]([C@@H](C)O)NC(=O)[C@@H]2CSSC[C@H](NC1=O)C(=O)N[C@@H](Cc1ccccc1)C(=O)N1CCC[C@H]1C(=O)N[C@@H](CC(=O)O)C(=O)NCC(=O)N[C@@H](CCCNC(=N)N)C(=O)N2";"Ki";"'='";"0.03";"nM";"10.52";"";"";"UO_0000065";"6.95";"None";"None";"None";"0";"CHEMBL4156165";"Inhibition of human cationic trypsin using Boc-VPR-MCA as substrate measured every 30 secs for 10 mins";"B";"BAO_0000357";"single protein format";"Homo sapiens";"None";"None";"None";"None";"";"";"";"CHEMBL209";"Serine protease 1";"Homo sapiens";"SINGLE PROTEIN";"CHEMBL4152317";"1";"Scientific Literature";"Eur J Med Chem";"2018";"None";"";"";"";"0.03"
"CHEMBL173612";"";"None";"375.48";"0";"2.80";"22";"N=C(N)c1ccc2c(cnn2CC(=O)N2CCC(Cc3ccccc3)CC2)c1";"Ki";"'>'";"6000.0";"nM";"";"";"";"UO_0000065";"";"";"";"";"0";"CHEMBL812713";"Inhibitory activity against trypsin";"B";"BAO_0000357";"single protein format";"None";"None";"None";"None";"None";"";"";"";"CHEMBL209";"Serine protease 1";"Homo sapiens";"SINGLE PROTEIN";"CHEMBL1131664";"1";"Scientific Literature";"Bioorg Med Chem Lett";"1999";"None";"";"";"";"6000.0"
"CHEMBL168071";"";"None";"582.77";"1";"2.73";"29";"Nc1ncc2c(n1)CCC(CNC(=O)[C@@H]1CCCN1C(=O)[C@@H](CC1CCCCC1)NS(=O)(=O)Cc1ccccc1)C2";"Ki";"'>'";"68300.0";"nM";"";"";"";"UO_0000065";"";"";"";"";"0";"CHEMBL817808";"In vitro inhibitory activity against Trypsin";"B";"BAO_0000357";"single protein format";"None";"None";"None";"None";"None";"";"";"";"CHEMBL209";"Serine protease 1";"Homo sapiens";"SINGLE PROTEIN";"CHEMBL1136607";"1";"Scientific Literature";"Bioorg Med Chem Lett";"2003";"None";"";"";"";"68.3"
"CHEMBL164239";"";"None";"498.63";"0";"2.43";"31";"Nc1ncc2c(n1)CCC(CNC(=O)[C@@H]1CCCN1C(=O)[C@H](N)C(c1ccccc1)c1ccccc1)C2";"Ki";"'='";"409000.0";"nM";"";"Outside typical range";"";"UO_0000065";"";"";"";"";"0";"CHEMBL817808";"In vitro inhibitory activity against Trypsin";"B";"BAO_0000357";"single protein format";"None";"None";"None";"None";"None";"";"";"";"CHEMBL209";"Serine protease 1";"Homo sapiens";"SINGLE PROTEIN";"CHEMBL1136607";"1";"Scientific Literature";"Bioorg Med Chem Lett";"2003";"None";"";"";"";"409.0"
"CHEMBL18225";"";"None";"720.65";"0";"2.67";"15";"COC(=O)[C@@H]1CN(Cc2ccc(-c3ccccc3S(N)(=O)=O)cc2)C[C@H]1c1cccc(C(=N)N)c1.O=C(O)C(F)(F)F.O=C(O)C(F)(F)F";"Ki";"'='";"52.0";"nM";"7.28";"";"";"UO_0000065";"14.79";"0.28";"4.61";"5.22";"0";"CHEMBL818183";"Binding affinity against trypsin in an enzyme inhibition assay.";"B";"BAO_0000357";"single protein format";"None";"None";"None";"None";"None";"";"";"";"CHEMBL209";"Serine protease 1";"Homo sapiens";"SINGLE PROTEIN";"CHEMBL1131683";"1";"Scientific Literature";"Bioorg Med Chem Lett";"1999";"None";"";"";"";"52.0"
"CHEMBL275110";"";"None";"397.48";"0";"1.67";"2d";"CCC[C@H]1Cc2cc(C)n(CC(=O)NCc3ccc(N)nc3C)c(=O)c2NC1=O";"Ki";"'='";"22000.0";"nM";"4.66";"";"";"UO_0000065";"11.72";"0.22";"2.99";"3.91";"0";"CHEMBL818021";"The compound was tested for its ability to inhibit trypsin.";"B";"BAO_0000357";"single protein format";"None";"None";"None";"None";"None";"";"";"";"CHEMBL209";"Serine protease 1";"Homo sapiens";"SINGLE PROTEIN";"CHEMBL1132875";"1";"Scientific Literature";"Bioorg Med Chem Lett";"2000";"None";"";"";"";"22000.0"
"CHEMBL84229";"";"None";"477.65";"0";"2.41";"14";"CN(C1CCC=CCC1)[C@@H](CC(=O)O)C(=O)N1CCCC[C@H]1CCOC1CCN(C(=N)N)CC1";"Ki";"'='";"1100.0";"nM";"5.96";"";"";"UO_0000065";"12.47";"0.24";"3.55";"4.84";"0";"CHEMBL817823";"In vitro inhibition of human trypsin.";"B";"BAO_0000357";"single protein format";"None";"None";"None";"None";"None";"";"";"";"CHEMBL209";"Serine protease 1";"Homo sapiens";"SINGLE PROTEIN";"CHEMBL1135990";"1";"Scientific Literature";"J Med Chem";"2002";"None";"";"";"";"1100.0"
"CHEMBL25474";"";"None";"447.58";"0";"4.74";"21d";"CCc1nc2cc(OC3CCN(C(C)=N)CC3)ccc2n1C/C=C/c1cc(N)ccc1OC";"Ki";"'='";"410.0";"nM";"6.39";"";"";"UO_0000065";"14.27";"0.26";"1.65";"7.15";"0";"CHEMBL817144";"Tested in vitro for the selectivity against trypsin (Trp)";"B";"BAO_0000357";"single protein format";"None";"None";"None";"None";"None";"";"";"";"CHEMBL209";"Serine protease 1";"Homo sapiens";"SINGLE PROTEIN";"CHEMBL1135304";"1";"Scientific Literature";"Bioorg Med Chem Lett";"2002";"None";"";"";"";"410.0"
"CHEMBL283765";"";"None";"468.56";"0";"3.56";"23";"N=C(N)c1cccc(C(=O)N[C@@H](C(=O)N2CCC(C(=O)c3ccccc3)CC2)c2ccccc2)c1";"Ki";"'='";"320.0";"nM";"6.50";"";"";"UO_0000065";"13.86";"0.25";"2.93";"5.58";"0";"CHEMBL818185";"Binding affinity against human trypsin";"B";"BAO_0000357";"single protein format";"None";"None";"None";"None";"None";"";"";"";"CHEMBL209";"Serine protease 1";"Homo sapiens";"SINGLE PROTEIN";"CHEMBL1134227";"1";"Scientific Literature";"Bioorg Med Chem Lett";"2001";"None";"";"";"";"0.32"
"CHEMBL32280";"";"None";"434.52";"0";"0.03";"3b";"Cc1nc(N)ccc1CNC(=O)Cn1c(C)cc(S(=O)(=O)NCC2CC2)c(N)c1=O";"Ki";"'='";"1000.0";"nM";"6.00";"";"";"UO_0000065";"13.81";"0.27";"5.97";"3.70";"0";"CHEMBL817816";"Inhibitory activity against human trypsin";"B";"BAO_0000357";"single protein format";"None";"None";"None";"None";"None";"";"";"";"CHEMBL209";"Serine protease 1";"Homo sapiens";"SINGLE PROTEIN";"CHEMBL1136704";"1";"Scientific Literature";"Bioorg Med Chem Lett";"2003";"None";"";"";"";"1000.0"
"CHEMBL415741";"";"None";"461.54";"1";"-0.77";"12";"N=C(N)c1ccc(CNC(=O)CNC(=O)[C@@H](CO)NS(=O)(=O)CCc2ccccc2)cc1";"Ki";"'='";"900.0";"nM";"6.05";"";"";"UO_0000065";"13.10";"0.26";"6.82";"3.47";"0";"CHEMBL811611";"In vitro inhibition of trypsin.";"B";"BAO_0000357";"single protein format";"None";"None";"None";"None";"None";"";"";"";"CHEMBL209";"Serine protease 1";"Homo sapiens";"SINGLE PROTEIN";"CHEMBL1135855";"1";"Scientific Literature";"Bioorg Med Chem Lett";"2002";"None";"";"";"";"0.9"
"CHEMBL553840";"";"None";"478.47";"0";"3.66";"2";"Cl.Cl.N=C(N)c1cccc(N2CCCCN(C3CCN(Cc4ccccc4)CC3)C2=O)c1";"Ki";"'='";"282.0";"nM";"6.55";"";"";"UO_0000065";"16.15";"0.30";"2.89";"8.54";"0";"CHEMBL818020";"Inhibitory activity against trypsin";"B";"BAO_0000357";"single protein format";"None";"None";"None";"None";"None";"";"";"";"CHEMBL209";"Serine protease 1";"Homo sapiens";"SINGLE PROTEIN";"CHEMBL1133385";"1";"Scientific Literature";"Bioorg Med Chem Lett";"2000";"None";"";"";"";"282.0"
"CHEMBL323387";"";"None";"410.52";"0";"4.91";"43c";"N=C(N)c1ccc2cc(C(=O)Nc3ccc4c(c3)C(C3CCCC3)=NCC4)ccc2c1";"Ki";"'='";"58.0";"nM";"7.24";"";"";"UO_0000065";"17.63";"0.32";"2.33";"7.92";"0";"CHEMBL819934";"Binding affinity against porcine trypsin was determined.";"B";"BAO_0000357";"single protein format";"Sus scrofa";"None";"None";"None";"None";"";"";"";"CHEMBL209";"Serine protease 1";"Homo sapiens";"SINGLE PROTEIN";"CHEMBL1148377";"1";"Scientific Literature";"J Med Chem";"2004";"None";"";"";"";"58.0"
"CHEMBL350793";"";"None";"387.53";"0";"1.61";"3";"CC(C)[C@@H](NC(=O)c1cccc(C(=N)N)c1)C(=O)NCC1CCC(CN)CC1";"Ki";"'='";"16200.0";"nM";"4.79";"";"";"UO_0000065";"12.36";"0.23";"3.18";"3.57";"0";"CHEMBL818185";"Binding affinity against human trypsin";"B";"BAO_0000357";"single protein format";"None";"None";"None";"None";"None";"";"";"";"CHEMBL209";"Serine protease 1";"Homo sapiens";"SINGLE PROTEIN";"CHEMBL1134227";"1";"Scientific Literature";"Bioorg Med Chem Lett";"2001";"None";"";"";"";"16.2"
"CHEMBL85757";"";"None";"429.53";"0";"1.66";"1m";"N=C(N)c1cccc(CN2CC[C@H](NS(=O)(=O)c3cc4ncccc4s3)C2=O)c1";"Ki";"'='";"2900.0";"nM";"5.54";"";"";"UO_0000065";"12.89";"0.26";"3.88";"4.28";"0";"CHEMBL817137";"Binding affinity against trypsin";"B";"BAO_0000357";"single protein format";"None";"None";"None";"None";"None";"";"";"";"CHEMBL209";"Serine protease 1";"Homo sapiens";"SINGLE PROTEIN";"CHEMBL1131988";"1";"Scientific Literature";"Bioorg Med Chem Lett";"1999";"None";"";"";"";"2900.0"
"CHEMBL328069";"";"None";"659.61";"1";"1.47";"55";"N=C(N)c1cccc(C2=NOC(Cn3cnnn3)(C(=O)Nc3ccc(-c4ccccc4S(N)(=O)=O)cc3)C2)c1.O=C(O)C(F)(F)F";"Ki";"'='";"91.0";"nM";"7.04";"";"";"UO_0000065";"12.91";"0.25";"5.57";"3.45";"0";"CHEMBL824706";"Binding affinity towards trypsin obtained from human purified enzymes";"B";"BAO_0000357";"single protein format";"None";"None";"None";"None";"None";"";"";"";"CHEMBL209";"Serine protease 1";"Homo sapiens";"SINGLE PROTEIN";"CHEMBL1132652";"1";"Scientific Literature";"J Med Chem";"1999";"None";"";"";"";"91.0"
"CHEMBL95940";"";"None";"377.25";"None";"None";"9";"CN(CC(=O)N[C@@H](CCCN=C(N)N)B(O)O)C(=O)CCc1ccccc1";"Ki";"'='";"0.61";"nM";"9.21";"";"";"UO_0000065";"24.43";"None";"None";"None";"0";"CHEMBL811782";"Compound was tested in vitro for inhibition of trypsin";"B";"BAO_0000357";"single protein format";"None";"None";"None";"None";"None";"";"";"";"CHEMBL209";"Serine protease 1";"Homo sapiens";"SINGLE PROTEIN";"CHEMBL1149934";"1";"Scientific Literature";"Bioorg Med Chem Lett";"1996";"None";"";"";"";"0.61"
"CHEMBL320749";"";"None";"332.36";"0";"2.48";"31b";"N=C(N)c1ccc2cc(C(=O)Nc3ccc(C(N)=O)cc3)ccc2c1";"Ki";"'='";"235.0";"nM";"6.63";"";"";"UO_0000065";"19.95";"0.36";"4.15";"5.43";"0";"CHEMBL819934";"Binding affinity against porcine trypsin was determined.";"B";"BAO_0000357";"single protein format";"Sus scrofa";"None";"None";"None";"None";"";"";"";"CHEMBL209";"Serine protease 1";"Homo sapiens";"SINGLE PROTEIN";"CHEMBL1148377";"1";"Scientific Literature";"J Med Chem";"2004";"None";"";"";"";"235.0"
"CHEMBL4164510";"";"None";"1597.89";"None";"None";"SFTI-Nal7";"CC[C@H](C)[C@@H]1NC(=O)[C@@H]2CCCN2C(=O)[C@@H]2CCCN2C(=O)[C@H](Cc2ccc3ccccc3c2)NC(=O)[C@H](CO)NC(=O)[C@H](CCCCN)NC(=O)[C@H]([C@@H](C)O)NC(=O)[C@@H]2CSSC[C@H](NC1=O)C(=O)N[C@@H](Cc1ccccc1)C(=O)N1CCC[C@H]1C(=O)N[C@@H](CC(=O)O)C(=O)NCC(=O)N[C@@H](CCCNC(=N)N)C(=O)N2";"Ki";"'='";"0.87";"nM";"9.06";"";"";"UO_0000065";"5.67";"None";"None";"None";"0";"CHEMBL4156165";"Inhibition of human cationic trypsin using Boc-VPR-MCA as substrate measured every 30 secs for 10 mins";"B";"BAO_0000357";"single protein format";"Homo sapiens";"None";"None";"None";"None";"";"";"";"CHEMBL209";"Serine protease 1";"Homo sapiens";"SINGLE PROTEIN";"CHEMBL4152317";"1";"Scientific Literature";"Eur J Med Chem";"2018";"None";"";"";"";"0.87"
"CHEMBL1204156";"";"None";"360.89";"1";"2.56";"33";"Cl.N=C(N)c1ccc(NCCCCNc2ccc(C(=N)N)cc2)cc1";"Ki";"'='";"1600.0";"nM";"5.80";"";"";"UO_0000065";"17.86";"0.33";"3.24";"4.68";"0";"CHEMBL815012";"Inhibition of trypsin by amidase assay.";"B";"BAO_0000357";"single protein format";"None";"None";"None";"None";"None";"";"";"";"CHEMBL209";"Serine protease 1";"Homo sapiens";"SINGLE PROTEIN";"CHEMBL1124749";"1";"Scientific Literature";"J Med Chem";"1990";"None";"";"";"";"1.6"
"CHEMBL10785";"";"None";"409.49";"0";"1.67";"2e";"Cc1nc(N)ccc1CNC(=O)Cn1c(C)cc2c(c1=O)NC(=O)[C@H](CC1CC1)C2";"Ki";"'='";"770.0";"nM";"6.11";"";"";"UO_0000065";"14.93";"0.28";"4.44";"5.13";"0";"CHEMBL818021";"The compound was tested for its ability to inhibit trypsin.";"B";"BAO_0000357";"single protein format";"None";"None";"None";"None";"None";"";"";"";"CHEMBL209";"Serine protease 1";"Homo sapiens";"SINGLE PROTEIN";"CHEMBL1132875";"1";"Scientific Literature";"Bioorg Med Chem Lett";"2000";"None";"";"";"";"770.0"
"CHEMBL351306";"";"None";"509.63";"1";"0.93";"1m";"COc1ccc(OC)c(S(=O)(=O)N[C@H]2CCCCN(CC(=O)CC3CCN(C(=N)N)CC3)C2=O)c1";"Ki";"";"";"nM";"";"";"Not Active";"UO_0000065";"";"";"";"";"0";"CHEMBL817821";"Inhibitory constant against trypsin determined in Vitro; Inact. means Inactive";"B";"BAO_0000357";"single protein format";"None";"None";"None";"None";"None";"";"";"";"CHEMBL209";"Serine protease 1";"Homo sapiens";"SINGLE PROTEIN";"CHEMBL1135220";"1";"Scientific Literature";"Bioorg Med Chem Lett";"2002";"None";"";"";"";""
"CHEMBL179270";"";"None";"494.60";"1";"5.03";"3";"COc1cc(C(Nc2ccc(C(=N)N)cc2)C(=O)NCc2ccccc2)ccc1OCc1ccccc1";"Ki";"'='";"210.0";"nM";"6.68";"";"";"UO_0000065";"13.50";"0.25";"1.65";"6.10";"0";"CHEMBL828075";"The value of binding constant measured against human trypsin";"B";"BAO_0000357";"single protein format";"Homo sapiens";"None";"None";"None";"None";"";"";"";"CHEMBL209";"Serine protease 1";"Homo sapiens";"SINGLE PROTEIN";"CHEMBL1144307";"1";"Scientific Literature";"Bioorg Med Chem Lett";"2005";"None";"";"";"";"0.21"
"CHEMBL166530";"";"None";"415.50";"0";"3.00";"6";"Cc1cnc(NCCc2ccccc2)c(=O)n1CC(=O)NCc1ccc2cc[nH]c2c1";"Ki";"'>'";"100000.0";"nM";"";"";"";"UO_0000065";"";"";"";"";"0";"CHEMBL817814";"Inhibition of Trypsin";"B";"BAO_0000357";"single protein format";"Homo sapiens";"None";"None";"None";"None";"";"";"";"CHEMBL209";"Serine protease 1";"Homo sapiens";"SINGLE PROTEIN";"CHEMBL1136608";"1";"Scientific Literature";"Bioorg Med Chem Lett";"2003";"None";"";"";"";"100000.0"
"CHEMBL311655";"";"None";"690.85";"2";"2.05";"63";"N=C(N)Nc1ccc(CNC(=O)N2CCN(C(=O)CCCCCCC(=O)N3CCN(C(=O)NCc4ccc(NC(=N)N)cc4)CC3)CC2)cc1";"Ki";"'='";"34000.0";"nM";"4.47";"";"";"UO_0000065";"6.47";"0.12";"2.42";"1.95";"0";"CHEMBL824723";"Compound was evaluated for its inhibitory potency against trypsin";"B";"BAO_0000357";"single protein format";"None";"None";"None";"None";"None";"";"";"";"CHEMBL209";"Serine protease 1";"Homo sapiens";"SINGLE PROTEIN";"CHEMBL1132784";"1";"Scientific Literature";"Bioorg Med Chem Lett";"2000";"None";"";"";"";"34.0"
"CHEMBL49987";"";"None";"502.38";"1";"4.28";"16";"N=C(N)c1ccc2[nH]c(-c3cc(Cc4nn[nH]n4)cc(Br)c3O)c(Cc3ccccc3)c2c1";"Ki";"'='";"840.0";"nM";"6.08";"";"";"UO_0000065";"12.09";"0.25";"1.80";"4.33";"0";"CHEMBL874090";"Inhibitory activity against trypsin in human plasma";"B";"BAO_0000366";"cell-free format";"None";"CHEMBL3559721";"Plasma";"None";"None";"";"";"";"CHEMBL209";"Serine protease 1";"Homo sapiens";"SINGLE PROTEIN";"CHEMBL1134132";"1";"Scientific Literature";"Bioorg Med Chem Lett";"2001";"None";"";"";"";"0.84"
"CHEMBL70400";"";"None";"373.46";"0";"3.71";"3a";"N=C(N)c1ccc(O)c(CCCNC(=O)c2ccc(-c3ccccc3)cc2)c1";"Ki";"'>'";"2900.0";"nM";"";"";"";"UO_0000065";"";"";"";"";"0";"CHEMBL817143";"In vitro inhibition of trypsin.";"B";"BAO_0000357";"single protein format";"None";"None";"None";"None";"None";"";"";"";"CHEMBL209";"Serine protease 1";"Homo sapiens";"SINGLE PROTEIN";"CHEMBL1133371";"1";"Scientific Literature";"Bioorg Med Chem Lett";"2000";"None";"";"";"";"2900.0"
"CHEMBL607009";"";"None";"620.56";"None";"None";"15";"CC(=O)N[C@H](Cc1ccccc1)C(=O)N1CCC[C@H]1C(=O)N[C@@H](CCCn1nnnc1N)B1O[C@@H]2CC3CC(C3(C)C)[C@]2(C)O1";"Ki";"'>'";"1200.0";"nM";"";"";"";"UO_0000065";"";"";"";"";"0";"CHEMBL812715";"Tested for selectivity against trypsin";"B";"BAO_0000357";"single protein format";"None";"None";"None";"None";"None";"";"";"";"CHEMBL209";"Serine protease 1";"Homo sapiens";"SINGLE PROTEIN";"CHEMBL1129866";"1";"Scientific Literature";"Bioorg Med Chem Lett";"1997";"None";"";"";"";"1200.0"
"CHEMBL91999";"";"None";"659.61";"1";"1.47";"56";"N=C(N)c1cccc(C2=NOC(Cn3ncnn3)(C(=O)Nc3ccc(-c4ccccc4S(N)(=O)=O)cc3)C2)c1.O=C(O)C(F)(F)F";"Ki";"'='";"91.0";"nM";"7.04";"";"";"UO_0000065";"12.91";"0.25";"5.57";"3.45";"0";"CHEMBL824706";"Binding affinity towards trypsin obtained from human purified enzymes";"B";"BAO_0000357";"single protein format";"None";"None";"None";"None";"None";"";"";"";"CHEMBL209";"Serine protease 1";"Homo sapiens";"SINGLE PROTEIN";"CHEMBL1132652";"1";"Scientific Literature";"J Med Chem";"1999";"None";"";"";"";"91.0"
"CHEMBL25478";"";"None";"431.58";"1";"5.12";"20c";"CCc1nc2ccc(OC3CCN(C(C)=N)CC3)cc2n1C/C(C)=C/c1cccc(N)c1";"Ki";"'='";"73.0";"nM";"7.14";"";"";"UO_0000065";"16.54";"0.30";"2.02";"8.90";"0";"CHEMBL817144";"Tested in vitro for the selectivity against trypsin (Trp)";"B";"BAO_0000357";"single protein format";"None";"None";"None";"None";"None";"";"";"";"CHEMBL209";"Serine protease 1";"Homo sapiens";"SINGLE PROTEIN";"CHEMBL1135304";"1";"Scientific Literature";"Bioorg Med Chem Lett";"2002";"None";"";"";"";"73.0"
"CHEMBL3642910";"";"None";"431.40";"0";"1.01";"BDBM109637";"C[C@H](Cc1ccc(C(=O)Oc2ccc(C(=N)N)cc2)o1)C(=O)N[C@@H](CC(=O)O)C(=O)O";"Ki";"'='";"0.62";"nM";"9.21";"";"230116";"UO_0000065";"21.34";"0.41";"8.20";"4.77";"0";"CHEMBL3705715";"Inhibition Assay: Inhibition assay using human trysin.";"B";"BAO_0000357";"single protein format";"Homo sapiens";"None";"None";"None";"None";"";"";"";"CHEMBL209";"Serine protease 1";"Homo sapiens";"SINGLE PROTEIN";"CHEMBL3638962";"37";"BindingDB Patent Bioactivity Data";"";"2013";"None";"";"";"";"0.62"
"CHEMBL3642913";"";"None";"419.48";"0";"3.32";"BDBM109640";"CC(Cc1ccc(C(=O)Oc2ccc(C(=N)N)cc2)o1)C(=O)NCCc1ccccc1";"Ki";"'='";"5.7";"nM";"8.24";"";"230119";"UO_0000065";"19.65";"0.36";"4.92";"6.96";"0";"CHEMBL3705715";"Inhibition Assay: Inhibition assay using human trysin.";"B";"BAO_0000357";"single protein format";"Homo sapiens";"None";"None";"None";"None";"";"";"";"CHEMBL209";"Serine protease 1";"Homo sapiens";"SINGLE PROTEIN";"CHEMBL3638962";"37";"BindingDB Patent Bioactivity Data";"";"2013";"None";"";"";"";"5.7"
"CHEMBL3642930";"";"None";"467.46";"0";"0.42";"BDBM109657";"CC(Cc1cc(C(=O)Oc2ccc(C(=N)N)cc2)co1)C(=O)N[C@@H](CS(=O)(=O)O)C(=O)O";"Ki";"'='";"4.5";"nM";"8.35";"";"230136";"UO_0000065";"17.86";"0.36";"7.93";"3.97";"0";"CHEMBL3705715";"Inhibition Assay: Inhibition assay using human trysin.";"B";"BAO_0000357";"single protein format";"Homo sapiens";"None";"None";"None";"None";"";"";"";"CHEMBL209";"Serine protease 1";"Homo sapiens";"SINGLE PROTEIN";"CHEMBL3638962";"37";"BindingDB Patent Bioactivity Data";"";"2013";"None";"";"";"";"4.5"
"CHEMBL3642894";"";"None";"495.58";"0";"1.75";"BDBM109621";"C/C(=C\c1ccc(C(=O)Oc2ccc(C(=N)N)cc2)s1)C(=O)N(CCCO)CCS(=O)(=O)O";"Ki";"'='";"7.36";"nM";"8.13";"";"230149";"UO_0000065";"16.41";"0.34";"6.38";"4.75";"0";"CHEMBL3705715";"Inhibition Assay: Inhibition assay using human trysin.";"B";"BAO_0000357";"single protein format";"Homo sapiens";"None";"None";"None";"None";"";"";"";"CHEMBL209";"Serine protease 1";"Homo sapiens";"SINGLE PROTEIN";"CHEMBL3638962";"37";"BindingDB Patent Bioactivity Data";"";"2013";"None";"";"";"";"7.36"
"CHEMBL3642899";"";"None";"366.83";"0";"3.17";"BDBM109626";"CC(Cc1ccc(C(=O)Oc2ccc(C(=N)N)cc2Cl)s1)C(=O)O";"Ki";"'='";"1.76";"nM";"8.75";"";"230154";"UO_0000065";"23.87";"0.50";"5.58";"7.72";"0";"CHEMBL3705715";"Inhibition Assay: Inhibition assay using human trysin.";"B";"BAO_0000357";"single protein format";"Homo sapiens";"None";"None";"None";"None";"";"";"";"CHEMBL209";"Serine protease 1";"Homo sapiens";"SINGLE PROTEIN";"CHEMBL3638962";"37";"BindingDB Patent Bioactivity Data";"";"2013";"None";"";"";"";"1.76"
"CHEMBL3642952";"";"None";"451.43";"0";"1.37";"BDBM109679";"N=C(N)c1ccc(OC(=O)c2ccc(CCC(=O)N[C@H](CC(=O)O)C(=O)O)s2)c(F)c1";"Ki";"'='";"0.84";"nM";"9.08";"";"230173";"UO_0000065";"20.10";"0.40";"7.71";"5.05";"0";"CHEMBL3705715";"Inhibition Assay: Inhibition assay using human trysin.";"B";"BAO_0000357";"single protein format";"Homo sapiens";"None";"None";"None";"None";"";"";"";"CHEMBL209";"Serine protease 1";"Homo sapiens";"SINGLE PROTEIN";"CHEMBL3638962";"37";"BindingDB Patent Bioactivity Data";"";"2013";"None";"";"";"";"0.84"
"CHEMBL3642955";"";"None";"483.52";"0";"0.89";"BDBM109682";"CC(Cc1ccc(C(=O)Oc2ccc(C(=N)N)cc2)s1)C(=O)N[C@@H](CS(=O)(=O)O)C(=O)O";"Ki";"'='";"2.2";"nM";"8.66";"";"230176";"UO_0000065";"17.91";"0.37";"7.77";"4.40";"0";"CHEMBL3705715";"Inhibition Assay: Inhibition assay using human trysin.";"B";"BAO_0000357";"single protein format";"Homo sapiens";"None";"None";"None";"None";"";"";"";"CHEMBL209";"Serine protease 1";"Homo sapiens";"SINGLE PROTEIN";"CHEMBL3638962";"37";"BindingDB Patent Bioactivity Data";"";"2013";"None";"";"";"";"2.2"
"CHEMBL3642963";"";"None";"360.44";"0";"3.29";"BDBM109690";"CC(CCC(=O)O)Cc1ccc(C(=O)Oc2ccc(C(=N)N)cc2)s1";"Ki";"'='";"1.8";"nM";"8.74";"";"230184";"UO_0000065";"24.26";"0.48";"5.45";"7.71";"0";"CHEMBL3705715";"Inhibition Assay: Inhibition assay using human trysin.";"B";"BAO_0000357";"single protein format";"Homo sapiens";"None";"None";"None";"None";"";"";"";"CHEMBL209";"Serine protease 1";"Homo sapiens";"SINGLE PROTEIN";"CHEMBL3638962";"37";"BindingDB Patent Bioactivity Data";"";"2013";"None";"";"";"";"1.8"
"CHEMBL3642940";"";"None";"446.49";"0";"1.35";"BDBM109667";"C/C(=C\c1nc(C(=O)Oc2ccc(C(=N)N)cc2)cs1)C(=O)N(CCCO)CC(=O)O";"Ki";"'='";"0.39";"nM";"9.41";"";"230204";"UO_0000065";"21.07";"0.41";"8.06";"5.64";"0";"CHEMBL3705715";"Inhibition Assay: Inhibition assay using human trysin.";"B";"BAO_0000357";"single protein format";"Homo sapiens";"None";"None";"None";"None";"";"";"";"CHEMBL209";"Serine protease 1";"Homo sapiens";"SINGLE PROTEIN";"CHEMBL3638962";"37";"BindingDB Patent Bioactivity Data";"";"2013";"None";"";"";"";"0.39"
"CHEMBL138855";"";"None";"420.52";"0";"2.12";"29";"Cc1cc(N)nc(C)c1CNC(=O)Cn1c(C)cnc(NCCc2ccccc2)c1=O";"Ki";"'='";"1000.0";"nM";"6.00";"";"";"UO_0000065";"14.27";"0.26";"3.88";"5.22";"0";"CHEMBL817818";"Inhibitory activity against trypsin was determined";"B";"BAO_0000357";"single protein format";"None";"None";"None";"None";"None";"";"";"";"CHEMBL209";"Serine protease 1";"Homo sapiens";"SINGLE PROTEIN";"CHEMBL1131169";"1";"Scientific Literature";"J Med Chem";"1998";"None";"";"";"";"1000.0"
"CHEMBL147339";"";"None";"193.25";"0";"1.71";"10 (table 3)";"CCCOC(=O)c1ccc(CN)cc1";"Ki";"'='";"500034534.98";"nM";"";"Outside typical range";"";"UO_0000065";"";"";"";"";"0";"CHEMBL858270";"Inhibition of trypsin";"B";"BAO_0000357";"single protein format";"None";"None";"None";"None";"None";"";"";"";"CHEMBL209";"Serine protease 1";"Homo sapiens";"SINGLE PROTEIN";"CHEMBL1132536";"1";"Scientific Literature";"J Med Chem";"1999";"None";"";"";"";"0.301"
"CHEMBL148986";"";"None";"165.19";"0";"0.93";"8 (table 3)";"COC(=O)c1ccc(CN)cc1";"Ki";"'='";"434510224.17";"nM";"";"Outside typical range";"";"UO_0000065";"";"";"";"";"0";"CHEMBL858270";"Inhibition of trypsin";"B";"BAO_0000357";"single protein format";"None";"None";"None";"None";"None";"";"";"";"CHEMBL209";"Serine protease 1";"Homo sapiens";"SINGLE PROTEIN";"CHEMBL1132536";"1";"Scientific Literature";"J Med Chem";"1999";"None";"";"";"";"0.362"
"CHEMBL72820";"";"None";"363.42";"0";"2.43";"3e";"N=C(N)c1ccc(O)c(CCCNC(=O)c2ccc(-c3ncc[nH]3)cc2)c1";"Ki";"'~'";"2900.0";"nM";"";"";"";"UO_0000065";"";"";"";"";"0";"CHEMBL817143";"In vitro inhibition of trypsin.";"B";"BAO_0000357";"single protein format";"None";"None";"None";"None";"None";"";"";"";"CHEMBL209";"Serine protease 1";"Homo sapiens";"SINGLE PROTEIN";"CHEMBL1133371";"1";"Scientific Literature";"Bioorg Med Chem Lett";"2000";"None";"";"";"";"2900.0"
"CHEMBL163112";"";"None";"455.56";"0";"2.79";"25";"N=C(N)c1cccc(C(=O)N[C@@H](C(=O)N2CCN(Cc3ccccc3)CC2)c2ccccc2)c1";"Ki";"'='";"2200.0";"nM";"5.66";"";"";"UO_0000065";"12.42";"0.23";"2.87";"5.52";"0";"CHEMBL818185";"Binding affinity against human trypsin";"B";"BAO_0000357";"single protein format";"None";"None";"None";"None";"None";"";"";"";"CHEMBL209";"Serine protease 1";"Homo sapiens";"SINGLE PROTEIN";"CHEMBL1134227";"1";"Scientific Literature";"Bioorg Med Chem Lett";"2001";"None";"";"";"";"2.2"
"CHEMBL32825";"";"None";"455.54";"0";"1.48";"2c";"Cc1ccc(S(=O)(=O)c2cc(C)n(CC(=O)NCc3ccc(N)nc3C)c(=O)c2N)cc1";"Ki";"'='";"800.0";"nM";"6.10";"";"";"UO_0000065";"13.38";"0.26";"4.62";"4.06";"0";"CHEMBL817816";"Inhibitory activity against human trypsin";"B";"BAO_0000357";"single protein format";"None";"None";"None";"None";"None";"";"";"";"CHEMBL209";"Serine protease 1";"Homo sapiens";"SINGLE PROTEIN";"CHEMBL1136704";"1";"Scientific Literature";"Bioorg Med Chem Lett";"2003";"None";"";"";"";"800.0"
"CHEMBL3672880";"";"None";"527.53";"1";"3.99";"BDBM158140";"CC(C)(Cc1ccc(C(=O)Oc2ccc(C(=N)N)cc2F)s1)C(=O)Nc1ccc(C(=O)O)c(C(=O)O)c1";"Ki";"'='";"0.21";"nM";"9.68";"";"591970";"UO_0000065";"18.35";"0.36";"5.69";"5.38";"1";"CHEMBL5731810";"Inhibitory Activity Assay: Using a 96 well plate (#3915, Costar), a test compound (25 μL), 400 mM Tris-HCl buffer (pH 8.0, 25 μL) and 0.5 mg/mL fluorescence enzyme substrate (Gly-Asp-Asp-Asp-Asp-Lys-β-Naphtylamide, 25 μL) were mixed, and recombinant human enteropeptidase (R&D Systems, Inc., 25 μL) was added. Using a fluorescence plate reader fmax (Molecular Devices, Inc.), the reaction rate was measured from the time-course changes at excitation wavelength 320 nm and fluorescence wavelength 405 nm. The Ki value was calculated from the concentration of the test compound, reciprocal of reaction rate, and Km value of the enzyme substrate, and by using Dixon plot.";"B";"BAO_0000357";"single protein format";"Homo sapiens";"None";"None";"None";"None";"";"";"";"CHEMBL209";"Serine protease 1";"Homo sapiens";"SINGLE PROTEIN";"CHEMBL5725983";"37";"BindingDB Patent Bioactivity Data";"";"2017";"None";"";"";"";"0.21"
"CHEMBL162596";"";"None";"471.61";"0";"3.48";"13";"N=C(N)c1cccc(C(=O)NC(C(=O)NCC2CCC(CN)CC2)c2cccc3ccccc23)c1";"Ki";"'='";"2100.0";"nM";"5.68";"";"";"UO_0000065";"12.04";"0.22";"2.20";"4.23";"0";"CHEMBL818185";"Binding affinity against human trypsin";"B";"BAO_0000357";"single protein format";"None";"None";"None";"None";"None";"";"";"";"CHEMBL209";"Serine protease 1";"Homo sapiens";"SINGLE PROTEIN";"CHEMBL1134227";"1";"Scientific Literature";"Bioorg Med Chem Lett";"2001";"None";"";"";"";"2.1"
"CHEMBL32931";"";"None";"434.52";"0";"0.17";"3c";"Cc1nc(N)ccc1CNC(=O)Cn1c(C)cc(S(=O)(=O)NC2CCC2)c(N)c1=O";"Ki";"'='";"1100.0";"nM";"5.96";"";"";"UO_0000065";"13.71";"0.27";"5.79";"3.67";"0";"CHEMBL817816";"Inhibitory activity against human trypsin";"B";"BAO_0000357";"single protein format";"None";"None";"None";"None";"None";"";"";"";"CHEMBL209";"Serine protease 1";"Homo sapiens";"SINGLE PROTEIN";"CHEMBL1136704";"1";"Scientific Literature";"Bioorg Med Chem Lett";"2003";"None";"";"";"";"1100.0"
"CHEMBL354555";"";"None";"455.54";"0";"1.70";"4";"Cc1cc(N)ncc1CNC(=O)Cn1c(C)ccc(NS(=O)(=O)Cc2ccccc2)c1=O";"Ki";"'='";"1500.0";"nM";"5.82";"";"";"UO_0000065";"12.78";"0.25";"4.12";"4.28";"0";"CHEMBL816554";"Binding affinity towards trypsin was evaluated";"B";"BAO_0000357";"single protein format";"None";"None";"None";"None";"None";"";"";"";"CHEMBL209";"Serine protease 1";"Homo sapiens";"SINGLE PROTEIN";"CHEMBL1130777";"1";"Scientific Literature";"Bioorg Med Chem Lett";"1998";"None";"";"";"";"1500.0"
"CHEMBL70660";"";"None";"387.89";"0";"3.91";"3d";"N=C(N)c1ccc(O)c(CCCNC(=O)c2cc3ccc(Cl)cc3s2)c1";"Ki";"'>'";"2900.0";"nM";"";"";"";"UO_0000065";"";"";"";"";"0";"CHEMBL817143";"In vitro inhibition of trypsin.";"B";"BAO_0000357";"single protein format";"None";"None";"None";"None";"None";"";"";"";"CHEMBL209";"Serine protease 1";"Homo sapiens";"SINGLE PROTEIN";"CHEMBL1133371";"1";"Scientific Literature";"Bioorg Med Chem Lett";"2000";"None";"";"";"";"2900.0"
"CHEMBL76967";"";"None";"694.84";"1";"3.00";"26";"N=C(N)Nc1ccc(CNC(=O)N2CCN(C(=O)O[C@H]3CCC[C@@H](OC(=O)N4CCN(C(=O)CCCn5ccnc5)CC4)CCC3)CC2)cc1";"Ki";"'='";"158000.0";"nM";"";"Outside typical range";"";"UO_0000065";"";"";"";"";"0";"CHEMBL824723";"Compound was evaluated for its inhibitory potency against trypsin";"B";"BAO_0000357";"single protein format";"None";"None";"None";"None";"None";"";"";"";"CHEMBL209";"Serine protease 1";"Homo sapiens";"SINGLE PROTEIN";"CHEMBL1132784";"1";"Scientific Literature";"Bioorg Med Chem Lett";"2000";"None";"";"";"";"158.0"
"CHEMBL19767";"";"None";"442.50";"0";"0.79";"NC20";"Cc1ccc(NS(=O)(=O)Cc2ccccc2)c(=O)n1CC(=O)NCc1cnc(N)nc1";"Ki";"";"";"nM";"";"";"Not Active";"UO_0000065";"";"";"";"";"0";"CHEMBL817810";"In vitro inhibitory constant against trypsin; Inactive";"B";"BAO_0000357";"single protein format";"None";"None";"None";"None";"None";"";"";"";"CHEMBL209";"Serine protease 1";"Homo sapiens";"SINGLE PROTEIN";"CHEMBL1136066";"1";"Scientific Literature";"Bioorg Med Chem Lett";"2002";"None";"";"";"";""
"CHEMBL3642878";"";"None";"445.43";"0";"1.40";"BDBM109605";"CC(Cc1ccc(C(=O)Oc2ccc(C(=N)N)cc2)o1)C(=O)N[C@H](CCC(=O)O)C(=O)O";"Ki";"'='";"0.95";"nM";"9.02";"";"230100";"UO_0000065";"20.26";"0.39";"7.62";"4.67";"0";"CHEMBL3705715";"Inhibition Assay: Inhibition assay using human trysin.";"B";"BAO_0000357";"single protein format";"Homo sapiens";"None";"None";"None";"None";"";"";"";"CHEMBL209";"Serine protease 1";"Homo sapiens";"SINGLE PROTEIN";"CHEMBL3638962";"37";"BindingDB Patent Bioactivity Data";"";"2013";"None";"";"";"";"0.95"
"CHEMBL3642883";"";"None";"288.26";"0";"1.41";"BDBM109610";"N=C(N)c1ccc(OC(=O)c2ccc(CC(=O)O)o2)cc1";"Ki";"'='";"2.89";"nM";"8.54";"";"230105";"UO_0000065";"29.62";"0.56";"7.13";"6.74";"0";"CHEMBL3705715";"Inhibition Assay: Inhibition assay using human trysin.";"B";"BAO_0000357";"single protein format";"Homo sapiens";"None";"None";"None";"None";"";"";"";"CHEMBL209";"Serine protease 1";"Homo sapiens";"SINGLE PROTEIN";"CHEMBL3638962";"37";"BindingDB Patent Bioactivity Data";"";"2013";"None";"";"";"";"2.89"
"CHEMBL3642909";"";"None";"431.40";"0";"1.01";"BDBM109636";"C[C@@H](Cc1ccc(C(=O)Oc2ccc(C(=N)N)cc2)o1)C(=O)N[C@@H](CC(=O)O)C(=O)O";"Ki";"'='";"0.52";"nM";"9.28";"";"230115";"UO_0000065";"21.52";"0.41";"8.27";"4.81";"0";"CHEMBL3705715";"Inhibition Assay: Inhibition assay using human trysin.";"B";"BAO_0000357";"single protein format";"Homo sapiens";"None";"None";"None";"None";"";"";"";"CHEMBL209";"Serine protease 1";"Homo sapiens";"SINGLE PROTEIN";"CHEMBL3638962";"37";"BindingDB Patent Bioactivity Data";"";"2013";"None";"";"";"";"0.52"
"CHEMBL3642943";"";"None";"507.54";"1";"2.64";"BDBM109670";"CC(C)C[C@@H](Cc1ccc(C(=O)Oc2ccc(C(=N)N)cc2F)s1)C(=O)N[C@@H](CC(=O)O)C(=O)O";"Ki";"'='";"1.3";"nM";"8.89";"";"230164";"UO_0000065";"17.51";"0.35";"6.25";"4.94";"0";"CHEMBL3705715";"Inhibition Assay: Inhibition assay using human trysin.";"B";"BAO_0000357";"single protein format";"Homo sapiens";"None";"None";"None";"None";"";"";"";"CHEMBL209";"Serine protease 1";"Homo sapiens";"SINGLE PROTEIN";"CHEMBL3638962";"37";"BindingDB Patent Bioactivity Data";"";"2013";"None";"";"";"";"1.3"
"CHEMBL3642949";"";"None";"475.52";"0";"2.25";"BDBM109676";"CCCC(Cc1ccc(C(=O)Oc2ccc(C(=N)N)cc2)s1)C(=O)N[C@@H](CC(=O)O)C(=O)O";"Ki";"'='";"3.6";"nM";"8.44";"";"230170";"UO_0000065";"17.76";"0.35";"6.19";"4.69";"0";"CHEMBL3705715";"Inhibition Assay: Inhibition assay using human trysin.";"B";"BAO_0000357";"single protein format";"Homo sapiens";"None";"None";"None";"None";"";"";"";"CHEMBL209";"Serine protease 1";"Homo sapiens";"SINGLE PROTEIN";"CHEMBL3638962";"37";"BindingDB Patent Bioactivity Data";"";"2013";"None";"";"";"";"3.6"
"CHEMBL3642970";"";"None";"451.43";"0";"1.37";"BDBM109697";"N=C(N)c1ccc(OC(=O)c2csc(CCC(=O)N[C@@H](CC(=O)O)C(=O)O)c2)c(F)c1";"Ki";"'='";"0.79";"nM";"9.10";"";"230191";"UO_0000065";"20.16";"0.40";"7.73";"5.06";"0";"CHEMBL3705715";"Inhibition Assay: Inhibition assay using human trysin.";"B";"BAO_0000357";"single protein format";"Homo sapiens";"None";"None";"None";"None";"";"";"";"CHEMBL209";"Serine protease 1";"Homo sapiens";"SINGLE PROTEIN";"CHEMBL3638962";"37";"BindingDB Patent Bioactivity Data";"";"2013";"None";"";"";"";"0.79"
"CHEMBL148476";"";"None";"122.17";"0";"0.73";"6 (table 3)";"NCc1ccc(N)cc1";"Ki";"'='";"500034534.98";"nM";"";"Outside typical range";"";"UO_0000065";"";"";"";"";"0";"CHEMBL821444";"The compound was tested for inhibition of the proteolytic enzyme trypsin.";"B";"BAO_0000357";"single protein format";"None";"None";"None";"None";"None";"";"";"";"CHEMBL209";"Serine protease 1";"Homo sapiens";"SINGLE PROTEIN";"CHEMBL1132536";"1";"Scientific Literature";"J Med Chem";"1999";"None";"";"";"";"0.301"
"CHEMBL49457";"";"None";"516.02";"1";"2.92";"7";"Cc1nc(N)ccc1CNC(=O)Cn1c(C2CC2)ccc(NS(=O)(=O)Cc2ccc(Cl)cc2)c1=O";"Ki";"'='";"1900.0";"nM";"5.72";"";"";"UO_0000065";"11.09";"0.22";"2.80";"4.20";"0";"CHEMBL817281";"Compound was evaluated to inhibit the trypsin enzyme";"B";"BAO_0000357";"single protein format";"None";"None";"None";"None";"None";"";"";"";"CHEMBL209";"Serine protease 1";"Homo sapiens";"SINGLE PROTEIN";"CHEMBL1130870";"1";"Scientific Literature";"Bioorg Med Chem Lett";"1998";"None";"";"";"";"1900.0"
"CHEMBL327201";"";"None";"652.68";"1";"2.94";"67";"CCSCC1(C(=O)Nc2ccc(-c3ccccc3S(N)(=O)=O)cn2)CC(c2cccc(C(=N)N)c2)=NO1.O=C(O)C(F)(F)F";"Ki";"'='";"54.0";"nM";"7.27";"";"";"UO_0000065";"13.49";"0.27";"4.33";"4.19";"0";"CHEMBL824706";"Binding affinity towards trypsin obtained from human purified enzymes";"B";"BAO_0000357";"single protein format";"None";"None";"None";"None";"None";"";"";"";"CHEMBL209";"Serine protease 1";"Homo sapiens";"SINGLE PROTEIN";"CHEMBL1132652";"1";"Scientific Literature";"J Med Chem";"1999";"None";"";"";"";"54.0"
"CHEMBL606949";"";"None";"680.06";"None";"None";"1";"CC(=O)N[C@H](Cc1ccccc1)C(=O)N1CCC[C@H]1C(=O)N[C@@H](CCCNc1cc(Cl)nc(N)n1)B1O[C@@H]2CC3CC(C3(C)C)[C@]2(C)O1";"Ki";"'>'";"1200.0";"nM";"";"";"";"UO_0000065";"";"";"";"";"0";"CHEMBL812715";"Tested for selectivity against trypsin";"B";"BAO_0000357";"single protein format";"None";"None";"None";"None";"None";"";"";"";"CHEMBL209";"Serine protease 1";"Homo sapiens";"SINGLE PROTEIN";"CHEMBL1129866";"1";"Scientific Literature";"Bioorg Med Chem Lett";"1997";"None";"";"";"";"1200.0"
"CHEMBL46135";"";"None";"543.96";"1";"3.06";"8";"Cc1nc(N)ccc1CNC(=O)Cn1c(C(F)(F)F)ccc(NS(=O)(=O)Cc2ccc(Cl)cc2)c1=O";"Ki";"'='";"3400.0";"nM";"5.47";"";"";"UO_0000065";"10.05";"0.21";"2.41";"4.02";"0";"CHEMBL817281";"Compound was evaluated to inhibit the trypsin enzyme";"B";"BAO_0000357";"single protein format";"None";"None";"None";"None";"None";"";"";"";"CHEMBL209";"Serine protease 1";"Homo sapiens";"SINGLE PROTEIN";"CHEMBL1130870";"1";"Scientific Literature";"Bioorg Med Chem Lett";"1998";"None";"";"";"";"3400.0"
"CHEMBL306258";"";"None";"723.90";"1";"3.91";"22";"N=C(N)Nc1ccc(CNC(=O)N2CCN(C(=O)O[C@H]3CCC[C@@H](OC(=O)N4CCN(C(=O)CCSc5ccncc5)CC4)CCC3)CC2)cc1";"Ki";"'='";"156000.0";"nM";"";"Outside typical range";"";"UO_0000065";"";"";"";"";"0";"CHEMBL824723";"Compound was evaluated for its inhibitory potency against trypsin";"B";"BAO_0000357";"single protein format";"None";"None";"None";"None";"None";"";"";"";"CHEMBL209";"Serine protease 1";"Homo sapiens";"SINGLE PROTEIN";"CHEMBL1132784";"1";"Scientific Literature";"Bioorg Med Chem Lett";"2000";"None";"";"";"";"156.0"
"CHEMBL606954";"";"None";"696.72";"None";"None";"9";"CCCCS(=O)(=O)N[C@H](Cc1ccccc1)C(=O)N1CCC[C@H]1C(=O)N[C@@H](CCCn1ccnc1N)B1O[C@@H]2CC3CC(C3(C)C)[C@]2(C)O1";"Ki";"'='";"40.0";"nM";"7.40";"";"";"UO_0000065";"10.62";"None";"None";"None";"0";"CHEMBL812715";"Tested for selectivity against trypsin";"B";"BAO_0000357";"single protein format";"None";"None";"None";"None";"None";"";"";"";"CHEMBL209";"Serine protease 1";"Homo sapiens";"SINGLE PROTEIN";"CHEMBL1129866";"1";"Scientific Literature";"Bioorg Med Chem Lett";"1997";"None";"";"";"";"40.0"
"CHEMBL3960291";"";"None";"488.50";"0";"1.28";"BDBM234240";"CC(C)[C@@H](C(=O)N[C@@H](CC(=O)O)C(=O)O)N(C)Cc1ccc(C(=O)Oc2ccc(C(=N)N)cc2)o1";"Ki";"'='";"0.45";"nM";"9.35";"";"408282";"UO_0000065";"19.13";"0.36";"8.07";"4.76";"0";"CHEMBL3888548";"Inhibition Assay: Using a 96 well plate (#3915, Costar), a test compound (25 μL), 400 mM Tris-HCl buffer (pH 8.0, 25 μL) and 0.5 mg/mL fluorescence enzyme substrate (Gly-Asp-Asp-Asp-Asp-Lys-β-Naphtylamide, 25 μL) were mixed, and recombinant human enteropeptidase (R&D Systems, Inc., 25 μL) was added. Using a fluorescence plate reader fmax (Molecular Devices, Inc.), the reaction rate was measured from the time-course changes at excitation wavelength 320 nm and fluorescence wavelength 405 nm. The Ki value was calculated from the concentration of the test compound, reciprocal of reaction rate, and Km value of the enzyme substrate, and by using Dixon plot.";"B";"BAO_0000357";"single protein format";"Homo sapiens";"None";"None";"None";"None";"";"";"";"CHEMBL209";"Serine protease 1";"Homo sapiens";"SINGLE PROTEIN";"CHEMBL3886757";"37";"BindingDB Patent Bioactivity Data";"";"2016";"None";"";"";"";"0.45"
"CHEMBL3905647";"";"None";"524.58";"1";"0.67";"BDBM234245";"N=C(N)c1ccc(OC(=O)c2ccc(CN3CCC[C@@H]3C(=O)N[C@@H](CS(=O)(=O)O)C(=O)O)s2)cc1";"Ki";"'='";"1.14";"nM";"8.94";"";"408287";"UO_0000065";"17.05";"0.35";"8.27";"4.47";"0";"CHEMBL3888548";"Inhibition Assay: Using a 96 well plate (#3915, Costar), a test compound (25 μL), 400 mM Tris-HCl buffer (pH 8.0, 25 μL) and 0.5 mg/mL fluorescence enzyme substrate (Gly-Asp-Asp-Asp-Asp-Lys-β-Naphtylamide, 25 μL) were mixed, and recombinant human enteropeptidase (R&D Systems, Inc., 25 μL) was added. Using a fluorescence plate reader fmax (Molecular Devices, Inc.), the reaction rate was measured from the time-course changes at excitation wavelength 320 nm and fluorescence wavelength 405 nm. The Ki value was calculated from the concentration of the test compound, reciprocal of reaction rate, and Km value of the enzyme substrate, and by using Dixon plot.";"B";"BAO_0000357";"single protein format";"Homo sapiens";"None";"None";"None";"None";"";"";"";"CHEMBL209";"Serine protease 1";"Homo sapiens";"SINGLE PROTEIN";"CHEMBL3886757";"37";"BindingDB Patent Bioactivity Data";"";"2016";"None";"";"";"";"1.14"
"CHEMBL3924838";"";"None";"520.54";"1";"1.79";"BDBM234249";"N=C(N)c1ccc(OC(=O)c2ccc(CN3CCCC[C@H]3C(=O)N[C@@H](CC(=O)O)C(=O)O)s2)c(F)c1";"Ki";"'='";"0.92";"nM";"9.04";"";"408291";"UO_0000065";"17.36";"0.34";"7.25";"4.93";"0";"CHEMBL3888548";"Inhibition Assay: Using a 96 well plate (#3915, Costar), a test compound (25 μL), 400 mM Tris-HCl buffer (pH 8.0, 25 μL) and 0.5 mg/mL fluorescence enzyme substrate (Gly-Asp-Asp-Asp-Asp-Lys-β-Naphtylamide, 25 μL) were mixed, and recombinant human enteropeptidase (R&D Systems, Inc., 25 μL) was added. Using a fluorescence plate reader fmax (Molecular Devices, Inc.), the reaction rate was measured from the time-course changes at excitation wavelength 320 nm and fluorescence wavelength 405 nm. The Ki value was calculated from the concentration of the test compound, reciprocal of reaction rate, and Km value of the enzyme substrate, and by using Dixon plot.";"B";"BAO_0000357";"single protein format";"Homo sapiens";"None";"None";"None";"None";"";"";"";"CHEMBL209";"Serine protease 1";"Homo sapiens";"SINGLE PROTEIN";"CHEMBL3886757";"37";"BindingDB Patent Bioactivity Data";"";"2016";"None";"";"";"";"0.92"
"CHEMBL3958604";"";"None";"492.49";"1";"1.06";"BDBM234259";"N=C(N)c1ccc(OC(=O)c2ccc(CNC3(C(=O)N[C@@H](CC(=O)O)C(=O)O)CC3)s2)c(F)c1";"Ki";"'='";"1.57";"nM";"8.80";"";"408301";"UO_0000065";"17.88";"0.35";"7.74";"4.59";"0";"CHEMBL3888548";"Inhibition Assay: Using a 96 well plate (#3915, Costar), a test compound (25 μL), 400 mM Tris-HCl buffer (pH 8.0, 25 μL) and 0.5 mg/mL fluorescence enzyme substrate (Gly-Asp-Asp-Asp-Asp-Lys-β-Naphtylamide, 25 μL) were mixed, and recombinant human enteropeptidase (R&D Systems, Inc., 25 μL) was added. Using a fluorescence plate reader fmax (Molecular Devices, Inc.), the reaction rate was measured from the time-course changes at excitation wavelength 320 nm and fluorescence wavelength 405 nm. The Ki value was calculated from the concentration of the test compound, reciprocal of reaction rate, and Km value of the enzyme substrate, and by using Dixon plot.";"B";"BAO_0000357";"single protein format";"Homo sapiens";"None";"None";"None";"None";"";"";"";"CHEMBL209";"Serine protease 1";"Homo sapiens";"SINGLE PROTEIN";"CHEMBL3886757";"37";"BindingDB Patent Bioactivity Data";"";"2016";"None";"";"";"";"1.57"
"CHEMBL3915122";"";"None";"478.46";"0";"1.39";"BDBM234266";"N=C(N)c1ccc(OC(=O)c2cc3c(s2)CN(C(=O)N[C@@H](CC(=O)O)C(=O)O)CC3)c(F)c1";"Ki";"'='";"0.24";"nM";"9.62";"";"408308";"UO_0000065";"20.11";"0.40";"8.23";"5.25";"0";"CHEMBL3888548";"Inhibition Assay: Using a 96 well plate (#3915, Costar), a test compound (25 μL), 400 mM Tris-HCl buffer (pH 8.0, 25 μL) and 0.5 mg/mL fluorescence enzyme substrate (Gly-Asp-Asp-Asp-Asp-Lys-β-Naphtylamide, 25 μL) were mixed, and recombinant human enteropeptidase (R&D Systems, Inc., 25 μL) was added. Using a fluorescence plate reader fmax (Molecular Devices, Inc.), the reaction rate was measured from the time-course changes at excitation wavelength 320 nm and fluorescence wavelength 405 nm. The Ki value was calculated from the concentration of the test compound, reciprocal of reaction rate, and Km value of the enzyme substrate, and by using Dixon plot.";"B";"BAO_0000357";"single protein format";"Homo sapiens";"None";"None";"None";"None";"";"";"";"CHEMBL209";"Serine protease 1";"Homo sapiens";"SINGLE PROTEIN";"CHEMBL3886757";"37";"BindingDB Patent Bioactivity Data";"";"2016";"None";"";"";"";"0.24"
"CHEMBL307927";"";"None";"652.88";"1";"3.04";"44";"NCCCCCCNC(=O)N1CCN(C(=O)O[C@H]2CCC[C@@H](OC(=O)N3CCN(C(=O)NCCCCCCN)CC3)CCC2)CC1";"Ki";"'>'";"1000000.0";"nM";"";"Outside typical range";"";"UO_0000065";"";"";"";"";"0";"CHEMBL824723";"Compound was evaluated for its inhibitory potency against trypsin";"B";"BAO_0000357";"single protein format";"None";"None";"None";"None";"None";"";"";"";"CHEMBL209";"Serine protease 1";"Homo sapiens";"SINGLE PROTEIN";"CHEMBL1132784";"1";"Scientific Literature";"Bioorg Med Chem Lett";"2000";"None";"";"";"";"1000.0"
"CHEMBL78173";"";"None";"698.87";"2";"2.51";"15";"N=C(N)Nc1ccc(CNC(=O)N2CCN(C(=O)O[C@H]3CCC[C@@H](OC(=O)N4CCN(C(=O)NCC5CCNCC5)CC4)CCC3)CC2)cc1";"Ki";"'='";"148000.0";"nM";"";"Outside typical range";"";"UO_0000065";"";"";"";"";"0";"CHEMBL824723";"Compound was evaluated for its inhibitory potency against trypsin";"B";"BAO_0000357";"single protein format";"None";"None";"None";"None";"None";"";"";"";"CHEMBL209";"Serine protease 1";"Homo sapiens";"SINGLE PROTEIN";"CHEMBL1132784";"1";"Scientific Literature";"Bioorg Med Chem Lett";"2000";"None";"";"";"";"148.0"
"CHEMBL3642926";"";"None";"489.44";"1";"0.85";"BDBM109653";"N=C(N)c1ccc(OC(=O)c2ccc(CC(CCC(=O)O)C(=O)N[C@@H](CC(=O)O)C(=O)O)o2)cc1";"Ki";"'='";"3.7";"nM";"8.43";"";"230132";"UO_0000065";"17.23";"0.33";"7.58";"3.66";"0";"CHEMBL3705715";"Inhibition Assay: Inhibition assay using human trysin.";"B";"BAO_0000357";"single protein format";"Homo sapiens";"None";"None";"None";"None";"";"";"";"CHEMBL209";"Serine protease 1";"Homo sapiens";"SINGLE PROTEIN";"CHEMBL3638962";"37";"BindingDB Patent Bioactivity Data";"";"2013";"None";"";"";"";"3.7"
"CHEMBL330791";"";"None";"592.62";"0";"2.96";"21 (diastereomer 2)";"NC1CCC(CNC(=O)[C@@H]2CCCN2C(=O)CC(c2cccnc2)c2ccc3c(c2)OCO3)CC1.O=C(O)C(F)(F)F";"Ki";"'='";"2600.0";"nM";"5.58";"";"";"UO_0000065";"11.67";"0.22";"2.63";"5.23";"0";"CHEMBL817812";"In vitro inhibition of human trypsin.";"B";"BAO_0000357";"single protein format";"None";"None";"None";"None";"None";"";"";"";"CHEMBL209";"Serine protease 1";"Homo sapiens";"SINGLE PROTEIN";"CHEMBL1130225";"1";"Scientific Literature";"J Med Chem";"1997";"None";"";"";"";"2.6"
"CHEMBL442766";"";"None";"476.48";"0";"1.95";"2";"Nc1noc2ccc(-n3nnnc3C(=O)Nc3ccc(-c4ccccc4S(N)(=O)=O)cc3)cc12";"Ki";"'>'";"1600.0";"nM";"";"";"";"UO_0000065";"";"";"";"";"0";"CHEMBL817820";"Inhibitory constant against trypsin using human purified enzymes";"B";"BAO_0000357";"single protein format";"Homo sapiens";"None";"None";"None";"None";"";"";"";"CHEMBL209";"Serine protease 1";"Homo sapiens";"SINGLE PROTEIN";"CHEMBL1136511";"1";"Scientific Literature";"Bioorg Med Chem Lett";"2003";"None";"";"";"";"1600.0"
"CHEMBL3642924";"";"None";"459.46";"0";"1.79";"BDBM109651";"CC(CCC(=O)N[C@@H](CC(=O)O)C(=O)O)Cc1ccc(C(=O)Oc2ccc(C(=N)N)cc2)o1";"Ki";"'='";"0.12";"nM";"9.92";"";"230130";"UO_0000065";"21.59";"0.41";"8.13";"5.14";"0";"CHEMBL3705715";"Inhibition Assay: Inhibition assay using human trysin.";"B";"BAO_0000357";"single protein format";"Homo sapiens";"None";"None";"None";"None";"";"";"";"CHEMBL209";"Serine protease 1";"Homo sapiens";"SINGLE PROTEIN";"CHEMBL3638962";"37";"BindingDB Patent Bioactivity Data";"";"2013";"None";"";"";"";"0.12"
"CHEMBL174735";"";"None";"483.58";"1";"6.36";"11c";"N=C(N)c1cccc(Oc2ccc3c4ccccc4n(Cc4ccc5ccc(C(=N)N)cc5c4)c3c2)c1";"Ki";"'='";"80.0";"nM";"7.10";"";"";"UO_0000065";"14.68";"0.26";"0.74";"6.23";"0";"CHEMBL815755";"In vitro inhibition of bovine trypsin.";"B";"BAO_0000357";"single protein format";"None";"None";"None";"None";"None";"";"";"";"CHEMBL209";"Serine protease 1";"Homo sapiens";"SINGLE PROTEIN";"CHEMBL1133499";"1";"Scientific Literature";"Bioorg Med Chem Lett";"2000";"None";"";"";"";"80.0"
"CHEMBL287614";"";"None";"474.59";"0";"0.82";"6";"Cc1ccc(NS(=O)(=O)Cc2ccccc2)c(=O)n1CC(=O)NCC1CCN(C(=N)N)CC1";"Ki";"'='";"570.0";"nM";"6.24";"";"";"UO_0000065";"13.16";"0.26";"5.42";"4.15";"0";"CHEMBL818184";"Binding affinity against human trypsin";"B";"BAO_0000357";"single protein format";"None";"None";"None";"None";"None";"";"";"";"CHEMBL209";"Serine protease 1";"Homo sapiens";"SINGLE PROTEIN";"CHEMBL1130452";"1";"Scientific Literature";"Bioorg Med Chem Lett";"1997";"None";"";"";"";"570.0"
"CHEMBL179983";"";"None";"418.50";"0";"3.46";"1";"COc1ccc(C(Nc2ccc(C(=N)N)cc2)C(=O)NCc2ccccc2)cc1OC";"Ki";"'='";"1700.0";"nM";"5.77";"";"";"UO_0000065";"13.79";"0.25";"2.31";"5.27";"0";"CHEMBL828075";"The value of binding constant measured against human trypsin";"B";"BAO_0000357";"single protein format";"Homo sapiens";"None";"None";"None";"None";"";"";"";"CHEMBL209";"Serine protease 1";"Homo sapiens";"SINGLE PROTEIN";"CHEMBL1144307";"1";"Scientific Literature";"Bioorg Med Chem Lett";"2005";"None";"";"";"";"1.7"
"CHEMBL273861";"";"None";"355.40";"0";"0.64";"2a";"Cc1nc(N)ccc1CNC(=O)Cn1c(C)cc2c(c1=O)NC(=O)CC2";"Ki";"'='";"101000.0";"nM";"";"Outside typical range";"";"UO_0000065";"";"";"";"";"0";"CHEMBL818021";"The compound was tested for its ability to inhibit trypsin.";"B";"BAO_0000357";"single protein format";"None";"None";"None";"None";"None";"";"";"";"CHEMBL209";"Serine protease 1";"Homo sapiens";"SINGLE PROTEIN";"CHEMBL1132875";"1";"Scientific Literature";"Bioorg Med Chem Lett";"2000";"None";"";"";"";"101000.0"
"CHEMBL3912993";"";"None";"522.56";"1";"1.89";"BDBM234252";"CC(C)[C@@H](C(=O)N[C@@H](CC(=O)O)C(=O)O)N(C)Cc1ccc(C(=O)Oc2ccc(C(=N)N)cc2F)s1";"Ki";"'='";"0.44";"nM";"9.36";"";"408294";"UO_0000065";"17.91";"0.35";"7.47";"5.11";"0";"CHEMBL3888548";"Inhibition Assay: Using a 96 well plate (#3915, Costar), a test compound (25 μL), 400 mM Tris-HCl buffer (pH 8.0, 25 μL) and 0.5 mg/mL fluorescence enzyme substrate (Gly-Asp-Asp-Asp-Asp-Lys-β-Naphtylamide, 25 μL) were mixed, and recombinant human enteropeptidase (R&D Systems, Inc., 25 μL) was added. Using a fluorescence plate reader fmax (Molecular Devices, Inc.), the reaction rate was measured from the time-course changes at excitation wavelength 320 nm and fluorescence wavelength 405 nm. The Ki value was calculated from the concentration of the test compound, reciprocal of reaction rate, and Km value of the enzyme substrate, and by using Dixon plot.";"B";"BAO_0000357";"single protein format";"Homo sapiens";"None";"None";"None";"None";"";"";"";"CHEMBL209";"Serine protease 1";"Homo sapiens";"SINGLE PROTEIN";"CHEMBL3886757";"37";"BindingDB Patent Bioactivity Data";"";"2016";"None";"";"";"";"0.44"
"CHEMBL3667906";"";"None";"477.56";"0";"3.72";"BDBM158100";"CC[C@H](NC(=O)C(CC)(CC)Cc1ccc(C(=O)Oc2ccc(C(=N)N)cc2F)s1)C(=O)O";"Ki";"'='";"1.93";"nM";"8.71";"";"355646";"UO_0000065";"18.25";"0.36";"4.99";"6.11";"1";"CHEMBL3887805";"Trypsin Inhibition Assay: Using a 96 well plate (#3915, Costar), a test compound (25 uL) was mixed with 20 uM fluorescence enzyme substrate (Boc-Phe-Ser-Arg-AMC, 50 uL) mixed with 200 mM Tris-HCl buffer (pH 8.0), and human trypsin (Sigma, 25 uL) was added. Using a fluorescence plate reader fmax (Molecular Devices, Inc.), the reaction rate was measured from the time-course changes at excitation wavelength 355 nm and fluorescence wavelength 460 nm.";"B";"BAO_0000357";"single protein format";"Homo sapiens";"None";"None";"None";"None";"";"";"";"CHEMBL209";"Serine protease 1";"Homo sapiens";"SINGLE PROTEIN";"CHEMBL3886456";"37";"BindingDB Patent Bioactivity Data";"";"2016";"None";"";"";"";"1.93"
"CHEMBL3667907";"";"None";"491.59";"0";"4.11";"BDBM158101";"CCC[C@H](NC(=O)C(CC)(CC)Cc1ccc(C(=O)Oc2ccc(C(=N)N)cc2F)s1)C(=O)O";"Ki";"'='";"3.84";"nM";"8.42";"";"355647";"UO_0000065";"17.12";"0.34";"4.31";"5.90";"1";"CHEMBL3887805";"Trypsin Inhibition Assay: Using a 96 well plate (#3915, Costar), a test compound (25 uL) was mixed with 20 uM fluorescence enzyme substrate (Boc-Phe-Ser-Arg-AMC, 50 uL) mixed with 200 mM Tris-HCl buffer (pH 8.0), and human trypsin (Sigma, 25 uL) was added. Using a fluorescence plate reader fmax (Molecular Devices, Inc.), the reaction rate was measured from the time-course changes at excitation wavelength 355 nm and fluorescence wavelength 460 nm.";"B";"BAO_0000357";"single protein format";"Homo sapiens";"None";"None";"None";"None";"";"";"";"CHEMBL209";"Serine protease 1";"Homo sapiens";"SINGLE PROTEIN";"CHEMBL3886456";"37";"BindingDB Patent Bioactivity Data";"";"2016";"None";"";"";"";"3.84"
"CHEMBL3667911";"";"None";"461.52";"0";"2.89";"BDBM158105";"CC(C)(Cc1ccc(C(=O)Oc2ccc(C(=N)N)cc2F)s1)C(=O)N1CC[C@@H](C(=O)O)C1";"Ki";"'='";"2.0";"nM";"8.70";"";"355651";"UO_0000065";"18.85";"0.37";"5.81";"6.50";"0";"CHEMBL3887805";"Trypsin Inhibition Assay: Using a 96 well plate (#3915, Costar), a test compound (25 uL) was mixed with 20 uM fluorescence enzyme substrate (Boc-Phe-Ser-Arg-AMC, 50 uL) mixed with 200 mM Tris-HCl buffer (pH 8.0), and human trypsin (Sigma, 25 uL) was added. Using a fluorescence plate reader fmax (Molecular Devices, Inc.), the reaction rate was measured from the time-course changes at excitation wavelength 355 nm and fluorescence wavelength 460 nm.";"B";"BAO_0000357";"single protein format";"Homo sapiens";"None";"None";"None";"None";"";"";"";"CHEMBL209";"Serine protease 1";"Homo sapiens";"SINGLE PROTEIN";"CHEMBL3886456";"37";"BindingDB Patent Bioactivity Data";"";"2016";"None";"";"";"";"2.0"
"CHEMBL3672867";"";"None";"433.46";"0";"2.25";"BDBM158126";"CC(C)(Cc1ccc(C(=O)Oc2ccc(C(=N)N)cc2F)s1)C(=O)N1C[C@@H]1C(=O)O";"Ki";"'='";"1.53";"nM";"8.81";"";"355672";"UO_0000065";"20.34";"0.40";"6.57";"6.60";"0";"CHEMBL3887805";"Trypsin Inhibition Assay: Using a 96 well plate (#3915, Costar), a test compound (25 uL) was mixed with 20 uM fluorescence enzyme substrate (Boc-Phe-Ser-Arg-AMC, 50 uL) mixed with 200 mM Tris-HCl buffer (pH 8.0), and human trypsin (Sigma, 25 uL) was added. Using a fluorescence plate reader fmax (Molecular Devices, Inc.), the reaction rate was measured from the time-course changes at excitation wavelength 355 nm and fluorescence wavelength 460 nm.";"B";"BAO_0000357";"single protein format";"Homo sapiens";"None";"None";"None";"None";"";"";"";"CHEMBL209";"Serine protease 1";"Homo sapiens";"SINGLE PROTEIN";"CHEMBL3886456";"37";"BindingDB Patent Bioactivity Data";"";"2016";"None";"";"";"";"1.53"
"CHEMBL3672869";"";"None";"461.52";"0";"3.08";"BDBM158128";"CC(C)(Cc1ccc(C(=O)Oc2ccc(C(=N)N)cc2F)s1)C(=O)NC1(C(=O)O)CCC1";"Ki";"'='";"1.49";"nM";"8.83";"";"355674";"UO_0000065";"19.13";"0.38";"5.75";"6.19";"1";"CHEMBL3887805";"Trypsin Inhibition Assay: Using a 96 well plate (#3915, Costar), a test compound (25 uL) was mixed with 20 uM fluorescence enzyme substrate (Boc-Phe-Ser-Arg-AMC, 50 uL) mixed with 200 mM Tris-HCl buffer (pH 8.0), and human trypsin (Sigma, 25 uL) was added. Using a fluorescence plate reader fmax (Molecular Devices, Inc.), the reaction rate was measured from the time-course changes at excitation wavelength 355 nm and fluorescence wavelength 460 nm.";"B";"BAO_0000357";"single protein format";"Homo sapiens";"None";"None";"None";"None";"";"";"";"CHEMBL209";"Serine protease 1";"Homo sapiens";"SINGLE PROTEIN";"CHEMBL3886456";"37";"BindingDB Patent Bioactivity Data";"";"2016";"None";"";"";"";"1.49"
"CHEMBL3672871";"";"None";"593.63";"2";"3.41";"BDBM158130";"CC(C)(Cc1ccc(C(=O)Oc2ccc(C(=N)N)cc2F)s1)C(=O)NC(CCC(=O)O)(CCC(=O)O)CCC(=O)O";"Ki";"'='";"1.59";"nM";"8.80";"";"355676";"UO_0000065";"14.82";"0.29";"5.39";"4.05";"1";"CHEMBL3887805";"Trypsin Inhibition Assay: Using a 96 well plate (#3915, Costar), a test compound (25 uL) was mixed with 20 uM fluorescence enzyme substrate (Boc-Phe-Ser-Arg-AMC, 50 uL) mixed with 200 mM Tris-HCl buffer (pH 8.0), and human trypsin (Sigma, 25 uL) was added. Using a fluorescence plate reader fmax (Molecular Devices, Inc.), the reaction rate was measured from the time-course changes at excitation wavelength 355 nm and fluorescence wavelength 460 nm.";"B";"BAO_0000357";"single protein format";"Homo sapiens";"None";"None";"None";"None";"";"";"";"CHEMBL209";"Serine protease 1";"Homo sapiens";"SINGLE PROTEIN";"CHEMBL3886456";"37";"BindingDB Patent Bioactivity Data";"";"2016";"None";"";"";"";"1.59"
"CHEMBL3672872";"";"None";"527.53";"1";"3.99";"BDBM158131";"CC(C)(Cc1ccc(C(=O)Oc2ccc(C(=N)N)cc2F)s1)C(=O)Nc1cc(C(=O)O)cc(C(=O)O)c1";"Ki";"'='";"0.49";"nM";"9.31";"";"355677";"UO_0000065";"17.65";"0.34";"5.32";"5.18";"1";"CHEMBL3887805";"Trypsin Inhibition Assay: Using a 96 well plate (#3915, Costar), a test compound (25 uL) was mixed with 20 uM fluorescence enzyme substrate (Boc-Phe-Ser-Arg-AMC, 50 uL) mixed with 200 mM Tris-HCl buffer (pH 8.0), and human trypsin (Sigma, 25 uL) was added. Using a fluorescence plate reader fmax (Molecular Devices, Inc.), the reaction rate was measured from the time-course changes at excitation wavelength 355 nm and fluorescence wavelength 460 nm.";"B";"BAO_0000357";"single protein format";"Homo sapiens";"None";"None";"None";"None";"";"";"";"CHEMBL209";"Serine protease 1";"Homo sapiens";"SINGLE PROTEIN";"CHEMBL3886456";"37";"BindingDB Patent Bioactivity Data";"";"2016";"None";"";"";"";"0.49"
"CHEMBL3672879";"";"None";"569.61";"1";"4.86";"BDBM158139";"CCC(CC)(Cc1ccc(C(=O)Oc2ccc(C(=N)N)cc2F)s1)C(=O)Nc1cc(C(=O)O)cc(C(=O)OC)c1";"Ki";"'='";"4.4";"nM";"8.36";"";"355685";"UO_0000065";"14.67";"0.29";"3.50";"4.95";"1";"CHEMBL3887805";"Trypsin Inhibition Assay: Using a 96 well plate (#3915, Costar), a test compound (25 uL) was mixed with 20 uM fluorescence enzyme substrate (Boc-Phe-Ser-Arg-AMC, 50 uL) mixed with 200 mM Tris-HCl buffer (pH 8.0), and human trypsin (Sigma, 25 uL) was added. Using a fluorescence plate reader fmax (Molecular Devices, Inc.), the reaction rate was measured from the time-course changes at excitation wavelength 355 nm and fluorescence wavelength 460 nm.";"B";"BAO_0000357";"single protein format";"Homo sapiens";"None";"None";"None";"None";"";"";"";"CHEMBL209";"Serine protease 1";"Homo sapiens";"SINGLE PROTEIN";"CHEMBL3886456";"37";"BindingDB Patent Bioactivity Data";"";"2016";"None";"";"";"";"4.4"
"CHEMBL3672882";"";"None";"489.57";"0";"3.72";"BDBM158142";"CC(C)(Cc1ccc(C(=O)Oc2ccc(C(=N)N)cc2F)s1)C(=O)N[C@H]1CC[C@@H](C(=O)O)CC1";"Ki";"'='";"1.7";"nM";"8.77";"";"355688";"UO_0000065";"17.91";"0.35";"5.05";"6.15";"1";"CHEMBL3887805";"Trypsin Inhibition Assay: Using a 96 well plate (#3915, Costar), a test compound (25 uL) was mixed with 20 uM fluorescence enzyme substrate (Boc-Phe-Ser-Arg-AMC, 50 uL) mixed with 200 mM Tris-HCl buffer (pH 8.0), and human trypsin (Sigma, 25 uL) was added. Using a fluorescence plate reader fmax (Molecular Devices, Inc.), the reaction rate was measured from the time-course changes at excitation wavelength 355 nm and fluorescence wavelength 460 nm.";"B";"BAO_0000357";"single protein format";"Homo sapiens";"None";"None";"None";"None";"";"";"";"CHEMBL209";"Serine protease 1";"Homo sapiens";"SINGLE PROTEIN";"CHEMBL3886456";"37";"BindingDB Patent Bioactivity Data";"";"2016";"None";"";"";"";"1.7"
"CHEMBL4113880";"";"None";"489.57";"0";"3.72";"BDBM199975";"CC(C)(Cc1ccc(C(=O)Oc2ccc(C(=N)N)cc2F)s1)C(=O)N[C@H]1CCC[C@@H](C(=O)O)C1";"Ki";"'='";"0.69";"nM";"9.16";"";"355703";"UO_0000065";"18.71";"0.37";"5.44";"6.43";"0";"CHEMBL3887805";"Trypsin Inhibition Assay: Using a 96 well plate (#3915, Costar), a test compound (25 uL) was mixed with 20 uM fluorescence enzyme substrate (Boc-Phe-Ser-Arg-AMC, 50 uL) mixed with 200 mM Tris-HCl buffer (pH 8.0), and human trypsin (Sigma, 25 uL) was added. Using a fluorescence plate reader fmax (Molecular Devices, Inc.), the reaction rate was measured from the time-course changes at excitation wavelength 355 nm and fluorescence wavelength 460 nm.";"B";"BAO_0000357";"single protein format";"Homo sapiens";"None";"None";"None";"None";"";"";"";"CHEMBL209";"Serine protease 1";"Homo sapiens";"SINGLE PROTEIN";"CHEMBL3886456";"37";"BindingDB Patent Bioactivity Data";"";"2016";"None";"";"";"";"0.69"
"CHEMBL3959399";"";"None";"475.54";"0";"3.28";"BDBM199978";"CCC(CC)(Cc1ccc(C(=O)Oc2ccc(C(=N)N)cc2F)s1)C(=O)N1CC(C(=O)O)C1";"Ki";"'='";"2.87";"nM";"8.54";"";"355706";"UO_0000065";"17.96";"0.35";"5.26";"6.39";"0";"CHEMBL3887805";"Trypsin Inhibition Assay: Using a 96 well plate (#3915, Costar), a test compound (25 uL) was mixed with 20 uM fluorescence enzyme substrate (Boc-Phe-Ser-Arg-AMC, 50 uL) mixed with 200 mM Tris-HCl buffer (pH 8.0), and human trypsin (Sigma, 25 uL) was added. Using a fluorescence plate reader fmax (Molecular Devices, Inc.), the reaction rate was measured from the time-course changes at excitation wavelength 355 nm and fluorescence wavelength 460 nm.";"B";"BAO_0000357";"single protein format";"Homo sapiens";"None";"None";"None";"None";"";"";"";"CHEMBL209";"Serine protease 1";"Homo sapiens";"SINGLE PROTEIN";"CHEMBL3886456";"37";"BindingDB Patent Bioactivity Data";"";"2016";"None";"";"";"";"2.87"
"CHEMBL4109414";"";"None";"477.51";"0";"2.01";"BDBM199983";"CC(C)(Cc1ccc(C(=O)Oc2ccc(C(=N)N)cc2F)s1)C(=O)N1C[C@H](O)C[C@H]1C(=O)O";"Ki";"'='";"0.9";"nM";"9.05";"";"355711";"UO_0000065";"18.94";"0.37";"7.04";"5.87";"0";"CHEMBL3887805";"Trypsin Inhibition Assay: Using a 96 well plate (#3915, Costar), a test compound (25 uL) was mixed with 20 uM fluorescence enzyme substrate (Boc-Phe-Ser-Arg-AMC, 50 uL) mixed with 200 mM Tris-HCl buffer (pH 8.0), and human trypsin (Sigma, 25 uL) was added. Using a fluorescence plate reader fmax (Molecular Devices, Inc.), the reaction rate was measured from the time-course changes at excitation wavelength 355 nm and fluorescence wavelength 460 nm.";"B";"BAO_0000357";"single protein format";"Homo sapiens";"None";"None";"None";"None";"";"";"";"CHEMBL209";"Serine protease 1";"Homo sapiens";"SINGLE PROTEIN";"CHEMBL3886456";"37";"BindingDB Patent Bioactivity Data";"";"2016";"None";"";"";"";"0.9"
"CHEMBL173622";"";"None";"396.50";"0";"3.87";"7a";"N=C(N)c1ccc(CNc2ccc3ccn(Cc4ccc(C(=N)N)cc4)c3c2)cc1";"Ki";"'='";"670.0";"nM";"6.17";"";"";"UO_0000065";"15.57";"0.28";"2.30";"5.29";"0";"CHEMBL815755";"In vitro inhibition of bovine trypsin.";"B";"BAO_0000357";"single protein format";"None";"None";"None";"None";"None";"";"";"";"CHEMBL209";"Serine protease 1";"Homo sapiens";"SINGLE PROTEIN";"CHEMBL1133499";"1";"Scientific Literature";"Bioorg Med Chem Lett";"2000";"None";"";"";"";"670.0"
"CHEMBL45267";"";"None";"472.55";"0";"2.89";"9f";"COC(=O)[C@H](Cc1cccc(C(=N)N)c1)[C@@H](C)NC(=O)c1ccc(-c2ccc(C(N)=O)cc2)cc1";"Ki";"'='";"42.0";"nM";"7.38";"";"";"UO_0000065";"15.61";"0.29";"4.49";"4.97";"0";"CHEMBL817805";"In vitro inhibitory activity against human trypsin";"B";"BAO_0000357";"single protein format";"None";"None";"None";"None";"None";"";"";"";"CHEMBL209";"Serine protease 1";"Homo sapiens";"SINGLE PROTEIN";"CHEMBL1135154";"1";"Scientific Literature";"Bioorg Med Chem Lett";"2002";"None";"";"";"";"42.0"
"CHEMBL317137";"";"None";"375.28";"None";"None";"12f";"NCCCC[C@H](NC(=O)CN(C(=O)CCc1ccccc1)C1CC1)B(O)O";"Ki";"'='";"1.1";"nM";"8.96";"";"";"UO_0000065";"23.87";"None";"None";"None";"0";"CHEMBL811782";"Compound was tested in vitro for inhibition of trypsin";"B";"BAO_0000357";"single protein format";"None";"None";"None";"None";"None";"";"";"";"CHEMBL209";"Serine protease 1";"Homo sapiens";"SINGLE PROTEIN";"CHEMBL1149934";"1";"Scientific Literature";"Bioorg Med Chem Lett";"1996";"None";"";"";"";"1.1"
"CHEMBL269393";"";"None";"647.06";"1";"2.62";"15 (+/-)";"Nc1cc(C2=NOC(CNS(=O)(=O)CC(F)(F)F)(C(=O)Nc3ccc(-c4ccccc4S(N)(=O)=O)cn3)C2)ccc1Cl";"Ki";"'>'";"8000.0";"nM";"";"";"";"UO_0000065";"";"";"";"";"0";"CHEMBL878974";"Inhibitory activity against trypsin using human purified enzyme";"B";"BAO_0000357";"single protein format";"None";"None";"None";"None";"None";"";"";"";"CHEMBL209";"Serine protease 1";"Homo sapiens";"SINGLE PROTEIN";"CHEMBL1145764";"1";"Scientific Literature";"Bioorg Med Chem Lett";"2003";"None";"";"";"";"8000.0"
"CHEMBL111471";"";"None";"347.42";"0";"4.16";"34c";"CC(C)Oc1cccc(NC(=O)c2ccc3cc(C(=N)N)ccc3c2)c1";"Ki";"'='";"51.0";"nM";"7.29";"";"";"UO_0000065";"20.99";"0.38";"3.13";"8.27";"0";"CHEMBL819934";"Binding affinity against porcine trypsin was determined.";"B";"BAO_0000357";"single protein format";"Sus scrofa";"None";"None";"None";"None";"";"";"";"CHEMBL209";"Serine protease 1";"Homo sapiens";"SINGLE PROTEIN";"CHEMBL1148377";"1";"Scientific Literature";"J Med Chem";"2004";"None";"";"";"";"51.0"
"CHEMBL163578";"";"None";"454.57";"0";"3.92";"22";"N=C(N)c1cccc(C(=O)N[C@@H](C(=O)N2CCC(Cc3ccccc3)CC2)c2ccccc2)c1";"Ki";"'='";"650.0";"nM";"6.19";"";"";"UO_0000065";"13.61";"0.25";"2.27";"6.23";"0";"CHEMBL818185";"Binding affinity against human trypsin";"B";"BAO_0000357";"single protein format";"None";"None";"None";"None";"None";"";"";"";"CHEMBL209";"Serine protease 1";"Homo sapiens";"SINGLE PROTEIN";"CHEMBL1134227";"1";"Scientific Literature";"Bioorg Med Chem Lett";"2001";"None";"";"";"";"0.65"
"CHEMBL312023";"";"None";"757.03";"1";"4.60";"41";"NCC12CCC(CNC(=O)N3CCN(C(=O)O[C@H]4CCC[C@@H](OC(=O)N5CCN(C(=O)NCC67CCC(CN)(CC6)CC7)CC5)CCC4)CC3)(CC1)CC2";"Ki";"'='";"95000.0";"nM";"4.02";"";"";"UO_0000065";"5.31";"0.10";"-0.58";"2.29";"0";"CHEMBL824723";"Compound was evaluated for its inhibitory potency against trypsin";"B";"BAO_0000357";"single protein format";"None";"None";"None";"None";"None";"";"";"";"CHEMBL209";"Serine protease 1";"Homo sapiens";"SINGLE PROTEIN";"CHEMBL1132784";"1";"Scientific Literature";"Bioorg Med Chem Lett";"2000";"None";"";"";"";"95.0"
"CHEMBL3672888";"";"None";"475.54";"0";"3.28";"BDBM158148";"CC(C)(Cc1ccc(C(=O)Oc2ccc(C(=N)N)cc2F)s1)C(=O)N(CC(=O)O)CC1CC1";"Ki";"'='";"2.01";"nM";"8.70";"";"300509";"UO_0000065";"18.29";"0.36";"5.42";"6.50";"0";"CHEMBL3705369";"Inhibition Assay: Using a 96 well plate (#3915, Costar), a test compound (25 μL) was mixed with 20 μM fluorescence enzyme substrate (Boc-Phe-Ser-Arg-AMC, 50 μL) mixed with 200 mM Tris-HCl buffer (pH 8.0), and human trypsin (Sigma, 25 μL) was added. Using a fluorescence plate reader fmax (Molecular Devices, Inc.), the reaction rate was measured from the time-course changes at excitation wavelength 355 nm and fluorescence wavelength 460 nm.";"B";"BAO_0000357";"single protein format";"Homo sapiens";"None";"None";"None";"None";"";"";"";"CHEMBL209";"Serine protease 1";"Homo sapiens";"SINGLE PROTEIN";"CHEMBL3639122";"37";"BindingDB Patent Bioactivity Data";"";"2015";"None";"";"";"";"2.01"
"CHEMBL77043";"";"None";"760.99";"2";"2.00";"33";"N=C(N)N1CCC(CCNC(=O)N2CCN(C(=O)O[C@H]3CCC[C@@H](OC(=O)N4CCN(C(=O)NCCC5CCN(C(=N)N)CC5)CC4)CCC3)CC2)CC1";"Ki";"'='";"850000.0";"nM";"";"Outside typical range";"";"UO_0000065";"";"";"";"";"0";"CHEMBL824723";"Compound was evaluated for its inhibitory potency against trypsin";"B";"BAO_0000357";"single protein format";"None";"None";"None";"None";"None";"";"";"";"CHEMBL209";"Serine protease 1";"Homo sapiens";"SINGLE PROTEIN";"CHEMBL1132784";"1";"Scientific Literature";"Bioorg Med Chem Lett";"2000";"None";"";"";"";"850.0"
"CHEMBL432172";"";"None";"774.93";"2";"3.27";"55";"N=C(N)Nc1ccc(CNC(=O)N2CCN(C(=O)OCC34CCC(COC(=O)N5CCN(C(=O)NCc6ccc(NC(=N)N)cc6)CC5)(CC3)CC4)CC2)cc1";"Ki";"'='";"20000.0";"nM";"4.70";"";"";"UO_0000065";"6.06";"0.11";"1.43";"1.90";"0";"CHEMBL824723";"Compound was evaluated for its inhibitory potency against trypsin";"B";"BAO_0000357";"single protein format";"None";"None";"None";"None";"None";"";"";"";"CHEMBL209";"Serine protease 1";"Homo sapiens";"SINGLE PROTEIN";"CHEMBL1132784";"1";"Scientific Literature";"Bioorg Med Chem Lett";"2000";"None";"";"";"";"20.0"
"CHEMBL3890156";"";"None";"506.51";"1";"1.40";"BDBM234246";"N=C(N)c1ccc(OC(=O)c2ccc(CN3CCC[C@@H]3C(=O)N[C@@H](CC(=O)O)C(=O)O)s2)c(F)c1";"Ki";"'='";"0.29";"nM";"9.54";"";"408288";"UO_0000065";"18.83";"0.37";"8.14";"5.21";"0";"CHEMBL3888548";"Inhibition Assay: Using a 96 well plate (#3915, Costar), a test compound (25 μL), 400 mM Tris-HCl buffer (pH 8.0, 25 μL) and 0.5 mg/mL fluorescence enzyme substrate (Gly-Asp-Asp-Asp-Asp-Lys-β-Naphtylamide, 25 μL) were mixed, and recombinant human enteropeptidase (R&D Systems, Inc., 25 μL) was added. Using a fluorescence plate reader fmax (Molecular Devices, Inc.), the reaction rate was measured from the time-course changes at excitation wavelength 320 nm and fluorescence wavelength 405 nm. The Ki value was calculated from the concentration of the test compound, reciprocal of reaction rate, and Km value of the enzyme substrate, and by using Dixon plot.";"B";"BAO_0000357";"single protein format";"Homo sapiens";"None";"None";"None";"None";"";"";"";"CHEMBL209";"Serine protease 1";"Homo sapiens";"SINGLE PROTEIN";"CHEMBL3886757";"37";"BindingDB Patent Bioactivity Data";"";"2016";"None";"";"";"";"0.29"
"CHEMBL19080";"L-375378";"None";"406.49";"0";"1.81";"32";"Cc1nc(N)ccc1CNC(=O)Cn1c(C)cnc(NCCc2ccccc2)c1=O";"Ki";"'='";"1800.0";"nM";"5.75";"";"";"UO_0000065";"14.13";"0.26";"3.93";"5.00";"1";"CHEMBL818017";"Inhibitory constant evaluated against trypsin";"B";"BAO_0000357";"single protein format";"None";"None";"None";"None";"None";"";"";"";"CHEMBL209";"Serine protease 1";"Homo sapiens";"SINGLE PROTEIN";"CHEMBL1136286";"1";"Scientific Literature";"Bioorg Med Chem Lett";"2003";"None";"";"";"";"1800.0"
"CHEMBL366921";"";"None";"656.74";"2";"6.08";"11";"COc1cc([C@@H](Nc2ccc(C(=N)N)cc2)C(=O)N[C@H](C(=O)O)c2ccccc2)c(C(=O)Cc2ccccc2)cc1OCc1ccccc1";"Ki";"'='";"80.0";"nM";"7.10";"";"";"UO_0000065";"10.81";"0.20";"1.02";"4.33";"0";"CHEMBL828075";"The value of binding constant measured against human trypsin";"B";"BAO_0000357";"single protein format";"Homo sapiens";"None";"None";"None";"None";"";"";"";"CHEMBL209";"Serine protease 1";"Homo sapiens";"SINGLE PROTEIN";"CHEMBL1144307";"1";"Scientific Literature";"Bioorg Med Chem Lett";"2005";"None";"";"";"";"0.08"
"CHEMBL1204155";"";"None";"436.86";"1";"1.99";"35";"Cl.N=C(N)c1ccc(NCCCNc2ccc(C(=N)N)cc2[N+](=O)[O-])c([N+](=O)[O-])c1";"Ki";"'='";"4300.0";"nM";"5.37";"";"";"UO_0000065";"13.40";"0.25";"3.38";"2.55";"0";"CHEMBL815012";"Inhibition of trypsin by amidase assay.";"B";"BAO_0000357";"single protein format";"None";"None";"None";"None";"None";"";"";"";"CHEMBL209";"Serine protease 1";"Homo sapiens";"SINGLE PROTEIN";"CHEMBL1124749";"1";"Scientific Literature";"J Med Chem";"1990";"None";"";"";"";"4.3"
"CHEMBL140016";"";"None";"406.49";"0";"2.42";"12";"CCOC(=O)C(CCc1cccc(C(=N)N)c1)Cn1cnc2cc(C(=N)N)ccc21";"Ki";"'='";"220.0";"nM";"6.66";"";"";"UO_0000065";"16.38";"0.30";"4.24";"4.63";"0";"CHEMBL818182";"Binding affinity against human trypsin";"B";"BAO_0000357";"single protein format";"None";"None";"None";"None";"None";"";"";"";"CHEMBL209";"Serine protease 1";"Homo sapiens";"SINGLE PROTEIN";"CHEMBL1133520";"1";"Scientific Literature";"J Med Chem";"2000";"None";"";"";"";"220.0"
"CHEMBL138956";"";"None";"461.55";"0";"3.21";"77";"CNS(=O)(=O)c1ccccc1-c1ccc(NC(=O)Cc2c[nH]c3ccc(C(=N)N)cc23)cc1";"Ki";"'='";"120.0";"nM";"6.92";"";"";"UO_0000065";"14.99";"0.29";"3.71";"4.91";"0";"CHEMBL818182";"Binding affinity against human trypsin";"B";"BAO_0000357";"single protein format";"None";"None";"None";"None";"None";"";"";"";"CHEMBL209";"Serine protease 1";"Homo sapiens";"SINGLE PROTEIN";"CHEMBL1133520";"1";"Scientific Literature";"J Med Chem";"2000";"None";"";"";"";"120.0"
"CHEMBL1204150";"";"None";"364.84";"1";"0.88";"23";"Cl.N=C(N)c1ccc(OCCOc2ccc(C(=N)N)cc2N)c(N)c1";"Ki";"'='";"5000.0";"nM";"5.30";"";"";"UO_0000065";"16.14";"0.30";"4.42";"3.11";"0";"CHEMBL815011";"Inhibition of trypsin by amidase assay";"B";"BAO_0000357";"single protein format";"None";"None";"None";"None";"None";"";"";"";"CHEMBL209";"Serine protease 1";"Homo sapiens";"SINGLE PROTEIN";"CHEMBL1124749";"1";"Scientific Literature";"J Med Chem";"1990";"None";"";"";"";"5.0"
"CHEMBL555333";"";"None";"482.15";"0";"4.78";"8";"Cl.NC1CCC(CNC(=O)[C@@H]2CCCN2C(=O)CC(C2CCCCC2)C2CCCCC2)CC1";"Ki";"'='";"2500.0";"nM";"5.60";"";"";"UO_0000065";"12.57";"0.24";"0.82";"7.43";"0";"CHEMBL817812";"In vitro inhibition of human trypsin.";"B";"BAO_0000357";"single protein format";"None";"None";"None";"None";"None";"";"";"";"CHEMBL209";"Serine protease 1";"Homo sapiens";"SINGLE PROTEIN";"CHEMBL1130225";"1";"Scientific Literature";"J Med Chem";"1997";"None";"";"";"";"2500.0"
"CHEMBL448786";"";"None";"716.88";"1";"3.47";"48";"N=C(N)c1ccc(CCC(=O)N2CCN(C(=O)O[C@H]3CCC[C@@H](OC(=O)N4CCN(C(=O)CCc5ccc(C(=N)N)cc5)CC4)CCC3)CC2)cc1";"Ki";"'='";"21000.0";"nM";"4.68";"";"";"UO_0000065";"6.53";"0.12";"1.21";"2.35";"0";"CHEMBL824723";"Compound was evaluated for its inhibitory potency against trypsin";"B";"BAO_0000357";"single protein format";"None";"None";"None";"None";"None";"";"";"";"CHEMBL209";"Serine protease 1";"Homo sapiens";"SINGLE PROTEIN";"CHEMBL1132784";"1";"Scientific Literature";"Bioorg Med Chem Lett";"2000";"None";"";"";"";"21.0"
"CHEMBL309788";"";"None";"628.74";"2";"1.72";"16";"N=C(N)Nc1ccc(CNC(=O)CCC(=O)NCc2ccc(CNC(=O)CCC(=O)NCc3ccc(NC(=N)N)cc3)cc2)cc1";"Ki";"'='";"146000.0";"nM";"";"Outside typical range";"";"UO_0000065";"";"";"";"";"0";"CHEMBL824722";"Inhibitory potency against trypsin";"B";"BAO_0000357";"single protein format";"None";"None";"None";"None";"None";"";"";"";"CHEMBL209";"Serine protease 1";"Homo sapiens";"SINGLE PROTEIN";"CHEMBL1132783";"1";"Scientific Literature";"Bioorg Med Chem Lett";"2000";"None";"";"";"";"146.0"
"CHEMBL79545";"";"None";"656.79";"2";"2.50";"17";"N=C(N)Nc1ccc(CNC(=O)CCCC(=O)NCc2ccc(CNC(=O)CCCC(=O)NCc3ccc(NC(=N)N)cc3)cc2)cc1";"Ki";"'='";"70000.0";"nM";"4.16";"";"";"UO_0000065";"6.33";"0.12";"1.65";"1.73";"0";"CHEMBL824722";"Inhibitory potency against trypsin";"B";"BAO_0000357";"single protein format";"None";"None";"None";"None";"None";"";"";"";"CHEMBL209";"Serine protease 1";"Homo sapiens";"SINGLE PROTEIN";"CHEMBL1132783";"1";"Scientific Literature";"Bioorg Med Chem Lett";"2000";"None";"";"";"";"70.0"
"CHEMBL408300";"";"None";"660.74";"2";"2.16";"21";"N=C(N)Nc1ccc(CNC(=O)CCNC(=O)OCc2ccc(COC(=O)NCCC(=O)NCc3ccc(NC(=N)N)cc3)cc2)cc1";"Ki";"'='";"72000.0";"nM";"4.14";"";"";"UO_0000065";"6.27";"0.12";"1.98";"1.60";"0";"CHEMBL824722";"Inhibitory potency against trypsin";"B";"BAO_0000357";"single protein format";"None";"None";"None";"None";"None";"";"";"";"CHEMBL209";"Serine protease 1";"Homo sapiens";"SINGLE PROTEIN";"CHEMBL1132783";"1";"Scientific Literature";"Bioorg Med Chem Lett";"2000";"None";"";"";"";"72.0"
"CHEMBL32881";"";"None";"447.56";"0";"1.45";"2e";"Cc1nc(N)ccc1CNC(=O)Cn1c(C)cc(S(=O)(=O)C2CCCCC2)c(N)c1=O";"Ki";"'='";"260.0";"nM";"6.58";"";"";"UO_0000065";"14.71";"0.29";"5.14";"4.39";"0";"CHEMBL817816";"Inhibitory activity against human trypsin";"B";"BAO_0000357";"single protein format";"None";"None";"None";"None";"None";"";"";"";"CHEMBL209";"Serine protease 1";"Homo sapiens";"SINGLE PROTEIN";"CHEMBL1136704";"1";"Scientific Literature";"Bioorg Med Chem Lett";"2003";"None";"";"";"";"260.0"
"CHEMBL268129";"";"None";"559.63";"1";"1.46";"28";"COc1ccc(C2=NOC(CNS(C)(=O)=O)(C(=O)Nc3ccc(-c4ccccc4S(N)(=O)=O)cn3)C2)cc1";"Ki";"'>'";"4200.0";"nM";"";"";"";"UO_0000065";"";"";"";"";"0";"CHEMBL878974";"Inhibitory activity against trypsin using human purified enzyme";"B";"BAO_0000357";"single protein format";"None";"None";"None";"None";"None";"";"";"";"CHEMBL209";"Serine protease 1";"Homo sapiens";"SINGLE PROTEIN";"CHEMBL1145764";"1";"Scientific Literature";"Bioorg Med Chem Lett";"2003";"None";"";"";"";"4200.0"
"CHEMBL1204151";"";"None";"420.95";"1";"2.44";"27";"Cl.N=C(N)c1ccc(OCCCCCCOc2ccc(C(=N)N)cc2N)c(N)c1";"Ki";"'='";"293000.0";"nM";"";"Outside typical range";"";"UO_0000065";"";"";"";"";"0";"CHEMBL815012";"Inhibition of trypsin by amidase assay.";"B";"BAO_0000357";"single protein format";"None";"None";"None";"None";"None";"";"";"";"CHEMBL209";"Serine protease 1";"Homo sapiens";"SINGLE PROTEIN";"CHEMBL1124749";"1";"Scientific Literature";"J Med Chem";"1990";"None";"";"";"";"293.0"
"CHEMBL287964";"";"None";"639.58";"None";"None";"22";"COC(=O)NS(=O)(=O)c1ccccc1-c1ccc(C(=O)N[C@@H](CCCN=C(N)N)B2O[C@@H]3CC4CC(C4(C)C)[C@]3(C)O2)c(C)c1";"Ki";"'='";"0.64";"nM";"9.19";"";"";"UO_0000065";"14.37";"None";"None";"None";"0";"CHEMBL811780";"Inhibition of trypsin";"B";"BAO_0000357";"single protein format";"None";"None";"None";"None";"None";"";"";"";"CHEMBL209";"Serine protease 1";"Homo sapiens";"SINGLE PROTEIN";"CHEMBL1151536";"1";"Scientific Literature";"Bioorg Med Chem Lett";"1997";"None";"";"";"";"0.64"
"CHEMBL142776";"";"None";"469.28";"0";"2.86";"26";"O=C(Cn1c(Cl)cnc(NCC(F)(F)c2ccccn2)c1=O)NCc1ncccc1Cl";"Ki";"'='";"567000.0";"nM";"";"Outside typical range";"";"UO_0000065";"";"";"";"";"0";"CHEMBL815470";"Inhibitory constant against human trypsin";"B";"BAO_0000357";"single protein format";"None";"None";"None";"None";"None";"";"";"";"CHEMBL209";"Serine protease 1";"Homo sapiens";"SINGLE PROTEIN";"CHEMBL1145961";"1";"Scientific Literature";"J Med Chem";"2003";"None";"";"";"";"567.0"
"CHEMBL368238";"";"None";"452.99";"0";"4.54";"27";"CC(C)N1CCC(NC(=O)c2cc3ccccc3n2CC(=O)Nc2ccc(Cl)cc2)CC1";"Ki";"'>'";"100000.0";"nM";"";"";"";"UO_0000065";"";"";"";"";"0";"CHEMBL827066";"Inhibitory activity against coagulation factor trypsin";"B";"BAO_0000357";"single protein format";"Homo sapiens";"None";"None";"None";"None";"";"";"";"CHEMBL209";"Serine protease 1";"Homo sapiens";"SINGLE PROTEIN";"CHEMBL1137150";"1";"Scientific Literature";"Bioorg Med Chem Lett";"2004";"None";"";"";"";"100.0"
"CHEMBL418965";"";"None";"544.48";"1";"4.04";"20";"O=C1Cn2c(Cl)cnc(c2=O)N[C@@H](Cc2ccccc2)CNCCCCCOc2ccc(Cl)cc2CN1";"Ki";"'='";"80.0";"nM";"7.10";"";"";"UO_0000065";"13.03";"0.26";"3.06";"7.30";"0";"CHEMBL817817";"Inhibitory activity against human trypsin";"B";"BAO_0000357";"single protein format";"None";"None";"None";"None";"None";"";"";"";"CHEMBL209";"Serine protease 1";"Homo sapiens";"SINGLE PROTEIN";"CHEMBL1136169";"1";"Scientific Literature";"Bioorg Med Chem Lett";"2003";"None";"";"";"";"0.08"
"CHEMBL337785";"";"None";"406.49";"0";"2.42";"13";"CCOC(=O)C(CCc1cccc(C(=N)N)c1)Cn1cnc2ccc(C(=N)N)cc21";"Ki";"'='";"820.0";"nM";"6.09";"";"";"UO_0000065";"14.97";"0.28";"3.67";"4.23";"0";"CHEMBL818182";"Binding affinity against human trypsin";"B";"BAO_0000357";"single protein format";"None";"None";"None";"None";"None";"";"";"";"CHEMBL209";"Serine protease 1";"Homo sapiens";"SINGLE PROTEIN";"CHEMBL1133520";"1";"Scientific Literature";"J Med Chem";"2000";"None";"";"";"";"820.0"
"CHEMBL357739";"";"None";"462.53";"0";"3.76";"6c";"COc1cccc(-n2nc(C)cc2C(=O)Nc2ccc(-c3ccccc3S(N)(=O)=O)cc2)c1";"Ki";"'>'";"1500.0";"nM";"";"";"";"UO_0000065";"";"";"";"";"0";"CHEMBL817826";"Tested in vitro for inhibition of human trypsin";"B";"BAO_0000357";"single protein format";"None";"None";"None";"None";"None";"";"";"";"CHEMBL209";"Serine protease 1";"Homo sapiens";"SINGLE PROTEIN";"CHEMBL1145914";"1";"Scientific Literature";"J Med Chem";"2003";"None";"";"";"";"1500.0"
"CHEMBL364255";"";"None";"433.55";"0";"2.53";"8";"N[C@H]1CC[C@H](CNC(=O)[C@@H]2CCCN2C(=O)C2(O)c3ccccc3-c3ccccc32)CC1";"Ki";"'='";"860.0";"nM";"6.07";"";"";"UO_0000065";"13.99";"0.26";"3.54";"6.34";"0";"CHEMBL817136";"Binding affinity towards trypsin was determined";"B";"BAO_0000357";"single protein format";"None";"None";"None";"None";"None";"";"";"";"CHEMBL209";"Serine protease 1";"Homo sapiens";"SINGLE PROTEIN";"CHEMBL1131597";"1";"Scientific Literature";"J Med Chem";"1998";"None";"";"";"";"860.0"
"CHEMBL316311";"";"None";"653.67";"1";"2.33";"60";"CCSCC1(C(=O)Nc2ncc(-c3ccccc3S(N)(=O)=O)cn2)CC(c2cccc(C(=N)N)c2)=NO1.O=C(O)C(F)(F)F";"Ki";"'='";"350.0";"nM";"6.46";"";"";"UO_0000065";"11.96";"0.24";"4.13";"3.46";"0";"CHEMBL824706";"Binding affinity towards trypsin obtained from human purified enzymes";"B";"BAO_0000357";"single protein format";"None";"None";"None";"None";"None";"";"";"";"CHEMBL209";"Serine protease 1";"Homo sapiens";"SINGLE PROTEIN";"CHEMBL1132652";"1";"Scientific Literature";"J Med Chem";"1999";"None";"";"";"";"350.0"
"CHEMBL175333";"";"None";"483.58";"1";"6.36";"11b";"N=C(N)c1ccc(Oc2ccc3c4ccccc4n(Cc4ccc5ccc(C(=N)N)cc5c4)c3c2)cc1";"Ki";"'='";"250.0";"nM";"6.60";"";"";"UO_0000065";"13.65";"0.24";"0.24";"5.80";"0";"CHEMBL815755";"In vitro inhibition of bovine trypsin.";"B";"BAO_0000357";"single protein format";"None";"None";"None";"None";"None";"";"";"";"CHEMBL209";"Serine protease 1";"Homo sapiens";"SINGLE PROTEIN";"CHEMBL1133499";"1";"Scientific Literature";"Bioorg Med Chem Lett";"2000";"None";"";"";"";"250.0"
"CHEMBL174995";"";"None";"450.54";"0";"4.75";"11d";"CN(C)C(=O)COc1ccc2c3ccccc3n(Cc3ccc4ccc(C(=N)N)cc4c3)c2c1";"Ki";"'='";"90.0";"nM";"7.05";"";"";"UO_0000065";"15.64";"0.28";"2.30";"8.35";"0";"CHEMBL815755";"In vitro inhibition of bovine trypsin.";"B";"BAO_0000357";"single protein format";"None";"None";"None";"None";"None";"";"";"";"CHEMBL209";"Serine protease 1";"Homo sapiens";"SINGLE PROTEIN";"CHEMBL1133499";"1";"Scientific Literature";"Bioorg Med Chem Lett";"2000";"None";"";"";"";"90.0"
"CHEMBL3642965";"";"None";"493.51";"0";"2.39";"BDBM109692";"CC(CCC(=O)N[C@@H](CC(=O)O)C(=O)O)Cc1ccc(C(=O)Oc2ccc(C(=N)N)cc2F)s1";"Ki";"'='";"0.18";"nM";"9.74";"";"230186";"UO_0000065";"19.75";"0.39";"7.35";"5.42";"0";"CHEMBL3705715";"Inhibition Assay: Inhibition assay using human trysin.";"B";"BAO_0000357";"single protein format";"Homo sapiens";"None";"None";"None";"None";"";"";"";"CHEMBL209";"Serine protease 1";"Homo sapiens";"SINGLE PROTEIN";"CHEMBL3638962";"37";"BindingDB Patent Bioactivity Data";"";"2013";"None";"";"";"";"0.18"
"CHEMBL3642969";"";"None";"447.47";"0";"1.47";"BDBM109696";"CC(Cc1cc(C(=O)Oc2ccc(C(=N)N)cc2)cs1)C(=O)N[C@@H](CC(=O)O)C(=O)O";"Ki";"'='";"8.5";"nM";"8.07";"";"230190";"UO_0000065";"18.04";"0.36";"6.60";"4.49";"0";"CHEMBL3705715";"Inhibition Assay: Inhibition assay using human trysin.";"B";"BAO_0000357";"single protein format";"Homo sapiens";"None";"None";"None";"None";"";"";"";"CHEMBL209";"Serine protease 1";"Homo sapiens";"SINGLE PROTEIN";"CHEMBL3638962";"37";"BindingDB Patent Bioactivity Data";"";"2013";"None";"";"";"";"8.5"
"CHEMBL3642981";"";"None";"423.42";"0";"0.88";"BDBM109709";"N=C(N)c1ccc(OC(=O)c2ccc(CCC(=O)N[C@@H](CO)C(=O)O)s2)c(F)c1";"Ki";"'='";"1.2";"nM";"8.92";"";"230203";"UO_0000065";"21.07";"0.42";"8.04";"5.48";"0";"CHEMBL3705715";"Inhibition Assay: Inhibition assay using human trysin.";"B";"BAO_0000357";"single protein format";"Homo sapiens";"None";"None";"None";"None";"";"";"";"CHEMBL209";"Serine protease 1";"Homo sapiens";"SINGLE PROTEIN";"CHEMBL3638962";"37";"BindingDB Patent Bioactivity Data";"";"2013";"None";"";"";"";"1.2"
"CHEMBL142106";"";"None";"486.38";"0";"2.71";"23";"O=C(Cn1c(C(F)(F)F)cnc(NCC(F)(F)c2ccccn2)c1=O)NCc1ncccc1F";"Ki";"'='";"136000.0";"nM";"";"Outside typical range";"";"UO_0000065";"";"";"";"";"0";"CHEMBL815470";"Inhibitory constant against human trypsin";"B";"BAO_0000357";"single protein format";"None";"None";"None";"None";"None";"";"";"";"CHEMBL209";"Serine protease 1";"Homo sapiens";"SINGLE PROTEIN";"CHEMBL1145961";"1";"Scientific Literature";"J Med Chem";"2003";"None";"";"";"";"136.0"
"CHEMBL142370";"";"None";"448.86";"0";"2.52";"27";"Cc1ccnc(CNC(=O)Cn2c(Cl)cnc(NCC(F)(F)c3ccccn3)c2=O)c1";"Ki";"'='";"429000.0";"nM";"";"Outside typical range";"";"UO_0000065";"";"";"";"";"0";"CHEMBL815470";"Inhibitory constant against human trypsin";"B";"BAO_0000357";"single protein format";"None";"None";"None";"None";"None";"";"";"";"CHEMBL209";"Serine protease 1";"Homo sapiens";"SINGLE PROTEIN";"CHEMBL1145961";"1";"Scientific Literature";"J Med Chem";"2003";"None";"";"";"";"429.0"
"CHEMBL19666";"";"None";"473.58";"0";"1.76";"NC8";"Cc1ccc(NS(=O)(=O)Cc2ccccc2)c(=O)n1CC(=O)NCc1ccc(C(=N)N)s1";"Ki";"'='";"13.6";"nM";"7.87";"";"";"UO_0000065";"16.61";"0.34";"6.11";"5.35";"0";"CHEMBL817809";"In vitro inhibitory constant against trypsin";"B";"BAO_0000357";"single protein format";"Homo sapiens";"None";"None";"None";"None";"";"";"";"CHEMBL209";"Serine protease 1";"Homo sapiens";"SINGLE PROTEIN";"CHEMBL1136066";"1";"Scientific Literature";"Bioorg Med Chem Lett";"2002";"None";"";"";"";"13.6"
"CHEMBL3672858";"";"None";"470.53";"0";"4.00";"BDBM158117";"COc1ccc(NC(=O)C(C)(C)Cc2ccc(C(=O)Oc3ccc(C(=N)N)cc3F)s2)cn1";"Ki";"'='";"3.36";"nM";"8.47";"";"355663";"UO_0000065";"18.01";"0.35";"4.47";"6.65";"1";"CHEMBL3887805";"Trypsin Inhibition Assay: Using a 96 well plate (#3915, Costar), a test compound (25 uL) was mixed with 20 uM fluorescence enzyme substrate (Boc-Phe-Ser-Arg-AMC, 50 uL) mixed with 200 mM Tris-HCl buffer (pH 8.0), and human trypsin (Sigma, 25 uL) was added. Using a fluorescence plate reader fmax (Molecular Devices, Inc.), the reaction rate was measured from the time-course changes at excitation wavelength 355 nm and fluorescence wavelength 460 nm.";"B";"BAO_0000357";"single protein format";"Homo sapiens";"None";"None";"None";"None";"";"";"";"CHEMBL209";"Serine protease 1";"Homo sapiens";"SINGLE PROTEIN";"CHEMBL3886456";"37";"BindingDB Patent Bioactivity Data";"";"2016";"None";"";"";"";"3.36"
"CHEMBL3672873";"";"None";"555.58";"1";"4.17";"BDBM158132";"COC(=O)c1cc(NC(=O)C(C)(C)Cc2ccc(C(=O)Oc3ccc(C(=N)N)cc3F)s2)cc(C(=O)OC)c1";"Ki";"'='";"1.02";"nM";"8.99";"";"355678";"UO_0000065";"16.18";"0.31";"4.82";"5.70";"1";"CHEMBL3887805";"Trypsin Inhibition Assay: Using a 96 well plate (#3915, Costar), a test compound (25 uL) was mixed with 20 uM fluorescence enzyme substrate (Boc-Phe-Ser-Arg-AMC, 50 uL) mixed with 200 mM Tris-HCl buffer (pH 8.0), and human trypsin (Sigma, 25 uL) was added. Using a fluorescence plate reader fmax (Molecular Devices, Inc.), the reaction rate was measured from the time-course changes at excitation wavelength 355 nm and fluorescence wavelength 460 nm.";"B";"BAO_0000357";"single protein format";"Homo sapiens";"None";"None";"None";"None";"";"";"";"CHEMBL209";"Serine protease 1";"Homo sapiens";"SINGLE PROTEIN";"CHEMBL3886456";"37";"BindingDB Patent Bioactivity Data";"";"2016";"None";"";"";"";"1.02"
"CHEMBL3672877";"";"None";"445.48";"0";"1.79";"BDBM158137";"CC(C)(Cc1ccc(C(=O)Oc2ccc(C(=N)N)cc2F)s1)C(=O)NCc1nnn[nH]1";"Ki";"'='";"0.75";"nM";"9.12";"";"355683";"UO_0000065";"20.48";"0.40";"7.33";"5.71";"1";"CHEMBL3887805";"Trypsin Inhibition Assay: Using a 96 well plate (#3915, Costar), a test compound (25 uL) was mixed with 20 uM fluorescence enzyme substrate (Boc-Phe-Ser-Arg-AMC, 50 uL) mixed with 200 mM Tris-HCl buffer (pH 8.0), and human trypsin (Sigma, 25 uL) was added. Using a fluorescence plate reader fmax (Molecular Devices, Inc.), the reaction rate was measured from the time-course changes at excitation wavelength 355 nm and fluorescence wavelength 460 nm.";"B";"BAO_0000357";"single protein format";"Homo sapiens";"None";"None";"None";"None";"";"";"";"CHEMBL209";"Serine protease 1";"Homo sapiens";"SINGLE PROTEIN";"CHEMBL3886456";"37";"BindingDB Patent Bioactivity Data";"";"2016";"None";"";"";"";"0.75"
"CHEMBL3672883";"";"None";"505.61";"1";"4.50";"BDBM158143";"CCC(CC)(Cc1ccc(C(=O)Oc2ccc(C(=N)N)cc2F)s1)C(=O)NCCCCCC(=O)O";"Ki";"'='";"8.01";"nM";"8.10";"";"355689";"UO_0000065";"16.01";"0.32";"3.60";"5.68";"1";"CHEMBL3887805";"Trypsin Inhibition Assay: Using a 96 well plate (#3915, Costar), a test compound (25 uL) was mixed with 20 uM fluorescence enzyme substrate (Boc-Phe-Ser-Arg-AMC, 50 uL) mixed with 200 mM Tris-HCl buffer (pH 8.0), and human trypsin (Sigma, 25 uL) was added. Using a fluorescence plate reader fmax (Molecular Devices, Inc.), the reaction rate was measured from the time-course changes at excitation wavelength 355 nm and fluorescence wavelength 460 nm.";"B";"BAO_0000357";"single protein format";"Homo sapiens";"None";"None";"None";"None";"";"";"";"CHEMBL209";"Serine protease 1";"Homo sapiens";"SINGLE PROTEIN";"CHEMBL3886456";"37";"BindingDB Patent Bioactivity Data";"";"2016";"None";"";"";"";"8.01"
"CHEMBL142224";"";"None";"428.44";"0";"2.17";"16";"Cc1ccnc(CNC(=O)Cn2c(C)cnc(NCC(F)(F)c3ccccn3)c2=O)c1";"Ki";"'='";"431000.0";"nM";"";"Outside typical range";"";"UO_0000065";"";"";"";"";"0";"CHEMBL815470";"Inhibitory constant against human trypsin";"B";"BAO_0000357";"single protein format";"None";"None";"None";"None";"None";"";"";"";"CHEMBL209";"Serine protease 1";"Homo sapiens";"SINGLE PROTEIN";"CHEMBL1145961";"1";"Scientific Literature";"J Med Chem";"2003";"None";"";"";"";"431.0"
"CHEMBL436026";"";"None";"403.50";"0";"2.62";"17";"COC(=O)CC(CCc1ccc(NS(C)(=O)=O)cc1)c1cccc(C(=N)N)c1";"Ki";"'='";"110.0";"nM";"6.96";"";"";"UO_0000065";"17.25";"0.34";"4.34";"5.69";"0";"CHEMBL811612";"In vitro inhibition of trypsin";"B";"BAO_0000357";"single protein format";"None";"None";"None";"None";"None";"";"";"";"CHEMBL209";"Serine protease 1";"Homo sapiens";"SINGLE PROTEIN";"CHEMBL1131205";"1";"Scientific Literature";"J Med Chem";"1998";"None";"";"";"";"110.0"
"CHEMBL143421";"";"None";"407.48";"0";"1.20";"7";"Cc1nc(N)ccc1CNC(=O)Cn1c(C)cnc(NCCc2ccncc2)c1=O";"Ki";"'='";"4600.0";"nM";"5.34";"";"";"UO_0000065";"13.10";"0.24";"4.14";"4.18";"0";"CHEMBL815470";"Inhibitory constant against human trypsin";"B";"BAO_0000357";"single protein format";"None";"None";"None";"None";"None";"";"";"";"CHEMBL209";"Serine protease 1";"Homo sapiens";"SINGLE PROTEIN";"CHEMBL1145961";"1";"Scientific Literature";"J Med Chem";"2003";"None";"";"";"";"4600.0"
"CHEMBL317393";"";"None";"544.48";"1";"4.39";"21";"O=C1Cn2c(Cl)cnc(c2=O)N[C@@H](Cc2ccccc2)NCCCCCCOc2ccc(Cl)cc2CN1";"Ki";"'='";"240.0";"nM";"6.62";"";"";"UO_0000065";"12.16";"0.24";"2.23";"6.80";"0";"CHEMBL817817";"Inhibitory activity against human trypsin";"B";"BAO_0000357";"single protein format";"None";"None";"None";"None";"None";"";"";"";"CHEMBL209";"Serine protease 1";"Homo sapiens";"SINGLE PROTEIN";"CHEMBL1136169";"1";"Scientific Literature";"Bioorg Med Chem Lett";"2003";"None";"";"";"";"0.24"
"CHEMBL139970";"";"None";"433.49";"0";"2.52";"22";"N=C(N)c1ccc2ncn(CC(=O)c3ccc(-c4ccccc4S(N)(=O)=O)cc3)c2c1";"Ki";"'='";"300.0";"nM";"6.52";"";"";"UO_0000065";"15.05";"0.29";"4.00";"4.50";"0";"CHEMBL818182";"Binding affinity against human trypsin";"B";"BAO_0000357";"single protein format";"None";"None";"None";"None";"None";"";"";"";"CHEMBL209";"Serine protease 1";"Homo sapiens";"SINGLE PROTEIN";"CHEMBL1133520";"1";"Scientific Literature";"J Med Chem";"2000";"None";"";"";"";"300.0"
"CHEMBL116015";"";"None";"454.55";"0";"1.87";"19";"Cc1ccc(NS(=O)(=O)Cc2ccccc2)c(=O)n1CC(=O)NCc1ccccc1CN";"Ki";"'='";"67000.0";"nM";"4.17";"";"";"UO_0000065";"9.18";"0.18";"2.30";"3.39";"0";"CHEMBL818017";"Inhibitory constant evaluated against trypsin";"B";"BAO_0000357";"single protein format";"None";"None";"None";"None";"None";"";"";"";"CHEMBL209";"Serine protease 1";"Homo sapiens";"SINGLE PROTEIN";"CHEMBL1136286";"1";"Scientific Literature";"Bioorg Med Chem Lett";"2003";"None";"";"";"";"67000.0"
"CHEMBL297535";"";"None";"533.44";"None";"None";"15";"CC1(C)C2CC1[C@]1(C)OB([C@H](CCCN=C(N)N)NC(=O)c3ccc(-c4ccccc4)cc3[N+](=O)[O-])O[C@@H]1C2";"Ki";"";"";"nM";"";"";"Not Determined";"UO_0000065";"";"";"";"";"0";"CHEMBL811781";"Compound was tested for the inhibition of trypsin; Not tested";"B";"BAO_0000357";"single protein format";"None";"None";"None";"None";"None";"";"";"";"CHEMBL209";"Serine protease 1";"Homo sapiens";"SINGLE PROTEIN";"CHEMBL1151536";"1";"Scientific Literature";"Bioorg Med Chem Lett";"1997";"None";"";"";"";""
"CHEMBL96218";"";"None";"474.57";"0";"1.25";"1r";"COc1ccc2sc(S(=O)(=O)N[C@H]3CCN(Cc4cc(C(=N)N)ccc4N)C3=O)cc2n1";"Ki";"'='";"860.0";"nM";"6.07";"";"";"UO_0000065";"12.78";"0.26";"4.82";"3.69";"0";"CHEMBL817137";"Binding affinity against trypsin";"B";"BAO_0000357";"single protein format";"None";"None";"None";"None";"None";"";"";"";"CHEMBL209";"Serine protease 1";"Homo sapiens";"SINGLE PROTEIN";"CHEMBL1131988";"1";"Scientific Literature";"Bioorg Med Chem Lett";"1999";"None";"";"";"";"860.0"
"CHEMBL1204153";"";"None";"376.90";"1";"1.33";"38";"Cl.N=C(N)c1ccc(NCCCNc2ccc(C(=N)N)cc2N)c(N)c1";"Ki";"'='";"10300.0";"nM";"4.99";"";"";"UO_0000065";"14.65";"0.27";"3.66";"2.84";"0";"CHEMBL815012";"Inhibition of trypsin by amidase assay.";"B";"BAO_0000357";"single protein format";"None";"None";"None";"None";"None";"";"";"";"CHEMBL209";"Serine protease 1";"Homo sapiens";"SINGLE PROTEIN";"CHEMBL1124749";"1";"Scientific Literature";"J Med Chem";"1990";"None";"";"";"";"10.3"
"CHEMBL330244";"";"None";"331.17";"0";"2.98";"6j";"N=C(N)c1ccc2[nH]c(-c3cccc(Br)c3O)nc2c1";"Ki";"'='";"1400.0";"nM";"5.85";"";"";"UO_0000065";"17.68";"0.40";"2.87";"5.93";"0";"CHEMBL816557";"Inhibition of Human Serine Protease Trypsin.";"B";"BAO_0000357";"single protein format";"None";"None";"None";"None";"None";"";"";"";"CHEMBL209";"Serine protease 1";"Homo sapiens";"SINGLE PROTEIN";"CHEMBL1134564";"1";"Scientific Literature";"J Med Chem";"2001";"None";"";"";"";"1.4"
"CHEMBL3921980";"";"None";"524.55";"1";"1.31";"BDBM234250";"N=C(N)c1ccc(OC(=O)c2ccc(CN3CSC[C@H]3C(=O)N[C@@H](CC(=O)O)C(=O)O)s2)c(F)c1";"Ki";"'='";"0.21";"nM";"9.68";"";"408292";"UO_0000065";"18.45";"0.38";"8.37";"5.29";"0";"CHEMBL3888548";"Inhibition Assay: Using a 96 well plate (#3915, Costar), a test compound (25 μL), 400 mM Tris-HCl buffer (pH 8.0, 25 μL) and 0.5 mg/mL fluorescence enzyme substrate (Gly-Asp-Asp-Asp-Asp-Lys-β-Naphtylamide, 25 μL) were mixed, and recombinant human enteropeptidase (R&D Systems, Inc., 25 μL) was added. Using a fluorescence plate reader fmax (Molecular Devices, Inc.), the reaction rate was measured from the time-course changes at excitation wavelength 320 nm and fluorescence wavelength 405 nm. The Ki value was calculated from the concentration of the test compound, reciprocal of reaction rate, and Km value of the enzyme substrate, and by using Dixon plot.";"B";"BAO_0000357";"single protein format";"Homo sapiens";"None";"None";"None";"None";"";"";"";"CHEMBL209";"Serine protease 1";"Homo sapiens";"SINGLE PROTEIN";"CHEMBL3886757";"37";"BindingDB Patent Bioactivity Data";"";"2016";"None";"";"";"";"0.21"
"CHEMBL3965069";"";"None";"584.63";"1";"2.87";"BDBM234255";"CN(Cc1ccc(C(=O)Oc2ccc(C(=N)N)cc2F)s1)[C@@H](Cc1ccccc1)C(=O)N[C@@H](CCC(=O)O)C(=O)O";"Ki";"'='";"0.7";"nM";"9.15";"";"408297";"UO_0000065";"15.66";"0.30";"6.28";"5.00";"0";"CHEMBL3888548";"Inhibition Assay: Using a 96 well plate (#3915, Costar), a test compound (25 μL), 400 mM Tris-HCl buffer (pH 8.0, 25 μL) and 0.5 mg/mL fluorescence enzyme substrate (Gly-Asp-Asp-Asp-Asp-Lys-β-Naphtylamide, 25 μL) were mixed, and recombinant human enteropeptidase (R&D Systems, Inc., 25 μL) was added. Using a fluorescence plate reader fmax (Molecular Devices, Inc.), the reaction rate was measured from the time-course changes at excitation wavelength 320 nm and fluorescence wavelength 405 nm. The Ki value was calculated from the concentration of the test compound, reciprocal of reaction rate, and Km value of the enzyme substrate, and by using Dixon plot.";"B";"BAO_0000357";"single protein format";"Homo sapiens";"None";"None";"None";"None";"";"";"";"CHEMBL209";"Serine protease 1";"Homo sapiens";"SINGLE PROTEIN";"CHEMBL3886757";"37";"BindingDB Patent Bioactivity Data";"";"2016";"None";"";"";"";"0.7"
"CHEMBL3897108";"";"None";"387.39";"0";"2.94";"BDBM234261";"N=C(N)c1ccc(OC(=O)c2ccc(Cn3cccc3C(=O)O)s2)c(F)c1";"Ki";"'='";"0.82";"nM";"9.09";"";"408303";"UO_0000065";"23.45";"0.46";"6.15";"7.67";"0";"CHEMBL3888548";"Inhibition Assay: Using a 96 well plate (#3915, Costar), a test compound (25 μL), 400 mM Tris-HCl buffer (pH 8.0, 25 μL) and 0.5 mg/mL fluorescence enzyme substrate (Gly-Asp-Asp-Asp-Asp-Lys-β-Naphtylamide, 25 μL) were mixed, and recombinant human enteropeptidase (R&D Systems, Inc., 25 μL) was added. Using a fluorescence plate reader fmax (Molecular Devices, Inc.), the reaction rate was measured from the time-course changes at excitation wavelength 320 nm and fluorescence wavelength 405 nm. The Ki value was calculated from the concentration of the test compound, reciprocal of reaction rate, and Km value of the enzyme substrate, and by using Dixon plot.";"B";"BAO_0000357";"single protein format";"Homo sapiens";"None";"None";"None";"None";"";"";"";"CHEMBL209";"Serine protease 1";"Homo sapiens";"SINGLE PROTEIN";"CHEMBL3886757";"37";"BindingDB Patent Bioactivity Data";"";"2016";"None";"";"";"";"0.82"
"CHEMBL4112097";"";"None";"570.60";"1";"2.48";"BDBM234268";"CN(Cc1ccc(C(=O)Oc2ccc(C(=N)N)cc2F)s1)[C@H](Cc1ccccc1)C(=O)N[C@H](CC(=O)O)C(=O)O";"Ki";"'='";"3.31";"nM";"8.48";"";"408310";"UO_0000065";"14.86";"0.29";"6.00";"4.63";"0";"CHEMBL3888548";"Inhibition Assay: Using a 96 well plate (#3915, Costar), a test compound (25 μL), 400 mM Tris-HCl buffer (pH 8.0, 25 μL) and 0.5 mg/mL fluorescence enzyme substrate (Gly-Asp-Asp-Asp-Asp-Lys-β-Naphtylamide, 25 μL) were mixed, and recombinant human enteropeptidase (R&D Systems, Inc., 25 μL) was added. Using a fluorescence plate reader fmax (Molecular Devices, Inc.), the reaction rate was measured from the time-course changes at excitation wavelength 320 nm and fluorescence wavelength 405 nm. The Ki value was calculated from the concentration of the test compound, reciprocal of reaction rate, and Km value of the enzyme substrate, and by using Dixon plot.";"B";"BAO_0000357";"single protein format";"Homo sapiens";"None";"None";"None";"None";"";"";"";"CHEMBL209";"Serine protease 1";"Homo sapiens";"SINGLE PROTEIN";"CHEMBL3886757";"37";"BindingDB Patent Bioactivity Data";"";"2016";"None";"";"";"";"3.31"
"CHEMBL1183796";"";"None";"522.59";"1";"2.22";"71";"CCOCC1(C(=O)Nc2ccc(-c3ccccc3S(N)(=O)=O)cn2)CC(c2cccc(C(=N)N)c2)=NO1";"Ki";"'='";"25.0";"nM";"7.60";"";"";"UO_0000065";"14.55";"0.28";"5.38";"4.16";"0";"CHEMBL824706";"Binding affinity towards trypsin obtained from human purified enzymes";"B";"BAO_0000357";"single protein format";"None";"None";"None";"None";"None";"";"";"";"CHEMBL209";"Serine protease 1";"Homo sapiens";"SINGLE PROTEIN";"CHEMBL1132652";"1";"Scientific Literature";"J Med Chem";"1999";"None";"";"";"";"25.0"
"CHEMBL145076";"";"None";"391.48";"0";"2.23";"9";"Cc1ncccc1CNC(=O)Cn1c(C)cnc(NCCc2ccccc2)c1=O";"Ki";"'>'";"100000.0";"nM";"";"";"";"UO_0000065";"";"";"";"";"0";"CHEMBL815470";"Inhibitory constant against human trypsin";"B";"BAO_0000357";"single protein format";"None";"None";"None";"None";"None";"";"";"";"CHEMBL209";"Serine protease 1";"Homo sapiens";"SINGLE PROTEIN";"CHEMBL1145961";"1";"Scientific Literature";"J Med Chem";"2003";"None";"";"";"";"100.0"
"CHEMBL46969";"";"None";"446.51";"0";"2.42";"9b";"COC(=O)[C@H](Cc1cccc(C(=N)N)c1)[C@@H](C)NC(=O)c1ccc(-c2ccc[n+]([O-])c2)cc1";"Ki";"'='";"130.0";"nM";"6.89";"";"";"UO_0000065";"15.42";"0.28";"4.47";"5.21";"0";"CHEMBL817811";"In vitro inhibitory potency against Trypsin";"B";"BAO_0000357";"single protein format";"Homo sapiens";"None";"None";"None";"None";"";"";"";"CHEMBL209";"Serine protease 1";"Homo sapiens";"SINGLE PROTEIN";"CHEMBL1135155";"1";"Scientific Literature";"Bioorg Med Chem Lett";"2002";"None";"";"";"";"130.0"
"CHEMBL357538";"";"None";"254.33";"0";"2.12";"21 (table 3)";"NCc1ccc(C(=O)NCCc2ccccc2)cc1";"Ki";"'='";"299916251.9";"nM";"";"Outside typical range";"";"UO_0000065";"";"";"";"";"0";"CHEMBL858270";"Inhibition of trypsin";"B";"BAO_0000357";"single protein format";"None";"None";"None";"None";"None";"";"";"";"CHEMBL209";"Serine protease 1";"Homo sapiens";"SINGLE PROTEIN";"CHEMBL1132536";"1";"Scientific Literature";"J Med Chem";"1999";"None";"";"";"";"0.523"
"CHEMBL75972";"";"None";"704.88";"2";"2.44";"64";"N=C(N)Nc1ccc(CNC(=O)N2CCN(C(=O)CCCCCCCC(=O)N3CCN(C(=O)NCc4ccc(NC(=N)N)cc4)CC3)CC2)cc1";"Ki";"'='";"29000.0";"nM";"4.54";"";"";"UO_0000065";"6.44";"0.12";"2.10";"1.98";"0";"CHEMBL824723";"Compound was evaluated for its inhibitory potency against trypsin";"B";"BAO_0000357";"single protein format";"None";"None";"None";"None";"None";"";"";"";"CHEMBL209";"Serine protease 1";"Homo sapiens";"SINGLE PROTEIN";"CHEMBL1132784";"1";"Scientific Literature";"Bioorg Med Chem Lett";"2000";"None";"";"";"";"29.0"
"CHEMBL5886153";"";"None";"529.47";"1";"2.73";"BDBM387077";"O=C1c2c(c(C(F)(F)F)nn2-c2ccc(OC(F)F)cc2)CCN1C1CCN(N2CCOCC2=O)CC1";"Ki";"'>'";"1000.0";"nM";"";"";"772914";"UO_0000065";"";"";"";"";"0";"CHEMBL5733701";"In Vitro Assay: Trypsin: In the assay for measuring the inhibition of human trypsin activity buffer (50 mM Tris, pH 8.2, and 20 mM CaCl2) is used. The IC50 is measured by selecting the appropriate wells of a Greiner 384 microtiter plate. 50 μL the assay buffer containing human trypsin (Sigma; T6424), of which the final concentration is 0.39 BAEE units/ml; 2 μL the assay buffer containing 2% (V/V) DMSO (uninhibited control) or various concentrations of the compounds to be tested diluted in the assay buffer containing 2% (V/V) DMSO; and the assay buffer containing substrate S-2222 (Chromogenix). The assay is performed by pre-incubating the tested compounds with enzyme for 10 minutes. Then the assay is initiated by adding 48 μL substrate to obtain a final volume of 100 μL.";"B";"BAO_0000357";"single protein format";"Homo sapiens";"None";"None";"None";"None";"";"";"";"CHEMBL209";"Serine protease 1";"Homo sapiens";"SINGLE PROTEIN";"CHEMBL5726935";"37";"BindingDB Patent Bioactivity Data";"";"2018";"None";"";"";"";"1000.0"
"CHEMBL5990378";"";"None";"547.97";"1";"3.93";"BDBM387078";"O=C1c2c(c(C(F)(F)F)nn2-c2ccc3cc(Cl)ccc3c2)CCN1C1CCN(N2CCOCC2=O)CC1";"Ki";"'>'";"1000.0";"nM";"";"";"772919";"UO_0000065";"";"";"";"";"0";"CHEMBL5733701";"In Vitro Assay: Trypsin: In the assay for measuring the inhibition of human trypsin activity buffer (50 mM Tris, pH 8.2, and 20 mM CaCl2) is used. The IC50 is measured by selecting the appropriate wells of a Greiner 384 microtiter plate. 50 μL the assay buffer containing human trypsin (Sigma; T6424), of which the final concentration is 0.39 BAEE units/ml; 2 μL the assay buffer containing 2% (V/V) DMSO (uninhibited control) or various concentrations of the compounds to be tested diluted in the assay buffer containing 2% (V/V) DMSO; and the assay buffer containing substrate S-2222 (Chromogenix). The assay is performed by pre-incubating the tested compounds with enzyme for 10 minutes. Then the assay is initiated by adding 48 μL substrate to obtain a final volume of 100 μL.";"B";"BAO_0000357";"single protein format";"Homo sapiens";"None";"None";"None";"None";"";"";"";"CHEMBL209";"Serine protease 1";"Homo sapiens";"SINGLE PROTEIN";"CHEMBL5726935";"37";"BindingDB Patent Bioactivity Data";"";"2018";"None";"";"";"";"1000.0"
"CHEMBL3891228";"";"None";"432.39";"0";"0.85";"BDBM234241";"CN(Cc1ccc(C(=O)Oc2ccc(C(=N)N)cc2)o1)C(=O)N[C@@H](CC(=O)O)C(=O)O";"Ki";"'='";"0.54";"nM";"9.27";"";"408283";"UO_0000065";"21.43";"0.41";"8.42";"4.72";"0";"CHEMBL3888548";"Inhibition Assay: Using a 96 well plate (#3915, Costar), a test compound (25 μL), 400 mM Tris-HCl buffer (pH 8.0, 25 μL) and 0.5 mg/mL fluorescence enzyme substrate (Gly-Asp-Asp-Asp-Asp-Lys-β-Naphtylamide, 25 μL) were mixed, and recombinant human enteropeptidase (R&D Systems, Inc., 25 μL) was added. Using a fluorescence plate reader fmax (Molecular Devices, Inc.), the reaction rate was measured from the time-course changes at excitation wavelength 320 nm and fluorescence wavelength 405 nm. The Ki value was calculated from the concentration of the test compound, reciprocal of reaction rate, and Km value of the enzyme substrate, and by using Dixon plot.";"B";"BAO_0000357";"single protein format";"Homo sapiens";"None";"None";"None";"None";"";"";"";"CHEMBL209";"Serine protease 1";"Homo sapiens";"SINGLE PROTEIN";"CHEMBL3886757";"37";"BindingDB Patent Bioactivity Data";"";"2016";"None";"";"";"";"0.54"
"CHEMBL3672881";"";"None";"513.55";"1";"3.61";"BDBM158141";"CC(C)(Cc1ccc(C(=O)Oc2ccc(C(=N)N)cc2F)s1)C(=O)N[C@@H](C(=O)O)c1ccc(O)cc1";"Ki";"'='";"1.14";"nM";"8.94";"";"355687";"UO_0000065";"17.41";"0.34";"5.33";"5.49";"1";"CHEMBL3887805";"Trypsin Inhibition Assay: Using a 96 well plate (#3915, Costar), a test compound (25 uL) was mixed with 20 uM fluorescence enzyme substrate (Boc-Phe-Ser-Arg-AMC, 50 uL) mixed with 200 mM Tris-HCl buffer (pH 8.0), and human trypsin (Sigma, 25 uL) was added. Using a fluorescence plate reader fmax (Molecular Devices, Inc.), the reaction rate was measured from the time-course changes at excitation wavelength 355 nm and fluorescence wavelength 460 nm.";"B";"BAO_0000357";"single protein format";"Homo sapiens";"None";"None";"None";"None";"";"";"";"CHEMBL209";"Serine protease 1";"Homo sapiens";"SINGLE PROTEIN";"CHEMBL3886456";"37";"BindingDB Patent Bioactivity Data";"";"2016";"None";"";"";"";"1.14"
"CHEMBL3672884";"";"None";"447.49";"0";"2.50";"BDBM158144";"CC(C)(Cc1ccc(C(=O)Oc2ccc(C(=N)N)cc2F)s1)C(=O)N1CC(C(=O)O)C1";"Ki";"'='";"1.85";"nM";"8.73";"";"355690";"UO_0000065";"19.52";"0.38";"6.23";"6.53";"1";"CHEMBL3887805";"Trypsin Inhibition Assay: Using a 96 well plate (#3915, Costar), a test compound (25 uL) was mixed with 20 uM fluorescence enzyme substrate (Boc-Phe-Ser-Arg-AMC, 50 uL) mixed with 200 mM Tris-HCl buffer (pH 8.0), and human trypsin (Sigma, 25 uL) was added. Using a fluorescence plate reader fmax (Molecular Devices, Inc.), the reaction rate was measured from the time-course changes at excitation wavelength 355 nm and fluorescence wavelength 460 nm.";"B";"BAO_0000357";"single protein format";"Homo sapiens";"None";"None";"None";"None";"";"";"";"CHEMBL209";"Serine protease 1";"Homo sapiens";"SINGLE PROTEIN";"CHEMBL3886456";"37";"BindingDB Patent Bioactivity Data";"";"2016";"None";"";"";"";"1.85"
"CHEMBL3892801";"";"None";"527.57";"1";"4.78";"BDBM199972";"CCC(CC)(Cc1ccc(C(=O)Oc2ccc(C(=N)N)cc2F)s1)C(=O)Nc1ccc(O)c(C(=O)O)c1";"Ki";"'='";"5.32";"nM";"8.27";"";"355700";"UO_0000065";"15.68";"0.31";"3.49";"5.08";"0";"CHEMBL3887805";"Trypsin Inhibition Assay: Using a 96 well plate (#3915, Costar), a test compound (25 uL) was mixed with 20 uM fluorescence enzyme substrate (Boc-Phe-Ser-Arg-AMC, 50 uL) mixed with 200 mM Tris-HCl buffer (pH 8.0), and human trypsin (Sigma, 25 uL) was added. Using a fluorescence plate reader fmax (Molecular Devices, Inc.), the reaction rate was measured from the time-course changes at excitation wavelength 355 nm and fluorescence wavelength 460 nm.";"B";"BAO_0000357";"single protein format";"Homo sapiens";"None";"None";"None";"None";"";"";"";"CHEMBL209";"Serine protease 1";"Homo sapiens";"SINGLE PROTEIN";"CHEMBL3886456";"37";"BindingDB Patent Bioactivity Data";"";"2016";"None";"";"";"";"5.32"
"CHEMBL3667884";"";"None";"449.50";"0";"2.94";"BDBM158078";"CC(C)(Cc1ccc(C(=O)Oc2ccc(C(=N)N)cc2F)s1)C(=O)NC(C)(C)C(=O)O";"Ki";"'='";"0.95";"nM";"9.02";"";"300439";"UO_0000065";"20.07";"0.40";"6.08";"6.33";"0";"CHEMBL3705369";"Inhibition Assay: Using a 96 well plate (#3915, Costar), a test compound (25 μL) was mixed with 20 μM fluorescence enzyme substrate (Boc-Phe-Ser-Arg-AMC, 50 μL) mixed with 200 mM Tris-HCl buffer (pH 8.0), and human trypsin (Sigma, 25 μL) was added. Using a fluorescence plate reader fmax (Molecular Devices, Inc.), the reaction rate was measured from the time-course changes at excitation wavelength 355 nm and fluorescence wavelength 460 nm.";"B";"BAO_0000357";"single protein format";"Homo sapiens";"None";"None";"None";"None";"";"";"";"CHEMBL209";"Serine protease 1";"Homo sapiens";"SINGLE PROTEIN";"CHEMBL3639122";"37";"BindingDB Patent Bioactivity Data";"";"2015";"None";"";"";"";"0.95"
"CHEMBL3667885";"";"None";"435.48";"0";"2.50";"BDBM158079";"CN(CC(=O)O)C(=O)C(C)(C)Cc1ccc(C(=O)Oc2ccc(C(=N)N)cc2F)s1";"Ki";"'='";"1.33";"nM";"8.88";"";"300440";"UO_0000065";"20.38";"0.40";"6.38";"6.63";"0";"CHEMBL3705369";"Inhibition Assay: Using a 96 well plate (#3915, Costar), a test compound (25 μL) was mixed with 20 μM fluorescence enzyme substrate (Boc-Phe-Ser-Arg-AMC, 50 μL) mixed with 200 mM Tris-HCl buffer (pH 8.0), and human trypsin (Sigma, 25 μL) was added. Using a fluorescence plate reader fmax (Molecular Devices, Inc.), the reaction rate was measured from the time-course changes at excitation wavelength 355 nm and fluorescence wavelength 460 nm.";"B";"BAO_0000357";"single protein format";"Homo sapiens";"None";"None";"None";"None";"";"";"";"CHEMBL209";"Serine protease 1";"Homo sapiens";"SINGLE PROTEIN";"CHEMBL3639122";"37";"BindingDB Patent Bioactivity Data";"";"2015";"None";"";"";"";"1.33"
"CHEMBL3667893";"";"None";"493.56";"0";"2.69";"BDBM158087";"CCC(CC)(Cc1ccc(C(=O)Oc2ccc(C(=N)N)cc2F)s1)C(=O)N[C@H](C(=O)O)C(C)O";"Ki";"'='";"1.74";"nM";"8.76";"";"300448";"UO_0000065";"17.75";"0.35";"6.07";"5.38";"0";"CHEMBL3705369";"Inhibition Assay: Using a 96 well plate (#3915, Costar), a test compound (25 μL) was mixed with 20 μM fluorescence enzyme substrate (Boc-Phe-Ser-Arg-AMC, 50 μL) mixed with 200 mM Tris-HCl buffer (pH 8.0), and human trypsin (Sigma, 25 μL) was added. Using a fluorescence plate reader fmax (Molecular Devices, Inc.), the reaction rate was measured from the time-course changes at excitation wavelength 355 nm and fluorescence wavelength 460 nm.";"B";"BAO_0000357";"single protein format";"Homo sapiens";"None";"None";"None";"None";"";"";"";"CHEMBL209";"Serine protease 1";"Homo sapiens";"SINGLE PROTEIN";"CHEMBL3639122";"37";"BindingDB Patent Bioactivity Data";"";"2015";"None";"";"";"";"1.74"
"CHEMBL3667895";"";"None";"489.57";"0";"3.81";"BDBM158094";"CCC(CC)(Cc1ccc(C(=O)Oc2ccc(C(=N)N)cc2F)s1)C(=O)N1CCC[C@H]1C(=O)O";"Ki";"'='";"3.57";"nM";"8.45";"";"300455";"UO_0000065";"17.25";"0.34";"4.64";"6.31";"0";"CHEMBL3705369";"Inhibition Assay: Using a 96 well plate (#3915, Costar), a test compound (25 μL) was mixed with 20 μM fluorescence enzyme substrate (Boc-Phe-Ser-Arg-AMC, 50 μL) mixed with 200 mM Tris-HCl buffer (pH 8.0), and human trypsin (Sigma, 25 μL) was added. Using a fluorescence plate reader fmax (Molecular Devices, Inc.), the reaction rate was measured from the time-course changes at excitation wavelength 355 nm and fluorescence wavelength 460 nm.";"B";"BAO_0000357";"single protein format";"Homo sapiens";"None";"None";"None";"None";"";"";"";"CHEMBL209";"Serine protease 1";"Homo sapiens";"SINGLE PROTEIN";"CHEMBL3639122";"37";"BindingDB Patent Bioactivity Data";"";"2015";"None";"";"";"";"3.57"
"CHEMBL3642888";"";"None";"302.29";"0";"1.80";"BDBM109615";"N=C(N)c1ccc(OC(=O)c2ccc(CCC(=O)O)o2)cc1";"Ki";"'='";"1.46";"nM";"8.84";"";"230110";"UO_0000065";"29.23";"0.55";"7.04";"6.98";"0";"CHEMBL3705715";"Inhibition Assay: Inhibition assay using human trysin.";"B";"BAO_0000357";"single protein format";"Homo sapiens";"None";"None";"None";"None";"";"";"";"CHEMBL209";"Serine protease 1";"Homo sapiens";"SINGLE PROTEIN";"CHEMBL3638962";"37";"BindingDB Patent Bioactivity Data";"";"2013";"None";"";"";"";"1.46"
"CHEMBL3642907";"";"None";"316.31";"0";"2.05";"BDBM109634";"C[C@H](Cc1ccc(C(=O)Oc2ccc(C(=N)N)cc2)o1)C(=O)O";"Ki";"'='";"0.89";"nM";"9.05";"";"230113";"UO_0000065";"28.61";"0.54";"7.00";"7.15";"0";"CHEMBL3705715";"Inhibition Assay: Inhibition assay using human trysin.";"B";"BAO_0000357";"single protein format";"Homo sapiens";"None";"None";"None";"None";"";"";"";"CHEMBL209";"Serine protease 1";"Homo sapiens";"SINGLE PROTEIN";"CHEMBL3638962";"37";"BindingDB Patent Bioactivity Data";"";"2013";"None";"";"";"";"0.89"
"CHEMBL3642927";"";"None";"431.40";"0";"1.01";"BDBM109654";"CC(Cc1cc(C(=O)Oc2ccc(C(=N)N)cc2)co1)C(=O)N[C@@H](CC(=O)O)C(=O)O";"Ki";"'='";"4.2";"nM";"8.38";"";"230133";"UO_0000065";"19.42";"0.37";"7.37";"4.34";"0";"CHEMBL3705715";"Inhibition Assay: Inhibition assay using human trysin.";"B";"BAO_0000357";"single protein format";"Homo sapiens";"None";"None";"None";"None";"";"";"";"CHEMBL209";"Serine protease 1";"Homo sapiens";"SINGLE PROTEIN";"CHEMBL3638962";"37";"BindingDB Patent Bioactivity Data";"";"2013";"None";"";"";"";"4.2"
"CHEMBL297536";"";"None";"593.53";"None";"None";"10";"CC(C)(C)OC(=O)Nc1cccc(-c2ccc(C(=O)N[C@@H](CCCN=C(N)N)B3O[C@@H]4CC5CC(C5(C)C)[C@]4(C)O3)o2)c1";"Ki";"'='";"25.0";"nM";"7.60";"";"";"UO_0000065";"12.81";"None";"None";"None";"0";"CHEMBL811780";"Inhibition of trypsin";"B";"BAO_0000357";"single protein format";"None";"None";"None";"None";"None";"";"";"";"CHEMBL209";"Serine protease 1";"Homo sapiens";"SINGLE PROTEIN";"CHEMBL1151536";"1";"Scientific Literature";"Bioorg Med Chem Lett";"1997";"None";"";"";"";"25.0"
"CHEMBL2370338";"";"None";"490.71";"0";"2.51";"2A(diostereomer)";"CC[C@H](C)[C@@H](N)C(=O)N[C@@H](Cc1ccccc1)C(=O)N(CCCCCCN)C1CSCCC1=O";"Ki";"'='";"1700000.0";"nM";"";"Outside typical range";"";"UO_0000065";"";"";"";"";"0";"CHEMBL816555";"Compound was evaluated for its binding affinity against trypsin";"B";"BAO_0000357";"single protein format";"None";"None";"None";"None";"None";"";"";"";"CHEMBL209";"Serine protease 1";"Homo sapiens";"SINGLE PROTEIN";"CHEMBL1132325";"1";"Scientific Literature";"J Med Chem";"1999";"None";"";"";"";"1700.0"
"CHEMBL162316";"";"None";"400.48";"0";"2.80";"18";"N=C(N)c1cccc(C(=O)N[C@@H](C(=O)NCCc2ccccc2)c2ccccc2)c1";"Ki";"'='";"3300.0";"nM";"5.48";"";"";"UO_0000065";"13.69";"0.25";"2.68";"5.07";"0";"CHEMBL818185";"Binding affinity against human trypsin";"B";"BAO_0000357";"single protein format";"None";"None";"None";"None";"None";"";"";"";"CHEMBL209";"Serine protease 1";"Homo sapiens";"SINGLE PROTEIN";"CHEMBL1134227";"1";"Scientific Literature";"Bioorg Med Chem Lett";"2001";"None";"";"";"";"3.3"
"CHEMBL54311";"";"None";"265.32";"0";"3.13";"2";"Cc1ccc(O)c(-c2cc3cc(C(=N)N)ccc3[nH]2)c1";"Ki";"'='";"8200.0";"nM";"5.09";"";"";"UO_0000065";"19.17";"0.35";"1.96";"5.92";"0";"CHEMBL874090";"Inhibitory activity against trypsin in human plasma";"B";"BAO_0000366";"cell-free format";"None";"CHEMBL3559721";"Plasma";"None";"None";"";"";"";"CHEMBL209";"Serine protease 1";"Homo sapiens";"SINGLE PROTEIN";"CHEMBL1134132";"1";"Scientific Literature";"Bioorg Med Chem Lett";"2001";"None";"";"";"";"8.2"
"CHEMBL51338";"";"None";"506.40";"2";"5.54";"11";"CC(C)(C(=O)O)c1cc(Br)c(O)c(-c2[nH]c3ccc(C(=N)N)cc3c2Cc2ccccc2)c1";"Ki";"'='";"1300.0";"nM";"5.89";"";"";"UO_0000065";"11.62";"0.24";"0.35";"4.78";"0";"CHEMBL874090";"Inhibitory activity against trypsin in human plasma";"B";"BAO_0000366";"cell-free format";"None";"CHEMBL3559721";"Plasma";"None";"None";"";"";"";"CHEMBL209";"Serine protease 1";"Homo sapiens";"SINGLE PROTEIN";"CHEMBL1134132";"1";"Scientific Literature";"Bioorg Med Chem Lett";"2001";"None";"";"";"";"1.3"
"CHEMBL50649";"";"None";"506.40";"2";"5.59";"13";"N=C(N)c1ccc2[nH]c(-c3cc(CCCC(=O)O)cc(Br)c3O)c(Cc3ccccc3)c2c1";"Ki";"'='";"610.0";"nM";"6.21";"";"";"UO_0000065";"12.27";"0.26";"0.62";"5.04";"0";"CHEMBL874090";"Inhibitory activity against trypsin in human plasma";"B";"BAO_0000366";"cell-free format";"None";"CHEMBL3559721";"Plasma";"None";"None";"";"";"";"CHEMBL209";"Serine protease 1";"Homo sapiens";"SINGLE PROTEIN";"CHEMBL1134132";"1";"Scientific Literature";"Bioorg Med Chem Lett";"2001";"None";"";"";"";"0.61"
"CHEMBL136100";"";"None";"449.50";"0";"1.67";"50";"N=C(N)c1ccc2cnn(CC(=O)Nc3ccc(-c4ccccc4S(N)(=O)=O)cn3)c2c1";"Ki";"'='";"41.0";"nM";"7.39";"";"";"UO_0000065";"16.43";"0.32";"5.72";"4.35";"0";"CHEMBL818182";"Binding affinity against human trypsin";"B";"BAO_0000357";"single protein format";"None";"None";"None";"None";"None";"";"";"";"CHEMBL209";"Serine protease 1";"Homo sapiens";"SINGLE PROTEIN";"CHEMBL1133520";"1";"Scientific Literature";"J Med Chem";"2000";"None";"";"";"";"41.0"
"CHEMBL158063";"";"None";"387.49";"0";"3.50";"28";"N=C(N)c1ccc(CCC(CC(=O)n2cccc2)c2cccc(C(=N)N)c2)cc1";"Ki";"'='";"440.0";"nM";"6.36";"";"";"UO_0000065";"16.40";"0.30";"2.86";"5.22";"0";"CHEMBL811612";"In vitro inhibition of trypsin";"B";"BAO_0000357";"single protein format";"None";"None";"None";"None";"None";"";"";"";"CHEMBL209";"Serine protease 1";"Homo sapiens";"SINGLE PROTEIN";"CHEMBL1131205";"1";"Scientific Literature";"J Med Chem";"1998";"None";"";"";"";"440.0"
"CHEMBL8018";"";"None";"585.62";"2";"1.17";"27";"CS(=O)(=O)NCC1(C(=O)Nc2ccc(-c3ccccc3S(N)(=O)=O)cn2)CC(c2ccc3onc(N)c3c2)=NO1";"Ki";"'>'";"5200.0";"nM";"";"";"";"UO_0000065";"";"";"";"";"0";"CHEMBL878974";"Inhibitory activity against trypsin using human purified enzyme";"B";"BAO_0000357";"single protein format";"None";"None";"None";"None";"None";"";"";"";"CHEMBL209";"Serine protease 1";"Homo sapiens";"SINGLE PROTEIN";"CHEMBL1145764";"1";"Scientific Literature";"Bioorg Med Chem Lett";"2003";"None";"";"";"";"5200.0"
"CHEMBL406295";"";"None";"683.69";"1";"2.22";"43";"CCS(=O)(=O)CC1(C(=O)Nc2ccc(-c3ccccc3S(N)(=O)=O)cc2)CC(c2cccc(C(=N)N)c2)=NO1.O=C(O)C(F)(F)F";"Ki";"'='";"72.0";"nM";"7.14";"";"";"UO_0000065";"12.54";"0.25";"4.92";"3.67";"0";"CHEMBL824706";"Binding affinity towards trypsin obtained from human purified enzymes";"B";"BAO_0000357";"single protein format";"None";"None";"None";"None";"None";"";"";"";"CHEMBL209";"Serine protease 1";"Homo sapiens";"SINGLE PROTEIN";"CHEMBL1132652";"1";"Scientific Literature";"J Med Chem";"1999";"None";"";"";"";"72.0"
"CHEMBL42495";"";"None";"412.36";"0";"3.51";"4";"N[C@@H](C(=O)N1CCC[C@H]1C(=O)NCc1cc(Cl)ccc1Cl)C1CCCCC1";"Ki";"'='";"29000.0";"nM";"4.54";"";"";"UO_0000065";"11.00";"0.23";"1.03";"6.02";"0";"CHEMBL819276";"Binding affinity was evaluated on serine protease trypsin.";"B";"BAO_0000357";"single protein format";"None";"None";"None";"None";"None";"";"";"";"CHEMBL209";"Serine protease 1";"Homo sapiens";"SINGLE PROTEIN";"CHEMBL1131061";"1";"Scientific Literature";"J Med Chem";"1998";"None";"";"";"";"29.0"
"CHEMBL151122";"";"None";"448.50";"0";"3.45";"7b";"Cc1cc(C(=O)Nc2ccc(-c3ccccc3S(N)(=O)=O)cc2)n(-c2cccc(O)c2)n1";"Ki";"'>'";"1500.0";"nM";"";"";"";"UO_0000065";"";"";"";"";"0";"CHEMBL817826";"Tested in vitro for inhibition of human trypsin";"B";"BAO_0000357";"single protein format";"None";"None";"None";"None";"None";"";"";"";"CHEMBL209";"Serine protease 1";"Homo sapiens";"SINGLE PROTEIN";"CHEMBL1145914";"1";"Scientific Literature";"J Med Chem";"2003";"None";"";"";"";"1500.0"
"CHEMBL276782";"";"None";"748.70";"1";"3.45";"25";"CC(C)OC(=O)[C@@H]1CN(Cc2ccc(-c3ccccc3S(N)(=O)=O)cc2)C[C@H]1c1cccc(C(=N)N)c1.O=C(O)C(F)(F)F.O=C(O)C(F)(F)F";"Ki";"'='";"98.0";"nM";"7.01";"";"";"UO_0000065";"13.46";"0.26";"3.56";"5.02";"0";"CHEMBL818183";"Binding affinity against trypsin in an enzyme inhibition assay.";"B";"BAO_0000357";"single protein format";"None";"None";"None";"None";"None";"";"";"";"CHEMBL209";"Serine protease 1";"Homo sapiens";"SINGLE PROTEIN";"CHEMBL1131683";"1";"Scientific Literature";"Bioorg Med Chem Lett";"1999";"None";"";"";"";"98.0"
"CHEMBL7626";"";"None";"579.06";"1";"1.68";"26 (+)";"CS(=O)(=O)NCC1(C(=O)Nc2ccc(-c3ccccc3S(N)(=O)=O)cn2)CC(c2ccc(Cl)c(N)c2)=NO1";"Ki";"'>'";"4200.0";"nM";"";"";"";"UO_0000065";"";"";"";"";"0";"CHEMBL878974";"Inhibitory activity against trypsin using human purified enzyme";"B";"BAO_0000357";"single protein format";"None";"None";"None";"None";"None";"";"";"";"CHEMBL209";"Serine protease 1";"Homo sapiens";"SINGLE PROTEIN";"CHEMBL1145764";"1";"Scientific Literature";"Bioorg Med Chem Lett";"2003";"None";"";"";"";"4200.0"
"CHEMBL159162";"";"None";"505.55";"1";"-0.03";"19";"COC(=O)OC[C@@H](NS(=O)(=O)Cc1ccccc1)C(=O)NCC(=O)NCc1ccc(C(=N)N)cc1";"Ki";"'='";"64.0";"nM";"7.19";"";"";"UO_0000065";"14.23";"0.28";"7.22";"3.79";"0";"CHEMBL811611";"In vitro inhibition of trypsin.";"B";"BAO_0000357";"single protein format";"None";"None";"None";"None";"None";"";"";"";"CHEMBL209";"Serine protease 1";"Homo sapiens";"SINGLE PROTEIN";"CHEMBL1135855";"1";"Scientific Literature";"Bioorg Med Chem Lett";"2002";"None";"";"";"";"0.064"
"CHEMBL158405";"";"None";"461.54";"1";"-0.43";"16";"C[C@H](NC(=O)[C@@H](CO)NS(=O)(=O)Cc1ccccc1)C(=O)NCc1ccc(C(=N)N)cc1";"Ki";"'='";"3.3";"nM";"8.48";"";"";"UO_0000065";"18.38";"0.36";"8.91";"4.86";"0";"CHEMBL811611";"In vitro inhibition of trypsin.";"B";"BAO_0000357";"single protein format";"None";"None";"None";"None";"None";"";"";"";"CHEMBL209";"Serine protease 1";"Homo sapiens";"SINGLE PROTEIN";"CHEMBL1135855";"1";"Scientific Literature";"Bioorg Med Chem Lett";"2002";"None";"";"";"";"0.0033"
"CHEMBL10545";"";"None";"445.52";"0";"2.11";"2g";"Cc1nc(N)ccc1CNC(=O)Cn1c(C)cc2c(c1=O)NC(=O)[C@H](Cc1ccccc1)C2";"Ki";"'='";"12700.0";"nM";"4.90";"";"";"UO_0000065";"10.99";"0.20";"2.79";"4.11";"0";"CHEMBL818021";"The compound was tested for its ability to inhibit trypsin.";"B";"BAO_0000357";"single protein format";"None";"None";"None";"None";"None";"";"";"";"CHEMBL209";"Serine protease 1";"Homo sapiens";"SINGLE PROTEIN";"CHEMBL1132875";"1";"Scientific Literature";"Bioorg Med Chem Lett";"2000";"None";"";"";"";"12700.0"
"CHEMBL151629";"";"None";"462.53";"0";"3.76";"6b";"COc1ccccc1-n1nc(C)cc1C(=O)Nc1ccc(-c2ccccc2S(N)(=O)=O)cc1";"Ki";"'>'";"1500.0";"nM";"";"";"";"UO_0000065";"";"";"";"";"0";"CHEMBL817826";"Tested in vitro for inhibition of human trypsin";"B";"BAO_0000357";"single protein format";"None";"None";"None";"None";"None";"";"";"";"CHEMBL209";"Serine protease 1";"Homo sapiens";"SINGLE PROTEIN";"CHEMBL1145914";"1";"Scientific Literature";"J Med Chem";"2003";"None";"";"";"";"1500.0"
"CHEMBL434659";"";"None";"574.60";"2";"5.85";"45c";"CC(C)NCc1ccccc1-n1nc(C(F)(F)F)cc1C(=O)Nc1ccc(-c2ccccc2S(C)(=O)=O)cc1F";"Ki";"'>'";"2500.0";"nM";"";"";"";"UO_0000065";"";"";"";"";"0";"CHEMBL817826";"Tested in vitro for inhibition of human trypsin";"B";"BAO_0000357";"single protein format";"None";"None";"None";"None";"None";"";"";"";"CHEMBL209";"Serine protease 1";"Homo sapiens";"SINGLE PROTEIN";"CHEMBL1145914";"1";"Scientific Literature";"J Med Chem";"2003";"None";"";"";"";"2500.0"
"CHEMBL39590";"";"None";"525.63";"1";"3.70";"6d";"COc1ccc2cc(S(=O)(=O)NN(Cc3ccc(C(=N)NO)cc3)C(=O)N3CCC(C)CC3)ccc2c1";"Ki";"'>'";"68000.0";"nM";"";"";"";"UO_0000065";"";"";"";"";"0";"CHEMBL815009";"In vitro inhibition of trypsin";"B";"BAO_0000357";"single protein format";"None";"None";"None";"None";"None";"";"";"";"CHEMBL209";"Serine protease 1";"Homo sapiens";"SINGLE PROTEIN";"CHEMBL1137966";"1";"Scientific Literature";"Bioorg Med Chem Lett";"2004";"None";"";"";"";"68.0"
"CHEMBL79655";"";"None";"691.83";"1";"3.71";"28";"N=C(N)Nc1ccc(CNC(=O)N2CCN(C(=O)O[C@H]3CCC[C@@H](OC(=O)N4CCN(C(=O)NCc5ccccc5)CC4)CCC3)CC2)cc1";"Ki";"'='";"182000.0";"nM";"";"Outside typical range";"";"UO_0000065";"";"";"";"";"1";"CHEMBL824722";"Inhibitory potency against trypsin";"B";"BAO_0000357";"single protein format";"None";"None";"None";"None";"None";"";"";"";"CHEMBL209";"Serine protease 1";"Homo sapiens";"SINGLE PROTEIN";"CHEMBL1132783";"1";"Scientific Literature";"Bioorg Med Chem Lett";"2000";"None";"";"";"";"182.0"
"CHEMBL275582";"";"None";"748.70";"1";"3.45";"28";"CCOC(=O)[C@]1(C)CN(Cc2ccc(-c3ccccc3S(N)(=O)=O)cc2)C[C@H]1c1cccc(C(=N)N)c1.O=C(O)C(F)(F)F.O=C(O)C(F)(F)F";"Ki";"'='";"750.0";"nM";"6.12";"";"";"UO_0000065";"11.76";"0.23";"2.67";"4.39";"0";"CHEMBL818183";"Binding affinity against trypsin in an enzyme inhibition assay.";"B";"BAO_0000357";"single protein format";"None";"None";"None";"None";"None";"";"";"";"CHEMBL209";"Serine protease 1";"Homo sapiens";"SINGLE PROTEIN";"CHEMBL1131683";"1";"Scientific Literature";"Bioorg Med Chem Lett";"1999";"None";"";"";"";"750.0"
"CHEMBL146872";"";"None";"221.30";"0";"2.49";"12 (table 3)";"CCCCCOC(=O)c1ccc(CN)cc1";"Ki";"'='";"699841996.0";"nM";"";"Outside typical range";"";"UO_0000065";"";"";"";"";"0";"CHEMBL858270";"Inhibition of trypsin";"B";"BAO_0000357";"single protein format";"None";"None";"None";"None";"None";"";"";"";"CHEMBL209";"Serine protease 1";"Homo sapiens";"SINGLE PROTEIN";"CHEMBL1132536";"1";"Scientific Literature";"J Med Chem";"1999";"None";"";"";"";"0.155"
"CHEMBL279267";"";"None";"722.62";"0";"2.56";"29";"COC(=O)[C@@H]1CN(Cc2ccc(-c3ccccc3S(N)(=O)=O)cc2)O[C@H]1c1cccc(C(=N)N)c1.O=C(O)C(F)(F)F.O=C(O)C(F)(F)F";"Ki";"'='";"69.0";"nM";"7.16";"";"";"UO_0000065";"14.48";"0.28";"4.60";"4.81";"0";"CHEMBL818183";"Binding affinity against trypsin in an enzyme inhibition assay.";"B";"BAO_0000357";"single protein format";"None";"None";"None";"None";"None";"";"";"";"CHEMBL209";"Serine protease 1";"Homo sapiens";"SINGLE PROTEIN";"CHEMBL1131683";"1";"Scientific Literature";"Bioorg Med Chem Lett";"1999";"None";"";"";"";"69.0"
"CHEMBL159833";"";"None";"497.64";"0";"3.99";"12";"N=C(N)c1cccc(C(=O)NC(C(=O)NCC2CCC(CN)CC2)c2ccc(-c3ccccc3)cc2)c1";"Ki";"'='";"1100.0";"nM";"5.96";"";"";"UO_0000065";"11.97";"0.22";"1.97";"4.44";"0";"CHEMBL818185";"Binding affinity against human trypsin";"B";"BAO_0000357";"single protein format";"None";"None";"None";"None";"None";"";"";"";"CHEMBL209";"Serine protease 1";"Homo sapiens";"SINGLE PROTEIN";"CHEMBL1134227";"1";"Scientific Literature";"Bioorg Med Chem Lett";"2001";"None";"";"";"";"1.1"
"CHEMBL3084829";"";"None";"609.77";"1";"2.69";"2b";"N[C@H]1CC[C@H](C(NC(=O)[C@@H]2CC[C@H]3CN(S(=O)(=O)Cc4ccccc4)CC(=O)N32)C(=O)c2nc3ccccc3s2)CC1";"Ki";"'='";"1400.0";"nM";"5.85";"";"";"UO_0000065";"9.60";"0.19";"3.16";"4.10";"0";"CHEMBL817804";"In vitro activity against human alpha trypsin was determined";"B";"BAO_0000357";"single protein format";"None";"None";"None";"None";"None";"";"";"";"CHEMBL209";"Serine protease 1";"Homo sapiens";"SINGLE PROTEIN";"CHEMBL1133798";"1";"Scientific Literature";"Bioorg Med Chem Lett";"2001";"None";"";"";"";"1400.0"
"CHEMBL94799";"";"None";"364.41";"0";"1.78";"5";"N=C(N)c1ccc(NC(=O)CC2CC(c3ccc(C(=N)N)cc3)=NO2)cc1";"Ki";"";"";"nM";"";"";"Not Determined";"UO_0000065";"";"";"";"";"0";"CHEMBL812717";"The compound was evaluated for inhibitory activity against Trypsin; Not tested";"B";"BAO_0000357";"single protein format";"None";"None";"None";"None";"None";"";"";"";"CHEMBL209";"Serine protease 1";"Homo sapiens";"SINGLE PROTEIN";"CHEMBL1129218";"1";"Scientific Literature";"Bioorg Med Chem Lett";"1997";"None";"";"";"";""
"CHEMBL37035";"";"None";"528.66";"1";"3.04";"9";"Cc1ccc(NC(=O)CC(c2ccccc2)c2ccccc2)c(=O)n1CC(=O)NCC1CCN(C(=N)N)CC1";"Ki";"'='";"890.0";"nM";"6.05";"";"";"UO_0000065";"11.45";"0.21";"3.01";"4.54";"0";"CHEMBL818184";"Binding affinity against human trypsin";"B";"BAO_0000357";"single protein format";"None";"None";"None";"None";"None";"";"";"";"CHEMBL209";"Serine protease 1";"Homo sapiens";"SINGLE PROTEIN";"CHEMBL1130452";"1";"Scientific Literature";"Bioorg Med Chem Lett";"1997";"None";"";"";"";"890.0"
"CHEMBL47920";"";"None";"489.99";"0";"2.35";"6";"Cc1nc(N)ccc1CNC(=O)Cn1c(C)ccc(NS(=O)(=O)Cc2ccc(Cl)cc2)c1=O";"Ki";"'='";"2600.0";"nM";"5.58";"";"";"UO_0000065";"11.40";"0.23";"3.24";"4.10";"0";"CHEMBL817281";"Compound was evaluated to inhibit the trypsin enzyme";"B";"BAO_0000357";"single protein format";"None";"None";"None";"None";"None";"";"";"";"CHEMBL209";"Serine protease 1";"Homo sapiens";"SINGLE PROTEIN";"CHEMBL1130870";"1";"Scientific Literature";"Bioorg Med Chem Lett";"1998";"None";"";"";"";"2600.0"
"CHEMBL351100";"";"None";"476.97";"0";"3.12";"18";"O=C1CN(S(=O)(=O)c2cc3ccc(Cl)cc3s2)CCN1Cc1cc2c(O)[nH]ccc-2n1";"Ki";"'>'";"2900.0";"nM";"";"";"";"UO_0000065";"";"";"";"";"0";"CHEMBL821459";"Binding affinity towards trypsin";"B";"BAO_0000357";"single protein format";"None";"None";"None";"None";"None";"";"";"";"CHEMBL209";"Serine protease 1";"Homo sapiens";"SINGLE PROTEIN";"CHEMBL1144944";"1";"Scientific Literature";"J Med Chem";"2003";"None";"";"";"";"2900.0"
"CHEMBL349134";"";"None";"435.57";"0";"2.19";"7";"N=C(N)c1cccc(C(=O)N[C@H](Cc2ccccc2)C(=O)NCC2CCC(CN)CC2)c1";"Ki";"'='";"17400.0";"nM";"4.76";"";"";"UO_0000065";"10.93";"0.20";"2.57";"3.55";"0";"CHEMBL818185";"Binding affinity against human trypsin";"B";"BAO_0000357";"single protein format";"None";"None";"None";"None";"None";"";"";"";"CHEMBL209";"Serine protease 1";"Homo sapiens";"SINGLE PROTEIN";"CHEMBL1134227";"1";"Scientific Literature";"Bioorg Med Chem Lett";"2001";"None";"";"";"";"17.4"
"CHEMBL2373559";"";"None";"536.49";"None";"None";"21";"CC1(C)[C@@H]2C[C@H]3OB([C@H](CCCCN)NC(=O)Cn4nc(CNC=O)nc4Cc4ccccc4)O[C@@]3(C)[C@H]1C2";"Ki";"'='";"6.6";"nM";"8.18";"";"";"UO_0000065";"15.25";"None";"None";"None";"0";"CHEMBL811614";"Inhibition of trypsin";"B";"BAO_0000357";"single protein format";"None";"None";"None";"None";"None";"";"";"";"CHEMBL209";"Serine protease 1";"Homo sapiens";"SINGLE PROTEIN";"CHEMBL1130774";"1";"Scientific Literature";"Bioorg Med Chem Lett";"1998";"None";"";"";"";"6.6"
"CHEMBL19453";"";"None";"469.52";"0";"1.26";"NC1";"COc1cccc(S(=O)(=O)Nc2cccn(CC(=O)NCc3ccc(C(=N)N)cc3)c2=O)c1";"Ki";"'='";"18.7";"nM";"7.73";"";"";"UO_0000065";"16.46";"0.32";"6.47";"4.94";"0";"CHEMBL817809";"In vitro inhibitory constant against trypsin";"B";"BAO_0000357";"single protein format";"Homo sapiens";"None";"None";"None";"None";"";"";"";"CHEMBL209";"Serine protease 1";"Homo sapiens";"SINGLE PROTEIN";"CHEMBL1136066";"1";"Scientific Literature";"Bioorg Med Chem Lett";"2002";"None";"";"";"";"18.7"
"CHEMBL1202472";"";"None";"404.95";"1";"2.11";"40";"Cl.N=C(N)c1ccc(NCCCCCNc2ccc(C(=N)N)cc2N)c(N)c1";"Ki";"'='";"4800.0";"nM";"5.32";"";"";"UO_0000065";"14.43";"0.27";"3.21";"3.02";"0";"CHEMBL815012";"Inhibition of trypsin by amidase assay.";"B";"BAO_0000357";"single protein format";"None";"None";"None";"None";"None";"";"";"";"CHEMBL209";"Serine protease 1";"Homo sapiens";"SINGLE PROTEIN";"CHEMBL1124749";"1";"Scientific Literature";"J Med Chem";"1990";"None";"";"";"";"4.8"
"CHEMBL7626";"";"None";"579.06";"1";"1.68";"26 (+)";"CS(=O)(=O)NCC1(C(=O)Nc2ccc(-c3ccccc3S(N)(=O)=O)cn2)CC(c2ccc(Cl)c(N)c2)=NO1";"Ki";"'>'";"8000.0";"nM";"";"";"";"UO_0000065";"";"";"";"";"0";"CHEMBL878974";"Inhibitory activity against trypsin using human purified enzyme";"B";"BAO_0000357";"single protein format";"None";"None";"None";"None";"None";"";"";"";"CHEMBL209";"Serine protease 1";"Homo sapiens";"SINGLE PROTEIN";"CHEMBL1145764";"1";"Scientific Literature";"Bioorg Med Chem Lett";"2003";"None";"";"";"";"8000.0"
"CHEMBL181265";"";"None";"313.40";"0";"3.38";"5";"CCOc1ccc(CNc2ccc(C(=N)N)cc2)cc1OCC";"Ki";"'='";"2000.0";"nM";"5.70";"";"";"UO_0000065";"18.18";"0.34";"2.32";"7.09";"0";"CHEMBL828075";"The value of binding constant measured against human trypsin";"B";"BAO_0000357";"single protein format";"Homo sapiens";"None";"None";"None";"None";"";"";"";"CHEMBL209";"Serine protease 1";"Homo sapiens";"SINGLE PROTEIN";"CHEMBL1144307";"1";"Scientific Literature";"Bioorg Med Chem Lett";"2005";"None";"";"";"";"2.0"
"CHEMBL351038";"";"None";"548.62";"1";"2.15";"1u";"N/C(=N\O)c1ccc(CC(=O)CN2C(=O)[C@@H](NS(=O)(=O)c3ccc4c(c3)CCO4)CCc3ccccc32)cc1";"Ki";"";"";"nM";"";"";"Not Active";"UO_0000065";"";"";"";"";"0";"CHEMBL817821";"Inhibitory constant against trypsin determined in Vitro; Inact. means Inactive";"B";"BAO_0000357";"single protein format";"None";"None";"None";"None";"None";"";"";"";"CHEMBL209";"Serine protease 1";"Homo sapiens";"SINGLE PROTEIN";"CHEMBL1135220";"1";"Scientific Literature";"Bioorg Med Chem Lett";"2002";"None";"";"";"";""
"CHEMBL44586";"";"None";"445.54";"0";"2.61";"7a";"COC(=O)[C@H](Cc1cccc(C(=N)N)c1)[C@@H](C)NC(=O)c1ccc(-c2cccc[n+]2C)cc1";"Ki";"'='";"36.0";"nM";"7.44";"";"";"UO_0000065";"16.71";"0.31";"4.83";"6.82";"0";"CHEMBL817811";"In vitro inhibitory potency against Trypsin";"B";"BAO_0000357";"single protein format";"Homo sapiens";"None";"None";"None";"None";"";"";"";"CHEMBL209";"Serine protease 1";"Homo sapiens";"SINGLE PROTEIN";"CHEMBL1135155";"1";"Scientific Literature";"Bioorg Med Chem Lett";"2002";"None";"";"";"";"36.0"
"CHEMBL256892";"";"None";"446.53";"0";"0.00";"10";"CC(=O)N1C[C@H](O)C[C@H]1C(=O)N[C@@H](CCCN=C(N)N)C(=O)c1nc2ccccc2s1";"Ki";"'='";"8.1";"nM";"8.09";"";"";"UO_0000065";"18.12";"0.36";"None";"4.93";"0";"CHEMBL824724";"Binding affinity against human alpha trypsin";"B";"BAO_0000357";"single protein format";"Homo sapiens";"None";"None";"None";"None";"";"";"";"CHEMBL209";"Serine protease 1";"Homo sapiens";"SINGLE PROTEIN";"CHEMBL1148408";"1";"Scientific Literature";"J Med Chem";"2004";"None";"";"";"";"8.1"
"CHEMBL158814";"";"None";"453.57";"1";"-0.44";"15";"N=C(N)c1ccc(CNC(=O)CNC(=O)[C@@H](CO)NS(=O)(=O)CC2CCCCC2)cc1";"Ki";"'='";"110.0";"nM";"6.96";"";"";"UO_0000065";"15.34";"0.31";"7.40";"3.99";"0";"CHEMBL811611";"In vitro inhibition of trypsin.";"B";"BAO_0000357";"single protein format";"None";"None";"None";"None";"None";"";"";"";"CHEMBL209";"Serine protease 1";"Homo sapiens";"SINGLE PROTEIN";"CHEMBL1135855";"1";"Scientific Literature";"Bioorg Med Chem Lett";"2002";"None";"";"";"";"0.11"
"CHEMBL350657";"";"None";"393.44";"1";"-0.41";"5";"CC(C)(C)OC(=O)N[C@@H](CO)C(=O)NCC(=O)NCc1ccc(C(=N)N)cc1";"Ki";"'='";"3400.0";"nM";"5.47";"";"";"UO_0000065";"13.90";"0.27";"5.88";"3.28";"0";"CHEMBL811611";"In vitro inhibition of trypsin.";"B";"BAO_0000357";"single protein format";"None";"None";"None";"None";"None";"";"";"";"CHEMBL209";"Serine protease 1";"Homo sapiens";"SINGLE PROTEIN";"CHEMBL1135855";"1";"Scientific Literature";"Bioorg Med Chem Lett";"2002";"None";"";"";"";"3.4"
"CHEMBL3667883";"";"None";"461.52";"0";"3.06";"BDBM158077";"C=CCN(CC(=O)O)C(=O)C(C)(C)Cc1ccc(C(=O)Oc2ccc(C(=N)N)cc2F)s1";"Ki";"'='";"0.5";"nM";"9.30";"";"300438";"UO_0000065";"20.15";"0.40";"6.24";"6.95";"0";"CHEMBL3705369";"Inhibition Assay: Using a 96 well plate (#3915, Costar), a test compound (25 μL) was mixed with 20 μM fluorescence enzyme substrate (Boc-Phe-Ser-Arg-AMC, 50 μL) mixed with 200 mM Tris-HCl buffer (pH 8.0), and human trypsin (Sigma, 25 μL) was added. Using a fluorescence plate reader fmax (Molecular Devices, Inc.), the reaction rate was measured from the time-course changes at excitation wavelength 355 nm and fluorescence wavelength 460 nm.";"B";"BAO_0000357";"single protein format";"Homo sapiens";"None";"None";"None";"None";"";"";"";"CHEMBL209";"Serine protease 1";"Homo sapiens";"SINGLE PROTEIN";"CHEMBL3639122";"37";"BindingDB Patent Bioactivity Data";"";"2015";"None";"";"";"";"0.5"
"CHEMBL46120";"";"None";"600.68";"2";"0.94";"15";"N=C(N)Nc1ccc(CNC(=O)CC(=O)NCc2ccc(CNC(=O)CC(=O)NCc3ccc(NC(=N)N)cc3)cc2)cc1";"Ki";"'='";"73000.0";"nM";"4.14";"";"";"UO_0000065";"6.89";"0.13";"3.20";"1.72";"0";"CHEMBL824722";"Inhibitory potency against trypsin";"B";"BAO_0000357";"single protein format";"None";"None";"None";"None";"None";"";"";"";"CHEMBL209";"Serine protease 1";"Homo sapiens";"SINGLE PROTEIN";"CHEMBL1132783";"1";"Scientific Literature";"Bioorg Med Chem Lett";"2000";"None";"";"";"";"73.0"
"CHEMBL347640";"";"None";"367.45";"0";"2.04";"30";"CONC(=O)CC(CCc1ccc(C(=N)N)cc1)c1cccc(C(=N)N)c1";"Ki";"";"";"nM";"";"";"Not Determined";"UO_0000065";"";"";"";"";"0";"CHEMBL811613";"In vitro inhibition of trypsin; Not tested";"B";"BAO_0000357";"single protein format";"None";"None";"None";"None";"None";"";"";"";"CHEMBL209";"Serine protease 1";"Homo sapiens";"SINGLE PROTEIN";"CHEMBL1131205";"1";"Scientific Literature";"J Med Chem";"1998";"None";"";"";"";""
"CHEMBL44050";"";"None";"472.55";"0";"2.89";"9e";"COC(=O)[C@H](Cc1cccc(C(=N)N)c1)[C@@H](C)NC(=O)c1ccc(-c2cccc(C(N)=O)c2)cc1";"Ki";"'='";"90.0";"nM";"7.05";"";"";"UO_0000065";"14.91";"0.27";"4.16";"4.75";"0";"CHEMBL817805";"In vitro inhibitory activity against human trypsin";"B";"BAO_0000357";"single protein format";"None";"None";"None";"None";"None";"";"";"";"CHEMBL209";"Serine protease 1";"Homo sapiens";"SINGLE PROTEIN";"CHEMBL1135154";"1";"Scientific Literature";"Bioorg Med Chem Lett";"2002";"None";"";"";"";"90.0"
"CHEMBL3084832";"";"None";"559.71";"1";"1.53";"2a";"N[C@H]1CC[C@H](C(NC(=O)[C@@H]2CC[C@H]3CN(S(=O)(=O)Cc4ccccc4)CC(=O)N32)C(=O)c2nccs2)CC1";"Ki";"'='";"8000.0";"nM";"5.10";"";"";"UO_0000065";"9.11";"0.18";"3.57";"3.57";"0";"CHEMBL817804";"In vitro activity against human alpha trypsin was determined";"B";"BAO_0000357";"single protein format";"None";"None";"None";"None";"None";"";"";"";"CHEMBL209";"Serine protease 1";"Homo sapiens";"SINGLE PROTEIN";"CHEMBL1133798";"1";"Scientific Literature";"Bioorg Med Chem Lett";"2001";"None";"";"";"";"8000.0"
"CHEMBL3330444";"";"None";"461.93";"0";"3.43";"BDBM50024354";"O=C(NC[C@@H]1OC(=O)N2c3ccc(N4CCCCC4=O)cc3OC[C@@H]12)c1ccc(Cl)s1";"Ki";"'>'";"20000.0";"nM";"";"";"560178";"UO_0000065";"";"";"";"";"0";"CHEMBL5731530";"Human Trypsin Assay: The inhibitory activity on human trypsin was determined by using buffer (50 mM Tris, pH 8.2, and 20 mM CaCl2). Appropriate wells in the Greiner 384 microtiter plate were used to determine IC50. A buffer containing 50 μL human trypsin (Sigma; T6424), the final concentration was 0.39 BAEE unit/mL, a buffer containing 2 μL 2% (V/V) DMSO (control group which was free of inhibition) or various concentration of the compound to be tested was diluted in the buffer containing 2% (V/V) DMSO. A buffer containing substrate S-2222 (Chromogenix), the final concentration was 30 μM. In this assay, the compound to be tested and the enzyme were pre-incubated for 10 minutes and then 48 μL substrate was added to give a final volume of 100 μL to start the assay.";"B";"BAO_0000357";"single protein format";"Homo sapiens";"None";"None";"None";"None";"";"";"";"CHEMBL209";"Serine protease 1";"Homo sapiens";"SINGLE PROTEIN";"CHEMBL5725816";"37";"BindingDB Patent Bioactivity Data";"";"2018";"None";"";"";"";"20000.0"
"CHEMBL3084835";"";"None";"602.67";"2";"-0.85";"2k";"N[C@H]1CC[C@H](C(NC(=O)[C@@H]2CC[C@H]3CN(S(=O)(=O)Cc4ccccc4)CC(=O)N32)C(=O)c2nnnn2CC(=O)O)CC1";"Ki";"'>'";"400.0";"nM";"";"";"";"UO_0000065";"";"";"";"";"0";"CHEMBL817804";"In vitro activity against human alpha trypsin was determined";"B";"BAO_0000357";"single protein format";"None";"None";"None";"None";"None";"";"";"";"CHEMBL209";"Serine protease 1";"Homo sapiens";"SINGLE PROTEIN";"CHEMBL1133798";"1";"Scientific Literature";"Bioorg Med Chem Lett";"2001";"None";"";"";"";"400.0"
"CHEMBL155632";"";"None";"409.49";"0";"1.65";"29";"COC(=O)CNC(=O)CC(CCc1ccc(C(=N)N)cc1)c1cccc(C(=N)N)c1";"Ki";"";"";"nM";"";"";"Not Determined";"UO_0000065";"";"";"";"";"0";"CHEMBL811613";"In vitro inhibition of trypsin; Not tested";"B";"BAO_0000357";"single protein format";"None";"None";"None";"None";"None";"";"";"";"CHEMBL209";"Serine protease 1";"Homo sapiens";"SINGLE PROTEIN";"CHEMBL1131205";"1";"Scientific Literature";"J Med Chem";"1998";"None";"";"";"";""
"CHEMBL351846";"";"None";"459.53";"0";"2.93";"28";"N=C(N)c1cccc(C(=O)N[C@@H](C(=O)N2CCN(c3ccc(F)cc3)CC2)c2ccccc2)c1";"Ki";"'='";"1260.0";"nM";"5.90";"";"";"UO_0000065";"12.84";"0.24";"2.97";"5.75";"0";"CHEMBL818185";"Binding affinity against human trypsin";"B";"BAO_0000357";"single protein format";"None";"None";"None";"None";"None";"";"";"";"CHEMBL209";"Serine protease 1";"Homo sapiens";"SINGLE PROTEIN";"CHEMBL1134227";"1";"Scientific Literature";"Bioorg Med Chem Lett";"2001";"None";"";"";"";"1.26"
"CHEMBL105171";"";"None";"170.22";"0";"2.12";"5";"N=C(N)c1ccc2ccccc2c1";"Ki";"'='";"7780.0";"nM";"5.11";"";"";"UO_0000065";"30.01";"0.54";"2.99";"10.24";"1";"CHEMBL819934";"Binding affinity against porcine trypsin was determined.";"B";"BAO_0000357";"single protein format";"Sus scrofa";"None";"None";"None";"None";"";"";"";"CHEMBL209";"Serine protease 1";"Homo sapiens";"SINGLE PROTEIN";"CHEMBL1148377";"1";"Scientific Literature";"J Med Chem";"2004";"None";"";"";"";"7.78"
"CHEMBL355730";"";"None";"416.49";"0";"2.40";"5b";"Cc1cnc(NCCc2ccccn2)c(=O)n1CC(=O)NCc1ccc2[nH]ccc2c1";"Ki";"'='";"290000.0";"nM";"";"Outside typical range";"";"UO_0000065";"";"";"";"";"0";"CHEMBL817814";"Inhibition of Trypsin";"B";"BAO_0000357";"single protein format";"Homo sapiens";"None";"None";"None";"None";"";"";"";"CHEMBL209";"Serine protease 1";"Homo sapiens";"SINGLE PROTEIN";"CHEMBL1136608";"1";"Scientific Literature";"Bioorg Med Chem Lett";"2003";"None";"";"";"";"290000.0"
"CHEMBL3084837";"";"None";"564.73";"1";"1.04";"2h";"CCSC(=O)C(=O)C(NC(=O)[C@@H]1CC[C@H]2CN(S(=O)(=O)Cc3ccccc3)CC(=O)N21)[C@H]1CC[C@H](N)CC1";"Ki";"'='";"150.0";"nM";"6.82";"";"";"UO_0000065";"12.08";"0.25";"5.78";"4.64";"0";"CHEMBL817804";"In vitro activity against human alpha trypsin was determined";"B";"BAO_0000357";"single protein format";"None";"None";"None";"None";"None";"";"";"";"CHEMBL209";"Serine protease 1";"Homo sapiens";"SINGLE PROTEIN";"CHEMBL1133798";"1";"Scientific Literature";"Bioorg Med Chem Lett";"2001";"None";"";"";"";"150.0"
"CHEMBL25527";"";"None";"494.64";"1";"5.44";"15d";"CCc1nc2cc(OC3CCN(C(C)=N)CC3)ccc2n1Cc1cccc(-c2cccc(C(=N)N)c2)c1";"Ki";"'='";"67.0";"nM";"7.17";"";"";"UO_0000065";"14.50";"0.26";"1.73";"6.90";"0";"CHEMBL817144";"Tested in vitro for the selectivity against trypsin (Trp)";"B";"BAO_0000357";"single protein format";"None";"None";"None";"None";"None";"";"";"";"CHEMBL209";"Serine protease 1";"Homo sapiens";"SINGLE PROTEIN";"CHEMBL1135304";"1";"Scientific Literature";"Bioorg Med Chem Lett";"2002";"None";"";"";"";"67.0"
"CHEMBL423266";"";"None";"464.40";"0";"2.50";"28";"N[C@H](Cc1ccc(Cl)c(Cl)c1)C(=O)N1CCC[C@H]1C(=O)NCC1CCc2n[nH]cc2C1";"Ki";"'>'";"68300.0";"nM";"";"";"";"UO_0000065";"";"";"";"";"0";"CHEMBL817808";"In vitro inhibitory activity against Trypsin";"B";"BAO_0000357";"single protein format";"None";"None";"None";"None";"None";"";"";"";"CHEMBL209";"Serine protease 1";"Homo sapiens";"SINGLE PROTEIN";"CHEMBL1136607";"1";"Scientific Literature";"Bioorg Med Chem Lett";"2003";"None";"";"";"";"68.3"
"CHEMBL7676";"";"None";"553.00";"1";"2.43";"7 (+/-)";"Nc1cc(C2=NOC(Cn3cncn3)(C(=O)Nc3ccc(-c4ccccc4S(N)(=O)=O)cn3)C2)ccc1Cl";"Ki";"'>'";"4200.0";"nM";"";"";"";"UO_0000065";"";"";"";"";"0";"CHEMBL878974";"Inhibitory activity against trypsin using human purified enzyme";"B";"BAO_0000357";"single protein format";"None";"None";"None";"None";"None";"";"";"";"CHEMBL209";"Serine protease 1";"Homo sapiens";"SINGLE PROTEIN";"CHEMBL1145764";"1";"Scientific Literature";"Bioorg Med Chem Lett";"2003";"None";"";"";"";"4200.0"
"CHEMBL2373348";"";"None";"570.55";"None";"None";"25";"CC1(C)[C@@H]2C[C@H]3OB([C@H](CCCCN)NC(=O)Cn4nc(-c5cccc(N)c5)nc4Cc4ccccc4)O[C@@]3(C)[C@H]1C2";"Ki";"'='";"4.2";"nM";"8.38";"";"";"UO_0000065";"14.68";"None";"None";"None";"0";"CHEMBL811614";"Inhibition of trypsin";"B";"BAO_0000357";"single protein format";"None";"None";"None";"None";"None";"";"";"";"CHEMBL209";"Serine protease 1";"Homo sapiens";"SINGLE PROTEIN";"CHEMBL1130774";"1";"Scientific Literature";"Bioorg Med Chem Lett";"1998";"None";"";"";"";"4.2"
"CHEMBL350632";"";"None";"469.55";"0";"2.43";"26";"N=C(N)c1cccc(C(=O)N[C@@H](C(=O)N2CCN(C(=O)c3ccccc3)CC2)c2ccccc2)c1";"Ki";"'='";"460.0";"nM";"6.34";"";"";"UO_0000065";"13.50";"0.25";"3.91";"5.30";"0";"CHEMBL818185";"Binding affinity against human trypsin";"B";"BAO_0000357";"single protein format";"None";"None";"None";"None";"None";"";"";"";"CHEMBL209";"Serine protease 1";"Homo sapiens";"SINGLE PROTEIN";"CHEMBL1134227";"1";"Scientific Literature";"Bioorg Med Chem Lett";"2001";"None";"";"";"";"0.46"
"CHEMBL436430";"";"None";"539.66";"1";"1.81";"1v";"N=C(N)N1CCC(CC(=O)CN2C(=O)[C@@H](NS(=O)(=O)c3ccc4c(c3)CCO4)CCc3ccccc32)CC1";"Ki";"";"";"nM";"";"";"Not Active";"UO_0000065";"";"";"";"";"0";"CHEMBL817821";"Inhibitory constant against trypsin determined in Vitro; Inact. means Inactive";"B";"BAO_0000357";"single protein format";"None";"None";"None";"None";"None";"";"";"";"CHEMBL209";"Serine protease 1";"Homo sapiens";"SINGLE PROTEIN";"CHEMBL1135220";"1";"Scientific Literature";"Bioorg Med Chem Lett";"2002";"None";"";"";"";""
"CHEMBL11157";"L-374087";"None";"455.54";"0";"1.70";"5";"Cc1nc(N)ccc1CNC(=O)Cn1c(C)ccc(NS(=O)(=O)Cc2ccccc2)c1=O";"Ki";"'='";"3200.0";"nM";"5.50";"";"";"UO_0000065";"12.06";"0.23";"3.79";"4.03";"1";"CHEMBL816554";"Binding affinity towards trypsin was evaluated";"B";"BAO_0000357";"single protein format";"None";"None";"None";"None";"None";"";"";"";"CHEMBL209";"Serine protease 1";"Homo sapiens";"SINGLE PROTEIN";"CHEMBL1130777";"1";"Scientific Literature";"Bioorg Med Chem Lett";"1998";"None";"";"";"";"3200.0"
"CHEMBL342109";"";"None";"464.86";"0";"2.22";"31";"COc1ccnc(CNC(=O)Cn2c(Cl)cnc(NCC(F)(F)c3ccccn3)c2=O)c1";"Ki";"'='";"665000.0";"nM";"";"Outside typical range";"";"UO_0000065";"";"";"";"";"0";"CHEMBL815470";"Inhibitory constant against human trypsin";"B";"BAO_0000357";"single protein format";"None";"None";"None";"None";"None";"";"";"";"CHEMBL209";"Serine protease 1";"Homo sapiens";"SINGLE PROTEIN";"CHEMBL1145961";"1";"Scientific Literature";"J Med Chem";"2003";"None";"";"";"";"665.0"
"CHEMBL431281";"";"None";"478.99";"0";"1.90";"1p";"N=C(N)c1ccc(N)c(CN2CC[C@H](NS(=O)(=O)c3cc4nc(Cl)ccc4s3)C2=O)c1";"Ki";"'='";"1800.0";"nM";"5.75";"";"";"UO_0000065";"11.99";"0.25";"3.84";"3.70";"0";"CHEMBL817137";"Binding affinity against trypsin";"B";"BAO_0000357";"single protein format";"None";"None";"None";"None";"None";"";"";"";"CHEMBL209";"Serine protease 1";"Homo sapiens";"SINGLE PROTEIN";"CHEMBL1131988";"1";"Scientific Literature";"Bioorg Med Chem Lett";"1999";"None";"";"";"";"1800.0"
"CHEMBL38491";"";"None";"495.61";"0";"3.69";"6i";"CC1CCN(C(=O)N(Cc2cccc(C(=N)NO)c2)NS(=O)(=O)c2ccc3ccccc3c2)CC1";"Ki";"'>'";"68000.0";"nM";"";"";"";"UO_0000065";"";"";"";"";"0";"CHEMBL815009";"In vitro inhibition of trypsin";"B";"BAO_0000357";"single protein format";"None";"None";"None";"None";"None";"";"";"";"CHEMBL209";"Serine protease 1";"Homo sapiens";"SINGLE PROTEIN";"CHEMBL1137966";"1";"Scientific Literature";"Bioorg Med Chem Lett";"2004";"None";"";"";"";"68.0"
"CHEMBL3217116";"";"None";"385.30";"0";"2.10";"9";"Cl.Cl.N=C(N)c1cccc(OCCCOc2cccc(C(=N)N)c2)c1";"Ki";"'='";"1100.0";"nM";"5.96";"";"";"UO_0000065";"19.08";"0.35";"3.86";"5.04";"0";"CHEMBL815012";"Inhibition of trypsin by amidase assay.";"B";"BAO_0000357";"single protein format";"None";"None";"None";"None";"None";"";"";"";"CHEMBL209";"Serine protease 1";"Homo sapiens";"SINGLE PROTEIN";"CHEMBL1124749";"1";"Scientific Literature";"J Med Chem";"1990";"None";"";"";"";"1.1"
"CHEMBL3642879";"";"None";"431.40";"0";"1.01";"BDBM109606";"CC(Cc1ccc(C(=O)Oc2ccc(C(=N)N)cc2)o1)C(=O)N[C@H](CC(=O)O)C(=O)O";"Ki";"'='";"0.75";"nM";"9.12";"";"230101";"UO_0000065";"21.15";"0.40";"8.11";"4.73";"0";"CHEMBL3705715";"Inhibition Assay: Inhibition assay using human trysin.";"B";"BAO_0000357";"single protein format";"Homo sapiens";"None";"None";"None";"None";"";"";"";"CHEMBL209";"Serine protease 1";"Homo sapiens";"SINGLE PROTEIN";"CHEMBL3638962";"37";"BindingDB Patent Bioactivity Data";"";"2013";"None";"";"";"";"0.75"
"CHEMBL3642885";"";"None";"344.37";"0";"2.83";"BDBM109612";"CCCC(Cc1ccc(C(=O)Oc2ccc(C(=N)N)cc2)o1)C(=O)O";"Ki";"'='";"1.65";"nM";"8.78";"";"230107";"UO_0000065";"25.50";"0.48";"5.95";"6.94";"0";"CHEMBL3705715";"Inhibition Assay: Inhibition assay using human trysin.";"B";"BAO_0000357";"single protein format";"Homo sapiens";"None";"None";"None";"None";"";"";"";"CHEMBL209";"Serine protease 1";"Homo sapiens";"SINGLE PROTEIN";"CHEMBL3638962";"37";"BindingDB Patent Bioactivity Data";"";"2013";"None";"";"";"";"1.65"
"CHEMBL3642945";"";"None";"493.51";"0";"2.39";"BDBM109672";"CCC[C@@H](Cc1ccc(C(=O)Oc2ccc(C(=N)N)cc2F)s1)C(=O)N[C@@H](CC(=O)O)C(=O)O";"Ki";"'='";"1.3";"nM";"8.89";"";"230166";"UO_0000065";"18.01";"0.36";"6.50";"4.94";"0";"CHEMBL3705715";"Inhibition Assay: Inhibition assay using human trysin.";"B";"BAO_0000357";"single protein format";"Homo sapiens";"None";"None";"None";"None";"";"";"";"CHEMBL209";"Serine protease 1";"Homo sapiens";"SINGLE PROTEIN";"CHEMBL3638962";"37";"BindingDB Patent Bioactivity Data";"";"2013";"None";"";"";"";"1.3"
"CHEMBL3642948";"";"None";"451.43";"0";"1.37";"BDBM109675";"N=C(N)c1ccc(OC(=O)c2ccc(CCC(=O)N[C@@H](CC(=O)O)C(=O)O)s2)c(F)c1";"Ki";"'='";"0.48";"nM";"9.32";"";"230169";"UO_0000065";"20.64";"0.41";"7.95";"5.18";"0";"CHEMBL3705715";"Inhibition Assay: Inhibition assay using human trysin.";"B";"BAO_0000357";"single protein format";"Homo sapiens";"None";"None";"None";"None";"";"";"";"CHEMBL209";"Serine protease 1";"Homo sapiens";"SINGLE PROTEIN";"CHEMBL3638962";"37";"BindingDB Patent Bioactivity Data";"";"2013";"None";"";"";"";"0.48"
"CHEMBL3642967";"";"None";"350.37";"0";"2.65";"BDBM109694";"CC(Cc1cc(C(=O)Oc2ccc(C(=N)N)cc2F)cs1)C(=O)O";"Ki";"'='";"1.6";"nM";"8.80";"";"230188";"UO_0000065";"25.10";"0.50";"6.15";"7.75";"0";"CHEMBL3705715";"Inhibition Assay: Inhibition assay using human trysin.";"B";"BAO_0000357";"single protein format";"Homo sapiens";"None";"None";"None";"None";"";"";"";"CHEMBL209";"Serine protease 1";"Homo sapiens";"SINGLE PROTEIN";"CHEMBL3638962";"37";"BindingDB Patent Bioactivity Data";"";"2013";"None";"";"";"";"1.6"
"CHEMBL3642971";"";"None";"447.47";"0";"1.47";"BDBM109698";"CC(Cc1csc(C(=O)Oc2ccc(C(=N)N)cc2)c1)C(=O)N[C@@H](CC(=O)O)C(=O)O";"Ki";"'='";"5.0";"nM";"8.30";"";"230192";"UO_0000065";"18.55";"0.37";"6.83";"4.62";"0";"CHEMBL3705715";"Inhibition Assay: Inhibition assay using human trysin.";"B";"BAO_0000357";"single protein format";"Homo sapiens";"None";"None";"None";"None";"";"";"";"CHEMBL209";"Serine protease 1";"Homo sapiens";"SINGLE PROTEIN";"CHEMBL3638962";"37";"BindingDB Patent Bioactivity Data";"";"2013";"None";"";"";"";"5.0"
"CHEMBL1204152";"";"None";"390.92";"1";"1.72";"39";"Cl.N=C(N)c1ccc(NCCCCNc2ccc(C(=N)N)cc2N)c(N)c1";"Ki";"'='";"11100.0";"nM";"4.96";"";"";"UO_0000065";"13.98";"0.26";"3.23";"2.82";"0";"CHEMBL815012";"Inhibition of trypsin by amidase assay.";"B";"BAO_0000357";"single protein format";"None";"None";"None";"None";"None";"";"";"";"CHEMBL209";"Serine protease 1";"Homo sapiens";"SINGLE PROTEIN";"CHEMBL1124749";"1";"Scientific Literature";"J Med Chem";"1990";"None";"";"";"";"11.1"
"CHEMBL422387";"";"None";"415.50";"0";"3.00";"5a";"Cc1cnc(NCCc2ccccc2)c(=O)n1CC(=O)NCc1ccc2[nH]ccc2c1";"Ki";"'>'";"100000.0";"nM";"";"";"";"UO_0000065";"";"";"";"";"0";"CHEMBL817814";"Inhibition of Trypsin";"B";"BAO_0000357";"single protein format";"Homo sapiens";"None";"None";"None";"None";"";"";"";"CHEMBL209";"Serine protease 1";"Homo sapiens";"SINGLE PROTEIN";"CHEMBL1136608";"1";"Scientific Literature";"Bioorg Med Chem Lett";"2003";"None";"";"";"";"100000.0"
"CHEMBL8356";"";"None";"572.05";"1";"2.45";"9 (+/-)";"CCNC(=O)NCC1(C(=O)Nc2ccc(-c3ccccc3S(N)(=O)=O)cn2)CC(c2ccc(Cl)c(N)c2)=NO1";"Ki";"'>'";"4200.0";"nM";"";"";"";"UO_0000065";"";"";"";"";"0";"CHEMBL878974";"Inhibitory activity against trypsin using human purified enzyme";"B";"BAO_0000357";"single protein format";"None";"None";"None";"None";"None";"";"";"";"CHEMBL209";"Serine protease 1";"Homo sapiens";"SINGLE PROTEIN";"CHEMBL1145764";"1";"Scientific Literature";"Bioorg Med Chem Lett";"2003";"None";"";"";"";"4200.0"
"CHEMBL96917";"";"None";"236.28";"0";"2.51";"6a";"N=C(N)c1ccc2[nH]c(-c3ccccc3)nc2c1";"Ki";"'='";"55000.0";"nM";"4.26";"";"";"UO_0000065";"18.03";"0.32";"1.75";"5.42";"0";"CHEMBL817959";"Compound was tested against Human Serine Protease Trypsin";"B";"BAO_0000357";"single protein format";"None";"None";"None";"None";"None";"";"";"";"CHEMBL209";"Serine protease 1";"Homo sapiens";"SINGLE PROTEIN";"CHEMBL1134564";"1";"Scientific Literature";"J Med Chem";"2001";"None";"";"";"";"55.0"
"CHEMBL327789";"";"None";"297.27";"0";"2.13";"6h";"N=C(N)c1ccc2[nH]c(-c3cccc([N+](=O)[O-])c3O)nc2c1";"Ki";"'='";"8500.0";"nM";"5.07";"";"";"UO_0000065";"17.06";"0.31";"2.94";"3.57";"0";"CHEMBL816557";"Inhibition of Human Serine Protease Trypsin.";"B";"BAO_0000357";"single protein format";"None";"None";"None";"None";"None";"";"";"";"CHEMBL209";"Serine protease 1";"Homo sapiens";"SINGLE PROTEIN";"CHEMBL1134564";"1";"Scientific Literature";"J Med Chem";"2001";"None";"";"";"";"8.5"
"CHEMBL606956";"";"None";"619.58";"None";"None";"14";"CC(=O)N[C@H](Cc1ccccc1)C(=O)N1CCC[C@H]1C(=O)N[C@@H](CCCn1ncnc1N)B1O[C@@H]2CC3CC(C3(C)C)[C@]2(C)O1";"Ki";"'>'";"1200.0";"nM";"";"";"";"UO_0000065";"";"";"";"";"0";"CHEMBL812715";"Tested for selectivity against trypsin";"B";"BAO_0000357";"single protein format";"None";"None";"None";"None";"None";"";"";"";"CHEMBL209";"Serine protease 1";"Homo sapiens";"SINGLE PROTEIN";"CHEMBL1129866";"1";"Scientific Literature";"Bioorg Med Chem Lett";"1997";"None";"";"";"";"1200.0"
"CHEMBL159375";"";"None";"442.52";"0";"2.19";"29";"N=C(N)c1cccc(C(=O)N[C@@H](C(=O)N2CCN(c3ccncc3)CC2)c2ccccc2)c1";"Ki";"'='";"560.0";"nM";"6.25";"";"";"UO_0000065";"14.13";"0.26";"4.06";"5.42";"0";"CHEMBL818185";"Binding affinity against human trypsin";"B";"BAO_0000357";"single protein format";"None";"None";"None";"None";"None";"";"";"";"CHEMBL209";"Serine protease 1";"Homo sapiens";"SINGLE PROTEIN";"CHEMBL1134227";"1";"Scientific Literature";"Bioorg Med Chem Lett";"2001";"None";"";"";"";"0.56"
"CHEMBL327213";"";"None";"651.58";"1";"1.14";"35(SF324) (-)";"COC(=O)CC1(C(=O)Nc2ncc(-c3ccccc3S(N)(=O)=O)cn2)CC(c2cccc(C(=N)N)c2)=NO1.O=C(O)C(F)(F)F";"Ki";"'='";"170.0";"nM";"6.77";"";"";"UO_0000065";"12.59";"0.24";"5.63";"3.18";"0";"CHEMBL824708";"The binding affinity was measured towards human purified trypsin";"B";"BAO_0000357";"single protein format";"None";"None";"None";"None";"None";"";"";"";"CHEMBL209";"Serine protease 1";"Homo sapiens";"SINGLE PROTEIN";"CHEMBL1132311";"1";"Scientific Literature";"J Med Chem";"1999";"None";"";"";"";"170.0"
"CHEMBL123033";"";"None";"436.41";"0";"2.01";"11";"Nc1noc2ccc(-n3nnnc3C(=O)Nc3ccc(C(=O)N4CCCC4)cc3F)cc12";"Ki";"'>'";"1600.0";"nM";"";"";"";"UO_0000065";"";"";"";"";"0";"CHEMBL817820";"Inhibitory constant against trypsin using human purified enzymes";"B";"BAO_0000357";"single protein format";"Homo sapiens";"None";"None";"None";"None";"";"";"";"CHEMBL209";"Serine protease 1";"Homo sapiens";"SINGLE PROTEIN";"CHEMBL1136511";"1";"Scientific Literature";"Bioorg Med Chem Lett";"2003";"None";"";"";"";"1600.0"
"CHEMBL108202";"";"None";"491.03";"0";"2.51";"14c";"N[C@@H](C(=O)N1CCC[C@H]1C(=O)NCc1cc(Cl)ccc1OCC(=O)NC1CC1)C1CCCCC1";"Ki";"'='";"18000.0";"nM";"4.75";"";"";"UO_0000065";"9.66";"0.19";"2.23";"4.17";"0";"CHEMBL819276";"Binding affinity was evaluated on serine protease trypsin.";"B";"BAO_0000357";"single protein format";"None";"None";"None";"None";"None";"";"";"";"CHEMBL209";"Serine protease 1";"Homo sapiens";"SINGLE PROTEIN";"CHEMBL1131061";"1";"Scientific Literature";"J Med Chem";"1998";"None";"";"";"";"18.0"
"CHEMBL79655";"";"None";"691.83";"1";"3.71";"9";"N=C(N)Nc1ccc(CNC(=O)N2CCN(C(=O)O[C@H]3CCC[C@@H](OC(=O)N4CCN(C(=O)NCc5ccccc5)CC4)CCC3)CC2)cc1";"Ki";"'='";"182000.0";"nM";"";"Outside typical range";"";"UO_0000065";"";"";"";"";"0";"CHEMBL824723";"Compound was evaluated for its inhibitory potency against trypsin";"B";"BAO_0000357";"single protein format";"None";"None";"None";"None";"None";"";"";"";"CHEMBL209";"Serine protease 1";"Homo sapiens";"SINGLE PROTEIN";"CHEMBL1132784";"1";"Scientific Literature";"Bioorg Med Chem Lett";"2000";"None";"";"";"";"182.0"
"CHEMBL20698";"";"None";"538.67";"2";"0.76";"10";"CSCC[C@@H](N)C(=O)N[C@H](Cc1ccccc1)C(=O)N[C@H](CC(C)C)C(=O)N[C@H](CCC(=O)O)C(=O)O";"Ki";"";"";"nM";"";"";"Not Active";"UO_0000065";"";"";"";"";"0";"CHEMBL821462";"Competitive inhibition constant against trypsin using the reporter substrate Ac-R-pNa; No inhibition";"B";"BAO_0000357";"single protein format";"None";"None";"None";"None";"None";"";"";"";"CHEMBL209";"Serine protease 1";"Homo sapiens";"SINGLE PROTEIN";"CHEMBL1132903";"1";"Scientific Literature";"Bioorg Med Chem Lett";"2000";"None";"";"";"";""
"CHEMBL97842";"";"None";"364.41";"0";"1.78";"8";"N=C(N)c1ccc(NC(=O)CC2CC(c3cccc(C(=N)N)c3)=NO2)cc1";"Ki";"";"";"nM";"";"";"Not Determined";"UO_0000065";"";"";"";"";"0";"CHEMBL812717";"The compound was evaluated for inhibitory activity against Trypsin; Not tested";"B";"BAO_0000357";"single protein format";"None";"None";"None";"None";"None";"";"";"";"CHEMBL209";"Serine protease 1";"Homo sapiens";"SINGLE PROTEIN";"CHEMBL1129218";"1";"Scientific Literature";"Bioorg Med Chem Lett";"1997";"None";"";"";"";""
"CHEMBL327213";"";"None";"651.58";"1";"1.14";"34(+)";"COC(=O)CC1(C(=O)Nc2ncc(-c3ccccc3S(N)(=O)=O)cn2)CC(c2cccc(C(=N)N)c2)=NO1.O=C(O)C(F)(F)F";"Ki";"'='";"710.0";"nM";"6.15";"";"";"UO_0000065";"11.44";"0.22";"5.01";"2.89";"0";"CHEMBL824708";"The binding affinity was measured towards human purified trypsin";"B";"BAO_0000357";"single protein format";"None";"None";"None";"None";"None";"";"";"";"CHEMBL209";"Serine protease 1";"Homo sapiens";"SINGLE PROTEIN";"CHEMBL1132311";"1";"Scientific Literature";"J Med Chem";"1999";"None";"";"";"";"710.0"
"CHEMBL327405";"";"None";"623.57";"1";"1.22";"58";"COCC1(C(=O)Nc2ncc(-c3ccccc3S(N)(=O)=O)cn2)CC(c2cccc(C(=N)N)c2)=NO1.O=C(O)C(F)(F)F";"Ki";"'='";"390.0";"nM";"6.41";"";"";"UO_0000065";"12.58";"0.24";"5.19";"3.27";"0";"CHEMBL824706";"Binding affinity towards trypsin obtained from human purified enzymes";"B";"BAO_0000357";"single protein format";"None";"None";"None";"None";"None";"";"";"";"CHEMBL209";"Serine protease 1";"Homo sapiens";"SINGLE PROTEIN";"CHEMBL1132652";"1";"Scientific Literature";"J Med Chem";"1999";"None";"";"";"";"390.0"
"CHEMBL607013";"";"None";"629.61";"None";"None";"4";"CC(=O)N[C@H](Cc1ccccc1)C(=O)N1CCC[C@H]1C(=O)N[C@@H](CCCNc1ccccn1)B1O[C@@H]2CC3CC(C3(C)C)[C@]2(C)O1";"Ki";"'>'";"1200.0";"nM";"";"";"";"UO_0000065";"";"";"";"";"0";"CHEMBL812715";"Tested for selectivity against trypsin";"B";"BAO_0000357";"single protein format";"None";"None";"None";"None";"None";"";"";"";"CHEMBL209";"Serine protease 1";"Homo sapiens";"SINGLE PROTEIN";"CHEMBL1129866";"1";"Scientific Literature";"Bioorg Med Chem Lett";"1997";"None";"";"";"";"1200.0"
"CHEMBL327404";"";"None";"650.59";"1";"1.75";"63";"COC(=O)CC1(C(=O)Nc2ccc(-c3ccccc3S(N)(=O)=O)cn2)CC(c2cccc(C(=N)N)c2)=NO1.O=C(O)C(F)(F)F";"Ki";"'='";"52.0";"nM";"7.28";"";"";"UO_0000065";"13.58";"0.26";"5.53";"3.64";"0";"CHEMBL824706";"Binding affinity towards trypsin obtained from human purified enzymes";"B";"BAO_0000357";"single protein format";"None";"None";"None";"None";"None";"";"";"";"CHEMBL209";"Serine protease 1";"Homo sapiens";"SINGLE PROTEIN";"CHEMBL1132652";"1";"Scientific Literature";"J Med Chem";"1999";"None";"";"";"";"52.0"
"CHEMBL159418";"";"None";"545.59";"1";"1.47";"72";"N=C(N)c1cccc(C2=NOC(Cn3cnnn3)(C(=O)Nc3ccc(-c4ccccc4S(N)(=O)=O)cc3)C2)c1";"Ki";"'='";"45.0";"nM";"7.35";"";"";"UO_0000065";"13.47";"0.26";"5.88";"3.60";"0";"CHEMBL824706";"Binding affinity towards trypsin obtained from human purified enzymes";"B";"BAO_0000357";"single protein format";"None";"None";"None";"None";"None";"";"";"";"CHEMBL209";"Serine protease 1";"Homo sapiens";"SINGLE PROTEIN";"CHEMBL1132652";"1";"Scientific Literature";"J Med Chem";"1999";"None";"";"";"";"45.0"
"CHEMBL290376";"";"None";"460.34";"None";"None";"1";"CC(=O)N[C@H](Cc1ccccc1)C(=O)N1CCC[C@H]1C(=O)N[C@@H](CCCN=C(N)N)B(O)O";"Ki";"'='";"0.045";"nM";"10.35";"";"";"UO_0000065";"22.48";"None";"None";"None";"0";"CHEMBL811782";"Compound was tested in vitro for inhibition of trypsin";"B";"BAO_0000357";"single protein format";"None";"None";"None";"None";"None";"";"";"";"CHEMBL209";"Serine protease 1";"Homo sapiens";"SINGLE PROTEIN";"CHEMBL1149934";"1";"Scientific Literature";"Bioorg Med Chem Lett";"1996";"None";"";"";"";"0.045"
"CHEMBL91796";"";"None";"570.52";"0";"3.70";"16";"COC(=O)CC1(C(=O)Nc2ccc(-c3ccccc3)cc2)CC(c2cccc(C(=N)N)c2)=NO1.O=C(O)C(F)(F)F";"Ki";"'='";"470.0";"nM";"6.33";"";"";"UO_0000065";"13.86";"0.25";"2.63";"4.99";"0";"CHEMBL824708";"The binding affinity was measured towards human purified trypsin";"B";"BAO_0000357";"single protein format";"None";"None";"None";"None";"None";"";"";"";"CHEMBL209";"Serine protease 1";"Homo sapiens";"SINGLE PROTEIN";"CHEMBL1132311";"1";"Scientific Literature";"J Med Chem";"1999";"None";"";"";"";"470.0"
"CHEMBL333238";"";"None";"548.61";"0";"3.23";"16 (diastereomer 1)";"NC1CCC(CNC(=O)[C@@H]2CCCN2C(=O)CC(c2ccccc2)c2cccnc2)CC1.O=C(O)C(F)(F)F";"Ki";"'='";"2800.0";"nM";"5.55";"";"";"UO_0000065";"12.78";"0.24";"2.32";"6.29";"0";"CHEMBL817812";"In vitro inhibition of human trypsin.";"B";"BAO_0000357";"single protein format";"None";"None";"None";"None";"None";"";"";"";"CHEMBL209";"Serine protease 1";"Homo sapiens";"SINGLE PROTEIN";"CHEMBL1130225";"1";"Scientific Literature";"J Med Chem";"1997";"None";"";"";"";"2800.0"
"CHEMBL2373397";"";"None";"571.55";"None";"None";"19";"CC1(C)[C@@H]2C[C@H]3OB([C@H](CCCCN)NC(=O)Cn4nc(CS(C)(=O)=O)nc4Cc4ccccc4)O[C@@]3(C)[C@H]1C2";"Ki";"'='";"2.1";"nM";"8.68";"";"";"UO_0000065";"15.18";"None";"None";"None";"0";"CHEMBL811614";"Inhibition of trypsin";"B";"BAO_0000357";"single protein format";"None";"None";"None";"None";"None";"";"";"";"CHEMBL209";"Serine protease 1";"Homo sapiens";"SINGLE PROTEIN";"CHEMBL1130774";"1";"Scientific Literature";"Bioorg Med Chem Lett";"1998";"None";"";"";"";"2.1"
"CHEMBL3084827";"";"None";"533.65";"1";"-0.49";"2d";"CNC(=O)C(=O)C(NC(=O)[C@@H]1CC[C@H]2CN(S(=O)(=O)Cc3ccccc3)CC(=O)N21)[C@H]1CC[C@H](N)CC1";"Ki";"'='";"2400.0";"nM";"5.62";"";"";"UO_0000065";"10.53";"0.21";"6.11";"3.53";"0";"CHEMBL817804";"In vitro activity against human alpha trypsin was determined";"B";"BAO_0000357";"single protein format";"None";"None";"None";"None";"None";"";"";"";"CHEMBL209";"Serine protease 1";"Homo sapiens";"SINGLE PROTEIN";"CHEMBL1133798";"1";"Scientific Literature";"Bioorg Med Chem Lett";"2001";"None";"";"";"";"2400.0"
"CHEMBL290025";"";"None";"542.73";"1";"3.41";"33";"CC1CNc2c(cccc2S(=O)(=O)N[C@@H](Cc2nc3ccccc3s2)C(=O)N2CCC(CCO)CC2)C1";"Ki";"'='";"126000.0";"nM";"";"Outside typical range";"";"UO_0000065";"";"";"";"";"0";"CHEMBL817139";"Compound was evaluated for its inhibitory activity against Trypsin";"B";"BAO_0000357";"single protein format";"None";"None";"None";"None";"None";"";"";"";"CHEMBL209";"Serine protease 1";"Homo sapiens";"SINGLE PROTEIN";"CHEMBL1133232";"1";"Scientific Literature";"Bioorg Med Chem Lett";"2000";"None";"";"";"";"126.0"
"CHEMBL317917";"";"None";"456.62";"0";"4.91";"53";"CCCOc1c(-c2csc(-c3cc(C(=N)N)sc3SC)n2)cnn1-c1ccccn1";"Ki";"'='";"180.0";"nM";"6.75";"";"";"UO_0000065";"14.77";"0.31";"1.83";"6.57";"0";"CHEMBL815007";"In vitro binding affinity towards trypsin was determined";"B";"BAO_0000357";"single protein format";"None";"None";"None";"None";"None";"";"";"";"CHEMBL209";"Serine protease 1";"Homo sapiens";"SINGLE PROTEIN";"CHEMBL1149210";"1";"Scientific Literature";"Bioorg Med Chem Lett";"2004";"None";"";"";"";"0.18"
"CHEMBL351329";"";"None";"395.51";"0";"3.34";"23";"COC(=O)CC(CCCCc1ccc(NC(=N)N)cc1)c1cccc(C(=N)N)c1";"Ki";"'='";"760.0";"nM";"6.12";"";"";"UO_0000065";"15.47";"0.29";"2.78";"4.43";"0";"CHEMBL811612";"In vitro inhibition of trypsin";"B";"BAO_0000357";"single protein format";"None";"None";"None";"None";"None";"";"";"";"CHEMBL209";"Serine protease 1";"Homo sapiens";"SINGLE PROTEIN";"CHEMBL1131205";"1";"Scientific Literature";"J Med Chem";"1998";"None";"";"";"";"760.0"
"CHEMBL95097";"";"None";"345.20";"0";"3.29";"6r";"Cc1cc(Br)c(O)c(-c2nc3cc(C(=N)N)ccc3[nH]2)c1";"Ki";"'='";"3300.0";"nM";"5.48";"";"";"UO_0000065";"15.88";"0.36";"2.19";"5.55";"0";"CHEMBL816557";"Inhibition of Human Serine Protease Trypsin.";"B";"BAO_0000357";"single protein format";"None";"None";"None";"None";"None";"";"";"";"CHEMBL209";"Serine protease 1";"Homo sapiens";"SINGLE PROTEIN";"CHEMBL1134564";"1";"Scientific Literature";"J Med Chem";"2001";"None";"";"";"";"3.3"
"CHEMBL269065";"";"None";"641.13";"1";"3.11";"16 (+/-)";"Nc1cc(C2=NOC(CNS(=O)(=O)c3ccccc3)(C(=O)Nc3ccc(-c4ccccc4S(N)(=O)=O)cn3)C2)ccc1Cl";"Ki";"'>'";"8000.0";"nM";"";"";"";"UO_0000065";"";"";"";"";"0";"CHEMBL878974";"Inhibitory activity against trypsin using human purified enzyme";"B";"BAO_0000357";"single protein format";"None";"None";"None";"None";"None";"";"";"";"CHEMBL209";"Serine protease 1";"Homo sapiens";"SINGLE PROTEIN";"CHEMBL1145764";"1";"Scientific Literature";"Bioorg Med Chem Lett";"2003";"None";"";"";"";"8000.0"
"CHEMBL268329";"";"None";"655.16";"1";"3.25";"19 (+/-)";"Nc1cc(C2=NOC(CNS(=O)(=O)Cc3ccccc3)(C(=O)Nc3ccc(-c4ccccc4S(N)(=O)=O)cn3)C2)ccc1Cl";"Ki";"'>'";"4200.0";"nM";"";"";"";"UO_0000065";"";"";"";"";"0";"CHEMBL878974";"Inhibitory activity against trypsin using human purified enzyme";"B";"BAO_0000357";"single protein format";"None";"None";"None";"None";"None";"";"";"";"CHEMBL209";"Serine protease 1";"Homo sapiens";"SINGLE PROTEIN";"CHEMBL1145764";"1";"Scientific Literature";"Bioorg Med Chem Lett";"2003";"None";"";"";"";"4200.0"
"CHEMBL341979";"";"None";"449.54";"0";"2.82";"43 (+)";"N=C(N)c1ccc2c(c1)C(CC(=O)Nc1ccc(-c3ccccc3S(N)(=O)=O)cc1)CN2";"Ki";"'='";"140.0";"nM";"6.85";"";"";"UO_0000065";"15.25";"0.29";"4.03";"4.53";"0";"CHEMBL818182";"Binding affinity against human trypsin";"B";"BAO_0000357";"single protein format";"None";"None";"None";"None";"None";"";"";"";"CHEMBL209";"Serine protease 1";"Homo sapiens";"SINGLE PROTEIN";"CHEMBL1133520";"1";"Scientific Literature";"J Med Chem";"2000";"None";"";"";"";"140.0"
"CHEMBL141259";"";"None";"369.43";"0";"3.63";"31";"N=C(N)c1ccc2c(c1)ncn2CC(=O)Nc1ccc(-c2ccccc2)cc1";"Ki";"'>'";"2500.0";"nM";"";"";"";"UO_0000065";"";"";"";"";"0";"CHEMBL818182";"Binding affinity against human trypsin";"B";"BAO_0000357";"single protein format";"None";"None";"None";"None";"None";"";"";"";"CHEMBL209";"Serine protease 1";"Homo sapiens";"SINGLE PROTEIN";"CHEMBL1133520";"1";"Scientific Literature";"J Med Chem";"2000";"None";"";"";"";"2500.0"
"CHEMBL93854";"";"None";"468.54";"0";"1.92";"1z";"COc1ccc2ccc(S(=O)(=O)N[C@H]3CCN(Cc4cc(C(=N)N)ccc4O)C3=O)cc2c1";"Ki";"'='";"305.0";"nM";"6.52";"";"";"UO_0000065";"13.91";"0.27";"4.60";"4.47";"0";"CHEMBL817137";"Binding affinity against trypsin";"B";"BAO_0000357";"single protein format";"None";"None";"None";"None";"None";"";"";"";"CHEMBL209";"Serine protease 1";"Homo sapiens";"SINGLE PROTEIN";"CHEMBL1131988";"1";"Scientific Literature";"Bioorg Med Chem Lett";"1999";"None";"";"";"";"305.0"
"CHEMBL3216029";"";"None";"399.32";"0";"2.49";"6 (Butamidine)";"Cl.Cl.N=C(N)c1ccc(OCCCCOc2ccc(C(=N)N)cc2)cc1";"Ki";"'='";"1500.0";"nM";"5.82";"";"";"UO_0000065";"17.84";"0.33";"3.33";"4.93";"0";"CHEMBL815012";"Inhibition of trypsin by amidase assay.";"B";"BAO_0000357";"single protein format";"None";"None";"None";"None";"None";"";"";"";"CHEMBL209";"Serine protease 1";"Homo sapiens";"SINGLE PROTEIN";"CHEMBL1124749";"1";"Scientific Literature";"J Med Chem";"1990";"None";"";"";"";"1.5"
"CHEMBL3215570";"";"None";"415.33";"1";"1.27";"24";"Cl.Cl.N=C(N)c1ccc(OCCCOc2ccc(C(=N)N)cc2N)c(N)c1";"Ki";"'='";"5800.0";"nM";"5.24";"";"";"UO_0000065";"15.29";"0.29";"3.97";"3.08";"0";"CHEMBL815012";"Inhibition of trypsin by amidase assay.";"B";"BAO_0000357";"single protein format";"None";"None";"None";"None";"None";"";"";"";"CHEMBL209";"Serine protease 1";"Homo sapiens";"SINGLE PROTEIN";"CHEMBL1124749";"1";"Scientific Literature";"J Med Chem";"1990";"None";"";"";"";"5.8"
"CHEMBL73737";"";"None";"377.84";"0";"4.12";"1";"N=C(N)c1ccc2[nH]c(-c3cc(Cl)cc(-c4cccc(N)c4)c3O)nc2c1";"Ki";"'='";"4.7";"nM";"8.33";"";"";"UO_0000065";"22.04";"0.42";"4.21";"6.67";"0";"CHEMBL818188";"Binding affinity towards Trypsin";"B";"BAO_0000357";"single protein format";"None";"None";"None";"None";"None";"";"";"";"CHEMBL209";"Serine protease 1";"Homo sapiens";"SINGLE PROTEIN";"CHEMBL1133926";"1";"Scientific Literature";"Bioorg Med Chem Lett";"2001";"None";"";"";"";"4.7"
"CHEMBL436684";"";"None";"658.62";"1";"2.08";"54";"N=C(N)c1cccc(C2=NOC(Cn3cncn3)(C(=O)Nc3ccc(-c4ccccc4S(N)(=O)=O)cc3)C2)c1.O=C(O)C(F)(F)F";"Ki";"'='";"47.0";"nM";"7.33";"";"";"UO_0000065";"13.46";"0.26";"5.25";"3.83";"0";"CHEMBL824706";"Binding affinity towards trypsin obtained from human purified enzymes";"B";"BAO_0000357";"single protein format";"None";"None";"None";"None";"None";"";"";"";"CHEMBL209";"Serine protease 1";"Homo sapiens";"SINGLE PROTEIN";"CHEMBL1132652";"1";"Scientific Literature";"J Med Chem";"1999";"None";"";"";"";"47.0"
"CHEMBL328893";"";"None";"479.97";"0";"2.02";"1u";"N=C(N)c1ccc(O)c(CN2CC[C@H](NS(=O)(=O)c3cc4c(Cl)nccc4s3)C2=O)c1";"Ki";"'>'";"2900.0";"nM";"";"";"";"UO_0000065";"";"";"";"";"0";"CHEMBL817137";"Binding affinity against trypsin";"B";"BAO_0000357";"single protein format";"None";"None";"None";"None";"None";"";"";"";"CHEMBL209";"Serine protease 1";"Homo sapiens";"SINGLE PROTEIN";"CHEMBL1131988";"1";"Scientific Literature";"Bioorg Med Chem Lett";"1999";"None";"";"";"";"2900.0"
"CHEMBL138478";"";"None";"461.55";"0";"2.97";"70";"CN(C(=O)Cc1c[nH]c2ccc(C(=N)N)cc12)c1ccc(-c2ccccc2S(N)(=O)=O)cc1";"Ki";"'='";"600.0";"nM";"6.22";"";"";"UO_0000065";"13.48";"0.26";"3.25";"4.26";"0";"CHEMBL818182";"Binding affinity against human trypsin";"B";"BAO_0000357";"single protein format";"None";"None";"None";"None";"None";"";"";"";"CHEMBL209";"Serine protease 1";"Homo sapiens";"SINGLE PROTEIN";"CHEMBL1133520";"1";"Scientific Literature";"J Med Chem";"2000";"None";"";"";"";"600.0"
"CHEMBL37251";"";"None";"474.55";"0";"3.03";"DuP-SN429";"Cc1cc(C(=O)Nc2ccc(-c3ccccc3S(N)(=O)=O)cc2)n(-c2cccc(C(=N)N)c2)n1";"Ki";"'='";"16.0";"nM";"7.80";"";"";"UO_0000065";"16.43";"0.31";"4.77";"4.97";"0";"CHEMBL817825";"Tested for the binding affinity against trypsin";"B";"BAO_0000357";"single protein format";"None";"None";"None";"None";"None";"";"";"";"CHEMBL209";"Serine protease 1";"Homo sapiens";"SINGLE PROTEIN";"CHEMBL1135946";"1";"Scientific Literature";"Bioorg Med Chem Lett";"2002";"None";"";"";"";"16.0"
"CHEMBL67692";"";"None";"415.45";"0";"2.28";"9j";"N=C(N)c1ccc(O)c(/C=C/CNC(=O)c2ccc(-c3ccnc(C(N)=O)c3)cc2)c1";"Ki";"'='";"2200.0";"nM";"5.66";"";"";"UO_0000065";"13.62";"0.25";"3.38";"3.65";"0";"CHEMBL817143";"In vitro inhibition of trypsin.";"B";"BAO_0000357";"single protein format";"None";"None";"None";"None";"None";"";"";"";"CHEMBL209";"Serine protease 1";"Homo sapiens";"SINGLE PROTEIN";"CHEMBL1133371";"1";"Scientific Literature";"Bioorg Med Chem Lett";"2000";"None";"";"";"";"2200.0"
"CHEMBL71058";"";"None";"450.52";"0";"2.43";"9k";"N=C(N)c1ccc(O)c(/C=C/CNC(=O)c2ccc(-c3ccc(S(N)(=O)=O)cc3)cc2)c1";"Ki";"'='";"1600.0";"nM";"5.80";"";"";"UO_0000065";"12.86";"0.25";"3.37";"3.64";"0";"CHEMBL817143";"In vitro inhibition of trypsin.";"B";"BAO_0000357";"single protein format";"None";"None";"None";"None";"None";"";"";"";"CHEMBL209";"Serine protease 1";"Homo sapiens";"SINGLE PROTEIN";"CHEMBL1133371";"1";"Scientific Literature";"Bioorg Med Chem Lett";"2000";"None";"";"";"";"1600.0"
"CHEMBL343827";"";"None";"369.43";"0";"3.63";"30";"N=C(N)c1ccc2ncn(CC(=O)Nc3ccc(-c4ccccc4)cc3)c2c1";"Ki";"'='";"480.0";"nM";"6.32";"";"";"UO_0000065";"17.10";"0.31";"2.69";"6.53";"0";"CHEMBL818182";"Binding affinity against human trypsin";"B";"BAO_0000357";"single protein format";"None";"None";"None";"None";"None";"";"";"";"CHEMBL209";"Serine protease 1";"Homo sapiens";"SINGLE PROTEIN";"CHEMBL1133520";"1";"Scientific Literature";"J Med Chem";"2000";"None";"";"";"";"480.0"
"CHEMBL343495";"";"None";"448.51";"0";"2.27";"32";"N=C(N)c1ccc2ncn(CC(=O)Nc3ccc(-c4ccccc4S(N)(=O)=O)cc3)c2c1";"Ki";"'='";"47.0";"nM";"7.33";"";"";"UO_0000065";"16.34";"0.31";"5.06";"4.67";"0";"CHEMBL818182";"Binding affinity against human trypsin";"B";"BAO_0000357";"single protein format";"None";"None";"None";"None";"None";"";"";"";"CHEMBL209";"Serine protease 1";"Homo sapiens";"SINGLE PROTEIN";"CHEMBL1133520";"1";"Scientific Literature";"J Med Chem";"2000";"None";"";"";"";"47.0"
"CHEMBL94413";"";"None";"574.47";"1";"3.79";"26";"O=C1Cn2c(Cl)cnc(c2=O)N[C@@H](Cc2ccccc2)CNC(=O)OCCCCOc2ccc(Cl)cc2CN1";"Ki";"'='";"4000.0";"nM";"5.40";"";"";"UO_0000065";"9.40";"0.19";"1.61";"4.37";"0";"CHEMBL817817";"Inhibitory activity against human trypsin";"B";"BAO_0000357";"single protein format";"None";"None";"None";"None";"None";"";"";"";"CHEMBL209";"Serine protease 1";"Homo sapiens";"SINGLE PROTEIN";"CHEMBL1136169";"1";"Scientific Literature";"Bioorg Med Chem Lett";"2003";"None";"";"";"";"4.0"
"CHEMBL327560";"";"None";"467.55";"0";"2.00";"1d";"CCOc1ccc2cc(S(=O)(=O)N[C@H]3CCN(Cc4cccc(C(=N)N)c4)C3=O)ccc2n1";"Ki";"'>'";"2900.0";"nM";"";"";"";"UO_0000065";"";"";"";"";"0";"CHEMBL817137";"Binding affinity against trypsin";"B";"BAO_0000357";"single protein format";"None";"None";"None";"None";"None";"";"";"";"CHEMBL209";"Serine protease 1";"Homo sapiens";"SINGLE PROTEIN";"CHEMBL1131988";"1";"Scientific Literature";"Bioorg Med Chem Lett";"1999";"None";"";"";"";"2.9"
"CHEMBL316901";"";"None";"530.46";"1";"3.65";"19";"O=C1Cn2c(Cl)cnc(c2=O)N[C@@H](Cc2ccccc2)CNCCCCOc2ccc(Cl)cc2CN1";"Ki";"'='";"90.0";"nM";"7.05";"";"";"UO_0000065";"13.28";"0.27";"3.40";"7.24";"0";"CHEMBL817817";"Inhibitory activity against human trypsin";"B";"BAO_0000357";"single protein format";"None";"None";"None";"None";"None";"";"";"";"CHEMBL209";"Serine protease 1";"Homo sapiens";"SINGLE PROTEIN";"CHEMBL1136169";"1";"Scientific Literature";"Bioorg Med Chem Lett";"2003";"None";"";"";"";"0.09"
"CHEMBL91654";"";"None";"350.43";"0";"2.48";"9";"N=C(N)c1ccc(N2CCCCN(c3cccc(C(=N)N)c3)C2=O)cc1";"Ki";"'='";"120.0";"nM";"6.92";"";"";"UO_0000065";"19.75";"0.36";"4.44";"5.61";"0";"CHEMBL811778";"Compound was tested for inhibition of trypsin.";"B";"BAO_0000357";"single protein format";"None";"None";"None";"None";"None";"";"";"";"CHEMBL209";"Serine protease 1";"Homo sapiens";"SINGLE PROTEIN";"CHEMBL1131265";"1";"Scientific Literature";"Bioorg Med Chem Lett";"1998";"None";"";"";"";"120.0"
"CHEMBL3667899";"";"None";"463.53";"0";"3.28";"BDBM158093";"CCC(CC)(Cc1ccc(C(=O)Oc2ccc(C(=N)N)cc2F)s1)C(=O)N(C)CC(=O)O";"Ki";"'='";"1.76";"nM";"8.75";"";"355639";"UO_0000065";"18.89";"0.37";"5.47";"6.54";"1";"CHEMBL3887805";"Trypsin Inhibition Assay: Using a 96 well plate (#3915, Costar), a test compound (25 uL) was mixed with 20 uM fluorescence enzyme substrate (Boc-Phe-Ser-Arg-AMC, 50 uL) mixed with 200 mM Tris-HCl buffer (pH 8.0), and human trypsin (Sigma, 25 uL) was added. Using a fluorescence plate reader fmax (Molecular Devices, Inc.), the reaction rate was measured from the time-course changes at excitation wavelength 355 nm and fluorescence wavelength 460 nm.";"B";"BAO_0000357";"single protein format";"Homo sapiens";"None";"None";"None";"None";"";"";"";"CHEMBL209";"Serine protease 1";"Homo sapiens";"SINGLE PROTEIN";"CHEMBL3886456";"37";"BindingDB Patent Bioactivity Data";"";"2016";"None";"";"";"";"1.76"
"CHEMBL3642864";"";"None";"447.49";"0";"3.21";"BDBM109590";"C/C(=C\c1ccc(C(=O)Oc2ccc(C(=N)N)cc2)o1)C(=O)N(CCO)Cc1ccccc1";"Ki";"'='";"9.15";"nM";"8.04";"";"230085";"UO_0000065";"17.96";"0.33";"4.83";"6.19";"0";"CHEMBL3705715";"Inhibition Assay: Inhibition assay using human trysin.";"B";"BAO_0000357";"single protein format";"Homo sapiens";"None";"None";"None";"None";"";"";"";"CHEMBL209";"Serine protease 1";"Homo sapiens";"SINGLE PROTEIN";"CHEMBL3638962";"37";"BindingDB Patent Bioactivity Data";"";"2013";"None";"";"";"";"9.15"
"CHEMBL3642870";"";"None";"431.40";"0";"1.01";"BDBM109596";"CC(Cc1ccc(C(=O)Oc2ccc(C(=N)N)cc2)o1)C(=O)N[C@@H](CC(=O)O)C(=O)O";"Ki";"'='";"1.07";"nM";"8.97";"";"230091";"UO_0000065";"20.79";"0.40";"7.96";"4.65";"0";"CHEMBL3705715";"Inhibition Assay: Inhibition assay using human trysin.";"B";"BAO_0000357";"single protein format";"Homo sapiens";"None";"None";"None";"None";"";"";"";"CHEMBL209";"Serine protease 1";"Homo sapiens";"SINGLE PROTEIN";"CHEMBL3638962";"37";"BindingDB Patent Bioactivity Data";"";"2013";"None";"";"";"";"1.07"
"CHEMBL3642873";"";"None";"429.43";"0";"1.01";"BDBM109599";"CC(Cc1ccc(C(=O)Oc2ccc(C(=N)N)cc2)o1)C(=O)N1C[C@@H](O)C[C@H]1C(=O)O";"Ki";"'='";"3.25";"nM";"8.49";"";"230094";"UO_0000065";"19.77";"0.37";"7.48";"5.08";"0";"CHEMBL3705715";"Inhibition Assay: Inhibition assay using human trysin.";"B";"BAO_0000357";"single protein format";"Homo sapiens";"None";"None";"None";"None";"";"";"";"CHEMBL209";"Serine protease 1";"Homo sapiens";"SINGLE PROTEIN";"CHEMBL3638962";"37";"BindingDB Patent Bioactivity Data";"";"2013";"None";"";"";"";"3.25"
"CHEMBL277994";"";"None";"720.65";"0";"2.67";"16";"COC(=O)[C@H]1CN(Cc2ccc(-c3ccccc3S(N)(=O)=O)cc2)C[C@@H]1c1cccc(C(=N)N)c1.O=C(O)C(F)(F)F.O=C(O)C(F)(F)F";"Ki";"'='";"200.0";"nM";"6.70";"";"";"UO_0000065";"13.60";"0.26";"4.03";"4.80";"0";"CHEMBL818183";"Binding affinity against trypsin in an enzyme inhibition assay.";"B";"BAO_0000357";"single protein format";"None";"None";"None";"None";"None";"";"";"";"CHEMBL209";"Serine protease 1";"Homo sapiens";"SINGLE PROTEIN";"CHEMBL1131683";"1";"Scientific Literature";"Bioorg Med Chem Lett";"1999";"None";"";"";"";"200.0"
"CHEMBL156161";"";"None";"367.45";"0";"2.56";"21";"COC(=O)CC(CCc1ccc(NC(=N)N)cc1)c1cccc(C(=N)N)c1";"Ki";"'='";"96.0";"nM";"7.02";"";"";"UO_0000065";"19.10";"0.35";"4.46";"5.08";"0";"CHEMBL811612";"In vitro inhibition of trypsin";"B";"BAO_0000357";"single protein format";"None";"None";"None";"None";"None";"";"";"";"CHEMBL209";"Serine protease 1";"Homo sapiens";"SINGLE PROTEIN";"CHEMBL1131205";"1";"Scientific Literature";"J Med Chem";"1998";"None";"";"";"";"96.0"
"CHEMBL102345";"";"None";"525.60";"0";"3.72";"18";"N=C(N)c1cccc(N2CCCCN(C3CCN(Cc4cccs4)CC3)C2=O)c1.O=C(O)C(F)(F)F";"Ki";"'='";"170.0";"nM";"6.77";"";"";"UO_0000065";"16.45";"0.32";"3.05";"8.83";"0";"CHEMBL818020";"Inhibitory activity against trypsin";"B";"BAO_0000357";"single protein format";"None";"None";"None";"None";"None";"";"";"";"CHEMBL209";"Serine protease 1";"Homo sapiens";"SINGLE PROTEIN";"CHEMBL1133385";"1";"Scientific Literature";"Bioorg Med Chem Lett";"2000";"None";"";"";"";"170.0"
"CHEMBL266704";"";"None";"1474.81";"None";"None";"1";"CC[C@@H](C)[C@H](NC(=O)[C@H](CO)NC(=O)[C@H](CCSC)NC(=O)[C@@H]1CCCN1C(=O)[C@H](NC(=O)[C@@H](C)NC(=O)[C@@H](CCC(=O)O)NC(=O)[C@@H](CC(C)C)NC(=O)[C@@H](Cc1ccccc1)NC(=O)[C@H](N)CCSC)[C@H](C)CC)C(=O)N1CCC[C@@H]1C(=O)N1CCC[C@H]1C(=O)N[C@H](CCC(=O)O)C(=O)O";"Ki";"";"";"nM";"";"";"Not Active";"UO_0000065";"";"";"";"";"0";"CHEMBL821462";"Competitive inhibition constant against trypsin using the reporter substrate Ac-R-pNa; No inhibition";"B";"BAO_0000357";"single protein format";"None";"None";"None";"None";"None";"";"";"";"CHEMBL209";"Serine protease 1";"Homo sapiens";"SINGLE PROTEIN";"CHEMBL1132903";"1";"Scientific Literature";"Bioorg Med Chem Lett";"2000";"None";"";"";"";""
"CHEMBL45480";"";"None";"483.59";"0";"2.34";"5";"CCCc1ccc(NS(=O)(=O)Cc2ccccc2)c(=O)n1CC(=O)NCc1ccc(N)nc1C";"Ki";"'='";"1400.0";"nM";"5.85";"";"";"UO_0000065";"12.11";"0.24";"3.51";"4.30";"0";"CHEMBL817281";"Compound was evaluated to inhibit the trypsin enzyme";"B";"BAO_0000357";"single protein format";"None";"None";"None";"None";"None";"";"";"";"CHEMBL209";"Serine protease 1";"Homo sapiens";"SINGLE PROTEIN";"CHEMBL1130870";"1";"Scientific Literature";"Bioorg Med Chem Lett";"1998";"None";"";"";"";"1400.0"
"CHEMBL48016";"";"None";"367.47";"0";"4.77";"7";"Nc1cc[n+](Cc2ccc(OC(c3ccccc3)c3ccccc3)cc2)cc1";"Ki";"'='";"517000.0";"nM";"";"Outside typical range";"";"UO_0000065";"";"";"";"";"0";"CHEMBL816556";"Compound was evaluated for its inhibitory activity against trypsin";"B";"BAO_0000357";"single protein format";"None";"None";"None";"None";"None";"";"";"";"CHEMBL209";"Serine protease 1";"Homo sapiens";"SINGLE PROTEIN";"CHEMBL1131365";"1";"Scientific Literature";"Bioorg Med Chem Lett";"1998";"None";"";"";"";"517.0"
"CHEMBL124834";"";"None";"470.90";"0";"1.86";"7";"Nc1cc(-n2nnnc2C(=O)Nc2ccc(-c3ccccc3S(N)(=O)=O)cn2)ccc1Cl";"Ki";"'>'";"1600.0";"nM";"";"";"";"UO_0000065";"";"";"";"";"0";"CHEMBL817820";"Inhibitory constant against trypsin using human purified enzymes";"B";"BAO_0000357";"single protein format";"Homo sapiens";"None";"None";"None";"None";"";"";"";"CHEMBL209";"Serine protease 1";"Homo sapiens";"SINGLE PROTEIN";"CHEMBL1136511";"1";"Scientific Literature";"Bioorg Med Chem Lett";"2003";"None";"";"";"";"1600.0"
"CHEMBL607008";"";"None";"496.81";"None";"None";"DuP-714";"CC(=O)N[C@H](Cc1ccccc1)C(=O)N1CCC[C@H]1C(=O)N[C@@H](CCCN=C(N)N)B(O)O.Cl";"Ki";"'='";"0.045";"nM";"10.35";"";"";"UO_0000065";"22.48";"None";"None";"None";"0";"CHEMBL812715";"Tested for selectivity against trypsin";"B";"BAO_0000357";"single protein format";"None";"None";"None";"None";"None";"";"";"";"CHEMBL209";"Serine protease 1";"Homo sapiens";"SINGLE PROTEIN";"CHEMBL1129866";"1";"Scientific Literature";"Bioorg Med Chem Lett";"1997";"None";"";"";"";"0.045"
"CHEMBL48236";"";"None";"496.01";"0";"1.48";"21";"Cn1cncc1CCNC(=O)CN1CCN(S(=O)(=O)c2cc3ccc(Cl)cc3s2)CC1=O";"Ki";"'>'";"2900.0";"nM";"";"";"";"UO_0000065";"";"";"";"";"0";"CHEMBL817142";"Compound was evaluated for the inhibitory activity against trypsin.";"B";"BAO_0000357";"single protein format";"None";"None";"None";"None";"None";"";"";"";"CHEMBL209";"Serine protease 1";"Homo sapiens";"SINGLE PROTEIN";"CHEMBL1133063";"1";"Scientific Literature";"Bioorg Med Chem Lett";"2000";"None";"";"";"";"2900.0"
"CHEMBL75635";"";"None";"702.90";"1";"1.63";"49";"N=C(N)N1CCC(CC(=O)N2CCN(C(=O)O[C@H]3CCC[C@@H](OC(=O)N4CCN(C(=O)CC5CCN(C(=N)N)CC5)CC4)CCC3)CC2)CC1";"Ki";"'='";"445000.0";"nM";"";"Outside typical range";"";"UO_0000065";"";"";"";"";"0";"CHEMBL824723";"Compound was evaluated for its inhibitory potency against trypsin";"B";"BAO_0000357";"single protein format";"None";"None";"None";"None";"None";"";"";"";"CHEMBL209";"Serine protease 1";"Homo sapiens";"SINGLE PROTEIN";"CHEMBL1132784";"1";"Scientific Literature";"Bioorg Med Chem Lett";"2000";"None";"";"";"";"445.0"
"CHEMBL36397";"";"None";"474.59";"0";"0.99";"5";"Cc1ccc(S(=O)(=O)Nc2ccc(C)n(CC(=O)NCC3CCN(C(=N)N)CC3)c2=O)cc1";"Ki";"'='";"140.0";"nM";"6.85";"";"";"UO_0000065";"14.44";"0.28";"5.86";"4.56";"0";"CHEMBL818184";"Binding affinity against human trypsin";"B";"BAO_0000357";"single protein format";"None";"None";"None";"None";"None";"";"";"";"CHEMBL209";"Serine protease 1";"Homo sapiens";"SINGLE PROTEIN";"CHEMBL1130452";"1";"Scientific Literature";"Bioorg Med Chem Lett";"1997";"None";"";"";"";"140.0"
"CHEMBL3929534";"";"None";"377.40";"0";"1.83";"BDBM234262";"N=C(N)c1ccc(OC(=O)c2cc3c(s2)CN(CC(=O)O)CC3)c(F)c1";"Ki";"'='";"0.56";"nM";"9.25";"";"408304";"UO_0000065";"24.51";"0.49";"7.42";"7.93";"0";"CHEMBL3888548";"Inhibition Assay: Using a 96 well plate (#3915, Costar), a test compound (25 μL), 400 mM Tris-HCl buffer (pH 8.0, 25 μL) and 0.5 mg/mL fluorescence enzyme substrate (Gly-Asp-Asp-Asp-Asp-Lys-β-Naphtylamide, 25 μL) were mixed, and recombinant human enteropeptidase (R&D Systems, Inc., 25 μL) was added. Using a fluorescence plate reader fmax (Molecular Devices, Inc.), the reaction rate was measured from the time-course changes at excitation wavelength 320 nm and fluorescence wavelength 405 nm. The Ki value was calculated from the concentration of the test compound, reciprocal of reaction rate, and Km value of the enzyme substrate, and by using Dixon plot.";"B";"BAO_0000357";"single protein format";"Homo sapiens";"None";"None";"None";"None";"";"";"";"CHEMBL209";"Serine protease 1";"Homo sapiens";"SINGLE PROTEIN";"CHEMBL3886757";"37";"BindingDB Patent Bioactivity Data";"";"2016";"None";"";"";"";"0.56"
"CHEMBL4455063";"";"None";"426.95";"0";"3.06";"1";"CC1=C(CC(=O)NCc2cc(Cl)ccc2CN)C(=O)N(NCc2ccccc2)CC1";"Ki";"'>'";"5400.0";"nM";"";"";"";"UO_0000065";"";"";"";"";"0";"CHEMBL4426683";"Inhibition of human trypsin 1 using S-2222 as substrate preincubated for 300 secs followed by substrate addition measured after 40 mins";"B";"BAO_0000357";"single protein format";"Homo sapiens";"None";"None";"None";"None";"";"";"";"CHEMBL209";"Serine protease 1";"Homo sapiens";"SINGLE PROTEIN";"CHEMBL4425130";"1";"Scientific Literature";"J Med Chem";"2016";"None";"";"";"";"5.4"
"CHEMBL3667904";"";"None";"475.54";"0";"3.28";"BDBM158098";"CC(C)(Cc1ccc(C(=O)Oc2ccc(C(=N)N)cc2F)s1)C(=O)N1CCC(C(=O)O)CC1";"Ki";"'='";"3.1";"nM";"8.51";"";"355644";"UO_0000065";"17.89";"0.35";"5.23";"6.36";"1";"CHEMBL3887805";"Trypsin Inhibition Assay: Using a 96 well plate (#3915, Costar), a test compound (25 uL) was mixed with 20 uM fluorescence enzyme substrate (Boc-Phe-Ser-Arg-AMC, 50 uL) mixed with 200 mM Tris-HCl buffer (pH 8.0), and human trypsin (Sigma, 25 uL) was added. Using a fluorescence plate reader fmax (Molecular Devices, Inc.), the reaction rate was measured from the time-course changes at excitation wavelength 355 nm and fluorescence wavelength 460 nm.";"B";"BAO_0000357";"single protein format";"Homo sapiens";"None";"None";"None";"None";"";"";"";"CHEMBL209";"Serine protease 1";"Homo sapiens";"SINGLE PROTEIN";"CHEMBL3886456";"37";"BindingDB Patent Bioactivity Data";"";"2016";"None";"";"";"";"3.1"
"CHEMBL3667908";"";"None";"477.56";"0";"3.72";"BDBM158102";"CCC(CC)(Cc1ccc(C(=O)Oc2ccc(C(=N)N)cc2F)s1)C(=O)NCCCC(=O)O";"Ki";"'='";"2.73";"nM";"8.56";"";"355648";"UO_0000065";"17.93";"0.35";"4.84";"6.01";"1";"CHEMBL3887805";"Trypsin Inhibition Assay: Using a 96 well plate (#3915, Costar), a test compound (25 uL) was mixed with 20 uM fluorescence enzyme substrate (Boc-Phe-Ser-Arg-AMC, 50 uL) mixed with 200 mM Tris-HCl buffer (pH 8.0), and human trypsin (Sigma, 25 uL) was added. Using a fluorescence plate reader fmax (Molecular Devices, Inc.), the reaction rate was measured from the time-course changes at excitation wavelength 355 nm and fluorescence wavelength 460 nm.";"B";"BAO_0000357";"single protein format";"Homo sapiens";"None";"None";"None";"None";"";"";"";"CHEMBL209";"Serine protease 1";"Homo sapiens";"SINGLE PROTEIN";"CHEMBL3886456";"37";"BindingDB Patent Bioactivity Data";"";"2016";"None";"";"";"";"2.73"
"CHEMBL606953";"";"None";"725.79";"None";"None";"7";"CCCCS(=O)(=O)N[C@H](Cc1ccccc1)C(=O)N1CCC[C@H]1C(=O)N[C@@H](CCCSc1ncccn1)B1O[C@@H]2CC3CC(C3(C)C)[C@]2(C)O1";"Ki";"";"";"nM";"";"";"Not Determined";"UO_0000065";"";"";"";"";"0";"CHEMBL812716";"Tested for selectivity against trypsin; Not determined.";"B";"BAO_0000357";"single protein format";"None";"None";"None";"None";"None";"";"";"";"CHEMBL209";"Serine protease 1";"Homo sapiens";"SINGLE PROTEIN";"CHEMBL1129866";"1";"Scientific Literature";"Bioorg Med Chem Lett";"1997";"None";"";"";"";""
"CHEMBL441283";"";"None";"493.48";"0";"2.85";"13";"CS(=O)(=O)c1ccccc1-c1ccc(NC(=O)c2nnnn2-c2ccc3onc(N)c3c2)c(F)c1";"Ki";"'>'";"1600.0";"nM";"";"";"";"UO_0000065";"";"";"";"";"0";"CHEMBL817820";"Inhibitory constant against trypsin using human purified enzymes";"B";"BAO_0000357";"single protein format";"Homo sapiens";"None";"None";"None";"None";"";"";"";"CHEMBL209";"Serine protease 1";"Homo sapiens";"SINGLE PROTEIN";"CHEMBL1136511";"1";"Scientific Literature";"Bioorg Med Chem Lett";"2003";"None";"";"";"";"1600.0"
"CHEMBL310760";"";"None";"746.91";"2";"3.06";"31";"N=C(N)c1ccc(CCNC(=O)N2CCN(C(=O)O[C@H]3CCC[C@@H](OC(=O)N4CCN(C(=O)NCCc5ccc(C(=N)N)cc5)CC4)CCC3)CC2)cc1";"Ki";"'='";"66000.0";"nM";"4.18";"";"";"UO_0000065";"5.60";"0.11";"1.12";"1.87";"0";"CHEMBL824723";"Compound was evaluated for its inhibitory potency against trypsin";"B";"BAO_0000357";"single protein format";"None";"None";"None";"None";"None";"";"";"";"CHEMBL209";"Serine protease 1";"Homo sapiens";"SINGLE PROTEIN";"CHEMBL1132784";"1";"Scientific Literature";"Bioorg Med Chem Lett";"2000";"None";"";"";"";"66.0"
"CHEMBL279628";"";"None";"649.60";"1";"2.35";"SF303";"COC(=O)CC1(C(=O)Nc2ccc(-c3ccccc3S(N)(=O)=O)cc2)CC(c2cccc(C(=N)N)c2)=NO1.O=C(O)C(F)(F)F";"Ki";"'='";"110.0";"nM";"6.96";"";"";"UO_0000065";"12.99";"0.25";"4.61";"3.72";"0";"CHEMBL824706";"Binding affinity towards trypsin obtained from human purified enzymes";"B";"BAO_0000357";"single protein format";"None";"None";"None";"None";"None";"";"";"";"CHEMBL209";"Serine protease 1";"Homo sapiens";"SINGLE PROTEIN";"CHEMBL1132652";"1";"Scientific Literature";"J Med Chem";"1999";"None";"";"";"";"110.0"
"CHEMBL92406";"";"None";"423.50";"0";"1.60";"1a";"N=C(N)c1cccc(CN2CC[C@H](NS(=O)(=O)c3ccc4ncccc4c3)C2=O)c1";"Ki";"'>'";"2900.0";"nM";"";"";"";"UO_0000065";"";"";"";"";"0";"CHEMBL817137";"Binding affinity against trypsin";"B";"BAO_0000357";"single protein format";"None";"None";"None";"None";"None";"";"";"";"CHEMBL209";"Serine protease 1";"Homo sapiens";"SINGLE PROTEIN";"CHEMBL1131988";"1";"Scientific Literature";"Bioorg Med Chem Lett";"1999";"None";"";"";"";"2.9"
"CHEMBL3667896";"";"None";"392.45";"0";"3.82";"BDBM158090";"CCC(CC)(Cc1ccc(C(=O)Oc2ccc(C(=N)N)cc2F)s1)C(=O)O";"Ki";"'='";"2.49";"nM";"8.60";"";"355636";"UO_0000065";"21.92";"0.44";"4.78";"7.58";"1";"CHEMBL3887805";"Trypsin Inhibition Assay: Using a 96 well plate (#3915, Costar), a test compound (25 uL) was mixed with 20 uM fluorescence enzyme substrate (Boc-Phe-Ser-Arg-AMC, 50 uL) mixed with 200 mM Tris-HCl buffer (pH 8.0), and human trypsin (Sigma, 25 uL) was added. Using a fluorescence plate reader fmax (Molecular Devices, Inc.), the reaction rate was measured from the time-course changes at excitation wavelength 355 nm and fluorescence wavelength 460 nm.";"B";"BAO_0000357";"single protein format";"Homo sapiens";"None";"None";"None";"None";"";"";"";"CHEMBL209";"Serine protease 1";"Homo sapiens";"SINGLE PROTEIN";"CHEMBL3886456";"37";"BindingDB Patent Bioactivity Data";"";"2016";"None";"";"";"";"2.49"
"CHEMBL3667901";"";"None";"511.60";"1";"2.86";"BDBM158095";"C=CCN(CCS(=O)(=O)O)C(=O)C(C)(C)Cc1ccc(C(=O)Oc2ccc(C(=N)N)cc2F)s1";"Ki";"'='";"3.17";"nM";"8.50";"";"355641";"UO_0000065";"16.61";"0.34";"5.64";"5.63";"1";"CHEMBL3887805";"Trypsin Inhibition Assay: Using a 96 well plate (#3915, Costar), a test compound (25 uL) was mixed with 20 uM fluorescence enzyme substrate (Boc-Phe-Ser-Arg-AMC, 50 uL) mixed with 200 mM Tris-HCl buffer (pH 8.0), and human trypsin (Sigma, 25 uL) was added. Using a fluorescence plate reader fmax (Molecular Devices, Inc.), the reaction rate was measured from the time-course changes at excitation wavelength 355 nm and fluorescence wavelength 460 nm.";"B";"BAO_0000357";"single protein format";"Homo sapiens";"None";"None";"None";"None";"";"";"";"CHEMBL209";"Serine protease 1";"Homo sapiens";"SINGLE PROTEIN";"CHEMBL3886456";"37";"BindingDB Patent Bioactivity Data";"";"2016";"None";"";"";"";"3.17"
"CHEMBL3667903";"";"None";"507.54";"1";"2.78";"BDBM158097";"CCC(CC)(Cc1ccc(C(=O)Oc2ccc(C(=N)N)cc2F)s1)C(=O)N[C@H](CC(=O)O)C(=O)O";"Ki";"'='";"1.04";"nM";"8.98";"";"355643";"UO_0000065";"17.70";"0.35";"6.20";"4.99";"0";"CHEMBL3887805";"Trypsin Inhibition Assay: Using a 96 well plate (#3915, Costar), a test compound (25 uL) was mixed with 20 uM fluorescence enzyme substrate (Boc-Phe-Ser-Arg-AMC, 50 uL) mixed with 200 mM Tris-HCl buffer (pH 8.0), and human trypsin (Sigma, 25 uL) was added. Using a fluorescence plate reader fmax (Molecular Devices, Inc.), the reaction rate was measured from the time-course changes at excitation wavelength 355 nm and fluorescence wavelength 460 nm.";"B";"BAO_0000357";"single protein format";"Homo sapiens";"None";"None";"None";"None";"";"";"";"CHEMBL209";"Serine protease 1";"Homo sapiens";"SINGLE PROTEIN";"CHEMBL3886456";"37";"BindingDB Patent Bioactivity Data";"";"2016";"None";"";"";"";"1.04"
"CHEMBL3672850";"";"None";"497.55";"0";"3.90";"BDBM158109";"CC(C)(Cc1ccc(C(=O)Oc2ccc(C(=N)N)cc2F)s1)C(=O)N[C@H](C(=O)O)c1ccccc1";"Ki";"'='";"1.51";"nM";"8.82";"";"355655";"UO_0000065";"17.73";"0.34";"4.92";"6.19";"1";"CHEMBL3887805";"Trypsin Inhibition Assay: Using a 96 well plate (#3915, Costar), a test compound (25 uL) was mixed with 20 uM fluorescence enzyme substrate (Boc-Phe-Ser-Arg-AMC, 50 uL) mixed with 200 mM Tris-HCl buffer (pH 8.0), and human trypsin (Sigma, 25 uL) was added. Using a fluorescence plate reader fmax (Molecular Devices, Inc.), the reaction rate was measured from the time-course changes at excitation wavelength 355 nm and fluorescence wavelength 460 nm.";"B";"BAO_0000357";"single protein format";"Homo sapiens";"None";"None";"None";"None";"";"";"";"CHEMBL209";"Serine protease 1";"Homo sapiens";"SINGLE PROTEIN";"CHEMBL3886456";"37";"BindingDB Patent Bioactivity Data";"";"2016";"None";"";"";"";"1.51"
"CHEMBL3672868";"";"None";"458.49";"0";"4.13";"BDBM158127";"CC(C)(Cc1ccc(C(=O)Oc2ccc(C(=N)N)cc2F)s1)C(=O)Nc1ccc(F)nc1";"Ki";"'='";"3.3";"nM";"8.48";"";"355673";"UO_0000065";"18.50";"0.36";"4.35";"7.18";"1";"CHEMBL3887805";"Trypsin Inhibition Assay: Using a 96 well plate (#3915, Costar), a test compound (25 uL) was mixed with 20 uM fluorescence enzyme substrate (Boc-Phe-Ser-Arg-AMC, 50 uL) mixed with 200 mM Tris-HCl buffer (pH 8.0), and human trypsin (Sigma, 25 uL) was added. Using a fluorescence plate reader fmax (Molecular Devices, Inc.), the reaction rate was measured from the time-course changes at excitation wavelength 355 nm and fluorescence wavelength 460 nm.";"B";"BAO_0000357";"single protein format";"Homo sapiens";"None";"None";"None";"None";"";"";"";"CHEMBL209";"Serine protease 1";"Homo sapiens";"SINGLE PROTEIN";"CHEMBL3886456";"37";"BindingDB Patent Bioactivity Data";"";"2016";"None";"";"";"";"3.3"
"CHEMBL3672875";"";"None";"416.48";"0";"2.99";"BDBM158135";"CC(C)(Cc1ccc(C(=O)Oc2ccc(C(=N)N)cc2F)s1)C(=O)NCCC#N";"Ki";"'='";"3.65";"nM";"8.44";"";"355681";"UO_0000065";"20.26";"0.40";"5.45";"6.54";"1";"CHEMBL3887805";"Trypsin Inhibition Assay: Using a 96 well plate (#3915, Costar), a test compound (25 uL) was mixed with 20 uM fluorescence enzyme substrate (Boc-Phe-Ser-Arg-AMC, 50 uL) mixed with 200 mM Tris-HCl buffer (pH 8.0), and human trypsin (Sigma, 25 uL) was added. Using a fluorescence plate reader fmax (Molecular Devices, Inc.), the reaction rate was measured from the time-course changes at excitation wavelength 355 nm and fluorescence wavelength 460 nm.";"B";"BAO_0000357";"single protein format";"Homo sapiens";"None";"None";"None";"None";"";"";"";"CHEMBL209";"Serine protease 1";"Homo sapiens";"SINGLE PROTEIN";"CHEMBL3886456";"37";"BindingDB Patent Bioactivity Data";"";"2016";"None";"";"";"";"3.65"
"CHEMBL5933082";"";"None";"504.49";"1";"0.81";"BDBM387065";"NC(=O)c1nn(-c2ccc(OC(F)F)cc2)c2c1CCN(C1CCN(N3CCOCC3=O)CC1)C2=O";"Ki";"'>'";"1000.0";"nM";"";"";"772893";"UO_0000065";"";"";"";"";"0";"CHEMBL5733701";"In Vitro Assay: Trypsin: In the assay for measuring the inhibition of human trypsin activity buffer (50 mM Tris, pH 8.2, and 20 mM CaCl2) is used. The IC50 is measured by selecting the appropriate wells of a Greiner 384 microtiter plate. 50 μL the assay buffer containing human trypsin (Sigma; T6424), of which the final concentration is 0.39 BAEE units/ml; 2 μL the assay buffer containing 2% (V/V) DMSO (uninhibited control) or various concentrations of the compounds to be tested diluted in the assay buffer containing 2% (V/V) DMSO; and the assay buffer containing substrate S-2222 (Chromogenix). The assay is performed by pre-incubating the tested compounds with enzyme for 10 minutes. Then the assay is initiated by adding 48 μL substrate to obtain a final volume of 100 μL.";"B";"BAO_0000357";"single protein format";"Homo sapiens";"None";"None";"None";"None";"";"";"";"CHEMBL209";"Serine protease 1";"Homo sapiens";"SINGLE PROTEIN";"CHEMBL5726935";"37";"BindingDB Patent Bioactivity Data";"";"2018";"None";"";"";"";"1000.0"
"CHEMBL3667914";"";"None";"503.60";"1";"4.11";"BDBM158108";"CC(C)(Cc1ccc(C(=O)Oc2ccc(C(=N)N)cc2F)s1)C(=O)N[C@@H](C(=O)O)C1CCCCC1";"Ki";"'='";"3.07";"nM";"8.51";"";"300469";"UO_0000065";"16.90";"0.33";"4.40";"5.97";"0";"CHEMBL3705369";"Inhibition Assay: Using a 96 well plate (#3915, Costar), a test compound (25 μL) was mixed with 20 μM fluorescence enzyme substrate (Boc-Phe-Ser-Arg-AMC, 50 μL) mixed with 200 mM Tris-HCl buffer (pH 8.0), and human trypsin (Sigma, 25 μL) was added. Using a fluorescence plate reader fmax (Molecular Devices, Inc.), the reaction rate was measured from the time-course changes at excitation wavelength 355 nm and fluorescence wavelength 460 nm.";"B";"BAO_0000357";"single protein format";"Homo sapiens";"None";"None";"None";"None";"";"";"";"CHEMBL209";"Serine protease 1";"Homo sapiens";"SINGLE PROTEIN";"CHEMBL3639122";"37";"BindingDB Patent Bioactivity Data";"";"2015";"None";"";"";"";"3.07"
"CHEMBL3672875";"";"None";"416.48";"0";"2.99";"BDBM158135";"CC(C)(Cc1ccc(C(=O)Oc2ccc(C(=N)N)cc2F)s1)C(=O)NCCC#N";"Ki";"'='";"3.65";"nM";"8.44";"";"300496";"UO_0000065";"20.26";"0.40";"5.45";"6.54";"0";"CHEMBL3705369";"Inhibition Assay: Using a 96 well plate (#3915, Costar), a test compound (25 μL) was mixed with 20 μM fluorescence enzyme substrate (Boc-Phe-Ser-Arg-AMC, 50 μL) mixed with 200 mM Tris-HCl buffer (pH 8.0), and human trypsin (Sigma, 25 μL) was added. Using a fluorescence plate reader fmax (Molecular Devices, Inc.), the reaction rate was measured from the time-course changes at excitation wavelength 355 nm and fluorescence wavelength 460 nm.";"B";"BAO_0000357";"single protein format";"Homo sapiens";"None";"None";"None";"None";"";"";"";"CHEMBL209";"Serine protease 1";"Homo sapiens";"SINGLE PROTEIN";"CHEMBL3639122";"37";"BindingDB Patent Bioactivity Data";"";"2015";"None";"";"";"";"3.65"
"CHEMBL3672878";"";"None";"555.58";"1";"4.77";"BDBM158138";"CCC(CC)(Cc1ccc(C(=O)Oc2ccc(C(=N)N)cc2F)s1)C(=O)Nc1cc(C(=O)O)cc(C(=O)O)c1";"Ki";"'='";"1.58";"nM";"8.80";"";"300499";"UO_0000065";"15.84";"0.31";"4.03";"4.89";"0";"CHEMBL3705369";"Inhibition Assay: Using a 96 well plate (#3915, Costar), a test compound (25 μL) was mixed with 20 μM fluorescence enzyme substrate (Boc-Phe-Ser-Arg-AMC, 50 μL) mixed with 200 mM Tris-HCl buffer (pH 8.0), and human trypsin (Sigma, 25 μL) was added. Using a fluorescence plate reader fmax (Molecular Devices, Inc.), the reaction rate was measured from the time-course changes at excitation wavelength 355 nm and fluorescence wavelength 460 nm.";"B";"BAO_0000357";"single protein format";"Homo sapiens";"None";"None";"None";"None";"";"";"";"CHEMBL209";"Serine protease 1";"Homo sapiens";"SINGLE PROTEIN";"CHEMBL3639122";"37";"BindingDB Patent Bioactivity Data";"";"2015";"None";"";"";"";"1.58"
"CHEMBL3951001";"";"None";"508.51";"1";"0.20";"BDBM234237";"N=C(N)c1ccc(OC(=O)c2ccc(CN3CCC[C@@H]3C(=O)N[C@@H](CS(=O)(=O)O)C(=O)O)o2)cc1";"Ki";"'='";"0.24";"nM";"9.62";"";"408279";"UO_0000065";"18.92";"0.38";"9.42";"4.51";"0";"CHEMBL3888548";"Inhibition Assay: Using a 96 well plate (#3915, Costar), a test compound (25 μL), 400 mM Tris-HCl buffer (pH 8.0, 25 μL) and 0.5 mg/mL fluorescence enzyme substrate (Gly-Asp-Asp-Asp-Asp-Lys-β-Naphtylamide, 25 μL) were mixed, and recombinant human enteropeptidase (R&D Systems, Inc., 25 μL) was added. Using a fluorescence plate reader fmax (Molecular Devices, Inc.), the reaction rate was measured from the time-course changes at excitation wavelength 320 nm and fluorescence wavelength 405 nm. The Ki value was calculated from the concentration of the test compound, reciprocal of reaction rate, and Km value of the enzyme substrate, and by using Dixon plot.";"B";"BAO_0000357";"single protein format";"Homo sapiens";"None";"None";"None";"None";"";"";"";"CHEMBL209";"Serine protease 1";"Homo sapiens";"SINGLE PROTEIN";"CHEMBL3886757";"37";"BindingDB Patent Bioactivity Data";"";"2016";"None";"";"";"";"0.24"
"CHEMBL368839";"";"None";"396.45";"0";"3.45";"7e";"N=C(N)c1ccc(-n2ccc3ccc(NC(=O)c4cccc(C(=N)N)c4)cc32)cc1";"Ki";"'='";"410.0";"nM";"6.39";"";"";"UO_0000065";"16.11";"0.29";"2.94";"4.77";"0";"CHEMBL815755";"In vitro inhibition of bovine trypsin.";"B";"BAO_0000357";"single protein format";"None";"None";"None";"None";"None";"";"";"";"CHEMBL209";"Serine protease 1";"Homo sapiens";"SINGLE PROTEIN";"CHEMBL1133499";"1";"Scientific Literature";"Bioorg Med Chem Lett";"2000";"None";"";"";"";"410.0"
"CHEMBL3672878";"";"None";"555.58";"1";"4.77";"BDBM158138";"CCC(CC)(Cc1ccc(C(=O)Oc2ccc(C(=N)N)cc2F)s1)C(=O)Nc1cc(C(=O)O)cc(C(=O)O)c1";"Ki";"'='";"1.58";"nM";"8.80";"";"355684";"UO_0000065";"15.84";"0.31";"4.03";"4.89";"1";"CHEMBL3887805";"Trypsin Inhibition Assay: Using a 96 well plate (#3915, Costar), a test compound (25 uL) was mixed with 20 uM fluorescence enzyme substrate (Boc-Phe-Ser-Arg-AMC, 50 uL) mixed with 200 mM Tris-HCl buffer (pH 8.0), and human trypsin (Sigma, 25 uL) was added. Using a fluorescence plate reader fmax (Molecular Devices, Inc.), the reaction rate was measured from the time-course changes at excitation wavelength 355 nm and fluorescence wavelength 460 nm.";"B";"BAO_0000357";"single protein format";"Homo sapiens";"None";"None";"None";"None";"";"";"";"CHEMBL209";"Serine protease 1";"Homo sapiens";"SINGLE PROTEIN";"CHEMBL3886456";"37";"BindingDB Patent Bioactivity Data";"";"2016";"None";"";"";"";"1.58"
"CHEMBL3672887";"";"None";"527.53";"1";"3.99";"BDBM158147";"CC(C)(Cc1ccc(C(=O)Oc2ccc(C(=N)N)cc2F)s1)C(=O)Nc1cc(C(=O)O)ccc1C(=O)O";"Ki";"'='";"3.72";"nM";"8.43";"";"355693";"UO_0000065";"15.98";"0.31";"4.44";"4.69";"1";"CHEMBL3887805";"Trypsin Inhibition Assay: Using a 96 well plate (#3915, Costar), a test compound (25 uL) was mixed with 20 uM fluorescence enzyme substrate (Boc-Phe-Ser-Arg-AMC, 50 uL) mixed with 200 mM Tris-HCl buffer (pH 8.0), and human trypsin (Sigma, 25 uL) was added. Using a fluorescence plate reader fmax (Molecular Devices, Inc.), the reaction rate was measured from the time-course changes at excitation wavelength 355 nm and fluorescence wavelength 460 nm.";"B";"BAO_0000357";"single protein format";"Homo sapiens";"None";"None";"None";"None";"";"";"";"CHEMBL209";"Serine protease 1";"Homo sapiens";"SINGLE PROTEIN";"CHEMBL3886456";"37";"BindingDB Patent Bioactivity Data";"";"2016";"None";"";"";"";"3.72"
"CHEMBL3672888";"";"None";"475.54";"0";"3.28";"BDBM158148";"CC(C)(Cc1ccc(C(=O)Oc2ccc(C(=N)N)cc2F)s1)C(=O)N(CC(=O)O)CC1CC1";"Ki";"'='";"2.01";"nM";"8.70";"";"355694";"UO_0000065";"18.29";"0.36";"5.42";"6.50";"1";"CHEMBL3887805";"Trypsin Inhibition Assay: Using a 96 well plate (#3915, Costar), a test compound (25 uL) was mixed with 20 uM fluorescence enzyme substrate (Boc-Phe-Ser-Arg-AMC, 50 uL) mixed with 200 mM Tris-HCl buffer (pH 8.0), and human trypsin (Sigma, 25 uL) was added. Using a fluorescence plate reader fmax (Molecular Devices, Inc.), the reaction rate was measured from the time-course changes at excitation wavelength 355 nm and fluorescence wavelength 460 nm.";"B";"BAO_0000357";"single protein format";"Homo sapiens";"None";"None";"None";"None";"";"";"";"CHEMBL209";"Serine protease 1";"Homo sapiens";"SINGLE PROTEIN";"CHEMBL3886456";"37";"BindingDB Patent Bioactivity Data";"";"2016";"None";"";"";"";"2.01"
"CHEMBL3672889";"";"None";"506.56";"1";"2.06";"BDBM158149";"CCC(CC)(Cc1ccc(C(=O)Oc2ccc(C(=N)N)cc2F)s1)C(=O)NCC(=O)NCC(=O)O";"Ki";"'='";"1.42";"nM";"8.85";"";"355695";"UO_0000065";"17.47";"0.35";"6.79";"5.15";"1";"CHEMBL3887805";"Trypsin Inhibition Assay: Using a 96 well plate (#3915, Costar), a test compound (25 uL) was mixed with 20 uM fluorescence enzyme substrate (Boc-Phe-Ser-Arg-AMC, 50 uL) mixed with 200 mM Tris-HCl buffer (pH 8.0), and human trypsin (Sigma, 25 uL) was added. Using a fluorescence plate reader fmax (Molecular Devices, Inc.), the reaction rate was measured from the time-course changes at excitation wavelength 355 nm and fluorescence wavelength 460 nm.";"B";"BAO_0000357";"single protein format";"Homo sapiens";"None";"None";"None";"None";"";"";"";"CHEMBL209";"Serine protease 1";"Homo sapiens";"SINGLE PROTEIN";"CHEMBL3886456";"37";"BindingDB Patent Bioactivity Data";"";"2016";"None";"";"";"";"1.42"
"CHEMBL3672893";"";"None";"473.53";"0";"2.57";"BDBM158153";"CCC(CC)(Cc1ccc(C(=O)Oc2ccc(C(=N)N)cc2F)s1)C(=O)NCc1nnn[nH]1";"Ki";"'='";"3.54";"nM";"8.45";"";"355699";"UO_0000065";"17.85";"0.35";"5.88";"5.29";"1";"CHEMBL3887805";"Trypsin Inhibition Assay: Using a 96 well plate (#3915, Costar), a test compound (25 uL) was mixed with 20 uM fluorescence enzyme substrate (Boc-Phe-Ser-Arg-AMC, 50 uL) mixed with 200 mM Tris-HCl buffer (pH 8.0), and human trypsin (Sigma, 25 uL) was added. Using a fluorescence plate reader fmax (Molecular Devices, Inc.), the reaction rate was measured from the time-course changes at excitation wavelength 355 nm and fluorescence wavelength 460 nm.";"B";"BAO_0000357";"single protein format";"Homo sapiens";"None";"None";"None";"None";"";"";"";"CHEMBL209";"Serine protease 1";"Homo sapiens";"SINGLE PROTEIN";"CHEMBL3886456";"37";"BindingDB Patent Bioactivity Data";"";"2016";"None";"";"";"";"3.54"
"CHEMBL321319";"";"None";"447.52";"0";"4.43";"18c";"CCS(=O)(=O)c1cc(-c2cc(C(=O)Nc3ccccc3)cc3ccc(C(=N)N)cc23)co1";"Ki";"'='";"3.5";"nM";"8.46";"";"";"UO_0000065";"18.90";"0.36";"4.03";"6.70";"0";"CHEMBL817133";"Binding affinity against trypsin";"B";"BAO_0000357";"single protein format";"None";"None";"None";"None";"None";"";"";"";"CHEMBL209";"Serine protease 1";"Homo sapiens";"SINGLE PROTEIN";"CHEMBL1146777";"1";"Scientific Literature";"Bioorg Med Chem Lett";"2004";"None";"";"";"";"0.0035"
"CHEMBL350169";"";"None";"460.97";"0";"3.42";"3";"O=C1CN(S(=O)(=O)c2cc3ccc(Cl)cc3s2)CCN1Cc1cc2c[nH]ccc-2n1";"Ki";"'>'";"2900.0";"nM";"";"";"";"UO_0000065";"";"";"";"";"0";"CHEMBL821459";"Binding affinity towards trypsin";"B";"BAO_0000357";"single protein format";"None";"None";"None";"None";"None";"";"";"";"CHEMBL209";"Serine protease 1";"Homo sapiens";"SINGLE PROTEIN";"CHEMBL1144944";"1";"Scientific Literature";"J Med Chem";"2003";"None";"";"";"";"2900.0"
"CHEMBL162357";"";"None";"461.96";"0";"2.81";"15";"O=C1CN(S(=O)(=O)c2cc3ccc(Cl)cc3s2)CCN1Cc1nc2cc[nH]cc-2n1";"Ki";"'>'";"2900.0";"nM";"";"";"";"UO_0000065";"";"";"";"";"0";"CHEMBL821459";"Binding affinity towards trypsin";"B";"BAO_0000357";"single protein format";"None";"None";"None";"None";"None";"";"";"";"CHEMBL209";"Serine protease 1";"Homo sapiens";"SINGLE PROTEIN";"CHEMBL1144944";"1";"Scientific Literature";"J Med Chem";"2003";"None";"";"";"";"2900.0"
"CHEMBL305425";"";"None";"351.45";"0";"3.42";"9c";"CC(C)(C)c1ccc(C(=O)NC/C=C/c2cc(C(=N)N)ccc2O)cc1";"Ki";"'='";"2300.0";"nM";"5.64";"";"";"UO_0000065";"16.04";"0.30";"2.22";"5.68";"0";"CHEMBL817143";"In vitro inhibition of trypsin.";"B";"BAO_0000357";"single protein format";"None";"None";"None";"None";"None";"";"";"";"CHEMBL209";"Serine protease 1";"Homo sapiens";"SINGLE PROTEIN";"CHEMBL1133371";"1";"Scientific Literature";"Bioorg Med Chem Lett";"2000";"None";"";"";"";"2300.0"
"CHEMBL328875";"AMINOMETHYLBENZOIC ACID";"-1.0";"151.16";"0";"0.84";"7 (table 3)";"NCc1ccc(C(=O)O)cc1";"Ki";"'='";"500034534.98";"nM";"";"Outside typical range";"";"UO_0000065";"";"";"";"";"0";"CHEMBL858270";"Inhibition of trypsin";"B";"BAO_0000357";"single protein format";"None";"None";"None";"None";"None";"";"";"";"CHEMBL209";"Serine protease 1";"Homo sapiens";"SINGLE PROTEIN";"CHEMBL1132536";"1";"Scientific Literature";"J Med Chem";"1999";"None";"";"";"";"0.301"
"CHEMBL77949";"";"None";"732.93";"2";"1.22";"32";"N=C(N)N1CCC(CNC(=O)N2CCN(C(=O)O[C@H]3CCC[C@@H](OC(=O)N4CCN(C(=O)NCC5CCN(C(=N)N)CC5)CC4)CCC3)CC2)CC1";"Ki";"'>'";"1000000.0";"nM";"";"Outside typical range";"";"UO_0000065";"";"";"";"";"0";"CHEMBL824723";"Compound was evaluated for its inhibitory potency against trypsin";"B";"BAO_0000357";"single protein format";"None";"None";"None";"None";"None";"";"";"";"CHEMBL209";"Serine protease 1";"Homo sapiens";"SINGLE PROTEIN";"CHEMBL1132784";"1";"Scientific Literature";"Bioorg Med Chem Lett";"2000";"None";"";"";"";"1000.0"
"CHEMBL122456";"";"None";"465.50";"0";"1.82";"6";"COc1ccc(-n2nnnc2C(=O)Nc2ccc(-c3ccccc3S(N)(=O)=O)cc2)cc1N";"Ki";"'>'";"1600.0";"nM";"";"";"";"UO_0000065";"";"";"";"";"0";"CHEMBL817820";"Inhibitory constant against trypsin using human purified enzymes";"B";"BAO_0000357";"single protein format";"Homo sapiens";"None";"None";"None";"None";"";"";"";"CHEMBL209";"Serine protease 1";"Homo sapiens";"SINGLE PROTEIN";"CHEMBL1136511";"1";"Scientific Literature";"Bioorg Med Chem Lett";"2003";"None";"";"";"";"1600.0"
"CHEMBL167782";"";"None";"541.72";"1";"2.83";"35";"O=C(NC1CCc2n[nH]cc2C1)[C@@H]1CCCN1C(=O)[C@@H](CC1CCCCC1)NS(=O)(=O)Cc1ccccc1";"Ki";"'>'";"68300.0";"nM";"";"";"";"UO_0000065";"";"";"";"";"0";"CHEMBL817808";"In vitro inhibitory activity against Trypsin";"B";"BAO_0000357";"single protein format";"None";"None";"None";"None";"None";"";"";"";"CHEMBL209";"Serine protease 1";"Homo sapiens";"SINGLE PROTEIN";"CHEMBL1136607";"1";"Scientific Literature";"Bioorg Med Chem Lett";"2003";"None";"";"";"";"68.3"
"CHEMBL433510";"";"None";"561.66";"1";"1.39";"21";"CC(C)COC(=O)OC[C@@H](NS(=O)(=O)Cc1ccccc1)C(=O)N[C@@H](C)C(=O)NCc1ccc(C(=N)N)cc1";"Ki";"'='";"4.8";"nM";"8.32";"";"";"UO_0000065";"14.81";"0.29";"6.93";"4.38";"0";"CHEMBL811611";"In vitro inhibition of trypsin.";"B";"BAO_0000357";"single protein format";"None";"None";"None";"None";"None";"";"";"";"CHEMBL209";"Serine protease 1";"Homo sapiens";"SINGLE PROTEIN";"CHEMBL1135855";"1";"Scientific Literature";"Bioorg Med Chem Lett";"2002";"None";"";"";"";"0.0048"
"CHEMBL149583";"";"None";"516.50";"1";"4.47";"13a";"COc1ccc(-n2nc(C(F)(F)F)cc2C(=O)Nc2ccc(-c3ccccc3S(N)(=O)=O)cc2)cc1";"Ki";"'>'";"1500.0";"nM";"";"";"";"UO_0000065";"";"";"";"";"0";"CHEMBL817826";"Tested in vitro for inhibition of human trypsin";"B";"BAO_0000357";"single protein format";"None";"None";"None";"None";"None";"";"";"";"CHEMBL209";"Serine protease 1";"Homo sapiens";"SINGLE PROTEIN";"CHEMBL1145914";"1";"Scientific Literature";"J Med Chem";"2003";"None";"";"";"";"1500.0"
"CHEMBL134736";"";"None";"461.55";"0";"3.21";"50";"Cc1cc(C(=O)Nc2ccc(-c3ccccc3S(N)(=O)=O)cc2)n(-c2cccc(CN)c2)n1";"Ki";"'='";"250.0";"nM";"6.60";"";"";"UO_0000065";"14.30";"0.27";"3.39";"4.96";"0";"CHEMBL817826";"Tested in vitro for inhibition of human trypsin";"B";"BAO_0000357";"single protein format";"None";"None";"None";"None";"None";"";"";"";"CHEMBL209";"Serine protease 1";"Homo sapiens";"SINGLE PROTEIN";"CHEMBL1145914";"1";"Scientific Literature";"J Med Chem";"2003";"None";"";"";"";"250.0"
"CHEMBL92615";"";"None";"558.51";"1";"4.38";"22";"CN1CCCCCOc2ccc(Cl)cc2CNC(=O)Cn2c(Cl)cnc(c2=O)N[C@@H](Cc2ccccc2)C1";"Ki";"'='";"40.0";"nM";"7.40";"";"";"UO_0000065";"13.25";"0.27";"3.02";"8.36";"0";"CHEMBL817817";"Inhibitory activity against human trypsin";"B";"BAO_0000357";"single protein format";"None";"None";"None";"None";"None";"";"";"";"CHEMBL209";"Serine protease 1";"Homo sapiens";"SINGLE PROTEIN";"CHEMBL1136169";"1";"Scientific Literature";"Bioorg Med Chem Lett";"2003";"None";"";"";"";"0.04"
"CHEMBL124571";"";"None";"509.55";"0";"0.00";"(2R) 6";"CC(=O)N1C[C@H](O)C[C@H]1C(=O)N[C@@H](CCCN=C(N)N)C(=O)c1nc2ccccc2s1.O=[N+]([O-])O";"Ki";"'='";"170.0";"nM";"6.77";"";"";"UO_0000065";"15.16";"0.30";"None";"4.13";"0";"CHEMBL655074";"In vitro inhibition of bovine trypsin.";"B";"BAO_0000357";"single protein format";"None";"None";"None";"None";"None";"";"";"";"CHEMBL209";"Serine protease 1";"Homo sapiens";"SINGLE PROTEIN";"CHEMBL1145070";"1";"Scientific Literature";"J Med Chem";"2003";"None";"";"";"";"170.0"
"CHEMBL25351";"";"None";"499.58";"0";"4.58";"8g";"CC(=N)N1CCC(Oc2ccc3c(nc(C)n3Cc3ccc4ccc(C(=N)N)cc4c3)c2[N+](=O)[O-])CC1";"Ki";"'='";"3.0";"nM";"8.52";"";"";"UO_0000065";"17.06";"0.31";"3.94";"5.79";"0";"CHEMBL817144";"Tested in vitro for the selectivity against trypsin (Trp)";"B";"BAO_0000357";"single protein format";"None";"None";"None";"None";"None";"";"";"";"CHEMBL209";"Serine protease 1";"Homo sapiens";"SINGLE PROTEIN";"CHEMBL1135304";"1";"Scientific Literature";"Bioorg Med Chem Lett";"2002";"None";"";"";"";"3.0"
"CHEMBL76424";"";"None";"730.96";"1";"2.41";"50";"N=C(N)N1CCC(CCC(=O)N2CCN(C(=O)O[C@H]3CCC[C@@H](OC(=O)N4CCN(C(=O)CCC5CCN(C(=N)N)CC5)CC4)CCC3)CC2)CC1";"Ki";"'='";"171000.0";"nM";"";"Outside typical range";"";"UO_0000065";"";"";"";"";"0";"CHEMBL824723";"Compound was evaluated for its inhibitory potency against trypsin";"B";"BAO_0000357";"single protein format";"None";"None";"None";"None";"None";"";"";"";"CHEMBL209";"Serine protease 1";"Homo sapiens";"SINGLE PROTEIN";"CHEMBL1132784";"1";"Scientific Literature";"Bioorg Med Chem Lett";"2000";"None";"";"";"";"171.0"
"CHEMBL80502";"";"None";"708.86";"1";"3.39";"27";"N=C(N)Nc1ccc(CNC(=O)N2CCN(C(=O)O[C@H]3CCC[C@@H](OC(=O)N4CCN(C(=O)CCCCn5ccnc5)CC4)CCC3)CC2)cc1";"Ki";"'='";"144000.0";"nM";"";"Outside typical range";"";"UO_0000065";"";"";"";"";"0";"CHEMBL824723";"Compound was evaluated for its inhibitory potency against trypsin";"B";"BAO_0000357";"single protein format";"None";"None";"None";"None";"None";"";"";"";"CHEMBL209";"Serine protease 1";"Homo sapiens";"SINGLE PROTEIN";"CHEMBL1132784";"1";"Scientific Literature";"Bioorg Med Chem Lett";"2000";"None";"";"";"";"144.0"
"CHEMBL29205";"";"None";"361.52";"0";"4.55";"41";"COc1cccc(-c2csc(-c3cc(C(=N)N)sc3SC)n2)c1";"Ki";"'='";"860.0";"nM";"6.07";"";"";"UO_0000065";"16.78";"0.36";"1.52";"8.43";"0";"CHEMBL811785";"Inhibitory activity against Trypsin";"B";"BAO_0000357";"single protein format";"None";"None";"None";"None";"None";"";"";"";"CHEMBL209";"Serine protease 1";"Homo sapiens";"SINGLE PROTEIN";"CHEMBL1134078";"1";"Scientific Literature";"Bioorg Med Chem Lett";"2001";"None";"";"";"";"0.86"
"CHEMBL2373345";"";"None";"605.59";"None";"None";"14";"CC(C)(C)OC(=O)/C=C/c1nc(Cc2ccccc2)n(CC(=O)N[C@@H](CCCCN)B2O[C@@H]3C[C@@H]4C[C@@H](C4(C)C)[C@]3(C)O2)n1";"Ki";"'='";"36.0";"nM";"7.44";"";"";"UO_0000065";"12.29";"None";"None";"None";"0";"CHEMBL811614";"Inhibition of trypsin";"B";"BAO_0000357";"single protein format";"None";"None";"None";"None";"None";"";"";"";"CHEMBL209";"Serine protease 1";"Homo sapiens";"SINGLE PROTEIN";"CHEMBL1130774";"1";"Scientific Literature";"Bioorg Med Chem Lett";"1998";"None";"";"";"";"36.0"
"CHEMBL352009";"";"None";"459.53";"1";"-0.35";"11";"N=C(N)c1ccc(CNC(=O)CNC(=O)[C@@H](CO)NS(=O)(=O)/C=C/c2ccccc2)cc1";"Ki";"'='";"1700.0";"nM";"5.77";"";"";"UO_0000065";"12.56";"0.25";"6.12";"3.31";"0";"CHEMBL811611";"In vitro inhibition of trypsin.";"B";"BAO_0000357";"single protein format";"None";"None";"None";"None";"None";"";"";"";"CHEMBL209";"Serine protease 1";"Homo sapiens";"SINGLE PROTEIN";"CHEMBL1135855";"1";"Scientific Literature";"Bioorg Med Chem Lett";"2002";"None";"";"";"";"1.7"
"CHEMBL318854";"";"None";"329.55";"0";"2.40";"1";"NCCCCCCN(CCCCCCN)C1CSCCC1=O";"Ki";"'='";"1400000.0";"nM";"";"Outside typical range";"";"UO_0000065";"";"";"";"";"0";"CHEMBL816555";"Compound was evaluated for its binding affinity against trypsin";"B";"BAO_0000357";"single protein format";"None";"None";"None";"None";"None";"";"";"";"CHEMBL209";"Serine protease 1";"Homo sapiens";"SINGLE PROTEIN";"CHEMBL1132325";"1";"Scientific Literature";"J Med Chem";"1999";"None";"";"";"";"1400.0"
"CHEMBL158936";"";"None";"447.52";"1";"-0.82";"10";"N=C(N)c1ccc(CNC(=O)CNC(=O)[C@@H](CO)NS(=O)(=O)Cc2ccccc2)cc1";"Ki";"'='";"150.0";"nM";"6.82";"";"";"UO_0000065";"15.25";"0.30";"7.64";"3.91";"0";"CHEMBL811611";"In vitro inhibition of trypsin.";"B";"BAO_0000357";"single protein format";"None";"None";"None";"None";"None";"";"";"";"CHEMBL209";"Serine protease 1";"Homo sapiens";"SINGLE PROTEIN";"CHEMBL1135855";"1";"Scientific Literature";"Bioorg Med Chem Lett";"2002";"None";"";"";"";"0.15"
"CHEMBL2373302";"";"None";"640.54";"None";"None";"20";"CC1(C)[C@@H]2C[C@H]3OB([C@H](CCCCN)NC(=O)Cn4nc(CNS(=O)(=O)C(F)(F)F)nc4Cc4ccccc4)O[C@@]3(C)[C@H]1C2";"Ki";"'>'";"1200.0";"nM";"";"";"";"UO_0000065";"";"";"";"";"0";"CHEMBL811614";"Inhibition of trypsin";"B";"BAO_0000357";"single protein format";"None";"None";"None";"None";"None";"";"";"";"CHEMBL209";"Serine protease 1";"Homo sapiens";"SINGLE PROTEIN";"CHEMBL1130774";"1";"Scientific Literature";"Bioorg Med Chem Lett";"1998";"None";"";"";"";"1200.0"
"CHEMBL82658";"";"None";"479.67";"0";"2.68";"10";"N=C(N)N1CCC(OCCC2CCCCN2C(=O)[C@H](CC(=O)O)NC2CCCCCCC2)CC1";"Ki";"'='";"720.0";"nM";"6.14";"";"";"UO_0000065";"12.81";"0.25";"3.46";"4.65";"0";"CHEMBL817823";"In vitro inhibition of human trypsin.";"B";"BAO_0000357";"single protein format";"None";"None";"None";"None";"None";"";"";"";"CHEMBL209";"Serine protease 1";"Homo sapiens";"SINGLE PROTEIN";"CHEMBL1135990";"1";"Scientific Literature";"J Med Chem";"2002";"None";"";"";"";"720.0"
"CHEMBL1202108";"";"None";"574.37";"None";"None";"DuP-714";"CC(=O)N[C@H](Cc1ccccc1)C(=O)N1CCC[C@@H]1C(=O)NC(CCCN=C(N)N)B(O)O.O=C(O)C(F)(F)F";"Ki";"'='";"55.0";"nM";"7.26";"";"";"UO_0000065";"15.77";"None";"None";"None";"0";"CHEMBL824707";"The binding affinity was measured on trypsin obtained from Human purified enzymes";"B";"BAO_0000357";"single protein format";"None";"None";"None";"None";"None";"";"";"";"CHEMBL209";"Serine protease 1";"Homo sapiens";"SINGLE PROTEIN";"CHEMBL1132311";"1";"Scientific Literature";"J Med Chem";"1999";"None";"";"";"";"55.0"
"CHEMBL360313";"";"None";"446.55";"0";"4.24";"2";"CCOc1ccc(C(Nc2ccc(C(=N)N)cc2)C(=O)NCc2ccccc2)cc1OCC";"Ki";"'='";"2000.0";"nM";"5.70";"";"";"UO_0000065";"12.76";"0.24";"1.46";"5.21";"0";"CHEMBL828075";"The value of binding constant measured against human trypsin";"B";"BAO_0000357";"single protein format";"Homo sapiens";"None";"None";"None";"None";"";"";"";"CHEMBL209";"Serine protease 1";"Homo sapiens";"SINGLE PROTEIN";"CHEMBL1144307";"1";"Scientific Literature";"Bioorg Med Chem Lett";"2005";"None";"";"";"";"2.0"
"CHEMBL180857";"";"None";"508.62";"2";"5.42";"4";"CCOc1cc(C(Nc2ccc(C(=N)N)cc2)C(=O)NCc2ccccc2)ccc1OCc1ccccc1";"Ki";"'='";"1100.0";"nM";"5.96";"";"";"UO_0000065";"11.72";"0.21";"0.54";"5.44";"0";"CHEMBL828075";"The value of binding constant measured against human trypsin";"B";"BAO_0000357";"single protein format";"Homo sapiens";"None";"None";"None";"None";"";"";"";"CHEMBL209";"Serine protease 1";"Homo sapiens";"SINGLE PROTEIN";"CHEMBL1144307";"1";"Scientific Literature";"Bioorg Med Chem Lett";"2005";"None";"";"";"";"1.1"
"CHEMBL19038";"";"None";"705.63";"0";"1.99";"23";"N=C(N)c1cccc([C@@H]2CN(Cc3ccc(-c4ccccc4S(N)(=O)=O)cc3)C[C@H]2C(N)=O)c1.O=C(O)C(F)(F)F.O=C(O)C(F)(F)F";"Ki";"'='";"500.0";"nM";"6.30";"";"";"UO_0000065";"13.19";"0.25";"4.31";"4.03";"0";"CHEMBL818183";"Binding affinity against trypsin in an enzyme inhibition assay.";"B";"BAO_0000357";"single protein format";"None";"None";"None";"None";"None";"";"";"";"CHEMBL209";"Serine protease 1";"Homo sapiens";"SINGLE PROTEIN";"CHEMBL1131683";"1";"Scientific Literature";"Bioorg Med Chem Lett";"1999";"None";"";"";"";"500.0"
"CHEMBL47207";"";"None";"445.54";"0";"2.61";"7c";"COC(=O)[C@H](Cc1cccc(C(=N)N)c1)[C@@H](C)NC(=O)c1ccc(-c2cc[n+](C)cc2)cc1";"Ki";"'='";"168.0";"nM";"6.78";"";"";"UO_0000065";"15.21";"0.28";"4.16";"6.21";"0";"CHEMBL817811";"In vitro inhibitory potency against Trypsin";"B";"BAO_0000357";"single protein format";"Homo sapiens";"None";"None";"None";"None";"";"";"";"CHEMBL209";"Serine protease 1";"Homo sapiens";"SINGLE PROTEIN";"CHEMBL1135155";"1";"Scientific Literature";"Bioorg Med Chem Lett";"2002";"None";"";"";"";"168.0"
"CHEMBL81251";"";"None";"437.59";"0";"1.51";"8";"N=C(N)N1CCC(OCCC2CCCCN2C(=O)[C@H](CC(=O)O)NC2CCCC2)CC1";"Ki";"'='";"5000.0";"nM";"5.30";"";"";"UO_0000065";"12.11";"0.23";"3.79";"4.02";"0";"CHEMBL817823";"In vitro inhibition of human trypsin.";"B";"BAO_0000357";"single protein format";"None";"None";"None";"None";"None";"";"";"";"CHEMBL209";"Serine protease 1";"Homo sapiens";"SINGLE PROTEIN";"CHEMBL1135990";"1";"Scientific Literature";"J Med Chem";"2002";"None";"";"";"";"5000.0"
"CHEMBL18627";"";"None";"704.65";"0";"3.09";"26";"CC(=O)[C@@H]1CN(Cc2ccc(-c3ccccc3S(N)(=O)=O)cc2)C[C@H]1c1cccc(C(=N)N)c1.O=C(O)C(F)(F)F.O=C(O)C(F)(F)F";"Ki";"'='";"200.0";"nM";"6.70";"";"";"UO_0000065";"14.06";"0.27";"3.61";"5.14";"0";"CHEMBL818183";"Binding affinity against trypsin in an enzyme inhibition assay.";"B";"BAO_0000357";"single protein format";"None";"None";"None";"None";"None";"";"";"";"CHEMBL209";"Serine protease 1";"Homo sapiens";"SINGLE PROTEIN";"CHEMBL1131683";"1";"Scientific Literature";"Bioorg Med Chem Lett";"1999";"None";"";"";"";"200.0"
"CHEMBL353793";"";"None";"460.97";"0";"3.42";"14";"O=C1CN(S(=O)(=O)c2cc3ccc(Cl)cc3s2)CCN1Cc1cc2cc[nH]cc-2n1";"Ki";"'>'";"2900.0";"nM";"";"";"";"UO_0000065";"";"";"";"";"0";"CHEMBL821459";"Binding affinity towards trypsin";"B";"BAO_0000357";"single protein format";"None";"None";"None";"None";"None";"";"";"";"CHEMBL209";"Serine protease 1";"Homo sapiens";"SINGLE PROTEIN";"CHEMBL1144944";"1";"Scientific Literature";"J Med Chem";"2003";"None";"";"";"";"2900.0"
"CHEMBL156858";"";"None";"396.47";"0";"1.72";"1";"N=C(N)c1ccc(CNC(=O)CNS(=O)(=O)c2ccc3ccccc3c2)cc1";"Ki";"'='";"650.0";"nM";"6.19";"";"";"UO_0000065";"15.61";"0.30";"4.47";"4.94";"0";"CHEMBL811611";"In vitro inhibition of trypsin.";"B";"BAO_0000357";"single protein format";"None";"None";"None";"None";"None";"";"";"";"CHEMBL209";"Serine protease 1";"Homo sapiens";"SINGLE PROTEIN";"CHEMBL1135855";"1";"Scientific Literature";"Bioorg Med Chem Lett";"2002";"None";"";"";"";"0.65"
"CHEMBL24565";"";"None";"431.58";"1";"5.12";"21c";"CCc1nc2cc(OC3CCN(C(C)=N)CC3)ccc2n1C/C(C)=C/c1cccc(N)c1";"Ki";"'='";"6.9";"nM";"8.16";"";"";"UO_0000065";"18.91";"0.35";"3.04";"10.18";"0";"CHEMBL817144";"Tested in vitro for the selectivity against trypsin (Trp)";"B";"BAO_0000357";"single protein format";"None";"None";"None";"None";"None";"";"";"";"CHEMBL209";"Serine protease 1";"Homo sapiens";"SINGLE PROTEIN";"CHEMBL1135304";"1";"Scientific Literature";"Bioorg Med Chem Lett";"2002";"None";"";"";"";"6.9"
"CHEMBL179938";"";"None";"361.45";"0";"4.17";"6";"COc1cc(CNc2ccc(C(=N)N)cc2)ccc1OCc1ccccc1";"Ki";"'='";"580.0";"nM";"6.24";"";"";"UO_0000065";"17.25";"0.32";"2.07";"7.76";"0";"CHEMBL828075";"The value of binding constant measured against human trypsin";"B";"BAO_0000357";"single protein format";"Homo sapiens";"None";"None";"None";"None";"";"";"";"CHEMBL209";"Serine protease 1";"Homo sapiens";"SINGLE PROTEIN";"CHEMBL1144307";"1";"Scientific Literature";"Bioorg Med Chem Lett";"2005";"None";"";"";"";"0.58"
"CHEMBL94864";"";"None";"572.45";"1";"3.56";"25";"O=C1Cn2c(Cl)cnc(c2=O)N[C@@H](Cc2ccccc2)CNC(=O)OC/C=C/COc2ccc(Cl)cc2CN1";"Ki";"'='";"580.0";"nM";"6.24";"";"";"UO_0000065";"10.89";"0.22";"2.68";"5.05";"0";"CHEMBL817817";"Inhibitory activity against human trypsin";"B";"BAO_0000357";"single protein format";"None";"None";"None";"None";"None";"";"";"";"CHEMBL209";"Serine protease 1";"Homo sapiens";"SINGLE PROTEIN";"CHEMBL1136169";"1";"Scientific Literature";"Bioorg Med Chem Lett";"2003";"None";"";"";"";"0.58"
"CHEMBL353431";"";"None";"469.57";"0";"2.01";"7";"Cc1cc(N)nc(C)c1CNC(=O)Cn1c(C)ccc(NS(=O)(=O)Cc2ccccc2)c1=O";"Ki";"'='";"2100.0";"nM";"5.68";"";"";"UO_0000065";"12.09";"0.23";"3.67";"4.17";"0";"CHEMBL816554";"Binding affinity towards trypsin was evaluated";"B";"BAO_0000357";"single protein format";"None";"None";"None";"None";"None";"";"";"";"CHEMBL209";"Serine protease 1";"Homo sapiens";"SINGLE PROTEIN";"CHEMBL1130777";"1";"Scientific Literature";"Bioorg Med Chem Lett";"1998";"None";"";"";"";"2100.0"
"CHEMBL303211";"";"None";"363.42";"0";"2.43";"3f";"N=C(N)c1ccc(O)c(CCCNC(=O)c2ccc(-c3c[nH]cn3)cc2)c1";"Ki";"'~'";"2900.0";"nM";"";"";"";"UO_0000065";"";"";"";"";"0";"CHEMBL817143";"In vitro inhibition of trypsin.";"B";"BAO_0000357";"single protein format";"None";"None";"None";"None";"None";"";"";"";"CHEMBL209";"Serine protease 1";"Homo sapiens";"SINGLE PROTEIN";"CHEMBL1133371";"1";"Scientific Literature";"Bioorg Med Chem Lett";"2000";"None";"";"";"";"2900.0"
"CHEMBL279721";"";"None";"494.64";"1";"5.44";"14a";"CCc1nc2ccc(OC3CCN(C(C)=N)CC3)cc2n1Cc1cccc(-c2ccc(C(=N)N)cc2)c1";"Ki";"'='";"430.0";"nM";"6.37";"";"";"UO_0000065";"12.87";"0.23";"0.93";"6.12";"0";"CHEMBL817144";"Tested in vitro for the selectivity against trypsin (Trp)";"B";"BAO_0000357";"single protein format";"None";"None";"None";"None";"None";"";"";"";"CHEMBL209";"Serine protease 1";"Homo sapiens";"SINGLE PROTEIN";"CHEMBL1135304";"1";"Scientific Literature";"Bioorg Med Chem Lett";"2002";"None";"";"";"";"430.0"
"CHEMBL1160792";"";"None";"698.64";"0";"2.38";"17";"N=C(N)c1cccc(N2CCCCN(C3CCN(S(=O)(=O)Cc4ccccn4)CC3)C2=O)c1.O=C(O)C(F)(F)F.O=C(O)C(F)(F)F";"Ki";"'='";"57.0";"nM";"7.24";"";"";"UO_0000065";"15.39";"0.30";"4.86";"5.86";"0";"CHEMBL818020";"Inhibitory activity against trypsin";"B";"BAO_0000357";"single protein format";"None";"None";"None";"None";"None";"";"";"";"CHEMBL209";"Serine protease 1";"Homo sapiens";"SINGLE PROTEIN";"CHEMBL1133385";"1";"Scientific Literature";"Bioorg Med Chem Lett";"2000";"None";"";"";"";"57.0"
"CHEMBL3667897";"";"None";"507.54";"1";"2.78";"BDBM158097";"CCC(CC)(Cc1ccc(C(=O)Oc2ccc(C(=N)N)cc2F)s1)C(=O)N[C@@H](CC(=O)O)C(=O)O";"Ki";"'='";"1.04";"nM";"8.98";"";"300458";"UO_0000065";"17.70";"0.35";"6.20";"4.99";"0";"CHEMBL3705369";"Inhibition Assay: Using a 96 well plate (#3915, Costar), a test compound (25 μL) was mixed with 20 μM fluorescence enzyme substrate (Boc-Phe-Ser-Arg-AMC, 50 μL) mixed with 200 mM Tris-HCl buffer (pH 8.0), and human trypsin (Sigma, 25 μL) was added. Using a fluorescence plate reader fmax (Molecular Devices, Inc.), the reaction rate was measured from the time-course changes at excitation wavelength 355 nm and fluorescence wavelength 460 nm.";"B";"BAO_0000357";"single protein format";"Homo sapiens";"None";"None";"None";"None";"";"";"";"CHEMBL209";"Serine protease 1";"Homo sapiens";"SINGLE PROTEIN";"CHEMBL3639122";"37";"BindingDB Patent Bioactivity Data";"";"2015";"None";"";"";"";"1.04"
"CHEMBL3667908";"";"None";"477.56";"0";"3.72";"BDBM158102";"CCC(CC)(Cc1ccc(C(=O)Oc2ccc(C(=N)N)cc2F)s1)C(=O)NCCCC(=O)O";"Ki";"'='";"2.73";"nM";"8.56";"";"300463";"UO_0000065";"17.93";"0.35";"4.84";"6.01";"0";"CHEMBL3705369";"Inhibition Assay: Using a 96 well plate (#3915, Costar), a test compound (25 μL) was mixed with 20 μM fluorescence enzyme substrate (Boc-Phe-Ser-Arg-AMC, 50 μL) mixed with 200 mM Tris-HCl buffer (pH 8.0), and human trypsin (Sigma, 25 μL) was added. Using a fluorescence plate reader fmax (Molecular Devices, Inc.), the reaction rate was measured from the time-course changes at excitation wavelength 355 nm and fluorescence wavelength 460 nm.";"B";"BAO_0000357";"single protein format";"Homo sapiens";"None";"None";"None";"None";"";"";"";"CHEMBL209";"Serine protease 1";"Homo sapiens";"SINGLE PROTEIN";"CHEMBL3639122";"37";"BindingDB Patent Bioactivity Data";"";"2015";"None";"";"";"";"2.73"
"CHEMBL3672863";"";"None";"523.59";"1";"4.24";"BDBM158122";"CC(C)(Cc1ccc(C(=O)Oc2ccc(C(=N)N)cc2F)s1)C(=O)N1CCc2ccc(C(=O)O)cc2C1";"Ki";"'='";"3.49";"nM";"8.46";"";"300483";"UO_0000065";"16.15";"0.31";"4.22";"6.32";"0";"CHEMBL3705369";"Inhibition Assay: Using a 96 well plate (#3915, Costar), a test compound (25 μL) was mixed with 20 μM fluorescence enzyme substrate (Boc-Phe-Ser-Arg-AMC, 50 μL) mixed with 200 mM Tris-HCl buffer (pH 8.0), and human trypsin (Sigma, 25 μL) was added. Using a fluorescence plate reader fmax (Molecular Devices, Inc.), the reaction rate was measured from the time-course changes at excitation wavelength 355 nm and fluorescence wavelength 460 nm.";"B";"BAO_0000357";"single protein format";"Homo sapiens";"None";"None";"None";"None";"";"";"";"CHEMBL209";"Serine protease 1";"Homo sapiens";"SINGLE PROTEIN";"CHEMBL3639122";"37";"BindingDB Patent Bioactivity Data";"";"2015";"None";"";"";"";"3.49"
"CHEMBL1160791";"";"None";"698.64";"0";"2.43";"11";"N=C(N)c1cccc(N2CCCCN(C3CCN(S(=O)(=O)c4ccccc4N)CC3)C2=O)c1.O=C(O)C(F)(F)F.O=C(O)C(F)(F)F";"Ki";"'='";"130.0";"nM";"6.89";"";"";"UO_0000065";"14.63";"0.28";"4.46";"5.03";"0";"CHEMBL818020";"Inhibitory activity against trypsin";"B";"BAO_0000357";"single protein format";"None";"None";"None";"None";"None";"";"";"";"CHEMBL209";"Serine protease 1";"Homo sapiens";"SINGLE PROTEIN";"CHEMBL1133385";"1";"Scientific Literature";"Bioorg Med Chem Lett";"2000";"None";"";"";"";"130.0"
"CHEMBL1907672";"";"None";"491.57";"0";"2.80";"1g";"COc1ccc2ccc(S(=O)(=O)N(C)[C@H]3CCN(Cc4ccc5ncnc(N)c5c4)C3=O)cc2c1";"Ki";"'>'";"2900.0";"nM";"";"";"";"UO_0000065";"";"";"";"";"0";"CHEMBL811783";"In vitro evaluation of inhibitory activity against trypsin";"B";"BAO_0000357";"single protein format";"None";"None";"None";"None";"None";"";"";"";"CHEMBL209";"Serine protease 1";"Homo sapiens";"SINGLE PROTEIN";"CHEMBL1132509";"1";"Scientific Literature";"Bioorg Med Chem Lett";"1999";"None";"";"";"";"2.9"
"CHEMBL2373400";"";"None";"551.50";"None";"None";"13";"CC1(C)[C@@H]2C[C@H]3OB([C@H](CCCCN)NC(=O)Cn4nc(CCC(=O)O)nc4Cc4ccccc4)O[C@@]3(C)[C@H]1C2";"Ki";"'='";"7.1";"nM";"8.15";"";"";"UO_0000065";"14.78";"None";"None";"None";"0";"CHEMBL811614";"Inhibition of trypsin";"B";"BAO_0000357";"single protein format";"None";"None";"None";"None";"None";"";"";"";"CHEMBL209";"Serine protease 1";"Homo sapiens";"SINGLE PROTEIN";"CHEMBL1130774";"1";"Scientific Literature";"Bioorg Med Chem Lett";"1998";"None";"";"";"";"7.1"
"CHEMBL327403";"";"None";"649.65";"1";"3.21";"46";"CCCOCC1(C(=O)Nc2ccc(-c3ccccc3S(N)(=O)=O)cc2)CC(c2cccc(C(=N)N)c2)=NO1.O=C(O)C(F)(F)F";"Ki";"'='";"90.0";"nM";"7.05";"";"";"UO_0000065";"13.15";"0.25";"3.84";"4.15";"0";"CHEMBL824706";"Binding affinity towards trypsin obtained from human purified enzymes";"B";"BAO_0000357";"single protein format";"None";"None";"None";"None";"None";"";"";"";"CHEMBL209";"Serine protease 1";"Homo sapiens";"SINGLE PROTEIN";"CHEMBL1132652";"1";"Scientific Literature";"J Med Chem";"1999";"None";"";"";"";"90.0"
"CHEMBL278549";"";"None";"951.22";"3";"1.02";"4";"CC[C@@H](C)[C@@H](NC(=O)[C@@H](C)NC(=O)[C@@H](CCC(=O)O)NC(=O)[C@@H](CC(C)C)NC(=O)[C@@H](Cc1ccccc1)NC(=O)[C@H](N)CCSC)C(=O)N1CCC[C@H]1C(=O)N[C@@H](CCSC)C(=O)O";"Ki";"";"";"nM";"";"";"Not Active";"UO_0000065";"";"";"";"";"0";"CHEMBL821462";"Competitive inhibition constant against trypsin using the reporter substrate Ac-R-pNa; No inhibition";"B";"BAO_0000357";"single protein format";"None";"None";"None";"None";"None";"";"";"";"CHEMBL209";"Serine protease 1";"Homo sapiens";"SINGLE PROTEIN";"CHEMBL1132903";"1";"Scientific Literature";"Bioorg Med Chem Lett";"2000";"None";"";"";"";""
"CHEMBL40854";"";"None";"637.66";"None";"None";"36";"Cc1cc(-c2ccccc2S(=O)(=O)NC(C)(C)C)ccc1C(=O)N[C@@H](CCCN=C(N)N)B1O[C@@H]2CC3CC(C3(C)C)[C@]2(C)O1";"Ki";"'='";"0.7";"nM";"9.15";"";"";"UO_0000065";"14.36";"None";"None";"None";"1";"CHEMBL817134";"Binding affinity against Trypsin";"B";"BAO_0000357";"single protein format";"None";"None";"None";"None";"None";"";"";"";"CHEMBL209";"Serine protease 1";"Homo sapiens";"SINGLE PROTEIN";"CHEMBL1133572";"1";"Scientific Literature";"J Med Chem";"2000";"None";"";"";"";"0.7"
"CHEMBL90741";"";"None";"463.97";"0";"2.31";"1o";"N=C(N)c1cccc(CN2CC[C@H](NS(=O)(=O)c3cc4nc(Cl)ccc4s3)C2=O)c1";"Ki";"'>'";"2900.0";"nM";"";"";"";"UO_0000065";"";"";"";"";"0";"CHEMBL817137";"Binding affinity against trypsin";"B";"BAO_0000357";"single protein format";"None";"None";"None";"None";"None";"";"";"";"CHEMBL209";"Serine protease 1";"Homo sapiens";"SINGLE PROTEIN";"CHEMBL1131988";"1";"Scientific Literature";"Bioorg Med Chem Lett";"1999";"None";"";"";"";"2900.0"
"CHEMBL3667896";"";"None";"392.45";"0";"3.82";"BDBM158090";"CCC(CC)(Cc1ccc(C(=O)Oc2ccc(C(=N)N)cc2F)s1)C(=O)O";"Ki";"'='";"2.49";"nM";"8.60";"";"591870";"UO_0000065";"21.92";"0.44";"4.78";"7.58";"1";"CHEMBL5731810";"Inhibitory Activity Assay: Using a 96 well plate (#3915, Costar), a test compound (25 μL), 400 mM Tris-HCl buffer (pH 8.0, 25 μL) and 0.5 mg/mL fluorescence enzyme substrate (Gly-Asp-Asp-Asp-Asp-Lys-β-Naphtylamide, 25 μL) were mixed, and recombinant human enteropeptidase (R&D Systems, Inc., 25 μL) was added. Using a fluorescence plate reader fmax (Molecular Devices, Inc.), the reaction rate was measured from the time-course changes at excitation wavelength 320 nm and fluorescence wavelength 405 nm. The Ki value was calculated from the concentration of the test compound, reciprocal of reaction rate, and Km value of the enzyme substrate, and by using Dixon plot.";"B";"BAO_0000357";"single protein format";"Homo sapiens";"None";"None";"None";"None";"";"";"";"CHEMBL209";"Serine protease 1";"Homo sapiens";"SINGLE PROTEIN";"CHEMBL5725983";"37";"BindingDB Patent Bioactivity Data";"";"2017";"None";"";"";"";"2.49"
"CHEMBL3672855";"";"None";"520.58";"1";"2.57";"BDBM158114";"CCC(CC)(Cc1ccc(C(=O)Oc2ccc(C(=N)N)cc2F)s1)C(=O)N[C@@H](CCC(N)=O)C(=O)O";"Ki";"'='";"3.88";"nM";"8.41";"";"591918";"UO_0000065";"16.16";"0.32";"5.84";"4.53";"1";"CHEMBL5731810";"Inhibitory Activity Assay: Using a 96 well plate (#3915, Costar), a test compound (25 μL), 400 mM Tris-HCl buffer (pH 8.0, 25 μL) and 0.5 mg/mL fluorescence enzyme substrate (Gly-Asp-Asp-Asp-Asp-Lys-β-Naphtylamide, 25 μL) were mixed, and recombinant human enteropeptidase (R&D Systems, Inc., 25 μL) was added. Using a fluorescence plate reader fmax (Molecular Devices, Inc.), the reaction rate was measured from the time-course changes at excitation wavelength 320 nm and fluorescence wavelength 405 nm. The Ki value was calculated from the concentration of the test compound, reciprocal of reaction rate, and Km value of the enzyme substrate, and by using Dixon plot.";"B";"BAO_0000357";"single protein format";"Homo sapiens";"None";"None";"None";"None";"";"";"";"CHEMBL209";"Serine protease 1";"Homo sapiens";"SINGLE PROTEIN";"CHEMBL5725983";"37";"BindingDB Patent Bioactivity Data";"";"2017";"None";"";"";"";"3.88"
"CHEMBL5801567";"";"None";"558.03";"1";"3.17";"BDBM308507";"CCC(CC)(Cc1ccc(C(=O)Oc2ccc(C(=N)N)cc2F)s1)C(=O)N[C@H](CCC(=O)O)C(=O)O.Cl";"Ki";"'='";"1.96";"nM";"8.71";"";"591920";"UO_0000065";"16.70";"0.33";"5.54";"4.84";"0";"CHEMBL5731810";"Inhibitory Activity Assay: Using a 96 well plate (#3915, Costar), a test compound (25 μL), 400 mM Tris-HCl buffer (pH 8.0, 25 μL) and 0.5 mg/mL fluorescence enzyme substrate (Gly-Asp-Asp-Asp-Asp-Lys-β-Naphtylamide, 25 μL) were mixed, and recombinant human enteropeptidase (R&D Systems, Inc., 25 μL) was added. Using a fluorescence plate reader fmax (Molecular Devices, Inc.), the reaction rate was measured from the time-course changes at excitation wavelength 320 nm and fluorescence wavelength 405 nm. The Ki value was calculated from the concentration of the test compound, reciprocal of reaction rate, and Km value of the enzyme substrate, and by using Dixon plot.";"B";"BAO_0000357";"single protein format";"Homo sapiens";"None";"None";"None";"None";"";"";"";"CHEMBL209";"Serine protease 1";"Homo sapiens";"SINGLE PROTEIN";"CHEMBL5725983";"37";"BindingDB Patent Bioactivity Data";"";"2017";"None";"";"";"";"1.96"
"CHEMBL5955069";"";"None";"519.98";"0";"4.30";"BDBM308537";"CC(C)(Cc1ccc(C(=O)Oc2ccc(C(=N)N)cc2F)s1)C(=O)Nc1ccccc1C(=O)O.Cl";"Ki";"'='";"3.65";"nM";"8.44";"";"591980";"UO_0000065";"17.45";"0.34";"4.14";"5.92";"0";"CHEMBL5731810";"Inhibitory Activity Assay: Using a 96 well plate (#3915, Costar), a test compound (25 μL), 400 mM Tris-HCl buffer (pH 8.0, 25 μL) and 0.5 mg/mL fluorescence enzyme substrate (Gly-Asp-Asp-Asp-Asp-Lys-β-Naphtylamide, 25 μL) were mixed, and recombinant human enteropeptidase (R&D Systems, Inc., 25 μL) was added. Using a fluorescence plate reader fmax (Molecular Devices, Inc.), the reaction rate was measured from the time-course changes at excitation wavelength 320 nm and fluorescence wavelength 405 nm. The Ki value was calculated from the concentration of the test compound, reciprocal of reaction rate, and Km value of the enzyme substrate, and by using Dixon plot.";"B";"BAO_0000357";"single protein format";"Homo sapiens";"None";"None";"None";"None";"";"";"";"CHEMBL209";"Serine protease 1";"Homo sapiens";"SINGLE PROTEIN";"CHEMBL5725983";"37";"BindingDB Patent Bioactivity Data";"";"2017";"None";"";"";"";"3.65"
"CHEMBL5787321";"";"None";"526.03";"0";"3.72";"BDBM308542";"CC(C)(Cc1ccc(C(=O)Oc2ccc(C(=N)N)cc2F)s1)C(=O)N[C@H]1CC[C@H](C(=O)O)CC1.Cl";"Ki";"'='";"2.57";"nM";"8.59";"";"591990";"UO_0000065";"17.55";"0.35";"4.87";"6.03";"0";"CHEMBL5731810";"Inhibitory Activity Assay: Using a 96 well plate (#3915, Costar), a test compound (25 μL), 400 mM Tris-HCl buffer (pH 8.0, 25 μL) and 0.5 mg/mL fluorescence enzyme substrate (Gly-Asp-Asp-Asp-Asp-Lys-β-Naphtylamide, 25 μL) were mixed, and recombinant human enteropeptidase (R&D Systems, Inc., 25 μL) was added. Using a fluorescence plate reader fmax (Molecular Devices, Inc.), the reaction rate was measured from the time-course changes at excitation wavelength 320 nm and fluorescence wavelength 405 nm. The Ki value was calculated from the concentration of the test compound, reciprocal of reaction rate, and Km value of the enzyme substrate, and by using Dixon plot.";"B";"BAO_0000357";"single protein format";"Homo sapiens";"None";"None";"None";"None";"";"";"";"CHEMBL209";"Serine protease 1";"Homo sapiens";"SINGLE PROTEIN";"CHEMBL5725983";"37";"BindingDB Patent Bioactivity Data";"";"2017";"None";"";"";"";"2.57"
"CHEMBL3897603";"";"None";"364.40";"0";"3.04";"BDBM199977";"CC(C)(Cc1ccc(C(=O)Oc2ccc(C(=N)N)cc2F)s1)C(=O)O";"Ki";"'='";"1.3";"nM";"8.89";"";"592008";"UO_0000065";"24.39";"0.49";"5.85";"7.83";"1";"CHEMBL5731810";"Inhibitory Activity Assay: Using a 96 well plate (#3915, Costar), a test compound (25 μL), 400 mM Tris-HCl buffer (pH 8.0, 25 μL) and 0.5 mg/mL fluorescence enzyme substrate (Gly-Asp-Asp-Asp-Asp-Lys-β-Naphtylamide, 25 μL) were mixed, and recombinant human enteropeptidase (R&D Systems, Inc., 25 μL) was added. Using a fluorescence plate reader fmax (Molecular Devices, Inc.), the reaction rate was measured from the time-course changes at excitation wavelength 320 nm and fluorescence wavelength 405 nm. The Ki value was calculated from the concentration of the test compound, reciprocal of reaction rate, and Km value of the enzyme substrate, and by using Dixon plot.";"B";"BAO_0000357";"single protein format";"Homo sapiens";"None";"None";"None";"None";"";"";"";"CHEMBL209";"Serine protease 1";"Homo sapiens";"SINGLE PROTEIN";"CHEMBL5725983";"37";"BindingDB Patent Bioactivity Data";"";"2017";"None";"";"";"";"1.3"
"CHEMBL3893916";"";"None";"547.63";"1";"4.62";"BDBM199979";"CCC(CC)(Cc1ccc(C(=O)Oc2ccc(C(=N)N)cc2F)s1)C(=O)Nc1cccc(S(=O)(=O)O)c1";"Ki";"'='";"1.17";"nM";"8.93";"";"592012";"UO_0000065";"16.31";"0.33";"4.31";"5.59";"1";"CHEMBL5731810";"Inhibitory Activity Assay: Using a 96 well plate (#3915, Costar), a test compound (25 μL), 400 mM Tris-HCl buffer (pH 8.0, 25 μL) and 0.5 mg/mL fluorescence enzyme substrate (Gly-Asp-Asp-Asp-Asp-Lys-β-Naphtylamide, 25 μL) were mixed, and recombinant human enteropeptidase (R&D Systems, Inc., 25 μL) was added. Using a fluorescence plate reader fmax (Molecular Devices, Inc.), the reaction rate was measured from the time-course changes at excitation wavelength 320 nm and fluorescence wavelength 405 nm. The Ki value was calculated from the concentration of the test compound, reciprocal of reaction rate, and Km value of the enzyme substrate, and by using Dixon plot.";"B";"BAO_0000357";"single protein format";"Homo sapiens";"None";"None";"None";"None";"";"";"";"CHEMBL209";"Serine protease 1";"Homo sapiens";"SINGLE PROTEIN";"CHEMBL5725983";"37";"BindingDB Patent Bioactivity Data";"";"2017";"None";"";"";"";"1.17"
"CHEMBL5815090";"";"None";"466.54";"0";"1.37";"BDBM387068";"COc1ccc(-n2nc(C(N)=O)c3c2C(=O)N(N2CCC(N4CCCCC4=O)CC2)CC3)cc1";"Ki";"'>'";"1000.0";"nM";"";"";"772900";"UO_0000065";"";"";"";"";"0";"CHEMBL5733701";"In Vitro Assay: Trypsin: In the assay for measuring the inhibition of human trypsin activity buffer (50 mM Tris, pH 8.2, and 20 mM CaCl2) is used. The IC50 is measured by selecting the appropriate wells of a Greiner 384 microtiter plate. 50 μL the assay buffer containing human trypsin (Sigma; T6424), of which the final concentration is 0.39 BAEE units/ml; 2 μL the assay buffer containing 2% (V/V) DMSO (uninhibited control) or various concentrations of the compounds to be tested diluted in the assay buffer containing 2% (V/V) DMSO; and the assay buffer containing substrate S-2222 (Chromogenix). The assay is performed by pre-incubating the tested compounds with enzyme for 10 minutes. Then the assay is initiated by adding 48 μL substrate to obtain a final volume of 100 μL.";"B";"BAO_0000357";"single protein format";"Homo sapiens";"None";"None";"None";"None";"";"";"";"CHEMBL209";"Serine protease 1";"Homo sapiens";"SINGLE PROTEIN";"CHEMBL5726935";"37";"BindingDB Patent Bioactivity Data";"";"2018";"None";"";"";"";"1000.0"
"CHEMBL3667897";"";"None";"507.54";"1";"2.78";"BDBM158097";"CCC(CC)(Cc1ccc(C(=O)Oc2ccc(C(=N)N)cc2F)s1)C(=O)N[C@@H](CC(=O)O)C(=O)O";"Ki";"'='";"0.82";"nM";"9.09";"";"300452";"UO_0000065";"17.90";"0.35";"6.31";"5.05";"0";"CHEMBL3705369";"Inhibition Assay: Using a 96 well plate (#3915, Costar), a test compound (25 μL) was mixed with 20 μM fluorescence enzyme substrate (Boc-Phe-Ser-Arg-AMC, 50 μL) mixed with 200 mM Tris-HCl buffer (pH 8.0), and human trypsin (Sigma, 25 μL) was added. Using a fluorescence plate reader fmax (Molecular Devices, Inc.), the reaction rate was measured from the time-course changes at excitation wavelength 355 nm and fluorescence wavelength 460 nm.";"B";"BAO_0000357";"single protein format";"Homo sapiens";"None";"None";"None";"None";"";"";"";"CHEMBL209";"Serine protease 1";"Homo sapiens";"SINGLE PROTEIN";"CHEMBL3639122";"37";"BindingDB Patent Bioactivity Data";"";"2015";"None";"";"";"";"0.82"
"CHEMBL3916604";"";"None";"508.51";"1";"0.20";"BDBM234239";"N=C(N)c1ccc(OC(=O)c2ccc(CN3CCC[C@H]3C(=O)N[C@@H](CS(=O)(=O)O)C(=O)O)o2)cc1";"Ki";"'='";"0.97";"nM";"9.01";"";"408281";"UO_0000065";"17.72";"0.35";"8.81";"4.23";"0";"CHEMBL3888548";"Inhibition Assay: Using a 96 well plate (#3915, Costar), a test compound (25 μL), 400 mM Tris-HCl buffer (pH 8.0, 25 μL) and 0.5 mg/mL fluorescence enzyme substrate (Gly-Asp-Asp-Asp-Asp-Lys-β-Naphtylamide, 25 μL) were mixed, and recombinant human enteropeptidase (R&D Systems, Inc., 25 μL) was added. Using a fluorescence plate reader fmax (Molecular Devices, Inc.), the reaction rate was measured from the time-course changes at excitation wavelength 320 nm and fluorescence wavelength 405 nm. The Ki value was calculated from the concentration of the test compound, reciprocal of reaction rate, and Km value of the enzyme substrate, and by using Dixon plot.";"B";"BAO_0000357";"single protein format";"Homo sapiens";"None";"None";"None";"None";"";"";"";"CHEMBL209";"Serine protease 1";"Homo sapiens";"SINGLE PROTEIN";"CHEMBL3886757";"37";"BindingDB Patent Bioactivity Data";"";"2016";"None";"";"";"";"0.97"
"CHEMBL3976398";"";"None";"488.54";"0";"2.45";"BDBM234244";"C=CCN(CC(=O)O)C(=O)[C@@H]1CCCN1Cc1ccc(C(=O)Oc2ccc(C(=N)N)cc2F)s1";"Ki";"'='";"0.64";"nM";"9.19";"";"408286";"UO_0000065";"18.82";"0.37";"6.74";"6.71";"0";"CHEMBL3888548";"Inhibition Assay: Using a 96 well plate (#3915, Costar), a test compound (25 μL), 400 mM Tris-HCl buffer (pH 8.0, 25 μL) and 0.5 mg/mL fluorescence enzyme substrate (Gly-Asp-Asp-Asp-Asp-Lys-β-Naphtylamide, 25 μL) were mixed, and recombinant human enteropeptidase (R&D Systems, Inc., 25 μL) was added. Using a fluorescence plate reader fmax (Molecular Devices, Inc.), the reaction rate was measured from the time-course changes at excitation wavelength 320 nm and fluorescence wavelength 405 nm. The Ki value was calculated from the concentration of the test compound, reciprocal of reaction rate, and Km value of the enzyme substrate, and by using Dixon plot.";"B";"BAO_0000357";"single protein format";"Homo sapiens";"None";"None";"None";"None";"";"";"";"CHEMBL209";"Serine protease 1";"Homo sapiens";"SINGLE PROTEIN";"CHEMBL3886757";"37";"BindingDB Patent Bioactivity Data";"";"2016";"None";"";"";"";"0.64"
"CHEMBL3982871";"";"None";"536.58";"1";"2.28";"BDBM234253";"CC(C)[C@@H](C(=O)N[C@@H](CCC(=O)O)C(=O)O)N(C)Cc1ccc(C(=O)Oc2ccc(C(=N)N)cc2F)s1";"Ki";"'='";"0.38";"nM";"9.42";"";"408295";"UO_0000065";"17.56";"0.35";"7.14";"5.14";"0";"CHEMBL3888548";"Inhibition Assay: Using a 96 well plate (#3915, Costar), a test compound (25 μL), 400 mM Tris-HCl buffer (pH 8.0, 25 μL) and 0.5 mg/mL fluorescence enzyme substrate (Gly-Asp-Asp-Asp-Asp-Lys-β-Naphtylamide, 25 μL) were mixed, and recombinant human enteropeptidase (R&D Systems, Inc., 25 μL) was added. Using a fluorescence plate reader fmax (Molecular Devices, Inc.), the reaction rate was measured from the time-course changes at excitation wavelength 320 nm and fluorescence wavelength 405 nm. The Ki value was calculated from the concentration of the test compound, reciprocal of reaction rate, and Km value of the enzyme substrate, and by using Dixon plot.";"B";"BAO_0000357";"single protein format";"Homo sapiens";"None";"None";"None";"None";"";"";"";"CHEMBL209";"Serine protease 1";"Homo sapiens";"SINGLE PROTEIN";"CHEMBL3886757";"37";"BindingDB Patent Bioactivity Data";"";"2016";"None";"";"";"";"0.38"
"CHEMBL3642860";"";"None";"403.39";"0";"0.52";"BDBM109586";"CC(Cc1ccc(C(=O)Oc2ccc(C(=N)N)cc2)o1)C(=O)N[C@@H](CO)C(=O)O";"Ki";"'='";"1.13";"nM";"8.95";"";"230081";"UO_0000065";"22.18";"0.42";"8.43";"5.09";"0";"CHEMBL3705715";"Inhibition Assay: Inhibition assay using human trysin.";"B";"BAO_0000357";"single protein format";"Homo sapiens";"None";"None";"None";"None";"";"";"";"CHEMBL209";"Serine protease 1";"Homo sapiens";"SINGLE PROTEIN";"CHEMBL3638962";"37";"BindingDB Patent Bioactivity Data";"";"2013";"None";"";"";"";"1.13"
"CHEMBL3642876";"";"None";"444.44";"0";"0.80";"BDBM109602";"C[C@H](Cc1ccc(C(=O)Oc2ccc(C(=N)N)cc2)o1)C(=O)N[C@@H](CCC(N)=O)C(=O)O";"Ki";"'='";"2.4";"nM";"8.62";"";"230097";"UO_0000065";"19.39";"0.37";"7.82";"4.34";"0";"CHEMBL3705715";"Inhibition Assay: Inhibition assay using human trysin.";"B";"BAO_0000357";"single protein format";"Homo sapiens";"None";"None";"None";"None";"";"";"";"CHEMBL209";"Serine protease 1";"Homo sapiens";"SINGLE PROTEIN";"CHEMBL3638962";"37";"BindingDB Patent Bioactivity Data";"";"2013";"None";"";"";"";"2.4"
"CHEMBL127185";"";"None";"544.56";"0";"1.03";"13";"CC(=O)N1CCC[C@@H]1C(=O)N[C@@H](CCCN=C(N)N)C(=O)c1nc2ccccc2s1.O=C(O)C(F)(F)F";"Ki";"'='";"960.0";"nM";"6.02";"";"";"UO_0000065";"13.98";"0.27";"4.99";"4.19";"0";"CHEMBL655074";"In vitro inhibition of bovine trypsin.";"B";"BAO_0000357";"single protein format";"None";"None";"None";"None";"None";"";"";"";"CHEMBL209";"Serine protease 1";"Homo sapiens";"SINGLE PROTEIN";"CHEMBL1145070";"1";"Scientific Literature";"J Med Chem";"2003";"None";"";"";"";"960.0"
"CHEMBL3639417";"";"None";"431.40";"0";"0.96";"BDBM109604";"CC(Cc1ccc(C(=O)Oc2ccc(C(=N)N)cc2)o1)C(=O)N(CC(=O)O)CC(=O)O";"Ki";"'='";"2.29";"nM";"8.64";"";"230099";"UO_0000065";"20.03";"0.38";"7.68";"4.69";"0";"CHEMBL3705715";"Inhibition Assay: Inhibition assay using human trysin.";"B";"BAO_0000357";"single protein format";"Homo sapiens";"None";"None";"None";"None";"";"";"";"CHEMBL209";"Serine protease 1";"Homo sapiens";"SINGLE PROTEIN";"CHEMBL3638962";"37";"BindingDB Patent Bioactivity Data";"";"2013";"None";"";"";"";"2.29"
"CHEMBL3642881";"";"None";"459.46";"0";"1.79";"BDBM109608";"CC[C@H](Cc1ccc(C(=O)Oc2ccc(C(=N)N)cc2)o1)C(=O)N[C@H](CCC(=O)O)C(=O)O";"Ki";"'='";"1.28";"nM";"8.89";"";"230103";"UO_0000065";"19.35";"0.37";"7.10";"4.61";"0";"CHEMBL3705715";"Inhibition Assay: Inhibition assay using human trysin.";"B";"BAO_0000357";"single protein format";"Homo sapiens";"None";"None";"None";"None";"";"";"";"CHEMBL209";"Serine protease 1";"Homo sapiens";"SINGLE PROTEIN";"CHEMBL3638962";"37";"BindingDB Patent Bioactivity Data";"";"2013";"None";"";"";"";"1.28"
"CHEMBL3642911";"";"None";"431.40";"0";"1.01";"BDBM109638";"C[C@@H](Cc1ccc(C(=O)Oc2ccc(C(=N)N)cc2)o1)C(=O)N[C@H](CC(=O)O)C(=O)O";"Ki";"'='";"0.97";"nM";"9.01";"";"230117";"UO_0000065";"20.89";"0.40";"8.00";"4.67";"0";"CHEMBL3705715";"Inhibition Assay: Inhibition assay using human trysin.";"B";"BAO_0000357";"single protein format";"Homo sapiens";"None";"None";"None";"None";"";"";"";"CHEMBL209";"Serine protease 1";"Homo sapiens";"SINGLE PROTEIN";"CHEMBL3638962";"37";"BindingDB Patent Bioactivity Data";"";"2013";"None";"";"";"";"0.97"
"CHEMBL3642916";"";"None";"359.38";"0";"1.07";"BDBM109643";"CC(Cc1ccc(C(=O)Oc2ccc(C(=N)N)cc2)o1)C(=O)NCCO";"Ki";"'='";"2.3";"nM";"8.64";"";"230122";"UO_0000065";"24.04";"0.45";"7.57";"6.23";"0";"CHEMBL3705715";"Inhibition Assay: Inhibition assay using human trysin.";"B";"BAO_0000357";"single protein format";"Homo sapiens";"None";"None";"None";"None";"";"";"";"CHEMBL209";"Serine protease 1";"Homo sapiens";"SINGLE PROTEIN";"CHEMBL3638962";"37";"BindingDB Patent Bioactivity Data";"";"2013";"None";"";"";"";"2.3"
"CHEMBL3642906";"";"None";"350.37";"0";"2.65";"BDBM109633";"CC(Cc1ccc(C(=O)Oc2ccc(C(=N)N)c(F)c2)s1)C(=O)O";"Ki";"'='";"0.83";"nM";"9.08";"";"230161";"UO_0000065";"25.92";"0.52";"6.43";"8.00";"0";"CHEMBL3705715";"Inhibition Assay: Inhibition assay using human trysin.";"B";"BAO_0000357";"single protein format";"Homo sapiens";"None";"None";"None";"None";"";"";"";"CHEMBL209";"Serine protease 1";"Homo sapiens";"SINGLE PROTEIN";"CHEMBL3638962";"37";"BindingDB Patent Bioactivity Data";"";"2013";"None";"";"";"";"0.83"
"CHEMBL3642944";"";"None";"493.51";"0";"2.39";"BDBM109671";"CCC[C@H](Cc1ccc(C(=O)Oc2ccc(C(=N)N)cc2F)s1)C(=O)N[C@@H](CC(=O)O)C(=O)O";"Ki";"'='";"0.43";"nM";"9.37";"";"230165";"UO_0000065";"18.98";"0.38";"6.98";"5.21";"0";"CHEMBL3705715";"Inhibition Assay: Inhibition assay using human trysin.";"B";"BAO_0000357";"single protein format";"Homo sapiens";"None";"None";"None";"None";"";"";"";"CHEMBL209";"Serine protease 1";"Homo sapiens";"SINGLE PROTEIN";"CHEMBL3638962";"37";"BindingDB Patent Bioactivity Data";"";"2013";"None";"";"";"";"0.43"
"CHEMBL3642950";"";"None";"461.52";"0";"2.89";"BDBM109677";"CC(Cc1ccc(C(=O)Oc2ccc(C(=N)N)cc2F)s1)C(=O)N1CCCC(C(=O)O)C1";"Ki";"'='";"2.7";"nM";"8.57";"";"230171";"UO_0000065";"18.57";"0.37";"5.68";"6.41";"0";"CHEMBL3705715";"Inhibition Assay: Inhibition assay using human trysin.";"B";"BAO_0000357";"single protein format";"Homo sapiens";"None";"None";"None";"None";"";"";"";"CHEMBL209";"Serine protease 1";"Homo sapiens";"SINGLE PROTEIN";"CHEMBL3638962";"37";"BindingDB Patent Bioactivity Data";"";"2013";"None";"";"";"";"2.7"
"CHEMBL3642954";"";"None";"433.46";"0";"2.42";"BDBM109681";"C=CCN(CC(=O)O)C(=O)CCc1ccc(C(=O)Oc2ccc(C(=N)N)cc2F)s1";"Ki";"'='";"1.4";"nM";"8.85";"";"230175";"UO_0000065";"20.43";"0.40";"6.43";"6.62";"0";"CHEMBL3705715";"Inhibition Assay: Inhibition assay using human trysin.";"B";"BAO_0000357";"single protein format";"Homo sapiens";"None";"None";"None";"None";"";"";"";"CHEMBL209";"Serine protease 1";"Homo sapiens";"SINGLE PROTEIN";"CHEMBL3638962";"37";"BindingDB Patent Bioactivity Data";"";"2013";"None";"";"";"";"1.4"
"CHEMBL3642966";"";"None";"475.52";"0";"2.25";"BDBM109693";"CC(CCC(=O)N[C@@H](CC(=O)O)C(=O)O)Cc1ccc(C(=O)Oc2ccc(C(=N)N)cc2)s1";"Ki";"'='";"0.47";"nM";"9.33";"";"230187";"UO_0000065";"19.62";"0.39";"7.08";"5.19";"0";"CHEMBL3705715";"Inhibition Assay: Inhibition assay using human trysin.";"B";"BAO_0000357";"single protein format";"Homo sapiens";"None";"None";"None";"None";"";"";"";"CHEMBL209";"Serine protease 1";"Homo sapiens";"SINGLE PROTEIN";"CHEMBL3638962";"37";"BindingDB Patent Bioactivity Data";"";"2013";"None";"";"";"";"0.47"
"CHEMBL3642968";"";"None";"465.46";"0";"1.61";"BDBM109695";"CC(Cc1cc(C(=O)Oc2ccc(C(=N)N)cc2F)cs1)C(=O)N[C@@H](CC(=O)O)C(=O)O";"Ki";"'='";"0.51";"nM";"9.29";"";"230189";"UO_0000065";"19.96";"0.40";"7.68";"5.17";"0";"CHEMBL3705715";"Inhibition Assay: Inhibition assay using human trysin.";"B";"BAO_0000357";"single protein format";"Homo sapiens";"None";"None";"None";"None";"";"";"";"CHEMBL209";"Serine protease 1";"Homo sapiens";"SINGLE PROTEIN";"CHEMBL3638962";"37";"BindingDB Patent Bioactivity Data";"";"2013";"None";"";"";"";"0.51"
"CHEMBL164985";"";"None";"459.59";"0";"1.64";"24";"O=C(O)CN[C@H](CC1CCCCC1)C(=O)N1CCC[C@H]1C(=O)NCC1CCc2n[nH]cc2C1";"Ki";"'='";"19900.0";"nM";"4.70";"";"";"UO_0000065";"10.23";"0.19";"3.06";"3.69";"0";"CHEMBL817808";"In vitro inhibitory activity against Trypsin";"B";"BAO_0000357";"single protein format";"None";"None";"None";"None";"None";"";"";"";"CHEMBL209";"Serine protease 1";"Homo sapiens";"SINGLE PROTEIN";"CHEMBL1136607";"1";"Scientific Literature";"Bioorg Med Chem Lett";"2003";"None";"";"";"";"19.9"
"CHEMBL68737";"";"None";"361.41";"0";"2.51";"9e";"N=C(N)c1ccc(O)c(/C=C/CNC(=O)c2ccc(-c3ncc[nH]3)cc2)c1";"Ki";"'='";"1400.0";"nM";"5.85";"";"";"UO_0000065";"16.20";"0.30";"3.34";"4.58";"0";"CHEMBL817143";"In vitro inhibition of trypsin.";"B";"BAO_0000357";"single protein format";"None";"None";"None";"None";"None";"";"";"";"CHEMBL209";"Serine protease 1";"Homo sapiens";"SINGLE PROTEIN";"CHEMBL1133371";"1";"Scientific Literature";"Bioorg Med Chem Lett";"2000";"None";"";"";"";"1400.0"
"CHEMBL104166";"";"None";"411.47";"0";"3.37";"23b";"N=C(N)c1ccc2cc(C(=O)Nc3ccc(CN)cc3)cc(Nc3ncccn3)c2c1";"Ki";"'='";"20.0";"nM";"7.70";"";"";"UO_0000065";"18.71";"0.34";"4.33";"5.39";"0";"CHEMBL817133";"Binding affinity against trypsin";"B";"BAO_0000357";"single protein format";"None";"None";"None";"None";"None";"";"";"";"CHEMBL209";"Serine protease 1";"Homo sapiens";"SINGLE PROTEIN";"CHEMBL1146777";"1";"Scientific Literature";"Bioorg Med Chem Lett";"2004";"None";"";"";"";"0.02"
"CHEMBL3672861";"";"None";"525.60";"2";"5.01";"BDBM158120";"CCC(CC)(Cc1ccc(C(=O)Oc2ccc(C(=N)N)cc2F)s1)C(=O)Nc1ccc(CC(=O)O)cc1";"Ki";"'='";"3.35";"nM";"8.47";"";"300481";"UO_0000065";"16.12";"0.31";"3.46";"5.94";"0";"CHEMBL3705369";"Inhibition Assay: Using a 96 well plate (#3915, Costar), a test compound (25 μL) was mixed with 20 μM fluorescence enzyme substrate (Boc-Phe-Ser-Arg-AMC, 50 μL) mixed with 200 mM Tris-HCl buffer (pH 8.0), and human trypsin (Sigma, 25 μL) was added. Using a fluorescence plate reader fmax (Molecular Devices, Inc.), the reaction rate was measured from the time-course changes at excitation wavelength 355 nm and fluorescence wavelength 460 nm.";"B";"BAO_0000357";"single protein format";"Homo sapiens";"None";"None";"None";"None";"";"";"";"CHEMBL209";"Serine protease 1";"Homo sapiens";"SINGLE PROTEIN";"CHEMBL3639122";"37";"BindingDB Patent Bioactivity Data";"";"2015";"None";"";"";"";"3.35"
"CHEMBL92614";"";"None";"438.51";"0";"1.18";"1b";"N=C(N)c1cccc(CN2CC[C@H](NS(=O)(=O)c3ccc4nc(N)ccc4c3)C2=O)c1";"Ki";"'>'";"2900.0";"nM";"";"";"";"UO_0000065";"";"";"";"";"0";"CHEMBL817137";"Binding affinity against trypsin";"B";"BAO_0000357";"single protein format";"None";"None";"None";"None";"None";"";"";"";"CHEMBL209";"Serine protease 1";"Homo sapiens";"SINGLE PROTEIN";"CHEMBL1131988";"1";"Scientific Literature";"Bioorg Med Chem Lett";"1999";"None";"";"";"";"2.9"
"CHEMBL46809";"";"None";"748.89";"2";"3.02";"7";"N=C(N)Nc1ccc(CNC(=O)N2CCN(C(=O)O[C@H]3CCC[C@@H](OC(=O)N4CCN(C(=O)NCc5ccc(NC(=N)N)cc5)CC4)CCC3)CC2)cc1";"Ki";"'='";"39000.0";"nM";"4.41";"";"";"UO_0000065";"5.89";"0.11";"1.39";"1.78";"0";"CHEMBL824723";"Compound was evaluated for its inhibitory potency against trypsin";"B";"BAO_0000357";"single protein format";"None";"None";"None";"None";"None";"";"";"";"CHEMBL209";"Serine protease 1";"Homo sapiens";"SINGLE PROTEIN";"CHEMBL1132784";"1";"Scientific Literature";"Bioorg Med Chem Lett";"2000";"None";"";"";"";"39.0"
"CHEMBL32471";"";"None";"455.54";"0";"1.31";"2a";"Cc1nc(N)ccc1CNC(=O)Cn1c(C)cc(S(=O)(=O)Cc2ccccc2)c(N)c1=O";"Ki";"'='";"1600.0";"nM";"5.80";"";"";"UO_0000065";"12.72";"0.25";"4.49";"3.86";"0";"CHEMBL817816";"Inhibitory activity against human trypsin";"B";"BAO_0000357";"single protein format";"None";"None";"None";"None";"None";"";"";"";"CHEMBL209";"Serine protease 1";"Homo sapiens";"SINGLE PROTEIN";"CHEMBL1136704";"1";"Scientific Literature";"Bioorg Med Chem Lett";"2003";"None";"";"";"";"1600.0"
"CHEMBL92883";"";"None";"361.83";"1";"5.14";"22h";"N=C(N)c1ccc2[nH]c(-c3cc(Cl)cc(-c4ccccc4)c3O)cc2c1";"Ki";"'='";"130.0";"nM";"6.89";"";"";"UO_0000065";"19.03";"0.36";"1.75";"8.02";"0";"CHEMBL824709";"Activity against Human Serine Protease Trypsin";"B";"BAO_0000357";"single protein format";"Homo sapiens";"None";"None";"None";"None";"";"";"";"CHEMBL209";"Serine protease 1";"Homo sapiens";"SINGLE PROTEIN";"CHEMBL1134564";"1";"Scientific Literature";"J Med Chem";"2001";"None";"";"";"";"0.13"
"CHEMBL91962";"";"None";"406.28";"1";"5.25";"22g";"N=C(N)c1ccc2[nH]c(-c3cc(Br)cc(-c4ccccc4)c3O)cc2c1";"Ki";"'='";"700.0";"nM";"6.16";"";"";"UO_0000065";"15.15";"0.32";"0.90";"7.17";"0";"CHEMBL824709";"Activity against Human Serine Protease Trypsin";"B";"BAO_0000357";"single protein format";"Homo sapiens";"None";"None";"None";"None";"";"";"";"CHEMBL209";"Serine protease 1";"Homo sapiens";"SINGLE PROTEIN";"CHEMBL1134564";"1";"Scientific Literature";"J Med Chem";"2001";"None";"";"";"";"0.7"
"CHEMBL171390";"";"None";"396.52";"0";"3.10";"29";"N=C(N)c1c[nH]c2cc(S(=O)(=O)N3CCC(Cc4ccccc4)CC3)ccc12";"Ki";"'='";"1200.0";"nM";"5.92";"";"";"UO_0000065";"14.93";"0.29";"2.82";"5.75";"0";"CHEMBL812713";"Inhibitory activity against trypsin";"B";"BAO_0000357";"single protein format";"None";"None";"None";"None";"None";"";"";"";"CHEMBL209";"Serine protease 1";"Homo sapiens";"SINGLE PROTEIN";"CHEMBL1131664";"1";"Scientific Literature";"Bioorg Med Chem Lett";"1999";"None";"";"";"";"1200.0"
"CHEMBL86343";"";"None";"476.56";"0";"3.06";"1d";"COc1ccc2ccc(S(=O)(=O)NC3CCN(Cc4ccc5nc(N)ccc5c4)C3=O)cc2c1";"Ki";"'>'";"2900.0";"nM";"";"";"";"UO_0000065";"";"";"";"";"0";"CHEMBL811783";"In vitro evaluation of inhibitory activity against trypsin";"B";"BAO_0000357";"single protein format";"None";"None";"None";"None";"None";"";"";"";"CHEMBL209";"Serine protease 1";"Homo sapiens";"SINGLE PROTEIN";"CHEMBL1132509";"1";"Scientific Literature";"Bioorg Med Chem Lett";"1999";"None";"";"";"";"2.9"
"CHEMBL104904";"";"None";"266.30";"0";"3.39";"7";"COc1ccc2ccc(C(=N)N)cc2c1-c1ccoc1";"Ki";"'='";"1200.0";"nM";"5.92";"";"";"UO_0000065";"22.23";"0.40";"2.53";"8.20";"0";"CHEMBL817133";"Binding affinity against trypsin";"B";"BAO_0000357";"single protein format";"None";"None";"None";"None";"None";"";"";"";"CHEMBL209";"Serine protease 1";"Homo sapiens";"SINGLE PROTEIN";"CHEMBL1146777";"1";"Scientific Literature";"Bioorg Med Chem Lett";"2004";"None";"";"";"";"1.2"
"CHEMBL1201881";"SEPIMOSTAT MESYLATE";"None";"469.52";"0";"2.71";"68 (sepimostat mesylate(FUT-187))";"CS(=O)(=O)O.N=C(N)c1ccc2cc(OC(=O)c3ccc(NC4=NCCN4)cc3)ccc2c1";"Ki";"'='";"290.0";"nM";"6.54";"";"";"UO_0000065";"17.51";"0.32";"3.83";"5.81";"0";"CHEMBL817135";"Binding affinity against trypsin.";"B";"BAO_0000357";"single protein format";"None";"None";"None";"None";"None";"";"";"";"CHEMBL209";"Serine protease 1";"Homo sapiens";"SINGLE PROTEIN";"CHEMBL1133572";"1";"Scientific Literature";"J Med Chem";"2000";"None";"";"";"";"0.29"
"CHEMBL44831";"";"None";"500.64";"1";"4.27";"14";"COC(=O)[C@H](Cc1cccc(C(=N)N)c1)[C@@H](CC(C)C)NC(=O)c1ccc(-c2cccc(CN)c2)cc1";"Ki";"'='";"38.0";"nM";"7.42";"";"";"UO_0000065";"14.82";"0.27";"3.15";"5.65";"0";"CHEMBL817805";"In vitro inhibitory activity against human trypsin";"B";"BAO_0000357";"single protein format";"None";"None";"None";"None";"None";"";"";"";"CHEMBL209";"Serine protease 1";"Homo sapiens";"SINGLE PROTEIN";"CHEMBL1135154";"1";"Scientific Literature";"Bioorg Med Chem Lett";"2002";"None";"";"";"";"38.0"
"CHEMBL417714";"";"None";"517.63";"2";"5.48";"2";"COC(=O)[C@H](Cc1cccc(C(=N)N)c1)[C@@H](/C=C/c1ccccc1)NC(=O)c1ccc(-c2ccccc2)cc1";"Ki";"'='";"221.0";"nM";"6.66";"";"";"UO_0000065";"12.86";"0.23";"1.18";"6.32";"0";"CHEMBL817805";"In vitro inhibitory activity against human trypsin";"B";"BAO_0000357";"single protein format";"None";"None";"None";"None";"None";"";"";"";"CHEMBL209";"Serine protease 1";"Homo sapiens";"SINGLE PROTEIN";"CHEMBL1135154";"1";"Scientific Literature";"Bioorg Med Chem Lett";"2002";"None";"";"";"";"221.0"
"CHEMBL346117";"";"None";"483.55";"1";"0.20";"13";"N=C(N)c1ccc(CNC(=O)CNC(=O)[C@@H](CO)NS(=O)(=O)c2ccc3ccccc3c2)cc1";"Ki";"'='";"1800.0";"nM";"5.75";"";"";"UO_0000065";"11.88";"0.23";"5.54";"3.29";"0";"CHEMBL811611";"In vitro inhibition of trypsin.";"B";"BAO_0000357";"single protein format";"None";"None";"None";"None";"None";"";"";"";"CHEMBL209";"Serine protease 1";"Homo sapiens";"SINGLE PROTEIN";"CHEMBL1135855";"1";"Scientific Literature";"Bioorg Med Chem Lett";"2002";"None";"";"";"";"1.8"
"CHEMBL339122";"";"None";"663.72";"1";"1.84";"4";"CN[C@H](Cc1ccccc1)C(=O)N1CCC[C@H]1C(=O)N[C@@H](CCCN=C(N)N)C(=O)c1nc2ccccc2s1.O=C(O)C(F)(F)F";"Ki";"'='";"3.1";"nM";"8.51";"";"";"UO_0000065";"15.48";"0.30";"6.67";"5.46";"0";"CHEMBL655074";"In vitro inhibition of bovine trypsin.";"B";"BAO_0000357";"single protein format";"None";"None";"None";"None";"None";"";"";"";"CHEMBL209";"Serine protease 1";"Homo sapiens";"SINGLE PROTEIN";"CHEMBL1145070";"1";"Scientific Literature";"J Med Chem";"2003";"None";"";"";"";"3.1"
"CHEMBL3672863";"";"None";"523.59";"1";"4.24";"BDBM158122";"CC(C)(Cc1ccc(C(=O)Oc2ccc(C(=N)N)cc2F)s1)C(=O)N1CCc2ccc(C(=O)O)cc2C1";"Ki";"'='";"3.49";"nM";"8.46";"";"591934";"UO_0000065";"16.15";"0.31";"4.22";"6.32";"1";"CHEMBL5731810";"Inhibitory Activity Assay: Using a 96 well plate (#3915, Costar), a test compound (25 μL), 400 mM Tris-HCl buffer (pH 8.0, 25 μL) and 0.5 mg/mL fluorescence enzyme substrate (Gly-Asp-Asp-Asp-Asp-Lys-β-Naphtylamide, 25 μL) were mixed, and recombinant human enteropeptidase (R&D Systems, Inc., 25 μL) was added. Using a fluorescence plate reader fmax (Molecular Devices, Inc.), the reaction rate was measured from the time-course changes at excitation wavelength 320 nm and fluorescence wavelength 405 nm. The Ki value was calculated from the concentration of the test compound, reciprocal of reaction rate, and Km value of the enzyme substrate, and by using Dixon plot.";"B";"BAO_0000357";"single protein format";"Homo sapiens";"None";"None";"None";"None";"";"";"";"CHEMBL209";"Serine protease 1";"Homo sapiens";"SINGLE PROTEIN";"CHEMBL5725983";"37";"BindingDB Patent Bioactivity Data";"";"2017";"None";"";"";"";"3.49"
"CHEMBL5789405";"";"None";"579.52";"1";"3.05";"BDBM308516";"CCC(CC)(Cc1ccc(C(=O)Oc2ccc(C(=N)N)cc2F)s1)C(=O)NCCC[C@H](N)C(=O)O.Cl.Cl";"Ki";"'='";"5.78";"nM";"8.24";"";"591938";"UO_0000065";"16.26";"0.32";"5.19";"4.89";"0";"CHEMBL5731810";"Inhibitory Activity Assay: Using a 96 well plate (#3915, Costar), a test compound (25 μL), 400 mM Tris-HCl buffer (pH 8.0, 25 μL) and 0.5 mg/mL fluorescence enzyme substrate (Gly-Asp-Asp-Asp-Asp-Lys-β-Naphtylamide, 25 μL) were mixed, and recombinant human enteropeptidase (R&D Systems, Inc., 25 μL) was added. Using a fluorescence plate reader fmax (Molecular Devices, Inc.), the reaction rate was measured from the time-course changes at excitation wavelength 320 nm and fluorescence wavelength 405 nm. The Ki value was calculated from the concentration of the test compound, reciprocal of reaction rate, and Km value of the enzyme substrate, and by using Dixon plot.";"B";"BAO_0000357";"single protein format";"Homo sapiens";"None";"None";"None";"None";"";"";"";"CHEMBL209";"Serine protease 1";"Homo sapiens";"SINGLE PROTEIN";"CHEMBL5725983";"37";"BindingDB Patent Bioactivity Data";"";"2017";"None";"";"";"";"5.78"
"CHEMBL3672871";"";"None";"593.63";"2";"3.41";"BDBM158130";"CC(C)(Cc1ccc(C(=O)Oc2ccc(C(=N)N)cc2F)s1)C(=O)NC(CCC(=O)O)(CCC(=O)O)CCC(=O)O";"Ki";"'='";"1.59";"nM";"8.80";"";"591950";"UO_0000065";"14.82";"0.29";"5.39";"4.05";"1";"CHEMBL5731810";"Inhibitory Activity Assay: Using a 96 well plate (#3915, Costar), a test compound (25 μL), 400 mM Tris-HCl buffer (pH 8.0, 25 μL) and 0.5 mg/mL fluorescence enzyme substrate (Gly-Asp-Asp-Asp-Asp-Lys-β-Naphtylamide, 25 μL) were mixed, and recombinant human enteropeptidase (R&D Systems, Inc., 25 μL) was added. Using a fluorescence plate reader fmax (Molecular Devices, Inc.), the reaction rate was measured from the time-course changes at excitation wavelength 320 nm and fluorescence wavelength 405 nm. The Ki value was calculated from the concentration of the test compound, reciprocal of reaction rate, and Km value of the enzyme substrate, and by using Dixon plot.";"B";"BAO_0000357";"single protein format";"Homo sapiens";"None";"None";"None";"None";"";"";"";"CHEMBL209";"Serine protease 1";"Homo sapiens";"SINGLE PROTEIN";"CHEMBL5725983";"37";"BindingDB Patent Bioactivity Data";"";"2017";"None";"";"";"";"1.59"
"CHEMBL6012496";"";"None";"528.05";"0";"4.11";"BDBM308526";"CCC(CC)(Cc1ccc(C(=O)Oc2ccc(C(=N)N)cc2F)s1)C(=O)NCCCCC(=O)O.Cl";"Ki";"'='";"5.17";"nM";"8.29";"";"591958";"UO_0000065";"16.86";"0.33";"4.18";"5.81";"0";"CHEMBL5731810";"Inhibitory Activity Assay: Using a 96 well plate (#3915, Costar), a test compound (25 μL), 400 mM Tris-HCl buffer (pH 8.0, 25 μL) and 0.5 mg/mL fluorescence enzyme substrate (Gly-Asp-Asp-Asp-Asp-Lys-β-Naphtylamide, 25 μL) were mixed, and recombinant human enteropeptidase (R&D Systems, Inc., 25 μL) was added. Using a fluorescence plate reader fmax (Molecular Devices, Inc.), the reaction rate was measured from the time-course changes at excitation wavelength 320 nm and fluorescence wavelength 405 nm. The Ki value was calculated from the concentration of the test compound, reciprocal of reaction rate, and Km value of the enzyme substrate, and by using Dixon plot.";"B";"BAO_0000357";"single protein format";"Homo sapiens";"None";"None";"None";"None";"";"";"";"CHEMBL209";"Serine protease 1";"Homo sapiens";"SINGLE PROTEIN";"CHEMBL5725983";"37";"BindingDB Patent Bioactivity Data";"";"2017";"None";"";"";"";"5.17"
"CHEMBL5850790";"";"None";"512.00";"0";"3.28";"BDBM308540";"CC(C)(Cc1ccc(C(=O)Oc2ccc(C(=N)N)cc2F)s1)C(=O)N(CC(=O)O)CC1CC1.Cl";"Ki";"'='";"2.01";"nM";"8.70";"";"591986";"UO_0000065";"18.29";"0.36";"5.42";"6.50";"0";"CHEMBL5731810";"Inhibitory Activity Assay: Using a 96 well plate (#3915, Costar), a test compound (25 μL), 400 mM Tris-HCl buffer (pH 8.0, 25 μL) and 0.5 mg/mL fluorescence enzyme substrate (Gly-Asp-Asp-Asp-Asp-Lys-β-Naphtylamide, 25 μL) were mixed, and recombinant human enteropeptidase (R&D Systems, Inc., 25 μL) was added. Using a fluorescence plate reader fmax (Molecular Devices, Inc.), the reaction rate was measured from the time-course changes at excitation wavelength 320 nm and fluorescence wavelength 405 nm. The Ki value was calculated from the concentration of the test compound, reciprocal of reaction rate, and Km value of the enzyme substrate, and by using Dixon plot.";"B";"BAO_0000357";"single protein format";"Homo sapiens";"None";"None";"None";"None";"";"";"";"CHEMBL209";"Serine protease 1";"Homo sapiens";"SINGLE PROTEIN";"CHEMBL5725983";"37";"BindingDB Patent Bioactivity Data";"";"2017";"None";"";"";"";"2.01"
"CHEMBL3672869";"";"None";"461.52";"0";"3.08";"BDBM158128";"CC(C)(Cc1ccc(C(=O)Oc2ccc(C(=N)N)cc2F)s1)C(=O)NC1(C(=O)O)CCC1";"Ki";"'='";"1.49";"nM";"8.83";"";"300489";"UO_0000065";"19.13";"0.38";"5.75";"6.19";"0";"CHEMBL3705369";"Inhibition Assay: Using a 96 well plate (#3915, Costar), a test compound (25 μL) was mixed with 20 μM fluorescence enzyme substrate (Boc-Phe-Ser-Arg-AMC, 50 μL) mixed with 200 mM Tris-HCl buffer (pH 8.0), and human trypsin (Sigma, 25 μL) was added. Using a fluorescence plate reader fmax (Molecular Devices, Inc.), the reaction rate was measured from the time-course changes at excitation wavelength 355 nm and fluorescence wavelength 460 nm.";"B";"BAO_0000357";"single protein format";"Homo sapiens";"None";"None";"None";"None";"";"";"";"CHEMBL209";"Serine protease 1";"Homo sapiens";"SINGLE PROTEIN";"CHEMBL3639122";"37";"BindingDB Patent Bioactivity Data";"";"2015";"None";"";"";"";"1.49"
"CHEMBL5919505";"";"None";"452.52";"0";"0.33";"BDBM387059";"COc1ccc(-n2nc(C(N)=O)c3c2C(=O)N(C2CCN(C4CCNC4=O)CC2)CC3)cc1";"Ki";"'>'";"1000.0";"nM";"";"";"772882";"UO_0000065";"";"";"";"";"0";"CHEMBL5733701";"In Vitro Assay: Trypsin: In the assay for measuring the inhibition of human trypsin activity buffer (50 mM Tris, pH 8.2, and 20 mM CaCl2) is used. The IC50 is measured by selecting the appropriate wells of a Greiner 384 microtiter plate. 50 μL the assay buffer containing human trypsin (Sigma; T6424), of which the final concentration is 0.39 BAEE units/ml; 2 μL the assay buffer containing 2% (V/V) DMSO (uninhibited control) or various concentrations of the compounds to be tested diluted in the assay buffer containing 2% (V/V) DMSO; and the assay buffer containing substrate S-2222 (Chromogenix). The assay is performed by pre-incubating the tested compounds with enzyme for 10 minutes. Then the assay is initiated by adding 48 μL substrate to obtain a final volume of 100 μL.";"B";"BAO_0000357";"single protein format";"Homo sapiens";"None";"None";"None";"None";"";"";"";"CHEMBL209";"Serine protease 1";"Homo sapiens";"SINGLE PROTEIN";"CHEMBL5726935";"37";"BindingDB Patent Bioactivity Data";"";"2018";"None";"";"";"";"1000.0"
"CHEMBL267387";"";"None";"552.02";"1";"3.03";"6 (+/-)";"Nc1cc(C2=NOC(Cn3cccn3)(C(=O)Nc3ccc(-c4ccccc4S(N)(=O)=O)cn3)C2)ccc1Cl";"Ki";"'>'";"1600.0";"nM";"";"";"";"UO_0000065";"";"";"";"";"0";"CHEMBL878974";"Inhibitory activity against trypsin using human purified enzyme";"B";"BAO_0000357";"single protein format";"None";"None";"None";"None";"None";"";"";"";"CHEMBL209";"Serine protease 1";"Homo sapiens";"SINGLE PROTEIN";"CHEMBL1145764";"1";"Scientific Literature";"Bioorg Med Chem Lett";"2003";"None";"";"";"";"1600.0"
"CHEMBL3667882";"";"None";"451.48";"0";"1.52";"BDBM158076";"CC(C)(Cc1ccc(C(=O)Oc2ccc(C(=N)N)cc2F)s1)C(=O)N[C@@H](CO)C(=O)O";"Ki";"'='";"0.75";"nM";"9.12";"";"300437";"UO_0000065";"20.21";"0.40";"7.60";"5.60";"0";"CHEMBL3705369";"Inhibition Assay: Using a 96 well plate (#3915, Costar), a test compound (25 μL) was mixed with 20 μM fluorescence enzyme substrate (Boc-Phe-Ser-Arg-AMC, 50 μL) mixed with 200 mM Tris-HCl buffer (pH 8.0), and human trypsin (Sigma, 25 μL) was added. Using a fluorescence plate reader fmax (Molecular Devices, Inc.), the reaction rate was measured from the time-course changes at excitation wavelength 355 nm and fluorescence wavelength 460 nm.";"B";"BAO_0000357";"single protein format";"Homo sapiens";"None";"None";"None";"None";"";"";"";"CHEMBL209";"Serine protease 1";"Homo sapiens";"SINGLE PROTEIN";"CHEMBL3639122";"37";"BindingDB Patent Bioactivity Data";"";"2015";"None";"";"";"";"0.75"
"CHEMBL316334";"";"None";"375.18";"0";"3.50";"22d";"N=C(N)c1ccc2[nH]c(-c3cc([N+](=O)[O-])cc(Br)c3O)cc2c1";"Ki";"'='";"4300.0";"nM";"5.37";"";"";"UO_0000065";"14.30";"0.32";"1.87";"4.16";"0";"CHEMBL816557";"Inhibition of Human Serine Protease Trypsin.";"B";"BAO_0000357";"single protein format";"None";"None";"None";"None";"None";"";"";"";"CHEMBL209";"Serine protease 1";"Homo sapiens";"SINGLE PROTEIN";"CHEMBL1134564";"1";"Scientific Literature";"J Med Chem";"2001";"None";"";"";"";"4.3"
"CHEMBL3667888";"";"None";"463.53";"0";"3.28";"BDBM158082";"CCCN(CC(=O)O)C(=O)C(C)(C)Cc1ccc(C(=O)Oc2ccc(C(=N)N)cc2F)s1";"Ki";"'='";"1.5";"nM";"8.82";"";"300443";"UO_0000065";"19.04";"0.38";"5.54";"6.60";"0";"CHEMBL3705369";"Inhibition Assay: Using a 96 well plate (#3915, Costar), a test compound (25 μL) was mixed with 20 μM fluorescence enzyme substrate (Boc-Phe-Ser-Arg-AMC, 50 μL) mixed with 200 mM Tris-HCl buffer (pH 8.0), and human trypsin (Sigma, 25 μL) was added. Using a fluorescence plate reader fmax (Molecular Devices, Inc.), the reaction rate was measured from the time-course changes at excitation wavelength 355 nm and fluorescence wavelength 460 nm.";"B";"BAO_0000357";"single protein format";"Homo sapiens";"None";"None";"None";"None";"";"";"";"CHEMBL209";"Serine protease 1";"Homo sapiens";"SINGLE PROTEIN";"CHEMBL3639122";"37";"BindingDB Patent Bioactivity Data";"";"2015";"None";"";"";"";"1.5"
"CHEMBL3667902";"";"None";"521.57";"1";"3.17";"BDBM158096";"CCC(CC)(Cc1ccc(C(=O)Oc2ccc(C(=N)N)cc2F)s1)C(=O)N[C@@H](CCC(=O)O)C(=O)O";"Ki";"'='";"2.01";"nM";"8.70";"";"300457";"UO_0000065";"16.67";"0.33";"5.53";"4.84";"0";"CHEMBL3705369";"Inhibition Assay: Using a 96 well plate (#3915, Costar), a test compound (25 μL) was mixed with 20 μM fluorescence enzyme substrate (Boc-Phe-Ser-Arg-AMC, 50 μL) mixed with 200 mM Tris-HCl buffer (pH 8.0), and human trypsin (Sigma, 25 μL) was added. Using a fluorescence plate reader fmax (Molecular Devices, Inc.), the reaction rate was measured from the time-course changes at excitation wavelength 355 nm and fluorescence wavelength 460 nm.";"B";"BAO_0000357";"single protein format";"Homo sapiens";"None";"None";"None";"None";"";"";"";"CHEMBL209";"Serine protease 1";"Homo sapiens";"SINGLE PROTEIN";"CHEMBL3639122";"37";"BindingDB Patent Bioactivity Data";"";"2015";"None";"";"";"";"2.01"
"CHEMBL3667912";"";"None";"475.54";"0";"3.17";"BDBM158106";"CCC(CC)(Cc1ccc(C(=O)Oc2ccc(C(=N)N)cc2F)s1)C(=O)N[C@@H]1COC(=O)C1";"Ki";"'='";"2.73";"nM";"8.56";"";"300467";"UO_0000065";"18.01";"0.35";"5.39";"6.51";"0";"CHEMBL3705369";"Inhibition Assay: Using a 96 well plate (#3915, Costar), a test compound (25 μL) was mixed with 20 μM fluorescence enzyme substrate (Boc-Phe-Ser-Arg-AMC, 50 μL) mixed with 200 mM Tris-HCl buffer (pH 8.0), and human trypsin (Sigma, 25 μL) was added. Using a fluorescence plate reader fmax (Molecular Devices, Inc.), the reaction rate was measured from the time-course changes at excitation wavelength 355 nm and fluorescence wavelength 460 nm.";"B";"BAO_0000357";"single protein format";"Homo sapiens";"None";"None";"None";"None";"";"";"";"CHEMBL209";"Serine protease 1";"Homo sapiens";"SINGLE PROTEIN";"CHEMBL3639122";"37";"BindingDB Patent Bioactivity Data";"";"2015";"None";"";"";"";"2.73"
"CHEMBL3672853";"";"None";"456.50";"0";"3.29";"BDBM158112";"CC(C)(Cc1ccc(C(=O)Oc2ccc(C(=N)N)cc2F)s1)C(=O)Nc1ccc[nH]c1=O";"Ki";"'='";"4.54";"nM";"8.34";"";"300473";"UO_0000065";"18.28";"0.36";"5.05";"6.04";"0";"CHEMBL3705369";"Inhibition Assay: Using a 96 well plate (#3915, Costar), a test compound (25 μL) was mixed with 20 μM fluorescence enzyme substrate (Boc-Phe-Ser-Arg-AMC, 50 μL) mixed with 200 mM Tris-HCl buffer (pH 8.0), and human trypsin (Sigma, 25 μL) was added. Using a fluorescence plate reader fmax (Molecular Devices, Inc.), the reaction rate was measured from the time-course changes at excitation wavelength 355 nm and fluorescence wavelength 460 nm.";"B";"BAO_0000357";"single protein format";"Homo sapiens";"None";"None";"None";"None";"";"";"";"CHEMBL209";"Serine protease 1";"Homo sapiens";"SINGLE PROTEIN";"CHEMBL3639122";"37";"BindingDB Patent Bioactivity Data";"";"2015";"None";"";"";"";"4.54"
"CHEMBL3672876";"";"None";"459.51";"0";"1.83";"BDBM158136";"CC(C)(Cc1ccc(C(=O)Oc2ccc(C(=N)N)cc2F)s1)C(=O)NCCc1nnn[nH]1";"Ki";"'='";"1.6";"nM";"8.80";"";"300497";"UO_0000065";"19.14";"0.38";"6.97";"5.51";"0";"CHEMBL3705369";"Inhibition Assay: Using a 96 well plate (#3915, Costar), a test compound (25 μL) was mixed with 20 μM fluorescence enzyme substrate (Boc-Phe-Ser-Arg-AMC, 50 μL) mixed with 200 mM Tris-HCl buffer (pH 8.0), and human trypsin (Sigma, 25 μL) was added. Using a fluorescence plate reader fmax (Molecular Devices, Inc.), the reaction rate was measured from the time-course changes at excitation wavelength 355 nm and fluorescence wavelength 460 nm.";"B";"BAO_0000357";"single protein format";"Homo sapiens";"None";"None";"None";"None";"";"";"";"CHEMBL209";"Serine protease 1";"Homo sapiens";"SINGLE PROTEIN";"CHEMBL3639122";"37";"BindingDB Patent Bioactivity Data";"";"2015";"None";"";"";"";"1.6"
"CHEMBL327430";"";"None";"600.55";"0";"3.71";"22";"COC(=O)CC1(C(=O)Nc2ccc(-c3ccccc3OC)cc2)CC(c2cccc(C(=N)N)c2)=NO1.O=C(O)C(F)(F)F";"Ki";"'='";"310.0";"nM";"6.51";"";"";"UO_0000065";"13.38";"0.25";"2.80";"4.78";"0";"CHEMBL824708";"The binding affinity was measured towards human purified trypsin";"B";"BAO_0000357";"single protein format";"None";"None";"None";"None";"None";"";"";"";"CHEMBL209";"Serine protease 1";"Homo sapiens";"SINGLE PROTEIN";"CHEMBL1132311";"1";"Scientific Literature";"J Med Chem";"1999";"None";"";"";"";"310.0"
"CHEMBL324349";"";"None";"380.49";"0";"1.32";"28";"NCc1ccccc1CNC(=O)[C@@H]1CCCN1C(=O)[C@H](N)Cc1ccccc1";"Ki";"'='";"106000.0";"nM";"";"Outside typical range";"";"UO_0000065";"";"";"";"";"0";"CHEMBL818017";"Inhibitory constant evaluated against trypsin";"B";"BAO_0000357";"single protein format";"None";"None";"None";"None";"None";"";"";"";"CHEMBL209";"Serine protease 1";"Homo sapiens";"SINGLE PROTEIN";"CHEMBL1136286";"1";"Scientific Literature";"Bioorg Med Chem Lett";"2003";"None";"";"";"";"106000.0"
"CHEMBL419773";"";"None";"513.33";"1";"2.16";"33a";"NCc1ccc(Cl)cc1CNC(=O)Cn1c(Cl)cnc(NCC(F)(F)c2cccc[n+]2[O-])c1=O";"Ki";"'='";"415.0";"nM";"6.38";"";"";"UO_0000065";"12.43";"0.26";"4.22";"4.95";"0";"CHEMBL818017";"Inhibitory constant evaluated against trypsin";"B";"BAO_0000357";"single protein format";"None";"None";"None";"None";"None";"";"";"";"CHEMBL209";"Serine protease 1";"Homo sapiens";"SINGLE PROTEIN";"CHEMBL1136286";"1";"Scientific Literature";"Bioorg Med Chem Lett";"2003";"None";"";"";"";"415.0"
"CHEMBL306537";"";"None";"600.76";"2";"2.81";"9";"NCc1ccc(CNC(=O)CCCC(=O)NCc2ccc(CNC(=O)CCCC(=O)NCc3ccc(CN)cc3)cc2)cc1";"Ki";"'='";"274000.0";"nM";"";"Outside typical range";"";"UO_0000065";"";"";"";"";"0";"CHEMBL824722";"Inhibitory potency against trypsin";"B";"BAO_0000357";"single protein format";"None";"None";"None";"None";"None";"";"";"";"CHEMBL209";"Serine protease 1";"Homo sapiens";"SINGLE PROTEIN";"CHEMBL1132783";"1";"Scientific Literature";"Bioorg Med Chem Lett";"2000";"None";"";"";"";"274.0"
"CHEMBL174702";"";"None";"448.57";"1";"5.41";"14a";"N=C(N)c1ccc2ccc(Cn3c4ccccc4c4ccc(OC5CCNCC5)cc43)cc2c1";"Ki";"'='";"30.0";"nM";"7.52";"";"";"UO_0000065";"16.77";"0.30";"2.11";"9.89";"0";"CHEMBL815755";"In vitro inhibition of bovine trypsin.";"B";"BAO_0000357";"single protein format";"None";"None";"None";"None";"None";"";"";"";"CHEMBL209";"Serine protease 1";"Homo sapiens";"SINGLE PROTEIN";"CHEMBL1133499";"1";"Scientific Literature";"Bioorg Med Chem Lett";"2000";"None";"";"";"";"30.0"
"CHEMBL92250";"";"None";"297.27";"0";"2.13";"6c";"N=C(N)c1ccc2[nH]c(-c3cc([N+](=O)[O-])ccc3O)nc2c1";"Ki";"'='";"30000.0";"nM";"4.52";"";"";"UO_0000065";"15.21";"0.28";"2.39";"3.19";"0";"CHEMBL824709";"Activity against Human Serine Protease Trypsin";"B";"BAO_0000357";"single protein format";"Homo sapiens";"None";"None";"None";"None";"";"";"";"CHEMBL209";"Serine protease 1";"Homo sapiens";"SINGLE PROTEIN";"CHEMBL1134564";"1";"Scientific Literature";"J Med Chem";"2001";"None";"";"";"";"30.0"
"CHEMBL140885";"";"None";"440.94";"0";"2.46";"23";"Cc1nc(N)ccc1CNC(=O)Cn1c(C)c(Cl)nc(NCCc2ccccc2)c1=O";"Ki";"'='";"2100.0";"nM";"5.68";"";"";"UO_0000065";"12.88";"0.25";"3.22";"4.94";"0";"CHEMBL817818";"Inhibitory activity against trypsin was determined";"B";"BAO_0000357";"single protein format";"None";"None";"None";"None";"None";"";"";"";"CHEMBL209";"Serine protease 1";"Homo sapiens";"SINGLE PROTEIN";"CHEMBL1131169";"1";"Scientific Literature";"J Med Chem";"1998";"None";"";"";"";"2100.0"
"CHEMBL281591";"";"None";"599.69";"1";"3.90";"8e";"CCc1nc2c(N(CC(=O)O)CC(=O)O)c(OC3CCN(C(C)=N)CC3)ccc2n1Cc1ccc2ccc(C(=N)N)cc2c1";"Ki";"'='";"15.0";"nM";"7.82";"";"";"UO_0000065";"13.05";"0.24";"3.92";"4.30";"0";"CHEMBL817144";"Tested in vitro for the selectivity against trypsin (Trp)";"B";"BAO_0000357";"single protein format";"None";"None";"None";"None";"None";"";"";"";"CHEMBL209";"Serine protease 1";"Homo sapiens";"SINGLE PROTEIN";"CHEMBL1135304";"1";"Scientific Literature";"Bioorg Med Chem Lett";"2002";"None";"";"";"";"15.0"
"CHEMBL92964";"";"None";"266.30";"0";"2.53";"6k";"Cc1cccc(-c2nc3cc(C(=N)N)ccc3[nH]2)c1O";"Ki";"'='";"15000.0";"nM";"4.82";"";"";"UO_0000065";"18.11";"0.33";"2.29";"4.88";"0";"CHEMBL816557";"Inhibition of Human Serine Protease Trypsin.";"B";"BAO_0000357";"single protein format";"None";"None";"None";"None";"None";"";"";"";"CHEMBL209";"Serine protease 1";"Homo sapiens";"SINGLE PROTEIN";"CHEMBL1134564";"1";"Scientific Literature";"J Med Chem";"2001";"None";"";"";"";"15.0"
"CHEMBL41359";"";"None";"525.63";"1";"3.84";"6h";"COc1ccc2cc(S(=O)(=O)NN(Cc3cccc(C(=N)NO)c3)C(=O)N3CCCCC3C)ccc2c1";"Ki";"'='";"47000.0";"nM";"4.33";"";"";"UO_0000065";"8.23";"0.16";"0.49";"3.20";"0";"CHEMBL815009";"In vitro inhibition of trypsin";"B";"BAO_0000357";"single protein format";"None";"None";"None";"None";"None";"";"";"";"CHEMBL209";"Serine protease 1";"Homo sapiens";"SINGLE PROTEIN";"CHEMBL1137966";"1";"Scientific Literature";"Bioorg Med Chem Lett";"2004";"None";"";"";"";"47.0"
"CHEMBL556199";"";"None";"482.99";"0";"0.00";"6";"CC(=O)N1C[C@H](O)C[C@H]1C(=O)N[C@@H](CCCN=C(N)N)C(=O)c1nc2ccccc2s1.Cl";"Ki";"'='";"6.0";"nM";"8.22";"";"";"UO_0000065";"18.41";"0.36";"None";"5.01";"0";"CHEMBL655074";"In vitro inhibition of bovine trypsin.";"B";"BAO_0000357";"single protein format";"None";"None";"None";"None";"None";"";"";"";"CHEMBL209";"Serine protease 1";"Homo sapiens";"SINGLE PROTEIN";"CHEMBL1145070";"1";"Scientific Literature";"J Med Chem";"2003";"None";"";"";"";"6.0"
"CHEMBL5816927";"";"None";"477.49";"0";"2.90";"BDBM387054";"COc1ccc(-n2nc(C(F)(F)F)c3c2C(=O)N(C2CCN(N4CCCC4=O)CC2)CC3)cc1";"Ki";"'>'";"1000.0";"nM";"";"";"772855";"UO_0000065";"";"";"";"";"0";"CHEMBL5733701";"In Vitro Assay: Trypsin: In the assay for measuring the inhibition of human trypsin activity buffer (50 mM Tris, pH 8.2, and 20 mM CaCl2) is used. The IC50 is measured by selecting the appropriate wells of a Greiner 384 microtiter plate. 50 μL the assay buffer containing human trypsin (Sigma; T6424), of which the final concentration is 0.39 BAEE units/ml; 2 μL the assay buffer containing 2% (V/V) DMSO (uninhibited control) or various concentrations of the compounds to be tested diluted in the assay buffer containing 2% (V/V) DMSO; and the assay buffer containing substrate S-2222 (Chromogenix). The assay is performed by pre-incubating the tested compounds with enzyme for 10 minutes. Then the assay is initiated by adding 48 μL substrate to obtain a final volume of 100 μL.";"B";"BAO_0000357";"single protein format";"Homo sapiens";"None";"None";"None";"None";"";"";"";"CHEMBL209";"Serine protease 1";"Homo sapiens";"SINGLE PROTEIN";"CHEMBL5726935";"37";"BindingDB Patent Bioactivity Data";"";"2018";"None";"";"";"";"1000.0"
"CHEMBL55210";"";"None";"499.53";"0";"2.71";"1k";"COc1ccc(C(=O)N[C@H](C(=O)N2CCC[C@H]2C(=O)N[C@H](C(=O)C(F)(F)F)C(C)C)C(C)C)cc1";"Ki";"";"";"nM";"";"";"No inhibition";"UO_0000065";"";"";"";"";"0";"CHEMBL818187";"Binding affinity for human pancreatic trypsin; No inhibition at 188 uM (highest concentration tested)";"B";"BAO_0000357";"single protein format";"None";"None";"None";"None";"None";"";"";"";"CHEMBL209";"Serine protease 1";"Homo sapiens";"SINGLE PROTEIN";"CHEMBL1130170";"1";"Scientific Literature";"J Med Chem";"1997";"None";"";"";"";""
"CHEMBL268225";"";"None";"553.99";"2";"1.82";"4 (+/-)";"Nc1cc(C2=NOC(Cn3cnnn3)(C(=O)Nc3ccc(-c4ccccc4S(N)(=O)=O)cn3)C2)ccc1Cl";"Ki";"'>'";"1600.0";"nM";"";"";"";"UO_0000065";"";"";"";"";"0";"CHEMBL878974";"Inhibitory activity against trypsin using human purified enzyme";"B";"BAO_0000357";"single protein format";"None";"None";"None";"None";"None";"";"";"";"CHEMBL209";"Serine protease 1";"Homo sapiens";"SINGLE PROTEIN";"CHEMBL1145764";"1";"Scientific Literature";"Bioorg Med Chem Lett";"2003";"None";"";"";"";"1600.0"
"CHEMBL267438";"";"None";"543.99";"1";"1.80";"24 (-)";"NC(=O)NCC1(C(=O)Nc2ccc(-c3ccccc3S(N)(=O)=O)cn2)CC(c2ccc(Cl)c(N)c2)=NO1";"Ki";"'>'";"1600.0";"nM";"";"";"";"UO_0000065";"";"";"";"";"0";"CHEMBL878974";"Inhibitory activity against trypsin using human purified enzyme";"B";"BAO_0000357";"single protein format";"None";"None";"None";"None";"None";"";"";"";"CHEMBL209";"Serine protease 1";"Homo sapiens";"SINGLE PROTEIN";"CHEMBL1145764";"1";"Scientific Literature";"Bioorg Med Chem Lett";"2003";"None";"";"";"";"1600.0"
"CHEMBL340547";"";"None";"501.53";"0";"2.42";"5";"N=C(N)NCCCC(NC(=O)C1CCCC1)C(=O)c1nc2ccccc2s1.O=C(O)C(F)(F)F";"Ki";"'='";"30.0";"nM";"7.52";"";"";"UO_0000065";"19.41";"0.38";"5.10";"6.22";"0";"CHEMBL655074";"In vitro inhibition of bovine trypsin.";"B";"BAO_0000357";"single protein format";"None";"None";"None";"None";"None";"";"";"";"CHEMBL209";"Serine protease 1";"Homo sapiens";"SINGLE PROTEIN";"CHEMBL1145070";"1";"Scientific Literature";"J Med Chem";"2003";"None";"";"";"";"30.0"
"CHEMBL297371";"";"None";"415.49";"0";"3.40";"10";"COC(=O)[C@@H](CNC(=O)c1ccc(-c2ccccc2)cc1)Cc1cccc(C(=N)N)c1";"Ki";"'='";"230.0";"nM";"6.64";"";"";"UO_0000065";"15.98";"0.29";"3.24";"6.31";"0";"CHEMBL817805";"In vitro inhibitory activity against human trypsin";"B";"BAO_0000357";"single protein format";"None";"None";"None";"None";"None";"";"";"";"CHEMBL209";"Serine protease 1";"Homo sapiens";"SINGLE PROTEIN";"CHEMBL1135154";"1";"Scientific Literature";"Bioorg Med Chem Lett";"2002";"None";"";"";"";"230.0"
"CHEMBL158689";"";"None";"533.03";"1";"3.11";"21";"COC(=O)Cn1c(CN2CCN(S(=O)(=O)c3cc4ccc(Cl)cc4s3)CC2=O)cc2cnccc21";"Ki";"'>'";"2900.0";"nM";"";"";"";"UO_0000065";"";"";"";"";"0";"CHEMBL821459";"Binding affinity towards trypsin";"B";"BAO_0000357";"single protein format";"None";"None";"None";"None";"None";"";"";"";"CHEMBL209";"Serine protease 1";"Homo sapiens";"SINGLE PROTEIN";"CHEMBL1144944";"1";"Scientific Literature";"J Med Chem";"2003";"None";"";"";"";"2900.0"
"CHEMBL11157";"L-374087";"None";"455.54";"0";"1.70";"1";"Cc1nc(N)ccc1CNC(=O)Cn1c(C)ccc(NS(=O)(=O)Cc2ccccc2)c1=O";"Ki";"'='";"3200.0";"nM";"5.50";"";"";"UO_0000065";"12.06";"0.23";"3.79";"4.03";"0";"CHEMBL817281";"Compound was evaluated to inhibit the trypsin enzyme";"B";"BAO_0000357";"single protein format";"None";"None";"None";"None";"None";"";"";"";"CHEMBL209";"Serine protease 1";"Homo sapiens";"SINGLE PROTEIN";"CHEMBL1130870";"1";"Scientific Literature";"Bioorg Med Chem Lett";"1998";"None";"";"";"";"3200.0"
"CHEMBL77007";"";"None";"772.91";"2";"2.75";"59";"N=C(N)Nc1ccc(CNC(=O)N2CCN(C(=O)OC[C@H]3C4C=CC(CC4)[C@@H]3COC(=O)N3CCN(C(=O)NCc4ccc(NC(=N)N)cc4)CC3)CC2)cc1";"Ki";"'='";"15000.0";"nM";"4.82";"";"";"UO_0000065";"6.24";"0.12";"2.07";"1.95";"0";"CHEMBL824723";"Compound was evaluated for its inhibitory potency against trypsin";"B";"BAO_0000357";"single protein format";"None";"None";"None";"None";"None";"";"";"";"CHEMBL209";"Serine protease 1";"Homo sapiens";"SINGLE PROTEIN";"CHEMBL1132784";"1";"Scientific Literature";"Bioorg Med Chem Lett";"2000";"None";"";"";"";"15.0"
"CHEMBL313788";"";"None";"401.56";"0";"1.70";"6";"N=C(N)N1CCC(OCCC2CCCCN2C(=O)[C@H](N)Cc2ccccc2)CC1";"Ki";"'='";"1600.0";"nM";"5.80";"";"";"UO_0000065";"14.43";"0.27";"4.10";"5.33";"0";"CHEMBL817823";"In vitro inhibition of human trypsin.";"B";"BAO_0000357";"single protein format";"None";"None";"None";"None";"None";"";"";"";"CHEMBL209";"Serine protease 1";"Homo sapiens";"SINGLE PROTEIN";"CHEMBL1135990";"1";"Scientific Literature";"J Med Chem";"2002";"None";"";"";"";"1600.0"
"CHEMBL5986612";"";"None";"528.05";"0";"3.96";"BDBM308250";"CCC(CC)(Cc1ccc(C(=O)Oc2ccc(C(=N)N)cc2F)s1)C(=O)N[C@H](C(=O)O)C(C)C.Cl";"Ki";"'='";"5.18";"nM";"8.29";"";"591860";"UO_0000065";"16.85";"0.33";"4.33";"5.81";"0";"CHEMBL5731810";"Inhibitory Activity Assay: Using a 96 well plate (#3915, Costar), a test compound (25 μL), 400 mM Tris-HCl buffer (pH 8.0, 25 μL) and 0.5 mg/mL fluorescence enzyme substrate (Gly-Asp-Asp-Asp-Asp-Lys-β-Naphtylamide, 25 μL) were mixed, and recombinant human enteropeptidase (R&D Systems, Inc., 25 μL) was added. Using a fluorescence plate reader fmax (Molecular Devices, Inc.), the reaction rate was measured from the time-course changes at excitation wavelength 320 nm and fluorescence wavelength 405 nm. The Ki value was calculated from the concentration of the test compound, reciprocal of reaction rate, and Km value of the enzyme substrate, and by using Dixon plot.";"B";"BAO_0000357";"single protein format";"Homo sapiens";"None";"None";"None";"None";"";"";"";"CHEMBL209";"Serine protease 1";"Homo sapiens";"SINGLE PROTEIN";"CHEMBL5725983";"37";"BindingDB Patent Bioactivity Data";"";"2017";"None";"";"";"";"5.18"
"CHEMBL5913284";"";"None";"514.02";"0";"3.72";"BDBM308444";"CC[C@H](NC(=O)C(CC)(CC)Cc1ccc(C(=O)Oc2ccc(C(=N)N)cc2F)s1)C(=O)O.Cl";"Ki";"'='";"1.93";"nM";"8.71";"";"591890";"UO_0000065";"18.25";"0.36";"4.99";"6.11";"0";"CHEMBL5731810";"Inhibitory Activity Assay: Using a 96 well plate (#3915, Costar), a test compound (25 μL), 400 mM Tris-HCl buffer (pH 8.0, 25 μL) and 0.5 mg/mL fluorescence enzyme substrate (Gly-Asp-Asp-Asp-Asp-Lys-β-Naphtylamide, 25 μL) were mixed, and recombinant human enteropeptidase (R&D Systems, Inc., 25 μL) was added. Using a fluorescence plate reader fmax (Molecular Devices, Inc.), the reaction rate was measured from the time-course changes at excitation wavelength 320 nm and fluorescence wavelength 405 nm. The Ki value was calculated from the concentration of the test compound, reciprocal of reaction rate, and Km value of the enzyme substrate, and by using Dixon plot.";"B";"BAO_0000357";"single protein format";"Homo sapiens";"None";"None";"None";"None";"";"";"";"CHEMBL209";"Serine protease 1";"Homo sapiens";"SINGLE PROTEIN";"CHEMBL5725983";"37";"BindingDB Patent Bioactivity Data";"";"2017";"None";"";"";"";"1.93"
"CHEMBL5848691";"";"None";"519.98";"0";"4.30";"BDBM308496";"CC(C)(Cc1ccc(C(=O)Oc2ccc(C(=N)N)cc2F)s1)C(=O)Nc1cccc(C(=O)O)c1.Cl";"Ki";"'='";"0.7";"nM";"9.15";"";"591898";"UO_0000065";"18.93";"0.37";"4.85";"6.42";"0";"CHEMBL5731810";"Inhibitory Activity Assay: Using a 96 well plate (#3915, Costar), a test compound (25 μL), 400 mM Tris-HCl buffer (pH 8.0, 25 μL) and 0.5 mg/mL fluorescence enzyme substrate (Gly-Asp-Asp-Asp-Asp-Lys-β-Naphtylamide, 25 μL) were mixed, and recombinant human enteropeptidase (R&D Systems, Inc., 25 μL) was added. Using a fluorescence plate reader fmax (Molecular Devices, Inc.), the reaction rate was measured from the time-course changes at excitation wavelength 320 nm and fluorescence wavelength 405 nm. The Ki value was calculated from the concentration of the test compound, reciprocal of reaction rate, and Km value of the enzyme substrate, and by using Dixon plot.";"B";"BAO_0000357";"single protein format";"Homo sapiens";"None";"None";"None";"None";"";"";"";"CHEMBL209";"Serine protease 1";"Homo sapiens";"SINGLE PROTEIN";"CHEMBL5725983";"37";"BindingDB Patent Bioactivity Data";"";"2017";"None";"";"";"";"0.7"
"CHEMBL554926";"";"None";"559.50";"2";"5.08";"38";"CS(=O)(=O)c1ccccc1-c1ccc(NC(=O)c2cc(C(F)(F)F)nn2-c2ccc3onc(N)c3c2)c(F)c1";"Ki";"'>'";"5200.0";"nM";"";"";"";"UO_0000065";"";"";"";"";"0";"CHEMBL826336";"Binding affinity determined against human trypsin";"B";"BAO_0000357";"single protein format";"Homo sapiens";"None";"None";"None";"None";"";"";"";"CHEMBL209";"Serine protease 1";"Homo sapiens";"SINGLE PROTEIN";"CHEMBL1145195";"1";"Scientific Literature";"J Med Chem";"2005";"None";"";"";"";"5200.0"
"CHEMBL176140";"";"None";"532.52";"1";"4.81";"DPC 423";"CS(=O)(=O)c1ccccc1-c1ccc(NC(=O)c2cc(C(F)(F)F)nn2-c2cccc(CN)c2)c(F)c1";"Ki";"'='";"60.0";"nM";"7.22";"";"";"UO_0000065";"13.56";"0.27";"2.41";"6.74";"0";"CHEMBL826336";"Binding affinity determined against human trypsin";"B";"BAO_0000357";"single protein format";"Homo sapiens";"None";"None";"None";"None";"";"";"";"CHEMBL209";"Serine protease 1";"Homo sapiens";"SINGLE PROTEIN";"CHEMBL1145195";"1";"Scientific Literature";"J Med Chem";"2005";"None";"";"";"";"60.0"
"CHEMBL5808246";"";"None";"373.39";"0";"2.42";"BDBM113293";"CS(=O)(=O)c1ccccc1-c1nc2cc3c(cc2c(=O)o1)OCCCO3";"Ki";"'>'";"10000.0";"nM";"";"";"461959";"UO_0000065";"";"";"";"";"0";"CHEMBL5730557";"Trypsin Assay: Materials: Trypsin, 100 ug (Roche, sequence grade, Mw 23500), Substrate S-2288 (Chromogenics, cat. no. 820852). Trypsin activity was determined at 37° C. in 10 mM Na phosphate pH 7.2, 0.5 M NaCl, with final concentrations of 0.8 ug/ml (34 nM) of Trypsin, 1 mM substrate, 5% DMSO in the presence of 0 uM, 0.1 uM, 1.0 uM and 10 uM of inhibitor, in 96 well plates by measuring absorbance at 405 nm in a plate reader (Spectramax).";"B";"BAO_0000357";"single protein format";"Homo sapiens";"None";"None";"None";"None";"";"";"";"CHEMBL209";"Serine protease 1";"Homo sapiens";"SINGLE PROTEIN";"CHEMBL5725320";"37";"BindingDB Patent Bioactivity Data";"";"2017";"None";"";"";"";"10000.0"
"CHEMBL5970924";"";"None";"493.49";"0";"2.14";"BDBM387049";"COc1ccc(-n2nc(C(F)(F)F)c3c2C(=O)N(C2CCN(N4CCOCC4=O)CC2)CC3)cc1";"Ki";"'>'";"1000.0";"nM";"";"";"772845";"UO_0000065";"";"";"";"";"0";"CHEMBL5733701";"In Vitro Assay: Trypsin: In the assay for measuring the inhibition of human trypsin activity buffer (50 mM Tris, pH 8.2, and 20 mM CaCl2) is used. The IC50 is measured by selecting the appropriate wells of a Greiner 384 microtiter plate. 50 μL the assay buffer containing human trypsin (Sigma; T6424), of which the final concentration is 0.39 BAEE units/ml; 2 μL the assay buffer containing 2% (V/V) DMSO (uninhibited control) or various concentrations of the compounds to be tested diluted in the assay buffer containing 2% (V/V) DMSO; and the assay buffer containing substrate S-2222 (Chromogenix). The assay is performed by pre-incubating the tested compounds with enzyme for 10 minutes. Then the assay is initiated by adding 48 μL substrate to obtain a final volume of 100 μL.";"B";"BAO_0000357";"single protein format";"Homo sapiens";"None";"None";"None";"None";"";"";"";"CHEMBL209";"Serine protease 1";"Homo sapiens";"SINGLE PROTEIN";"CHEMBL5726935";"37";"BindingDB Patent Bioactivity Data";"";"2018";"None";"";"";"";"1000.0"
"CHEMBL3642914";"";"None";"385.46";"0";"3.12";"BDBM109641";"CC(C)CCNC(=O)C(C)Cc1ccc(C(=O)Oc2ccc(C(=N)N)cc2)o1";"Ki";"'='";"4.5";"nM";"8.35";"";"230120";"UO_0000065";"21.65";"0.41";"5.23";"7.05";"0";"CHEMBL3705715";"Inhibition Assay: Inhibition assay using human trysin.";"B";"BAO_0000357";"single protein format";"Homo sapiens";"None";"None";"None";"None";"";"";"";"CHEMBL209";"Serine protease 1";"Homo sapiens";"SINGLE PROTEIN";"CHEMBL3638962";"37";"BindingDB Patent Bioactivity Data";"";"2013";"None";"";"";"";"4.5"
"CHEMBL3642921";"";"None";"409.34";"0";"1.21";"BDBM109648";"CC(Cc1ccc(C(=O)Oc2ccc(C(=N)N)cc2)o1)C(=O)NCP(=O)(O)O";"Ki";"'='";"1.7";"nM";"8.77";"";"230127";"UO_0000065";"21.42";"0.43";"7.56";"4.98";"0";"CHEMBL3705715";"Inhibition Assay: Inhibition assay using human trysin.";"B";"BAO_0000357";"single protein format";"Homo sapiens";"None";"None";"None";"None";"";"";"";"CHEMBL209";"Serine protease 1";"Homo sapiens";"SINGLE PROTEIN";"CHEMBL3638962";"37";"BindingDB Patent Bioactivity Data";"";"2013";"None";"";"";"";"1.7"
"CHEMBL3642929";"";"None";"409.34";"0";"1.21";"BDBM109656";"CC(Cc1cc(C(=O)Oc2ccc(C(=N)N)cc2)co1)C(=O)NCP(=O)(O)O";"Ki";"'='";"3.1";"nM";"8.51";"";"230135";"UO_0000065";"20.79";"0.42";"7.30";"4.84";"0";"CHEMBL3705715";"Inhibition Assay: Inhibition assay using human trysin.";"B";"BAO_0000357";"single protein format";"Homo sapiens";"None";"None";"None";"None";"";"";"";"CHEMBL209";"Serine protease 1";"Homo sapiens";"SINGLE PROTEIN";"CHEMBL3638962";"37";"BindingDB Patent Bioactivity Data";"";"2013";"None";"";"";"";"3.1"
"CHEMBL3642932";"";"None";"431.40";"0";"1.01";"BDBM109659";"CC(Cc1coc(C(=O)Oc2ccc(C(=N)N)cc2)c1)C(=O)N[C@@H](CC(=O)O)C(=O)O";"Ki";"'='";"0.2";"nM";"9.70";"";"230138";"UO_0000065";"22.48";"0.43";"8.69";"5.03";"0";"CHEMBL3705715";"Inhibition Assay: Inhibition assay using human trysin.";"B";"BAO_0000357";"single protein format";"Homo sapiens";"None";"None";"None";"None";"";"";"";"CHEMBL209";"Serine protease 1";"Homo sapiens";"SINGLE PROTEIN";"CHEMBL3638962";"37";"BindingDB Patent Bioactivity Data";"";"2013";"None";"";"";"";"0.2"
"CHEMBL3642897";"";"None";"389.43";"0";"1.63";"BDBM109624";"CC(Cc1ccc(C(=O)Oc2ccc(C(=N)N)cc2)s1)C(=O)NCC(=O)O";"Ki";"'='";"5.75";"nM";"8.24";"";"230152";"UO_0000065";"21.16";"0.42";"6.61";"5.78";"0";"CHEMBL3705715";"Inhibition Assay: Inhibition assay using human trysin.";"B";"BAO_0000357";"single protein format";"Homo sapiens";"None";"None";"None";"None";"";"";"";"CHEMBL209";"Serine protease 1";"Homo sapiens";"SINGLE PROTEIN";"CHEMBL3638962";"37";"BindingDB Patent Bioactivity Data";"";"2013";"None";"";"";"";"5.75"
"CHEMBL3642903";"";"None";"479.49";"0";"2.00";"BDBM109630";"CC(Cc1ccc(C(=O)Oc2ccc(C(=N)N)cc2F)s1)C(=O)N[C@@H](CCC(=O)O)C(=O)O";"Ki";"'='";"0.15";"nM";"9.82";"";"230158";"UO_0000065";"20.49";"0.41";"7.82";"5.46";"0";"CHEMBL3705715";"Inhibition Assay: Inhibition assay using human trysin.";"B";"BAO_0000357";"single protein format";"Homo sapiens";"None";"None";"None";"None";"";"";"";"CHEMBL209";"Serine protease 1";"Homo sapiens";"SINGLE PROTEIN";"CHEMBL3638962";"37";"BindingDB Patent Bioactivity Data";"";"2013";"None";"";"";"";"0.15"
"CHEMBL3642947";"";"None";"481.91";"0";"2.13";"BDBM109674";"CC(Cc1ccc(C(=O)Oc2ccc(C(=N)N)cc2Cl)s1)C(=O)N[C@@H](CC(=O)O)C(=O)O";"Ki";"'='";"0.66";"nM";"9.18";"";"230168";"UO_0000065";"19.05";"0.39";"7.05";"5.10";"0";"CHEMBL3705715";"Inhibition Assay: Inhibition assay using human trysin.";"B";"BAO_0000357";"single protein format";"Homo sapiens";"None";"None";"None";"None";"";"";"";"CHEMBL209";"Serine protease 1";"Homo sapiens";"SINGLE PROTEIN";"CHEMBL3638962";"37";"BindingDB Patent Bioactivity Data";"";"2013";"None";"";"";"";"0.66"
"CHEMBL3642953";"";"None";"465.46";"0";"1.71";"BDBM109680";"N=C(N)c1ccc(OC(=O)c2ccc(CCC(=O)N(CCC(=O)O)CC(=O)O)s2)c(F)c1";"Ki";"'='";"4.5";"nM";"8.35";"";"230174";"UO_0000065";"17.93";"0.36";"6.64";"4.88";"0";"CHEMBL3705715";"Inhibition Assay: Inhibition assay using human trysin.";"B";"BAO_0000357";"single protein format";"Homo sapiens";"None";"None";"None";"None";"";"";"";"CHEMBL209";"Serine protease 1";"Homo sapiens";"SINGLE PROTEIN";"CHEMBL3638962";"37";"BindingDB Patent Bioactivity Data";"";"2013";"None";"";"";"";"4.5"
"CHEMBL3642964";"";"None";"378.43";"0";"3.43";"BDBM109691";"CC(CCC(=O)O)Cc1ccc(C(=O)Oc2ccc(C(=N)N)cc2F)s1";"Ki";"'='";"0.37";"nM";"9.43";"";"230185";"UO_0000065";"24.92";"0.50";"6.00";"8.31";"0";"CHEMBL3705715";"Inhibition Assay: Inhibition assay using human trysin.";"B";"BAO_0000357";"single protein format";"Homo sapiens";"None";"None";"None";"None";"";"";"";"CHEMBL209";"Serine protease 1";"Homo sapiens";"SINGLE PROTEIN";"CHEMBL3638962";"37";"BindingDB Patent Bioactivity Data";"";"2013";"None";"";"";"";"0.37"
"CHEMBL3642980";"";"None";"499.52";"0";"2.84";"BDBM109708";"N=C(N)c1ccc(OC(=O)c2ccc(CCC(=O)N[C@@H](Cc3ccc(O)cc3)C(=O)O)s2)c(F)c1";"Ki";"'='";"3.7";"nM";"8.43";"";"230202";"UO_0000065";"16.88";"0.33";"5.59";"5.18";"0";"CHEMBL3705715";"Inhibition Assay: Inhibition assay using human trysin.";"B";"BAO_0000357";"single protein format";"Homo sapiens";"None";"None";"None";"None";"";"";"";"CHEMBL209";"Serine protease 1";"Homo sapiens";"SINGLE PROTEIN";"CHEMBL3638962";"37";"BindingDB Patent Bioactivity Data";"";"2013";"None";"";"";"";"3.7"
"CHEMBL3672852";"";"None";"440.50";"0";"3.99";"BDBM158111";"CC(C)(Cc1ccc(C(=O)Oc2ccc(C(=N)N)cc2F)s1)C(=O)Nc1cccnc1";"Ki";"'='";"3.6";"nM";"8.44";"";"591912";"UO_0000065";"19.17";"0.37";"4.45";"7.15";"1";"CHEMBL5731810";"Inhibitory Activity Assay: Using a 96 well plate (#3915, Costar), a test compound (25 μL), 400 mM Tris-HCl buffer (pH 8.0, 25 μL) and 0.5 mg/mL fluorescence enzyme substrate (Gly-Asp-Asp-Asp-Asp-Lys-β-Naphtylamide, 25 μL) were mixed, and recombinant human enteropeptidase (R&D Systems, Inc., 25 μL) was added. Using a fluorescence plate reader fmax (Molecular Devices, Inc.), the reaction rate was measured from the time-course changes at excitation wavelength 320 nm and fluorescence wavelength 405 nm. The Ki value was calculated from the concentration of the test compound, reciprocal of reaction rate, and Km value of the enzyme substrate, and by using Dixon plot.";"B";"BAO_0000357";"single protein format";"Homo sapiens";"None";"None";"None";"None";"";"";"";"CHEMBL209";"Serine protease 1";"Homo sapiens";"SINGLE PROTEIN";"CHEMBL5725983";"37";"BindingDB Patent Bioactivity Data";"";"2017";"None";"";"";"";"3.6"
"CHEMBL5859425";"";"None";"512.00";"0";"3.42";"BDBM308505";"CC(C)(Cc1ccc(C(=O)Oc2ccc(C(=N)N)cc2F)s1)C(=O)N1CCC[C@H]1CC(=O)O.Cl";"Ki";"'='";"3.88";"nM";"8.41";"";"591916";"UO_0000065";"17.69";"0.35";"4.99";"6.29";"0";"CHEMBL5731810";"Inhibitory Activity Assay: Using a 96 well plate (#3915, Costar), a test compound (25 μL), 400 mM Tris-HCl buffer (pH 8.0, 25 μL) and 0.5 mg/mL fluorescence enzyme substrate (Gly-Asp-Asp-Asp-Asp-Lys-β-Naphtylamide, 25 μL) were mixed, and recombinant human enteropeptidase (R&D Systems, Inc., 25 μL) was added. Using a fluorescence plate reader fmax (Molecular Devices, Inc.), the reaction rate was measured from the time-course changes at excitation wavelength 320 nm and fluorescence wavelength 405 nm. The Ki value was calculated from the concentration of the test compound, reciprocal of reaction rate, and Km value of the enzyme substrate, and by using Dixon plot.";"B";"BAO_0000357";"single protein format";"Homo sapiens";"None";"None";"None";"None";"";"";"";"CHEMBL209";"Serine protease 1";"Homo sapiens";"SINGLE PROTEIN";"CHEMBL5725983";"37";"BindingDB Patent Bioactivity Data";"";"2017";"None";"";"";"";"3.88"
"CHEMBL156472";"";"None";"351.45";"0";"2.11";"27";"CNC(=O)CC(CCc1ccc(C(=N)N)cc1)c1cccc(C(=N)N)c1";"Ki";"'='";"820.0";"nM";"6.09";"";"";"UO_0000065";"17.32";"0.32";"3.98";"4.72";"0";"CHEMBL811612";"In vitro inhibition of trypsin";"B";"BAO_0000357";"single protein format";"None";"None";"None";"None";"None";"";"";"";"CHEMBL209";"Serine protease 1";"Homo sapiens";"SINGLE PROTEIN";"CHEMBL1131205";"1";"Scientific Literature";"J Med Chem";"1998";"None";"";"";"";"820.0"
"CHEMBL119820";"";"None";"483.68";"0";"3.70";"2c";"CN(C(=O)C(Cc1ccc(CN)cc1)NS(=O)(=O)c1ccc2c(c1)CCCCC2)C1CCCC1";"Ki";"'='";"6300.0";"nM";"5.20";"";"";"UO_0000065";"10.75";"0.21";"1.50";"5.62";"0";"CHEMBL818017";"Inhibitory constant evaluated against trypsin";"B";"BAO_0000357";"single protein format";"None";"None";"None";"None";"None";"";"";"";"CHEMBL209";"Serine protease 1";"Homo sapiens";"SINGLE PROTEIN";"CHEMBL1136286";"1";"Scientific Literature";"Bioorg Med Chem Lett";"2003";"None";"";"";"";"6300.0"
"CHEMBL75269";"";"None";"625.77";"1";"1.20";"table 2";"CC(C)CCn1c(=O)n2n(c1=O)C(C(=O)NC(CCCCN)C(=O)C(=O)NCCc1ccc(C(N)=O)cc1)C=CC2CC(C)C";"Ki";"'='";"0.43";"nM";"9.37";"";"";"UO_0000065";"14.97";"0.28";"8.17";"4.85";"0";"CHEMBL817138";"Compound was evaluated for its binding affinity to the trypsin enzyme";"B";"BAO_0000357";"single protein format";"None";"None";"None";"None";"None";"";"";"";"CHEMBL209";"Serine protease 1";"Homo sapiens";"SINGLE PROTEIN";"CHEMBL1130946";"1";"Scientific Literature";"Bioorg Med Chem Lett";"1998";"None";"";"";"";"0.43"
"CHEMBL279628";"";"None";"649.60";"1";"2.35";"32(+)";"COC(=O)CC1(C(=O)Nc2ccc(-c3ccccc3S(N)(=O)=O)cc2)CC(c2cccc(C(=N)N)c2)=NO1.O=C(O)C(F)(F)F";"Ki";"'='";"300.0";"nM";"6.52";"";"";"UO_0000065";"12.18";"0.23";"4.17";"3.49";"0";"CHEMBL824708";"The binding affinity was measured towards human purified trypsin";"B";"BAO_0000357";"single protein format";"None";"None";"None";"None";"None";"";"";"";"CHEMBL209";"Serine protease 1";"Homo sapiens";"SINGLE PROTEIN";"CHEMBL1132311";"1";"Scientific Literature";"J Med Chem";"1999";"None";"";"";"";"300.0"
"CHEMBL355314";"";"None";"417.47";"0";"1.79";"9b";"Cc1cnc(NCCc2ccccn2)c(=O)n1CC(=O)NCc1cc2cc[nH]c2cn1";"Ki";"'='";"200000.0";"nM";"";"Outside typical range";"";"UO_0000065";"";"";"";"";"0";"CHEMBL817814";"Inhibition of Trypsin";"B";"BAO_0000357";"single protein format";"Homo sapiens";"None";"None";"None";"None";"";"";"";"CHEMBL209";"Serine protease 1";"Homo sapiens";"SINGLE PROTEIN";"CHEMBL1136608";"1";"Scientific Literature";"Bioorg Med Chem Lett";"2003";"None";"";"";"";"200000.0"
"CHEMBL48608";"";"None";"344.21";"0";"3.90";"1";"Cc1cc(Br)c(O)c(-c2cc3cc(C(=N)N)ccc3[nH]2)c1";"Ki";"'='";"640.0";"nM";"6.19";"";"";"UO_0000065";"17.99";"0.40";"2.29";"7.21";"0";"CHEMBL874090";"Inhibitory activity against trypsin in human plasma";"B";"BAO_0000366";"cell-free format";"None";"CHEMBL3559721";"Plasma";"None";"None";"";"";"";"CHEMBL209";"Serine protease 1";"Homo sapiens";"SINGLE PROTEIN";"CHEMBL1134132";"1";"Scientific Literature";"Bioorg Med Chem Lett";"2001";"None";"";"";"";"0.64"
"CHEMBL54018";"";"None";"299.76";"0";"3.79";"3";"Cc1cc(Cl)c(O)c(-c2cc3cc(C(=N)N)ccc3[nH]2)c1";"Ki";"'='";"700.0";"nM";"6.16";"";"";"UO_0000065";"20.53";"0.40";"2.36";"7.17";"0";"CHEMBL874090";"Inhibitory activity against trypsin in human plasma";"B";"BAO_0000366";"cell-free format";"None";"CHEMBL3559721";"Plasma";"None";"None";"";"";"";"CHEMBL209";"Serine protease 1";"Homo sapiens";"SINGLE PROTEIN";"CHEMBL1134132";"1";"Scientific Literature";"Bioorg Med Chem Lett";"2001";"None";"";"";"";"0.7"
"CHEMBL3672859";"";"None";"439.46";"0";"3.44";"BDBM158118";"CC(C)(Cc1ccc(C(=O)Oc2ccc(C(=N)N)cc2F)s1)C(=O)N1CC(F)(F)C1";"Ki";"'='";"3.89";"nM";"8.41";"";"591926";"UO_0000065";"19.14";"0.38";"4.97";"8.72";"1";"CHEMBL5731810";"Inhibitory Activity Assay: Using a 96 well plate (#3915, Costar), a test compound (25 μL), 400 mM Tris-HCl buffer (pH 8.0, 25 μL) and 0.5 mg/mL fluorescence enzyme substrate (Gly-Asp-Asp-Asp-Asp-Lys-β-Naphtylamide, 25 μL) were mixed, and recombinant human enteropeptidase (R&D Systems, Inc., 25 μL) was added. Using a fluorescence plate reader fmax (Molecular Devices, Inc.), the reaction rate was measured from the time-course changes at excitation wavelength 320 nm and fluorescence wavelength 405 nm. The Ki value was calculated from the concentration of the test compound, reciprocal of reaction rate, and Km value of the enzyme substrate, and by using Dixon plot.";"B";"BAO_0000357";"single protein format";"Homo sapiens";"None";"None";"None";"None";"";"";"";"CHEMBL209";"Serine protease 1";"Homo sapiens";"SINGLE PROTEIN";"CHEMBL5725983";"37";"BindingDB Patent Bioactivity Data";"";"2017";"None";"";"";"";"3.89"
"CHEMBL175398";"";"None";"418.54";"0";"2.94";"18";"N=C(N)c1ccc2c(c1)c(CCO)cn2CC(=O)N1CCC(Cc2ccccc2)CC1";"Ki";"'='";"310.0";"nM";"6.51";"";"";"UO_0000065";"15.55";"0.29";"3.57";"6.83";"0";"CHEMBL812713";"Inhibitory activity against trypsin";"B";"BAO_0000357";"single protein format";"None";"None";"None";"None";"None";"";"";"";"CHEMBL209";"Serine protease 1";"Homo sapiens";"SINGLE PROTEIN";"CHEMBL1131664";"1";"Scientific Literature";"Bioorg Med Chem Lett";"1999";"None";"";"";"";"310.0"
"CHEMBL3672884";"";"None";"447.49";"0";"2.50";"BDBM158144";"CC(C)(Cc1ccc(C(=O)Oc2ccc(C(=N)N)cc2F)s1)C(=O)N1CC(C(=O)O)C1";"Ki";"'='";"1.85";"nM";"8.73";"";"300505";"UO_0000065";"19.52";"0.38";"6.23";"6.53";"0";"CHEMBL3705369";"Inhibition Assay: Using a 96 well plate (#3915, Costar), a test compound (25 μL) was mixed with 20 μM fluorescence enzyme substrate (Boc-Phe-Ser-Arg-AMC, 50 μL) mixed with 200 mM Tris-HCl buffer (pH 8.0), and human trypsin (Sigma, 25 μL) was added. Using a fluorescence plate reader fmax (Molecular Devices, Inc.), the reaction rate was measured from the time-course changes at excitation wavelength 355 nm and fluorescence wavelength 460 nm.";"B";"BAO_0000357";"single protein format";"Homo sapiens";"None";"None";"None";"None";"";"";"";"CHEMBL209";"Serine protease 1";"Homo sapiens";"SINGLE PROTEIN";"CHEMBL3639122";"37";"BindingDB Patent Bioactivity Data";"";"2015";"None";"";"";"";"1.85"
"CHEMBL4575974";"";"None";"327.34";"0";"3.27";"BDBM113069";"CCOc1cc2c(=O)oc(-c3ccccc3OC)nc2cc1OC";"Ki";"'>'";"10000.0";"nM";"";"";"461924";"UO_0000065";"";"";"";"";"0";"CHEMBL5730557";"Trypsin Assay: Materials: Trypsin, 100 ug (Roche, sequence grade, Mw 23500), Substrate S-2288 (Chromogenics, cat. no. 820852). Trypsin activity was determined at 37° C. in 10 mM Na phosphate pH 7.2, 0.5 M NaCl, with final concentrations of 0.8 ug/ml (34 nM) of Trypsin, 1 mM substrate, 5% DMSO in the presence of 0 uM, 0.1 uM, 1.0 uM and 10 uM of inhibitor, in 96 well plates by measuring absorbance at 405 nm in a plate reader (Spectramax).";"B";"BAO_0000357";"single protein format";"Homo sapiens";"None";"None";"None";"None";"";"";"";"CHEMBL209";"Serine protease 1";"Homo sapiens";"SINGLE PROTEIN";"CHEMBL5725320";"37";"BindingDB Patent Bioactivity Data";"";"2017";"None";"";"";"";"10000.0"
"CHEMBL5810661";"";"None";"325.32";"0";"3.02";"BDBM113119";"COc1ccccc1-c1nc2cc3c(cc2c(=O)o1)OCCCO3";"Ki";"'>'";"10000.0";"nM";"";"";"461931";"UO_0000065";"";"";"";"";"0";"CHEMBL5730557";"Trypsin Assay: Materials: Trypsin, 100 ug (Roche, sequence grade, Mw 23500), Substrate S-2288 (Chromogenics, cat. no. 820852). Trypsin activity was determined at 37° C. in 10 mM Na phosphate pH 7.2, 0.5 M NaCl, with final concentrations of 0.8 ug/ml (34 nM) of Trypsin, 1 mM substrate, 5% DMSO in the presence of 0 uM, 0.1 uM, 1.0 uM and 10 uM of inhibitor, in 96 well plates by measuring absorbance at 405 nm in a plate reader (Spectramax).";"B";"BAO_0000357";"single protein format";"Homo sapiens";"None";"None";"None";"None";"";"";"";"CHEMBL209";"Serine protease 1";"Homo sapiens";"SINGLE PROTEIN";"CHEMBL5725320";"37";"BindingDB Patent Bioactivity Data";"";"2017";"None";"";"";"";"10000.0"
"CHEMBL5854142";"";"None";"329.74";"0";"3.67";"BDBM113248";"O=c1oc(-c2ccccc2Cl)nc2cc3c(cc12)OCCCO3";"Ki";"'>'";"10000.0";"nM";"";"";"461938";"UO_0000065";"";"";"";"";"0";"CHEMBL5730557";"Trypsin Assay: Materials: Trypsin, 100 ug (Roche, sequence grade, Mw 23500), Substrate S-2288 (Chromogenics, cat. no. 820852). Trypsin activity was determined at 37° C. in 10 mM Na phosphate pH 7.2, 0.5 M NaCl, with final concentrations of 0.8 ug/ml (34 nM) of Trypsin, 1 mM substrate, 5% DMSO in the presence of 0 uM, 0.1 uM, 1.0 uM and 10 uM of inhibitor, in 96 well plates by measuring absorbance at 405 nm in a plate reader (Spectramax).";"B";"BAO_0000357";"single protein format";"Homo sapiens";"None";"None";"None";"None";"";"";"";"CHEMBL209";"Serine protease 1";"Homo sapiens";"SINGLE PROTEIN";"CHEMBL5725320";"37";"BindingDB Patent Bioactivity Data";"";"2017";"None";"";"";"";"10000.0"
"CHEMBL348038";"";"None";"465.58";"0";"4.05";"18";"COC(=O)CC(CCc1ccc(NS(=O)(=O)c2ccccc2)cc1)c1cccc(C(=N)N)c1";"Ki";"'='";"610.0";"nM";"6.21";"";"";"UO_0000065";"13.35";"0.26";"2.16";"5.08";"0";"CHEMBL811612";"In vitro inhibition of trypsin";"B";"BAO_0000357";"single protein format";"None";"None";"None";"None";"None";"";"";"";"CHEMBL209";"Serine protease 1";"Homo sapiens";"SINGLE PROTEIN";"CHEMBL1131205";"1";"Scientific Literature";"J Med Chem";"1998";"None";"";"";"";"610.0"
"CHEMBL328772";"";"None";"330.19";"0";"3.59";"22b";"N=C(N)c1ccc2[nH]c(-c3cccc(Br)c3O)cc2c1";"Ki";"'='";"290.0";"nM";"6.54";"";"";"UO_0000065";"19.80";"0.45";"2.95";"7.61";"0";"CHEMBL824709";"Activity against Human Serine Protease Trypsin";"B";"BAO_0000357";"single protein format";"Homo sapiens";"None";"None";"None";"None";"";"";"";"CHEMBL209";"Serine protease 1";"Homo sapiens";"SINGLE PROTEIN";"CHEMBL1134564";"1";"Scientific Literature";"J Med Chem";"2001";"None";"";"";"";"0.29"
"CHEMBL263806";"";"None";"826.07";"1";"3.71";"23 (CGH1484)";"CC1(C)CNc2c(cc(CCC(=O)N3CCN(CC(=O)N4CCOCC4)CC3)cc2S(=O)(=O)N[C@@H](Cc2nc3ccccc3s2)C(=O)N2CCC(CCF)CC2)C1";"Ki";"'='";"153000.0";"nM";"";"Outside typical range";"";"UO_0000065";"";"";"";"";"0";"CHEMBL815013";"Inhibitory activity against trypsin";"B";"BAO_0000357";"single protein format";"None";"None";"None";"None";"None";"";"";"";"CHEMBL209";"Serine protease 1";"Homo sapiens";"SINGLE PROTEIN";"CHEMBL1133233";"1";"Scientific Literature";"Bioorg Med Chem Lett";"2000";"None";"";"";"";"153.0"
"CHEMBL77521";"";"None";"544.66";"2";"1.25";"7";"NCc1ccc(CNC(=O)CC(=O)NCc2ccc(CNC(=O)CC(=O)NCc3ccc(CN)cc3)cc2)cc1";"Ki";"'='";"317000.0";"nM";"";"Outside typical range";"";"UO_0000065";"";"";"";"";"0";"CHEMBL824722";"Inhibitory potency against trypsin";"B";"BAO_0000357";"single protein format";"None";"None";"None";"None";"None";"";"";"";"CHEMBL209";"Serine protease 1";"Homo sapiens";"SINGLE PROTEIN";"CHEMBL1132783";"1";"Scientific Literature";"Bioorg Med Chem Lett";"2000";"None";"";"";"";"317.0"
"CHEMBL442980";"";"None";"471.61";"0";"2.78";"26";"N[C@@H](C(=O)N1CCC[C@H]1C(=O)NCC1CCc2n[nH]cc2C1)C(c1ccccc1)c1ccccc1";"Ki";"'='";"216600.0";"nM";"";"Outside typical range";"";"UO_0000065";"";"";"";"";"0";"CHEMBL817808";"In vitro inhibitory activity against Trypsin";"B";"BAO_0000357";"single protein format";"None";"None";"None";"None";"None";"";"";"";"CHEMBL209";"Serine protease 1";"Homo sapiens";"SINGLE PROTEIN";"CHEMBL1136607";"1";"Scientific Literature";"Bioorg Med Chem Lett";"2003";"None";"";"";"";"216.6"
"CHEMBL162635";"";"None";"421.55";"0";"2.32";"8";"N=C(N)c1cccc(C(=O)NC(C(=O)NCC2CCC(CN)CC2)c2ccccc2)c1";"Ki";"'='";"4500.0";"nM";"5.35";"";"";"UO_0000065";"12.68";"0.24";"3.03";"3.99";"0";"CHEMBL818185";"Binding affinity against human trypsin";"B";"BAO_0000357";"single protein format";"None";"None";"None";"None";"None";"";"";"";"CHEMBL209";"Serine protease 1";"Homo sapiens";"SINGLE PROTEIN";"CHEMBL1134227";"1";"Scientific Literature";"Bioorg Med Chem Lett";"2001";"None";"";"";"";"4.5"
"CHEMBL6054715";"";"None";"343.34";"0";"2.29";"BDBM113299";"COC1=CC=C(c2nc3cc4c(cc3c(=O)o2)OCCO4)C(OC)C1";"Ki";"'='";"3700.0";"nM";"5.43";"";"461994";"UO_0000065";"15.82";"0.30";"3.14";"6.79";"0";"CHEMBL5730557";"Trypsin Assay: Materials: Trypsin, 100 ug (Roche, sequence grade, Mw 23500), Substrate S-2288 (Chromogenics, cat. no. 820852). Trypsin activity was determined at 37° C. in 10 mM Na phosphate pH 7.2, 0.5 M NaCl, with final concentrations of 0.8 ug/ml (34 nM) of Trypsin, 1 mM substrate, 5% DMSO in the presence of 0 uM, 0.1 uM, 1.0 uM and 10 uM of inhibitor, in 96 well plates by measuring absorbance at 405 nm in a plate reader (Spectramax).";"B";"BAO_0000357";"single protein format";"Homo sapiens";"None";"None";"None";"None";"";"";"";"CHEMBL209";"Serine protease 1";"Homo sapiens";"SINGLE PROTEIN";"CHEMBL5725320";"37";"BindingDB Patent Bioactivity Data";"";"2017";"None";"";"";"";"3700.0"
"CHEMBL264370";"";"None";"354.22";"None";"None";"4";"N=C(N)NCCC[C@H](NC(=O)c1ccc(-c2ccccc2)cc1)B(O)O";"Ki";"";"";"nM";"";"";"Not Determined";"UO_0000065";"";"";"";"";"0";"CHEMBL811781";"Compound was tested for the inhibition of trypsin; Not tested";"B";"BAO_0000357";"single protein format";"None";"None";"None";"None";"None";"";"";"";"CHEMBL209";"Serine protease 1";"Homo sapiens";"SINGLE PROTEIN";"CHEMBL1151536";"1";"Scientific Literature";"Bioorg Med Chem Lett";"1997";"None";"";"";"";""
"CHEMBL283901";"";"None";"494.64";"1";"5.44";"15c";"CCc1nc2cc(OC3CCN(C(C)=N)CC3)ccc2n1Cc1ccc(-c2cccc(C(=N)N)c2)cc1";"Ki";"'='";"140.0";"nM";"6.85";"";"";"UO_0000065";"13.86";"0.25";"1.41";"6.59";"0";"CHEMBL817144";"Tested in vitro for the selectivity against trypsin (Trp)";"B";"BAO_0000357";"single protein format";"None";"None";"None";"None";"None";"";"";"";"CHEMBL209";"Serine protease 1";"Homo sapiens";"SINGLE PROTEIN";"CHEMBL1135304";"1";"Scientific Literature";"Bioorg Med Chem Lett";"2002";"None";"";"";"";"140.0"
"CHEMBL96493";"";"None";"282.30";"0";"2.23";"6g";"COc1ccc(O)c(-c2nc3cc(C(=N)N)ccc3[nH]2)c1";"Ki";"'='";"6500.0";"nM";"5.19";"";"";"UO_0000065";"18.37";"0.34";"2.96";"4.80";"0";"CHEMBL816557";"Inhibition of Human Serine Protease Trypsin.";"B";"BAO_0000357";"single protein format";"None";"None";"None";"None";"None";"";"";"";"CHEMBL209";"Serine protease 1";"Homo sapiens";"SINGLE PROTEIN";"CHEMBL1134564";"1";"Scientific Literature";"J Med Chem";"2001";"None";"";"";"";"6.5"
"CHEMBL24012";"";"None";"511.67";"1";"4.99";"8c";"CCc1nc2c(N(C)C)c(OC3CCN(C(C)=N)CC3)ccc2n1Cc1ccc2ccc(C(=N)N)cc2c1";"Ki";"'='";"10.0";"nM";"8.00";"";"";"UO_0000065";"15.64";"0.29";"3.01";"7.46";"0";"CHEMBL817144";"Tested in vitro for the selectivity against trypsin (Trp)";"B";"BAO_0000357";"single protein format";"None";"None";"None";"None";"None";"";"";"";"CHEMBL209";"Serine protease 1";"Homo sapiens";"SINGLE PROTEIN";"CHEMBL1135304";"1";"Scientific Literature";"Bioorg Med Chem Lett";"2002";"None";"";"";"";"10.0"
"CHEMBL7854";"";"None";"580.05";"1";"0.93";"12 (+/-)";"Nc1cc(C2=NOC(CNS(N)(=O)=O)(C(=O)Nc3ccc(-c4ccccc4S(N)(=O)=O)cn3)C2)ccc1Cl";"Ki";"'>'";"8000.0";"nM";"";"";"";"UO_0000065";"";"";"";"";"0";"CHEMBL878974";"Inhibitory activity against trypsin using human purified enzyme";"B";"BAO_0000357";"single protein format";"None";"None";"None";"None";"None";"";"";"";"CHEMBL209";"Serine protease 1";"Homo sapiens";"SINGLE PROTEIN";"CHEMBL1145764";"1";"Scientific Literature";"Bioorg Med Chem Lett";"2003";"None";"";"";"";"8000.0"
"CHEMBL5944124";"";"None";"341.39";"0";"3.74";"BDBM113292";"CSc1ccccc1-c1nc2cc3c(cc2c(=O)o1)OCCCO3";"Ki";"'>'";"10000.0";"nM";"";"";"461952";"UO_0000065";"";"";"";"";"0";"CHEMBL5730557";"Trypsin Assay: Materials: Trypsin, 100 ug (Roche, sequence grade, Mw 23500), Substrate S-2288 (Chromogenics, cat. no. 820852). Trypsin activity was determined at 37° C. in 10 mM Na phosphate pH 7.2, 0.5 M NaCl, with final concentrations of 0.8 ug/ml (34 nM) of Trypsin, 1 mM substrate, 5% DMSO in the presence of 0 uM, 0.1 uM, 1.0 uM and 10 uM of inhibitor, in 96 well plates by measuring absorbance at 405 nm in a plate reader (Spectramax).";"B";"BAO_0000357";"single protein format";"Homo sapiens";"None";"None";"None";"None";"";"";"";"CHEMBL209";"Serine protease 1";"Homo sapiens";"SINGLE PROTEIN";"CHEMBL5725320";"37";"BindingDB Patent Bioactivity Data";"";"2017";"None";"";"";"";"10000.0"
"CHEMBL5739834";"";"None";"491.51";"0";"3.29";"BDBM387050";"COc1ccc(-n2nc(C(F)(F)F)c3c2C(=O)N(C2CCN(N4CCCCC4=O)CC2)CC3)cc1";"Ki";"'>'";"1000.0";"nM";"";"";"772850";"UO_0000065";"";"";"";"";"0";"CHEMBL5733701";"In Vitro Assay: Trypsin: In the assay for measuring the inhibition of human trypsin activity buffer (50 mM Tris, pH 8.2, and 20 mM CaCl2) is used. The IC50 is measured by selecting the appropriate wells of a Greiner 384 microtiter plate. 50 μL the assay buffer containing human trypsin (Sigma; T6424), of which the final concentration is 0.39 BAEE units/ml; 2 μL the assay buffer containing 2% (V/V) DMSO (uninhibited control) or various concentrations of the compounds to be tested diluted in the assay buffer containing 2% (V/V) DMSO; and the assay buffer containing substrate S-2222 (Chromogenix). The assay is performed by pre-incubating the tested compounds with enzyme for 10 minutes. Then the assay is initiated by adding 48 μL substrate to obtain a final volume of 100 μL.";"B";"BAO_0000357";"single protein format";"Homo sapiens";"None";"None";"None";"None";"";"";"";"CHEMBL209";"Serine protease 1";"Homo sapiens";"SINGLE PROTEIN";"CHEMBL5726935";"37";"BindingDB Patent Bioactivity Data";"";"2018";"None";"";"";"";"1000.0"
"CHEMBL5948094";"";"None";"466.54";"0";"1.37";"BDBM387055";"COc1ccc(-n2nc(C(N)=O)c3c2C(=O)N(C2CCN(N4CCCCC4=O)CC2)CC3)cc1";"Ki";"'>'";"1000.0";"nM";"";"";"772860";"UO_0000065";"";"";"";"";"0";"CHEMBL5733701";"In Vitro Assay: Trypsin: In the assay for measuring the inhibition of human trypsin activity buffer (50 mM Tris, pH 8.2, and 20 mM CaCl2) is used. The IC50 is measured by selecting the appropriate wells of a Greiner 384 microtiter plate. 50 μL the assay buffer containing human trypsin (Sigma; T6424), of which the final concentration is 0.39 BAEE units/ml; 2 μL the assay buffer containing 2% (V/V) DMSO (uninhibited control) or various concentrations of the compounds to be tested diluted in the assay buffer containing 2% (V/V) DMSO; and the assay buffer containing substrate S-2222 (Chromogenix). The assay is performed by pre-incubating the tested compounds with enzyme for 10 minutes. Then the assay is initiated by adding 48 μL substrate to obtain a final volume of 100 μL.";"B";"BAO_0000357";"single protein format";"Homo sapiens";"None";"None";"None";"None";"";"";"";"CHEMBL209";"Serine protease 1";"Homo sapiens";"SINGLE PROTEIN";"CHEMBL5726935";"37";"BindingDB Patent Bioactivity Data";"";"2018";"None";"";"";"";"1000.0"
"CHEMBL445678";"";"None";"645.54";"1";"3.35";"52";"N=C(N)c1cccc(C2=NOC(C(=O)Nc3ccc(-c4ccccc4S(N)(=O)=O)cc3)(C(F)(F)F)C2)c1.O=C(O)C(F)(F)F";"Ki";"'='";"310.0";"nM";"6.51";"";"";"UO_0000065";"12.25";"0.24";"3.16";"4.05";"0";"CHEMBL824706";"Binding affinity towards trypsin obtained from human purified enzymes";"B";"BAO_0000357";"single protein format";"None";"None";"None";"None";"None";"";"";"";"CHEMBL209";"Serine protease 1";"Homo sapiens";"SINGLE PROTEIN";"CHEMBL1132652";"1";"Scientific Literature";"J Med Chem";"1999";"None";"";"";"";"310.0"
"CHEMBL93744";"";"None";"684.68";"1";"1.62";"68";"CCS(=O)(=O)CC1(C(=O)Nc2ccc(-c3ccccc3S(N)(=O)=O)cn2)CC(c2cccc(C(=N)N)c2)=NO1.O=C(O)C(F)(F)F";"Ki";"'='";"72.0";"nM";"7.14";"";"";"UO_0000065";"12.52";"0.25";"5.52";"3.44";"0";"CHEMBL824706";"Binding affinity towards trypsin obtained from human purified enzymes";"B";"BAO_0000357";"single protein format";"None";"None";"None";"None";"None";"";"";"";"CHEMBL209";"Serine protease 1";"Homo sapiens";"SINGLE PROTEIN";"CHEMBL1132652";"1";"Scientific Literature";"J Med Chem";"1999";"None";"";"";"";"72.0"
"CHEMBL327213";"";"None";"651.58";"1";"1.14";"57";"COC(=O)CC1(C(=O)Nc2ncc(-c3ccccc3S(N)(=O)=O)cn2)CC(c2cccc(C(=N)N)c2)=NO1.O=C(O)C(F)(F)F";"Ki";"'='";"330.0";"nM";"6.48";"";"";"UO_0000065";"12.06";"0.23";"5.34";"3.05";"0";"CHEMBL824706";"Binding affinity towards trypsin obtained from human purified enzymes";"B";"BAO_0000357";"single protein format";"None";"None";"None";"None";"None";"";"";"";"CHEMBL209";"Serine protease 1";"Homo sapiens";"SINGLE PROTEIN";"CHEMBL1132652";"1";"Scientific Literature";"J Med Chem";"1999";"None";"";"";"";"330.0"
"CHEMBL73774";"";"None";"369.41";"0";"1.83";"9n";"N=C(N)c1ccc(O)c(/C=C/CNC(=O)c2cc3nnc(O)cc3s2)c1";"Ki";"'='";"1400.0";"nM";"5.85";"";"";"UO_0000065";"15.85";"0.31";"4.02";"4.03";"0";"CHEMBL817143";"In vitro inhibition of trypsin.";"B";"BAO_0000357";"single protein format";"None";"None";"None";"None";"None";"";"";"";"CHEMBL209";"Serine protease 1";"Homo sapiens";"SINGLE PROTEIN";"CHEMBL1133371";"1";"Scientific Literature";"Bioorg Med Chem Lett";"2000";"None";"";"";"";"1400.0"
"CHEMBL47751";"";"None";"290.37";"0";"4.27";"5";"c1ccc(COc2ccc(CNc3ccncc3)cc2)cc1";"Ki";"'='";"233000.0";"nM";"";"Outside typical range";"";"UO_0000065";"";"";"";"";"0";"CHEMBL816556";"Compound was evaluated for its inhibitory activity against trypsin";"B";"BAO_0000357";"single protein format";"None";"None";"None";"None";"None";"";"";"";"CHEMBL209";"Serine protease 1";"Homo sapiens";"SINGLE PROTEIN";"CHEMBL1131365";"1";"Scientific Literature";"Bioorg Med Chem Lett";"1998";"None";"";"";"";"233.0"
"CHEMBL3672870";"";"None";"447.49";"0";"2.69";"BDBM158129";"CC(C)(Cc1ccc(C(=O)Oc2ccc(C(=N)N)cc2F)s1)C(=O)NC1(C(=O)O)CC1";"Ki";"'='";"1.01";"nM";"9.00";"";"300490";"UO_0000065";"20.10";"0.40";"6.31";"6.31";"0";"CHEMBL3705369";"Inhibition Assay: Using a 96 well plate (#3915, Costar), a test compound (25 μL) was mixed with 20 μM fluorescence enzyme substrate (Boc-Phe-Ser-Arg-AMC, 50 μL) mixed with 200 mM Tris-HCl buffer (pH 8.0), and human trypsin (Sigma, 25 μL) was added. Using a fluorescence plate reader fmax (Molecular Devices, Inc.), the reaction rate was measured from the time-course changes at excitation wavelength 355 nm and fluorescence wavelength 460 nm.";"B";"BAO_0000357";"single protein format";"Homo sapiens";"None";"None";"None";"None";"";"";"";"CHEMBL209";"Serine protease 1";"Homo sapiens";"SINGLE PROTEIN";"CHEMBL3639122";"37";"BindingDB Patent Bioactivity Data";"";"2015";"None";"";"";"";"1.01"
"CHEMBL5816807";"";"None";"342.35";"0";"2.50";"BDBM294039";"O=C(Nc1ccc(N2CCOCC2=O)cc1O)OCc1ccccc1";"Ki";"'>'";"20000.0";"nM";"";"";"560173";"UO_0000065";"";"";"";"";"0";"CHEMBL5731530";"Human Trypsin Assay: The inhibitory activity on human trypsin was determined by using buffer (50 mM Tris, pH 8.2, and 20 mM CaCl2). Appropriate wells in the Greiner 384 microtiter plate were used to determine IC50. A buffer containing 50 μL human trypsin (Sigma; T6424), the final concentration was 0.39 BAEE unit/mL, a buffer containing 2 μL 2% (V/V) DMSO (control group which was free of inhibition) or various concentration of the compound to be tested was diluted in the buffer containing 2% (V/V) DMSO. A buffer containing substrate S-2222 (Chromogenix), the final concentration was 30 μM. In this assay, the compound to be tested and the enzyme were pre-incubated for 10 minutes and then 48 μL substrate was added to give a final volume of 100 μL to start the assay.";"B";"BAO_0000357";"single protein format";"Homo sapiens";"None";"None";"None";"None";"";"";"";"CHEMBL209";"Serine protease 1";"Homo sapiens";"SINGLE PROTEIN";"CHEMBL5725816";"37";"BindingDB Patent Bioactivity Data";"";"2018";"None";"";"";"";"20000.0"
"CHEMBL3667914";"";"None";"503.60";"1";"4.11";"BDBM158108";"CC(C)(Cc1ccc(C(=O)Oc2ccc(C(=N)N)cc2F)s1)C(=O)N[C@@H](C(=O)O)C1CCCCC1";"Ki";"'='";"3.07";"nM";"8.51";"";"591906";"UO_0000065";"16.90";"0.33";"4.40";"5.97";"1";"CHEMBL5731810";"Inhibitory Activity Assay: Using a 96 well plate (#3915, Costar), a test compound (25 μL), 400 mM Tris-HCl buffer (pH 8.0, 25 μL) and 0.5 mg/mL fluorescence enzyme substrate (Gly-Asp-Asp-Asp-Asp-Lys-β-Naphtylamide, 25 μL) were mixed, and recombinant human enteropeptidase (R&D Systems, Inc., 25 μL) was added. Using a fluorescence plate reader fmax (Molecular Devices, Inc.), the reaction rate was measured from the time-course changes at excitation wavelength 320 nm and fluorescence wavelength 405 nm. The Ki value was calculated from the concentration of the test compound, reciprocal of reaction rate, and Km value of the enzyme substrate, and by using Dixon plot.";"B";"BAO_0000357";"single protein format";"Homo sapiens";"None";"None";"None";"None";"";"";"";"CHEMBL209";"Serine protease 1";"Homo sapiens";"SINGLE PROTEIN";"CHEMBL5725983";"37";"BindingDB Patent Bioactivity Data";"";"2017";"None";"";"";"";"3.07"
"CHEMBL3672864";"";"None";"470.53";"0";"4.00";"BDBM158123";"COc1ncccc1NC(=O)C(C)(C)Cc1ccc(C(=O)Oc2ccc(C(=N)N)cc2F)s1";"Ki";"'='";"1.87";"nM";"8.73";"";"591936";"UO_0000065";"18.55";"0.36";"4.73";"6.85";"1";"CHEMBL5731810";"Inhibitory Activity Assay: Using a 96 well plate (#3915, Costar), a test compound (25 μL), 400 mM Tris-HCl buffer (pH 8.0, 25 μL) and 0.5 mg/mL fluorescence enzyme substrate (Gly-Asp-Asp-Asp-Asp-Lys-β-Naphtylamide, 25 μL) were mixed, and recombinant human enteropeptidase (R&D Systems, Inc., 25 μL) was added. Using a fluorescence plate reader fmax (Molecular Devices, Inc.), the reaction rate was measured from the time-course changes at excitation wavelength 320 nm and fluorescence wavelength 405 nm. The Ki value was calculated from the concentration of the test compound, reciprocal of reaction rate, and Km value of the enzyme substrate, and by using Dixon plot.";"B";"BAO_0000357";"single protein format";"Homo sapiens";"None";"None";"None";"None";"";"";"";"CHEMBL209";"Serine protease 1";"Homo sapiens";"SINGLE PROTEIN";"CHEMBL5725983";"37";"BindingDB Patent Bioactivity Data";"";"2017";"None";"";"";"";"1.87"
"CHEMBL3672879";"";"None";"569.61";"1";"4.86";"BDBM158139";"CCC(CC)(Cc1ccc(C(=O)Oc2ccc(C(=N)N)cc2F)s1)C(=O)Nc1cc(C(=O)O)cc(C(=O)OC)c1";"Ki";"'='";"4.4";"nM";"8.36";"";"591968";"UO_0000065";"14.67";"0.29";"3.50";"4.95";"1";"CHEMBL5731810";"Inhibitory Activity Assay: Using a 96 well plate (#3915, Costar), a test compound (25 μL), 400 mM Tris-HCl buffer (pH 8.0, 25 μL) and 0.5 mg/mL fluorescence enzyme substrate (Gly-Asp-Asp-Asp-Asp-Lys-β-Naphtylamide, 25 μL) were mixed, and recombinant human enteropeptidase (R&D Systems, Inc., 25 μL) was added. Using a fluorescence plate reader fmax (Molecular Devices, Inc.), the reaction rate was measured from the time-course changes at excitation wavelength 320 nm and fluorescence wavelength 405 nm. The Ki value was calculated from the concentration of the test compound, reciprocal of reaction rate, and Km value of the enzyme substrate, and by using Dixon plot.";"B";"BAO_0000357";"single protein format";"Homo sapiens";"None";"None";"None";"None";"";"";"";"CHEMBL209";"Serine protease 1";"Homo sapiens";"SINGLE PROTEIN";"CHEMBL5725983";"37";"BindingDB Patent Bioactivity Data";"";"2017";"None";"";"";"";"4.4"
"CHEMBL5868371";"";"None";"526.03";"0";"3.72";"BDBM308534";"CC(C)(Cc1ccc(C(=O)Oc2ccc(C(=N)N)cc2F)s1)C(=O)N[C@H]1CC[C@@H](C(=O)O)CC1.Cl";"Ki";"'='";"1.7";"nM";"8.77";"";"591974";"UO_0000065";"17.91";"0.35";"5.05";"6.15";"0";"CHEMBL5731810";"Inhibitory Activity Assay: Using a 96 well plate (#3915, Costar), a test compound (25 μL), 400 mM Tris-HCl buffer (pH 8.0, 25 μL) and 0.5 mg/mL fluorescence enzyme substrate (Gly-Asp-Asp-Asp-Asp-Lys-β-Naphtylamide, 25 μL) were mixed, and recombinant human enteropeptidase (R&D Systems, Inc., 25 μL) was added. Using a fluorescence plate reader fmax (Molecular Devices, Inc.), the reaction rate was measured from the time-course changes at excitation wavelength 320 nm and fluorescence wavelength 405 nm. The Ki value was calculated from the concentration of the test compound, reciprocal of reaction rate, and Km value of the enzyme substrate, and by using Dixon plot.";"B";"BAO_0000357";"single protein format";"Homo sapiens";"None";"None";"None";"None";"";"";"";"CHEMBL209";"Serine protease 1";"Homo sapiens";"SINGLE PROTEIN";"CHEMBL5725983";"37";"BindingDB Patent Bioactivity Data";"";"2017";"None";"";"";"";"1.7"
"CHEMBL6027118";"";"None";"526.03";"0";"3.81";"BDBM308323";"CCC(CC)(Cc1ccc(C(=O)Oc2ccc(C(=N)N)cc2F)s1)C(=O)N1CCC[C@H]1C(=O)O.Cl";"Ki";"'='";"6.38";"nM";"8.20";"";"591868";"UO_0000065";"16.74";"0.33";"4.39";"6.13";"0";"CHEMBL5731810";"Inhibitory Activity Assay: Using a 96 well plate (#3915, Costar), a test compound (25 μL), 400 mM Tris-HCl buffer (pH 8.0, 25 μL) and 0.5 mg/mL fluorescence enzyme substrate (Gly-Asp-Asp-Asp-Asp-Lys-β-Naphtylamide, 25 μL) were mixed, and recombinant human enteropeptidase (R&D Systems, Inc., 25 μL) was added. Using a fluorescence plate reader fmax (Molecular Devices, Inc.), the reaction rate was measured from the time-course changes at excitation wavelength 320 nm and fluorescence wavelength 405 nm. The Ki value was calculated from the concentration of the test compound, reciprocal of reaction rate, and Km value of the enzyme substrate, and by using Dixon plot.";"B";"BAO_0000357";"single protein format";"Homo sapiens";"None";"None";"None";"None";"";"";"";"CHEMBL209";"Serine protease 1";"Homo sapiens";"SINGLE PROTEIN";"CHEMBL5725983";"37";"BindingDB Patent Bioactivity Data";"";"2017";"None";"";"";"";"6.38"
"CHEMBL5878183";"";"None";"499.99";"0";"3.28";"BDBM308407";"CCC(CC)(Cc1ccc(C(=O)Oc2ccc(C(=N)N)cc2F)s1)C(=O)N(C)CC(=O)O.Cl";"Ki";"'='";"1.76";"nM";"8.75";"";"591876";"UO_0000065";"18.89";"0.37";"5.47";"6.54";"0";"CHEMBL5731810";"Inhibitory Activity Assay: Using a 96 well plate (#3915, Costar), a test compound (25 μL), 400 mM Tris-HCl buffer (pH 8.0, 25 μL) and 0.5 mg/mL fluorescence enzyme substrate (Gly-Asp-Asp-Asp-Asp-Lys-β-Naphtylamide, 25 μL) were mixed, and recombinant human enteropeptidase (R&D Systems, Inc., 25 μL) was added. Using a fluorescence plate reader fmax (Molecular Devices, Inc.), the reaction rate was measured from the time-course changes at excitation wavelength 320 nm and fluorescence wavelength 405 nm. The Ki value was calculated from the concentration of the test compound, reciprocal of reaction rate, and Km value of the enzyme substrate, and by using Dixon plot.";"B";"BAO_0000357";"single protein format";"Homo sapiens";"None";"None";"None";"None";"";"";"";"CHEMBL209";"Serine protease 1";"Homo sapiens";"SINGLE PROTEIN";"CHEMBL5725983";"37";"BindingDB Patent Bioactivity Data";"";"2017";"None";"";"";"";"1.76"
"CHEMBL3971792";"";"None";"534.57";"1";"2.18";"BDBM234260";"CN(Cc1ccc(C(=O)Oc2ccc(C(=N)N)cc2F)s1)C1(C(=O)N[C@@H](CC(=O)O)C(=O)O)CCCC1";"Ki";"'='";"1.56";"nM";"8.81";"";"408302";"UO_0000065";"16.47";"0.33";"6.63";"4.81";"0";"CHEMBL3888548";"Inhibition Assay: Using a 96 well plate (#3915, Costar), a test compound (25 μL), 400 mM Tris-HCl buffer (pH 8.0, 25 μL) and 0.5 mg/mL fluorescence enzyme substrate (Gly-Asp-Asp-Asp-Asp-Lys-β-Naphtylamide, 25 μL) were mixed, and recombinant human enteropeptidase (R&D Systems, Inc., 25 μL) was added. Using a fluorescence plate reader fmax (Molecular Devices, Inc.), the reaction rate was measured from the time-course changes at excitation wavelength 320 nm and fluorescence wavelength 405 nm. The Ki value was calculated from the concentration of the test compound, reciprocal of reaction rate, and Km value of the enzyme substrate, and by using Dixon plot.";"B";"BAO_0000357";"single protein format";"Homo sapiens";"None";"None";"None";"None";"";"";"";"CHEMBL209";"Serine protease 1";"Homo sapiens";"SINGLE PROTEIN";"CHEMBL3886757";"37";"BindingDB Patent Bioactivity Data";"";"2016";"None";"";"";"";"1.56"
"CHEMBL231779";"APIXABAN";"4.0";"459.51";"0";"2.70";"BDBM19023";"COc1ccc(-n2nc(C(N)=O)c3c2C(=O)N(c2ccc(N4CCCCC4=O)cc2)CC3)cc1";"Ki";"'>'";"1000.0";"nM";"";"";"772840";"UO_0000065";"";"";"";"";"0";"CHEMBL5733701";"In Vitro Assay: Trypsin: In the assay for measuring the inhibition of human trypsin activity buffer (50 mM Tris, pH 8.2, and 20 mM CaCl2) is used. The IC50 is measured by selecting the appropriate wells of a Greiner 384 microtiter plate. 50 μL the assay buffer containing human trypsin (Sigma; T6424), of which the final concentration is 0.39 BAEE units/ml; 2 μL the assay buffer containing 2% (V/V) DMSO (uninhibited control) or various concentrations of the compounds to be tested diluted in the assay buffer containing 2% (V/V) DMSO; and the assay buffer containing substrate S-2222 (Chromogenix). The assay is performed by pre-incubating the tested compounds with enzyme for 10 minutes. Then the assay is initiated by adding 48 μL substrate to obtain a final volume of 100 μL.";"B";"BAO_0000357";"single protein format";"Homo sapiens";"None";"None";"None";"None";"";"";"";"CHEMBL209";"Serine protease 1";"Homo sapiens";"SINGLE PROTEIN";"CHEMBL5726935";"37";"BindingDB Patent Bioactivity Data";"";"2018";"None";"";"";"";"1000.0"
"CHEMBL6033391";"";"None";"544.00";"1";"2.78";"BDBM308401";"CCC(CC)(Cc1ccc(C(=O)Oc2ccc(C(=N)N)cc2F)s1)C(=O)N[C@@H](CC(=O)O)C(=O)O.Cl";"Ki";"'='";"0.82";"nM";"9.09";"";"591872";"UO_0000065";"17.90";"0.35";"6.31";"5.05";"0";"CHEMBL5731810";"Inhibitory Activity Assay: Using a 96 well plate (#3915, Costar), a test compound (25 μL), 400 mM Tris-HCl buffer (pH 8.0, 25 μL) and 0.5 mg/mL fluorescence enzyme substrate (Gly-Asp-Asp-Asp-Asp-Lys-β-Naphtylamide, 25 μL) were mixed, and recombinant human enteropeptidase (R&D Systems, Inc., 25 μL) was added. Using a fluorescence plate reader fmax (Molecular Devices, Inc.), the reaction rate was measured from the time-course changes at excitation wavelength 320 nm and fluorescence wavelength 405 nm. The Ki value was calculated from the concentration of the test compound, reciprocal of reaction rate, and Km value of the enzyme substrate, and by using Dixon plot.";"B";"BAO_0000357";"single protein format";"Homo sapiens";"None";"None";"None";"None";"";"";"";"CHEMBL209";"Serine protease 1";"Homo sapiens";"SINGLE PROTEIN";"CHEMBL5725983";"37";"BindingDB Patent Bioactivity Data";"";"2017";"None";"";"";"";"0.82"
"CHEMBL3672893";"";"None";"473.53";"0";"2.57";"BDBM158153";"CCC(CC)(Cc1ccc(C(=O)Oc2ccc(C(=N)N)cc2F)s1)C(=O)NCc1nnn[nH]1";"Ki";"'='";"3.54";"nM";"8.45";"";"591996";"UO_0000065";"17.85";"0.35";"5.88";"5.29";"1";"CHEMBL5731810";"Inhibitory Activity Assay: Using a 96 well plate (#3915, Costar), a test compound (25 μL), 400 mM Tris-HCl buffer (pH 8.0, 25 μL) and 0.5 mg/mL fluorescence enzyme substrate (Gly-Asp-Asp-Asp-Asp-Lys-β-Naphtylamide, 25 μL) were mixed, and recombinant human enteropeptidase (R&D Systems, Inc., 25 μL) was added. Using a fluorescence plate reader fmax (Molecular Devices, Inc.), the reaction rate was measured from the time-course changes at excitation wavelength 320 nm and fluorescence wavelength 405 nm. The Ki value was calculated from the concentration of the test compound, reciprocal of reaction rate, and Km value of the enzyme substrate, and by using Dixon plot.";"B";"BAO_0000357";"single protein format";"Homo sapiens";"None";"None";"None";"None";"";"";"";"CHEMBL209";"Serine protease 1";"Homo sapiens";"SINGLE PROTEIN";"CHEMBL5725983";"37";"BindingDB Patent Bioactivity Data";"";"2017";"None";"";"";"";"3.54"
"CHEMBL6031861";"";"None";"558.03";"1";"3.17";"BDBM308428";"CCC(CC)(Cc1ccc(C(=O)Oc2ccc(C(=N)N)cc2F)s1)C(=O)N[C@@H](CCC(=O)O)C(=O)O.Cl";"Ki";"'='";"2.01";"nM";"8.70";"";"591882";"UO_0000065";"16.67";"0.33";"5.53";"4.84";"0";"CHEMBL5731810";"Inhibitory Activity Assay: Using a 96 well plate (#3915, Costar), a test compound (25 μL), 400 mM Tris-HCl buffer (pH 8.0, 25 μL) and 0.5 mg/mL fluorescence enzyme substrate (Gly-Asp-Asp-Asp-Asp-Lys-β-Naphtylamide, 25 μL) were mixed, and recombinant human enteropeptidase (R&D Systems, Inc., 25 μL) was added. Using a fluorescence plate reader fmax (Molecular Devices, Inc.), the reaction rate was measured from the time-course changes at excitation wavelength 320 nm and fluorescence wavelength 405 nm. The Ki value was calculated from the concentration of the test compound, reciprocal of reaction rate, and Km value of the enzyme substrate, and by using Dixon plot.";"B";"BAO_0000357";"single protein format";"Homo sapiens";"None";"None";"None";"None";"";"";"";"CHEMBL209";"Serine protease 1";"Homo sapiens";"SINGLE PROTEIN";"CHEMBL5725983";"37";"BindingDB Patent Bioactivity Data";"";"2017";"None";"";"";"";"2.01"
"CHEMBL3642861";"";"None";"316.31";"0";"2.05";"BDBM109587";"CC(Cc1ccc(C(=O)Oc2ccc(C(=N)N)cc2)o1)C(=O)O";"Ki";"'='";"1.53";"nM";"8.81";"";"230082";"UO_0000065";"27.87";"0.52";"6.77";"6.96";"0";"CHEMBL3705715";"Inhibition Assay: Inhibition assay using human trysin.";"B";"BAO_0000357";"single protein format";"Homo sapiens";"None";"None";"None";"None";"";"";"";"CHEMBL209";"Serine protease 1";"Homo sapiens";"SINGLE PROTEIN";"CHEMBL3638962";"37";"BindingDB Patent Bioactivity Data";"";"2013";"None";"";"";"";"1.53"
"CHEMBL3667905";"";"None";"463.53";"0";"3.33";"BDBM158099";"CCC(CC)(Cc1ccc(C(=O)Oc2ccc(C(=N)N)cc2F)s1)C(=O)N[C@@H](C)C(=O)O";"Ki";"'='";"1.67";"nM";"8.78";"";"355645";"UO_0000065";"18.94";"0.37";"5.45";"6.16";"1";"CHEMBL3887805";"Trypsin Inhibition Assay: Using a 96 well plate (#3915, Costar), a test compound (25 uL) was mixed with 20 uM fluorescence enzyme substrate (Boc-Phe-Ser-Arg-AMC, 50 uL) mixed with 200 mM Tris-HCl buffer (pH 8.0), and human trypsin (Sigma, 25 uL) was added. Using a fluorescence plate reader fmax (Molecular Devices, Inc.), the reaction rate was measured from the time-course changes at excitation wavelength 355 nm and fluorescence wavelength 460 nm.";"B";"BAO_0000357";"single protein format";"Homo sapiens";"None";"None";"None";"None";"";"";"";"CHEMBL209";"Serine protease 1";"Homo sapiens";"SINGLE PROTEIN";"CHEMBL3886456";"37";"BindingDB Patent Bioactivity Data";"";"2016";"None";"";"";"";"1.67"
"CHEMBL3672852";"";"None";"440.50";"0";"3.99";"BDBM158111";"CC(C)(Cc1ccc(C(=O)Oc2ccc(C(=N)N)cc2F)s1)C(=O)Nc1cccnc1";"Ki";"'='";"3.6";"nM";"8.44";"";"355657";"UO_0000065";"19.17";"0.37";"4.45";"7.15";"1";"CHEMBL3887805";"Trypsin Inhibition Assay: Using a 96 well plate (#3915, Costar), a test compound (25 uL) was mixed with 20 uM fluorescence enzyme substrate (Boc-Phe-Ser-Arg-AMC, 50 uL) mixed with 200 mM Tris-HCl buffer (pH 8.0), and human trypsin (Sigma, 25 uL) was added. Using a fluorescence plate reader fmax (Molecular Devices, Inc.), the reaction rate was measured from the time-course changes at excitation wavelength 355 nm and fluorescence wavelength 460 nm.";"B";"BAO_0000357";"single protein format";"Homo sapiens";"None";"None";"None";"None";"";"";"";"CHEMBL209";"Serine protease 1";"Homo sapiens";"SINGLE PROTEIN";"CHEMBL3886456";"37";"BindingDB Patent Bioactivity Data";"";"2016";"None";"";"";"";"3.6"
"CHEMBL3672855";"";"None";"520.58";"1";"2.57";"BDBM158114";"CCC(CC)(Cc1ccc(C(=O)Oc2ccc(C(=N)N)cc2F)s1)C(=O)N[C@@H](CCC(N)=O)C(=O)O";"Ki";"'='";"3.88";"nM";"8.41";"";"355660";"UO_0000065";"16.16";"0.32";"5.84";"4.53";"1";"CHEMBL3887805";"Trypsin Inhibition Assay: Using a 96 well plate (#3915, Costar), a test compound (25 uL) was mixed with 20 uM fluorescence enzyme substrate (Boc-Phe-Ser-Arg-AMC, 50 uL) mixed with 200 mM Tris-HCl buffer (pH 8.0), and human trypsin (Sigma, 25 uL) was added. Using a fluorescence plate reader fmax (Molecular Devices, Inc.), the reaction rate was measured from the time-course changes at excitation wavelength 355 nm and fluorescence wavelength 460 nm.";"B";"BAO_0000357";"single protein format";"Homo sapiens";"None";"None";"None";"None";"";"";"";"CHEMBL209";"Serine protease 1";"Homo sapiens";"SINGLE PROTEIN";"CHEMBL3886456";"37";"BindingDB Patent Bioactivity Data";"";"2016";"None";"";"";"";"3.88"
"CHEMBL3672860";"";"None";"499.52";"0";"4.00";"BDBM158119";"CC(C)(Cc1ccc(C(=O)Oc2ccc(C(=N)N)cc2F)s1)C(=O)Nc1ccc(O)c(C(=O)O)c1";"Ki";"'='";"0.92";"nM";"9.04";"";"355665";"UO_0000065";"18.09";"0.35";"5.04";"5.55";"1";"CHEMBL3887805";"Trypsin Inhibition Assay: Using a 96 well plate (#3915, Costar), a test compound (25 uL) was mixed with 20 uM fluorescence enzyme substrate (Boc-Phe-Ser-Arg-AMC, 50 uL) mixed with 200 mM Tris-HCl buffer (pH 8.0), and human trypsin (Sigma, 25 uL) was added. Using a fluorescence plate reader fmax (Molecular Devices, Inc.), the reaction rate was measured from the time-course changes at excitation wavelength 355 nm and fluorescence wavelength 460 nm.";"B";"BAO_0000357";"single protein format";"Homo sapiens";"None";"None";"None";"None";"";"";"";"CHEMBL209";"Serine protease 1";"Homo sapiens";"SINGLE PROTEIN";"CHEMBL3886456";"37";"BindingDB Patent Bioactivity Data";"";"2016";"None";"";"";"";"0.92"
"CHEMBL3672865";"";"None";"506.60";"1";"3.05";"BDBM158124";"CCC(CC)(Cc1ccc(C(=O)Oc2ccc(C(=N)N)cc2F)s1)C(=O)NCCC[C@H](N)C(=O)O";"Ki";"'='";"5.78";"nM";"8.24";"";"355670";"UO_0000065";"16.26";"0.32";"5.19";"4.89";"1";"CHEMBL3887805";"Trypsin Inhibition Assay: Using a 96 well plate (#3915, Costar), a test compound (25 uL) was mixed with 20 uM fluorescence enzyme substrate (Boc-Phe-Ser-Arg-AMC, 50 uL) mixed with 200 mM Tris-HCl buffer (pH 8.0), and human trypsin (Sigma, 25 uL) was added. Using a fluorescence plate reader fmax (Molecular Devices, Inc.), the reaction rate was measured from the time-course changes at excitation wavelength 355 nm and fluorescence wavelength 460 nm.";"B";"BAO_0000357";"single protein format";"Homo sapiens";"None";"None";"None";"None";"";"";"";"CHEMBL209";"Serine protease 1";"Homo sapiens";"SINGLE PROTEIN";"CHEMBL3886456";"37";"BindingDB Patent Bioactivity Data";"";"2016";"None";"";"";"";"5.78"
"CHEMBL3672866";"";"None";"525.60";"1";"4.75";"BDBM158125";"CCC(CC)(Cc1ccc(C(=O)Oc2ccc(C(=N)N)cc2F)s1)C(=O)NCc1ccc(C(=O)O)cc1";"Ki";"'='";"9.27";"nM";"8.03";"";"355671";"UO_0000065";"15.28";"0.30";"3.28";"5.63";"1";"CHEMBL3887805";"Trypsin Inhibition Assay: Using a 96 well plate (#3915, Costar), a test compound (25 uL) was mixed with 20 uM fluorescence enzyme substrate (Boc-Phe-Ser-Arg-AMC, 50 uL) mixed with 200 mM Tris-HCl buffer (pH 8.0), and human trypsin (Sigma, 25 uL) was added. Using a fluorescence plate reader fmax (Molecular Devices, Inc.), the reaction rate was measured from the time-course changes at excitation wavelength 355 nm and fluorescence wavelength 460 nm.";"B";"BAO_0000357";"single protein format";"Homo sapiens";"None";"None";"None";"None";"";"";"";"CHEMBL209";"Serine protease 1";"Homo sapiens";"SINGLE PROTEIN";"CHEMBL3886456";"37";"BindingDB Patent Bioactivity Data";"";"2016";"None";"";"";"";"9.27"
"CHEMBL3672870";"";"None";"447.49";"0";"2.69";"BDBM158129";"CC(C)(Cc1ccc(C(=O)Oc2ccc(C(=N)N)cc2F)s1)C(=O)NC1(C(=O)O)CC1";"Ki";"'='";"1.01";"nM";"9.00";"";"355675";"UO_0000065";"20.10";"0.40";"6.31";"6.31";"1";"CHEMBL3887805";"Trypsin Inhibition Assay: Using a 96 well plate (#3915, Costar), a test compound (25 uL) was mixed with 20 uM fluorescence enzyme substrate (Boc-Phe-Ser-Arg-AMC, 50 uL) mixed with 200 mM Tris-HCl buffer (pH 8.0), and human trypsin (Sigma, 25 uL) was added. Using a fluorescence plate reader fmax (Molecular Devices, Inc.), the reaction rate was measured from the time-course changes at excitation wavelength 355 nm and fluorescence wavelength 460 nm.";"B";"BAO_0000357";"single protein format";"Homo sapiens";"None";"None";"None";"None";"";"";"";"CHEMBL209";"Serine protease 1";"Homo sapiens";"SINGLE PROTEIN";"CHEMBL3886456";"37";"BindingDB Patent Bioactivity Data";"";"2016";"None";"";"";"";"1.01"
"CHEMBL3672886";"";"None";"499.52";"0";"4.00";"BDBM158146";"CC(C)(Cc1ccc(C(=O)Oc2ccc(C(=N)N)cc2F)s1)C(=O)Nc1cc(O)cc(C(=O)O)c1";"Ki";"'='";"0.18";"nM";"9.74";"";"355692";"UO_0000065";"19.51";"0.38";"5.74";"5.99";"1";"CHEMBL3887805";"Trypsin Inhibition Assay: Using a 96 well plate (#3915, Costar), a test compound (25 uL) was mixed with 20 uM fluorescence enzyme substrate (Boc-Phe-Ser-Arg-AMC, 50 uL) mixed with 200 mM Tris-HCl buffer (pH 8.0), and human trypsin (Sigma, 25 uL) was added. Using a fluorescence plate reader fmax (Molecular Devices, Inc.), the reaction rate was measured from the time-course changes at excitation wavelength 355 nm and fluorescence wavelength 460 nm.";"B";"BAO_0000357";"single protein format";"Homo sapiens";"None";"None";"None";"None";"";"";"";"CHEMBL209";"Serine protease 1";"Homo sapiens";"SINGLE PROTEIN";"CHEMBL3886456";"37";"BindingDB Patent Bioactivity Data";"";"2016";"None";"";"";"";"0.18"
"CHEMBL3672882";"";"None";"489.57";"0";"3.72";"BDBM158142";"CC(C)(Cc1ccc(C(=O)Oc2ccc(C(=N)N)cc2F)s1)C(=O)N[C@H]1CC[C@@H](C(=O)O)CC1";"Ki";"'='";"1.7";"nM";"8.77";"";"300503";"UO_0000065";"17.91";"0.35";"5.05";"6.15";"0";"CHEMBL3705369";"Inhibition Assay: Using a 96 well plate (#3915, Costar), a test compound (25 μL) was mixed with 20 μM fluorescence enzyme substrate (Boc-Phe-Ser-Arg-AMC, 50 μL) mixed with 200 mM Tris-HCl buffer (pH 8.0), and human trypsin (Sigma, 25 μL) was added. Using a fluorescence plate reader fmax (Molecular Devices, Inc.), the reaction rate was measured from the time-course changes at excitation wavelength 355 nm and fluorescence wavelength 460 nm.";"B";"BAO_0000357";"single protein format";"Homo sapiens";"None";"None";"None";"None";"";"";"";"CHEMBL209";"Serine protease 1";"Homo sapiens";"SINGLE PROTEIN";"CHEMBL3639122";"37";"BindingDB Patent Bioactivity Data";"";"2015";"None";"";"";"";"1.7"
"CHEMBL3672892";"";"None";"489.57";"0";"3.86";"BDBM158152";"CCC(CC)(Cc1ccc(C(=O)Oc2ccc(C(=N)N)cc2F)s1)C(=O)NC1(C(=O)O)CCC1";"Ki";"'='";"4.67";"nM";"8.33";"";"300513";"UO_0000065";"17.02";"0.33";"4.47";"5.84";"0";"CHEMBL3705369";"Inhibition Assay: Using a 96 well plate (#3915, Costar), a test compound (25 μL) was mixed with 20 μM fluorescence enzyme substrate (Boc-Phe-Ser-Arg-AMC, 50 μL) mixed with 200 mM Tris-HCl buffer (pH 8.0), and human trypsin (Sigma, 25 μL) was added. Using a fluorescence plate reader fmax (Molecular Devices, Inc.), the reaction rate was measured from the time-course changes at excitation wavelength 355 nm and fluorescence wavelength 460 nm.";"B";"BAO_0000357";"single protein format";"Homo sapiens";"None";"None";"None";"None";"";"";"";"CHEMBL209";"Serine protease 1";"Homo sapiens";"SINGLE PROTEIN";"CHEMBL3639122";"37";"BindingDB Patent Bioactivity Data";"";"2015";"None";"";"";"";"4.67"
"CHEMBL3642922";"";"None";"467.46";"0";"0.42";"BDBM109649";"CC(Cc1ccc(C(=O)Oc2ccc(C(=N)N)cc2)o1)C(=O)N[C@@H](CS(=O)(=O)O)C(=O)O";"Ki";"'='";"2.0";"nM";"8.70";"";"230128";"UO_0000065";"18.61";"0.37";"8.28";"4.14";"0";"CHEMBL3705715";"Inhibition Assay: Inhibition assay using human trysin.";"B";"BAO_0000357";"single protein format";"Homo sapiens";"None";"None";"None";"None";"";"";"";"CHEMBL209";"Serine protease 1";"Homo sapiens";"SINGLE PROTEIN";"CHEMBL3638962";"37";"BindingDB Patent Bioactivity Data";"";"2013";"None";"";"";"";"2.0"
"CHEMBL3642901";"";"None";"350.37";"0";"2.65";"BDBM109628";"CC(Cc1ccc(C(=O)Oc2ccc(C(=N)N)cc2F)s1)C(=O)O";"Ki";"'='";"0.91";"nM";"9.04";"";"230156";"UO_0000065";"25.80";"0.51";"6.39";"7.97";"0";"CHEMBL3705715";"Inhibition Assay: Inhibition assay using human trysin.";"B";"BAO_0000357";"single protein format";"Homo sapiens";"None";"None";"None";"None";"";"";"";"CHEMBL209";"Serine protease 1";"Homo sapiens";"SINGLE PROTEIN";"CHEMBL3638962";"37";"BindingDB Patent Bioactivity Data";"";"2013";"None";"";"";"";"0.91"
"CHEMBL3642902";"";"None";"465.46";"0";"1.61";"BDBM109629";"CC(Cc1ccc(C(=O)Oc2ccc(C(=N)N)cc2F)s1)C(=O)N[C@@H](CC(=O)O)C(=O)O";"Ki";"'='";"0.18";"nM";"9.74";"";"230157";"UO_0000065";"20.94";"0.42";"8.13";"5.42";"0";"CHEMBL3705715";"Inhibition Assay: Inhibition assay using human trysin.";"B";"BAO_0000357";"single protein format";"Homo sapiens";"None";"None";"None";"None";"";"";"";"CHEMBL209";"Serine protease 1";"Homo sapiens";"SINGLE PROTEIN";"CHEMBL3638962";"37";"BindingDB Patent Bioactivity Data";"";"2013";"None";"";"";"";"0.18"
"CHEMBL3642904";"";"None";"465.46";"0";"1.61";"BDBM109631";"CC(Cc1ccc(C(=O)Oc2ccc(C(=N)N)cc2F)s1)C(=O)N[C@H](CC(=O)O)C(=O)O";"Ki";"'='";"0.39";"nM";"9.41";"";"230159";"UO_0000065";"20.21";"0.40";"7.80";"5.23";"0";"CHEMBL3705715";"Inhibition Assay: Inhibition assay using human trysin.";"B";"BAO_0000357";"single protein format";"Homo sapiens";"None";"None";"None";"None";"";"";"";"CHEMBL209";"Serine protease 1";"Homo sapiens";"SINGLE PROTEIN";"CHEMBL3638962";"37";"BindingDB Patent Bioactivity Data";"";"2013";"None";"";"";"";"0.39"
"CHEMBL3642905";"";"None";"447.47";"0";"1.47";"BDBM109632";"CC(Cc1ccc(C(=O)Oc2ccc(C(=N)N)cc2)s1)C(=O)N[C@H](CC(=O)O)C(=O)O";"Ki";"'='";"1.54";"nM";"8.81";"";"230160";"UO_0000065";"19.69";"0.39";"7.34";"4.90";"0";"CHEMBL3705715";"Inhibition Assay: Inhibition assay using human trysin.";"B";"BAO_0000357";"single protein format";"Homo sapiens";"None";"None";"None";"None";"";"";"";"CHEMBL209";"Serine protease 1";"Homo sapiens";"SINGLE PROTEIN";"CHEMBL3638962";"37";"BindingDB Patent Bioactivity Data";"";"2013";"None";"";"";"";"1.54"
"CHEMBL3642946";"";"None";"465.46";"0";"1.61";"BDBM109673";"CC(Cc1ccc(C(=O)Oc2ccc(C(=N)N)c(F)c2)s1)C(=O)N[C@@H](CC(=O)O)C(=O)O";"Ki";"'='";"0.33";"nM";"9.48";"";"230167";"UO_0000065";"20.37";"0.40";"7.87";"5.27";"0";"CHEMBL3705715";"Inhibition Assay: Inhibition assay using human trysin.";"B";"BAO_0000357";"single protein format";"Homo sapiens";"None";"None";"None";"None";"";"";"";"CHEMBL209";"Serine protease 1";"Homo sapiens";"SINGLE PROTEIN";"CHEMBL3638962";"37";"BindingDB Patent Bioactivity Data";"";"2013";"None";"";"";"";"0.33"
"CHEMBL3642957";"";"None";"501.51";"1";"1.03";"BDBM109684";"CC(Cc1ccc(C(=O)Oc2ccc(C(=N)N)cc2F)s1)C(=O)N[C@@H](CS(=O)(=O)O)C(=O)O";"Ki";"'='";"0.21";"nM";"9.68";"";"230178";"UO_0000065";"19.30";"0.40";"8.65";"4.91";"0";"CHEMBL3705715";"Inhibition Assay: Inhibition assay using human trysin.";"B";"BAO_0000357";"single protein format";"Homo sapiens";"None";"None";"None";"None";"";"";"";"CHEMBL209";"Serine protease 1";"Homo sapiens";"SINGLE PROTEIN";"CHEMBL3638962";"37";"BindingDB Patent Bioactivity Data";"";"2013";"None";"";"";"";"0.21"
"CHEMBL3642960";"";"None";"517.97";"1";"1.54";"BDBM109687";"CC(Cc1ccc(C(=O)Oc2ccc(C(=N)N)cc2Cl)s1)C(=O)N[C@@H](CS(=O)(=O)O)C(=O)O";"Ki";"'='";"0.57";"nM";"9.24";"";"230181";"UO_0000065";"17.85";"0.38";"7.70";"4.69";"0";"CHEMBL3705715";"Inhibition Assay: Inhibition assay using human trysin.";"B";"BAO_0000357";"single protein format";"Homo sapiens";"None";"None";"None";"None";"";"";"";"CHEMBL209";"Serine protease 1";"Homo sapiens";"SINGLE PROTEIN";"CHEMBL3638962";"37";"BindingDB Patent Bioactivity Data";"";"2013";"None";"";"";"";"0.57"
"CHEMBL3642972";"";"None";"481.49";"0";"2.58";"BDBM109699";"N=C(N)c1ccc(OC(=O)c2ccc(-c3ccc(C(=O)N[C@@H](CC(=O)O)C(=O)O)cc3)s2)cc1";"Ki";"'='";"0.7";"nM";"9.15";"";"230193";"UO_0000065";"19.01";"0.37";"6.57";"5.09";"0";"CHEMBL3705715";"Inhibition Assay: Inhibition assay using human trysin.";"B";"BAO_0000357";"single protein format";"Homo sapiens";"None";"None";"None";"None";"";"";"";"CHEMBL209";"Serine protease 1";"Homo sapiens";"SINGLE PROTEIN";"CHEMBL3638962";"37";"BindingDB Patent Bioactivity Data";"";"2013";"None";"";"";"";"0.7"
"CHEMBL3642973";"";"None";"499.48";"0";"2.72";"BDBM109700";"N=C(N)c1ccc(OC(=O)c2ccc(-c3ccc(C(=O)N[C@@H](CC(=O)O)C(=O)O)cc3)s2)c(F)c1";"Ki";"'='";"0.27";"nM";"9.57";"";"230194";"UO_0000065";"19.16";"0.37";"6.85";"5.32";"0";"CHEMBL3705715";"Inhibition Assay: Inhibition assay using human trysin.";"B";"BAO_0000357";"single protein format";"Homo sapiens";"None";"None";"None";"None";"";"";"";"CHEMBL209";"Serine protease 1";"Homo sapiens";"SINGLE PROTEIN";"CHEMBL3638962";"37";"BindingDB Patent Bioactivity Data";"";"2013";"None";"";"";"";"0.27"
"CHEMBL3642982";"";"None";"466.45";"0";"1.01";"BDBM109710";"CC(Cc1ncc(C(=O)Oc2ccc(C(=N)N)cc2F)s1)C(=O)N[C@@H](CC(=O)O)C(=O)O";"Ki";"'='";"0.2";"nM";"9.70";"";"230205";"UO_0000065";"20.79";"0.41";"8.69";"5.03";"0";"CHEMBL3705715";"Inhibition Assay: Inhibition assay using human trysin.";"B";"BAO_0000357";"single protein format";"Homo sapiens";"None";"None";"None";"None";"";"";"";"CHEMBL209";"Serine protease 1";"Homo sapiens";"SINGLE PROTEIN";"CHEMBL3638962";"37";"BindingDB Patent Bioactivity Data";"";"2013";"None";"";"";"";"0.2"
"CHEMBL3672886";"";"None";"499.52";"0";"4.00";"BDBM158146";"CC(C)(Cc1ccc(C(=O)Oc2ccc(C(=N)N)cc2F)s1)C(=O)Nc1cc(O)cc(C(=O)O)c1";"Ki";"'='";"0.18";"nM";"9.74";"";"591982";"UO_0000065";"19.51";"0.38";"5.74";"5.99";"1";"CHEMBL5731810";"Inhibitory Activity Assay: Using a 96 well plate (#3915, Costar), a test compound (25 μL), 400 mM Tris-HCl buffer (pH 8.0, 25 μL) and 0.5 mg/mL fluorescence enzyme substrate (Gly-Asp-Asp-Asp-Asp-Lys-β-Naphtylamide, 25 μL) were mixed, and recombinant human enteropeptidase (R&D Systems, Inc., 25 μL) was added. Using a fluorescence plate reader fmax (Molecular Devices, Inc.), the reaction rate was measured from the time-course changes at excitation wavelength 320 nm and fluorescence wavelength 405 nm. The Ki value was calculated from the concentration of the test compound, reciprocal of reaction rate, and Km value of the enzyme substrate, and by using Dixon plot.";"B";"BAO_0000357";"single protein format";"Homo sapiens";"None";"None";"None";"None";"";"";"";"CHEMBL209";"Serine protease 1";"Homo sapiens";"SINGLE PROTEIN";"CHEMBL5725983";"37";"BindingDB Patent Bioactivity Data";"";"2017";"None";"";"";"";"0.18"
"CHEMBL5995159";"";"None";"512.00";"0";"3.28";"BDBM308430";"CC(C)(Cc1ccc(C(=O)Oc2ccc(C(=N)N)cc2F)s1)C(=O)N1CCC(C(=O)O)CC1.Cl";"Ki";"'='";"3.1";"nM";"8.51";"";"591886";"UO_0000065";"17.89";"0.35";"5.23";"6.36";"0";"CHEMBL5731810";"Inhibitory Activity Assay: Using a 96 well plate (#3915, Costar), a test compound (25 μL), 400 mM Tris-HCl buffer (pH 8.0, 25 μL) and 0.5 mg/mL fluorescence enzyme substrate (Gly-Asp-Asp-Asp-Asp-Lys-β-Naphtylamide, 25 μL) were mixed, and recombinant human enteropeptidase (R&D Systems, Inc., 25 μL) was added. Using a fluorescence plate reader fmax (Molecular Devices, Inc.), the reaction rate was measured from the time-course changes at excitation wavelength 320 nm and fluorescence wavelength 405 nm. The Ki value was calculated from the concentration of the test compound, reciprocal of reaction rate, and Km value of the enzyme substrate, and by using Dixon plot.";"B";"BAO_0000357";"single protein format";"Homo sapiens";"None";"None";"None";"None";"";"";"";"CHEMBL209";"Serine protease 1";"Homo sapiens";"SINGLE PROTEIN";"CHEMBL5725983";"37";"BindingDB Patent Bioactivity Data";"";"2017";"None";"";"";"";"3.1"
"CHEMBL5926582";"";"None";"514.02";"0";"3.72";"BDBM308494";"CCC(CC)(Cc1ccc(C(=O)Oc2ccc(C(=N)N)cc2F)s1)C(=O)NCCCC(=O)O.Cl";"Ki";"'='";"2.73";"nM";"8.56";"";"591894";"UO_0000065";"17.93";"0.35";"4.84";"6.01";"0";"CHEMBL5731810";"Inhibitory Activity Assay: Using a 96 well plate (#3915, Costar), a test compound (25 μL), 400 mM Tris-HCl buffer (pH 8.0, 25 μL) and 0.5 mg/mL fluorescence enzyme substrate (Gly-Asp-Asp-Asp-Asp-Lys-β-Naphtylamide, 25 μL) were mixed, and recombinant human enteropeptidase (R&D Systems, Inc., 25 μL) was added. Using a fluorescence plate reader fmax (Molecular Devices, Inc.), the reaction rate was measured from the time-course changes at excitation wavelength 320 nm and fluorescence wavelength 405 nm. The Ki value was calculated from the concentration of the test compound, reciprocal of reaction rate, and Km value of the enzyme substrate, and by using Dixon plot.";"B";"BAO_0000357";"single protein format";"Homo sapiens";"None";"None";"None";"None";"";"";"";"CHEMBL209";"Serine protease 1";"Homo sapiens";"SINGLE PROTEIN";"CHEMBL5725983";"37";"BindingDB Patent Bioactivity Data";"";"2017";"None";"";"";"";"2.73"
"CHEMBL5889275";"";"None";"497.98";"0";"2.89";"BDBM308497";"CC(C)(Cc1ccc(C(=O)Oc2ccc(C(=N)N)cc2F)s1)C(=O)N1CC[C@@H](C(=O)O)C1.Cl";"Ki";"'='";"2.0";"nM";"8.70";"";"591900";"UO_0000065";"18.85";"0.37";"5.81";"6.50";"0";"CHEMBL5731810";"Inhibitory Activity Assay: Using a 96 well plate (#3915, Costar), a test compound (25 μL), 400 mM Tris-HCl buffer (pH 8.0, 25 μL) and 0.5 mg/mL fluorescence enzyme substrate (Gly-Asp-Asp-Asp-Asp-Lys-β-Naphtylamide, 25 μL) were mixed, and recombinant human enteropeptidase (R&D Systems, Inc., 25 μL) was added. Using a fluorescence plate reader fmax (Molecular Devices, Inc.), the reaction rate was measured from the time-course changes at excitation wavelength 320 nm and fluorescence wavelength 405 nm. The Ki value was calculated from the concentration of the test compound, reciprocal of reaction rate, and Km value of the enzyme substrate, and by using Dixon plot.";"B";"BAO_0000357";"single protein format";"Homo sapiens";"None";"None";"None";"None";"";"";"";"CHEMBL209";"Serine protease 1";"Homo sapiens";"SINGLE PROTEIN";"CHEMBL5725983";"37";"BindingDB Patent Bioactivity Data";"";"2017";"None";"";"";"";"2.0"
"CHEMBL5893390";"";"None";"512.00";"0";"3.47";"BDBM308543";"CCC(CC)(Cc1ccc(C(=O)Oc2ccc(C(=N)N)cc2F)s1)C(=O)NC1(C(=O)O)CC1.Cl";"Ki";"'='";"2.19";"nM";"8.66";"";"591992";"UO_0000065";"18.21";"0.36";"5.19";"6.07";"0";"CHEMBL5731810";"Inhibitory Activity Assay: Using a 96 well plate (#3915, Costar), a test compound (25 μL), 400 mM Tris-HCl buffer (pH 8.0, 25 μL) and 0.5 mg/mL fluorescence enzyme substrate (Gly-Asp-Asp-Asp-Asp-Lys-β-Naphtylamide, 25 μL) were mixed, and recombinant human enteropeptidase (R&D Systems, Inc., 25 μL) was added. Using a fluorescence plate reader fmax (Molecular Devices, Inc.), the reaction rate was measured from the time-course changes at excitation wavelength 320 nm and fluorescence wavelength 405 nm. The Ki value was calculated from the concentration of the test compound, reciprocal of reaction rate, and Km value of the enzyme substrate, and by using Dixon plot.";"B";"BAO_0000357";"single protein format";"Homo sapiens";"None";"None";"None";"None";"";"";"";"CHEMBL209";"Serine protease 1";"Homo sapiens";"SINGLE PROTEIN";"CHEMBL5725983";"37";"BindingDB Patent Bioactivity Data";"";"2017";"None";"";"";"";"2.19"
"CHEMBL20912";"";"None";"345.45";"0";"0.58";"1";"N=C(N)c1cccc(C(=O)NCC(=O)NCC2CCC(CN)CC2)c1";"Ki";"'='";"23000.0";"nM";"4.64";"";"";"UO_0000065";"13.43";"0.25";"4.06";"3.46";"0";"CHEMBL818185";"Binding affinity against human trypsin";"B";"BAO_0000357";"single protein format";"None";"None";"None";"None";"None";"";"";"";"CHEMBL209";"Serine protease 1";"Homo sapiens";"SINGLE PROTEIN";"CHEMBL1134227";"1";"Scientific Literature";"Bioorg Med Chem Lett";"2001";"None";"";"";"";"23.0"
"CHEMBL3667891";"";"None";"491.59";"0";"3.96";"BDBM158085";"CCC(CC)(Cc1ccc(C(=O)Oc2ccc(C(=N)N)cc2F)s1)C(=O)N[C@H](C(=O)O)C(C)C";"Ki";"'='";"5.18";"nM";"8.29";"";"300446";"UO_0000065";"16.85";"0.33";"4.33";"5.81";"0";"CHEMBL3705369";"Inhibition Assay: Using a 96 well plate (#3915, Costar), a test compound (25 μL) was mixed with 20 μM fluorescence enzyme substrate (Boc-Phe-Ser-Arg-AMC, 50 μL) mixed with 200 mM Tris-HCl buffer (pH 8.0), and human trypsin (Sigma, 25 μL) was added. Using a fluorescence plate reader fmax (Molecular Devices, Inc.), the reaction rate was measured from the time-course changes at excitation wavelength 355 nm and fluorescence wavelength 460 nm.";"B";"BAO_0000357";"single protein format";"Homo sapiens";"None";"None";"None";"None";"";"";"";"CHEMBL209";"Serine protease 1";"Homo sapiens";"SINGLE PROTEIN";"CHEMBL3639122";"37";"BindingDB Patent Bioactivity Data";"";"2015";"None";"";"";"";"5.18"
"CHEMBL3667887";"";"None";"463.53";"0";"3.18";"BDBM158081";"CC(C)[C@H](NC(=O)C(C)(C)Cc1ccc(C(=O)Oc2ccc(C(=N)N)cc2F)s1)C(=O)O";"Ki";"'='";"2.02";"nM";"8.70";"";"300442";"UO_0000065";"18.76";"0.37";"5.51";"6.10";"0";"CHEMBL3705369";"Inhibition Assay: Using a 96 well plate (#3915, Costar), a test compound (25 μL) was mixed with 20 μM fluorescence enzyme substrate (Boc-Phe-Ser-Arg-AMC, 50 μL) mixed with 200 mM Tris-HCl buffer (pH 8.0), and human trypsin (Sigma, 25 μL) was added. Using a fluorescence plate reader fmax (Molecular Devices, Inc.), the reaction rate was measured from the time-course changes at excitation wavelength 355 nm and fluorescence wavelength 460 nm.";"B";"BAO_0000357";"single protein format";"Homo sapiens";"None";"None";"None";"None";"";"";"";"CHEMBL209";"Serine protease 1";"Homo sapiens";"SINGLE PROTEIN";"CHEMBL3639122";"37";"BindingDB Patent Bioactivity Data";"";"2015";"None";"";"";"";"2.02"
"CHEMBL3667907";"";"None";"491.59";"0";"4.11";"BDBM158101";"CCC[C@H](NC(=O)C(CC)(CC)Cc1ccc(C(=O)Oc2ccc(C(=N)N)cc2F)s1)C(=O)O";"Ki";"'='";"3.84";"nM";"8.42";"";"300462";"UO_0000065";"17.12";"0.34";"4.31";"5.90";"0";"CHEMBL3705369";"Inhibition Assay: Using a 96 well plate (#3915, Costar), a test compound (25 μL) was mixed with 20 μM fluorescence enzyme substrate (Boc-Phe-Ser-Arg-AMC, 50 μL) mixed with 200 mM Tris-HCl buffer (pH 8.0), and human trypsin (Sigma, 25 μL) was added. Using a fluorescence plate reader fmax (Molecular Devices, Inc.), the reaction rate was measured from the time-course changes at excitation wavelength 355 nm and fluorescence wavelength 460 nm.";"B";"BAO_0000357";"single protein format";"Homo sapiens";"None";"None";"None";"None";"";"";"";"CHEMBL209";"Serine protease 1";"Homo sapiens";"SINGLE PROTEIN";"CHEMBL3639122";"37";"BindingDB Patent Bioactivity Data";"";"2015";"None";"";"";"";"3.84"
"CHEMBL3672854";"";"None";"475.54";"0";"3.42";"BDBM158113";"CC(C)(Cc1ccc(C(=O)Oc2ccc(C(=N)N)cc2F)s1)C(=O)N1CCC[C@H]1CC(=O)O";"Ki";"'='";"3.88";"nM";"8.41";"";"300474";"UO_0000065";"17.69";"0.35";"4.99";"6.29";"0";"CHEMBL3705369";"Inhibition Assay: Using a 96 well plate (#3915, Costar), a test compound (25 μL) was mixed with 20 μM fluorescence enzyme substrate (Boc-Phe-Ser-Arg-AMC, 50 μL) mixed with 200 mM Tris-HCl buffer (pH 8.0), and human trypsin (Sigma, 25 μL) was added. Using a fluorescence plate reader fmax (Molecular Devices, Inc.), the reaction rate was measured from the time-course changes at excitation wavelength 355 nm and fluorescence wavelength 460 nm.";"B";"BAO_0000357";"single protein format";"Homo sapiens";"None";"None";"None";"None";"";"";"";"CHEMBL209";"Serine protease 1";"Homo sapiens";"SINGLE PROTEIN";"CHEMBL3639122";"37";"BindingDB Patent Bioactivity Data";"";"2015";"None";"";"";"";"3.88"
"CHEMBL3672864";"";"None";"470.53";"0";"4.00";"BDBM158123";"COc1ncccc1NC(=O)C(C)(C)Cc1ccc(C(=O)Oc2ccc(C(=N)N)cc2F)s1";"Ki";"'='";"1.87";"nM";"8.73";"";"300484";"UO_0000065";"18.55";"0.36";"4.73";"6.85";"0";"CHEMBL3705369";"Inhibition Assay: Using a 96 well plate (#3915, Costar), a test compound (25 μL) was mixed with 20 μM fluorescence enzyme substrate (Boc-Phe-Ser-Arg-AMC, 50 μL) mixed with 200 mM Tris-HCl buffer (pH 8.0), and human trypsin (Sigma, 25 μL) was added. Using a fluorescence plate reader fmax (Molecular Devices, Inc.), the reaction rate was measured from the time-course changes at excitation wavelength 355 nm and fluorescence wavelength 460 nm.";"B";"BAO_0000357";"single protein format";"Homo sapiens";"None";"None";"None";"None";"";"";"";"CHEMBL209";"Serine protease 1";"Homo sapiens";"SINGLE PROTEIN";"CHEMBL3639122";"37";"BindingDB Patent Bioactivity Data";"";"2015";"None";"";"";"";"1.87"
"CHEMBL3672873";"";"None";"555.58";"1";"4.17";"BDBM158132";"COC(=O)c1cc(NC(=O)C(C)(C)Cc2ccc(C(=O)Oc3ccc(C(=N)N)cc3F)s2)cc(C(=O)OC)c1";"Ki";"'='";"1.02";"nM";"8.99";"";"300493";"UO_0000065";"16.18";"0.31";"4.82";"5.70";"0";"CHEMBL3705369";"Inhibition Assay: Using a 96 well plate (#3915, Costar), a test compound (25 μL) was mixed with 20 μM fluorescence enzyme substrate (Boc-Phe-Ser-Arg-AMC, 50 μL) mixed with 200 mM Tris-HCl buffer (pH 8.0), and human trypsin (Sigma, 25 μL) was added. Using a fluorescence plate reader fmax (Molecular Devices, Inc.), the reaction rate was measured from the time-course changes at excitation wavelength 355 nm and fluorescence wavelength 460 nm.";"B";"BAO_0000357";"single protein format";"Homo sapiens";"None";"None";"None";"None";"";"";"";"CHEMBL209";"Serine protease 1";"Homo sapiens";"SINGLE PROTEIN";"CHEMBL3639122";"37";"BindingDB Patent Bioactivity Data";"";"2015";"None";"";"";"";"1.02"
"CHEMBL3642908";"";"None";"316.31";"0";"2.05";"BDBM109635";"C[C@@H](Cc1ccc(C(=O)Oc2ccc(C(=N)N)cc2)o1)C(=O)O";"Ki";"'='";"3.8";"nM";"8.42";"";"230114";"UO_0000065";"26.62";"0.50";"6.37";"6.65";"0";"CHEMBL3705715";"Inhibition Assay: Inhibition assay using human trysin.";"B";"BAO_0000357";"single protein format";"Homo sapiens";"None";"None";"None";"None";"";"";"";"CHEMBL209";"Serine protease 1";"Homo sapiens";"SINGLE PROTEIN";"CHEMBL3638962";"37";"BindingDB Patent Bioactivity Data";"";"2013";"None";"";"";"";"3.8"
"CHEMBL3897433";"";"None";"506.58";"1";"2.36";"BDBM234251";"C=CCN(CC(=O)O)C(=O)[C@@H]1CSCN1Cc1ccc(C(=O)Oc2ccc(C(=N)N)cc2F)s1";"Ki";"'='";"0.38";"nM";"9.42";"";"408293";"UO_0000065";"18.60";"0.38";"7.06";"6.88";"0";"CHEMBL3888548";"Inhibition Assay: Using a 96 well plate (#3915, Costar), a test compound (25 μL), 400 mM Tris-HCl buffer (pH 8.0, 25 μL) and 0.5 mg/mL fluorescence enzyme substrate (Gly-Asp-Asp-Asp-Asp-Lys-β-Naphtylamide, 25 μL) were mixed, and recombinant human enteropeptidase (R&D Systems, Inc., 25 μL) was added. Using a fluorescence plate reader fmax (Molecular Devices, Inc.), the reaction rate was measured from the time-course changes at excitation wavelength 320 nm and fluorescence wavelength 405 nm. The Ki value was calculated from the concentration of the test compound, reciprocal of reaction rate, and Km value of the enzyme substrate, and by using Dixon plot.";"B";"BAO_0000357";"single protein format";"Homo sapiens";"None";"None";"None";"None";"";"";"";"CHEMBL209";"Serine protease 1";"Homo sapiens";"SINGLE PROTEIN";"CHEMBL3886757";"37";"BindingDB Patent Bioactivity Data";"";"2016";"None";"";"";"";"0.38"
"CHEMBL3216660";"";"None";"445.35";"0";"2.12";"16 (DAMP)";"COc1cc(C(=N)N)ccc1OCCCOc1ccc(C(=N)N)cc1OC.Cl.Cl";"Ki";"'='";"1300.0";"nM";"5.89";"";"";"UO_0000065";"15.80";"0.30";"3.77";"4.31";"0";"CHEMBL815012";"Inhibition of trypsin by amidase assay.";"B";"BAO_0000357";"single protein format";"None";"None";"None";"None";"None";"";"";"";"CHEMBL209";"Serine protease 1";"Homo sapiens";"SINGLE PROTEIN";"CHEMBL1124749";"1";"Scientific Literature";"J Med Chem";"1990";"None";"";"";"";"1.3"
"CHEMBL40364";"";"None";"478.40";"None";"None";"9";"CC1(C)C2CC1[C@]1(C)OB([C@H](CCCN=C(N)N)NC(=O)c3ccc(-c4ccccc4)o3)O[C@@H]1C2";"Ki";"";"";"nM";"";"";"Not Determined";"UO_0000065";"";"";"";"";"0";"CHEMBL811781";"Compound was tested for the inhibition of trypsin; Not tested";"B";"BAO_0000357";"single protein format";"None";"None";"None";"None";"None";"";"";"";"CHEMBL209";"Serine protease 1";"Homo sapiens";"SINGLE PROTEIN";"CHEMBL1151536";"1";"Scientific Literature";"Bioorg Med Chem Lett";"1997";"None";"";"";"";""
"CHEMBL3642938";"";"None";"448.45";"0";"2.15";"BDBM109665";"CC(Cc1ccc(C(=O)Oc2ccc(C(=N)N)cc2)o1)C(=O)SC(CC(=O)O)C(=O)O";"Ki";"'='";"0.53";"nM";"9.28";"";"230144";"UO_0000065";"20.68";"0.41";"7.13";"5.13";"0";"CHEMBL3705715";"Inhibition Assay: Inhibition assay using human trysin.";"B";"BAO_0000357";"single protein format";"Homo sapiens";"None";"None";"None";"None";"";"";"";"CHEMBL209";"Serine protease 1";"Homo sapiens";"SINGLE PROTEIN";"CHEMBL3638962";"37";"BindingDB Patent Bioactivity Data";"";"2013";"None";"";"";"";"0.53"
"CHEMBL274152";"";"None";"423.52";"0";"2.06";"2f";"Cc1nc(N)ccc1CNC(=O)Cn1c(C)cc2c(c1=O)NC(=O)[C@H](CC1CCC1)C2";"Ki";"'='";"420.0";"nM";"6.38";"";"";"UO_0000065";"15.06";"0.28";"4.32";"5.35";"0";"CHEMBL818021";"The compound was tested for its ability to inhibit trypsin.";"B";"BAO_0000357";"single protein format";"None";"None";"None";"None";"None";"";"";"";"CHEMBL209";"Serine protease 1";"Homo sapiens";"SINGLE PROTEIN";"CHEMBL1132875";"1";"Scientific Literature";"Bioorg Med Chem Lett";"2000";"None";"";"";"";"420.0"
"CHEMBL3667902";"";"None";"521.57";"1";"3.17";"BDBM158115";"CCC(CC)(Cc1ccc(C(=O)Oc2ccc(C(=N)N)cc2F)s1)C(=O)N[C@@H](CCC(=O)O)C(=O)O";"Ki";"'='";"1.96";"nM";"8.71";"";"300476";"UO_0000065";"16.70";"0.33";"5.54";"4.84";"0";"CHEMBL3705369";"Inhibition Assay: Using a 96 well plate (#3915, Costar), a test compound (25 μL) was mixed with 20 μM fluorescence enzyme substrate (Boc-Phe-Ser-Arg-AMC, 50 μL) mixed with 200 mM Tris-HCl buffer (pH 8.0), and human trypsin (Sigma, 25 μL) was added. Using a fluorescence plate reader fmax (Molecular Devices, Inc.), the reaction rate was measured from the time-course changes at excitation wavelength 355 nm and fluorescence wavelength 460 nm.";"B";"BAO_0000357";"single protein format";"Homo sapiens";"None";"None";"None";"None";"";"";"";"CHEMBL209";"Serine protease 1";"Homo sapiens";"SINGLE PROTEIN";"CHEMBL3639122";"37";"BindingDB Patent Bioactivity Data";"";"2015";"None";"";"";"";"1.96"
"CHEMBL156765";"";"None";"325.41";"0";"2.83";"20";"COC(=O)CC(CCc1ccc(N)cc1)c1cccc(C(=N)N)c1";"Ki";"'='";"1200.0";"nM";"5.92";"";"";"UO_0000065";"18.19";"0.34";"3.09";"5.79";"0";"CHEMBL811612";"In vitro inhibition of trypsin";"B";"BAO_0000357";"single protein format";"None";"None";"None";"None";"None";"";"";"";"CHEMBL209";"Serine protease 1";"Homo sapiens";"SINGLE PROTEIN";"CHEMBL1131205";"1";"Scientific Literature";"J Med Chem";"1998";"None";"";"";"";"1200.0"
"CHEMBL2373408";"";"None";"532.50";"None";"None";"32";"CC1(C)[C@@H]2C[C@H]3OB([C@H](CCCCN)NC(=O)Cn4nc(CC#N)nc4CCc4ccccc4)O[C@@]3(C)[C@H]1C2";"Ki";"'='";"12.0";"nM";"7.92";"";"";"UO_0000065";"14.87";"None";"None";"None";"0";"CHEMBL811614";"Inhibition of trypsin";"B";"BAO_0000357";"single protein format";"None";"None";"None";"None";"None";"";"";"";"CHEMBL209";"Serine protease 1";"Homo sapiens";"SINGLE PROTEIN";"CHEMBL1130774";"1";"Scientific Literature";"Bioorg Med Chem Lett";"1998";"None";"";"";"";"12.0"
"CHEMBL19527";"";"None";"443.46";"0";"1.75";"NC26";"Cc1nc(N)ncc1CNC(=O)Cn1c(C)cnc(NCC(F)(F)c2ccccc2)c1=O";"Ki";"";"";"nM";"";"";"Not Active";"UO_0000065";"";"";"";"";"0";"CHEMBL817810";"In vitro inhibitory constant against trypsin; Inactive";"B";"BAO_0000357";"single protein format";"None";"None";"None";"None";"None";"";"";"";"CHEMBL209";"Serine protease 1";"Homo sapiens";"SINGLE PROTEIN";"CHEMBL1136066";"1";"Scientific Literature";"Bioorg Med Chem Lett";"2002";"None";"";"";"";""
"CHEMBL92865";"";"None";"266.30";"0";"2.53";"6n";"Cc1ccc(-c2nc3cc(C(=N)N)ccc3[nH]2)c(O)c1";"Ki";"'='";"18000.0";"nM";"4.75";"";"";"UO_0000065";"17.82";"0.32";"2.21";"4.80";"0";"CHEMBL816557";"Inhibition of Human Serine Protease Trypsin.";"B";"BAO_0000357";"single protein format";"None";"None";"None";"None";"None";"";"";"";"CHEMBL209";"Serine protease 1";"Homo sapiens";"SINGLE PROTEIN";"CHEMBL1134564";"1";"Scientific Literature";"J Med Chem";"2001";"None";"";"";"";"18.0"
"CHEMBL353712";"";"None";"618.59";"None";"None";"8";"CC(=O)N[C@H](Cc1ccccc1)C(=O)N1CCC[C@H]1C(=O)N[C@@H](CCCn1ccnc1N)B1O[C@@H]2CC3CC(C3(C)C)[C@]2(C)O1";"Ki";"'='";"20.0";"nM";"7.70";"";"";"UO_0000065";"12.45";"None";"None";"None";"0";"CHEMBL812715";"Tested for selectivity against trypsin";"B";"BAO_0000357";"single protein format";"None";"None";"None";"None";"None";"";"";"";"CHEMBL209";"Serine protease 1";"Homo sapiens";"SINGLE PROTEIN";"CHEMBL1129866";"1";"Scientific Literature";"Bioorg Med Chem Lett";"1997";"None";"";"";"";"20.0"
"CHEMBL1184021";"";"None";"521.60";"1";"2.82";"70";"CCOCC1(C(=O)Nc2ccc(-c3ccccc3S(N)(=O)=O)cc2)CC(c2cccc(C(=N)N)c2)=NO1";"Ki";"'='";"86.0";"nM";"7.07";"";"";"UO_0000065";"13.55";"0.26";"4.25";"4.16";"0";"CHEMBL824706";"Binding affinity towards trypsin obtained from human purified enzymes";"B";"BAO_0000357";"single protein format";"None";"None";"None";"None";"None";"";"";"";"CHEMBL209";"Serine protease 1";"Homo sapiens";"SINGLE PROTEIN";"CHEMBL1132652";"1";"Scientific Literature";"J Med Chem";"1999";"None";"";"";"";"86.0"
"CHEMBL329460";"";"None";"673.63";"1";"1.78";"75";"Cc1cc(-c2ccccc2S(N)(=O)=O)ccc1NC(=O)C1(Cn2cnnn2)CC(c2cccc(C(=N)N)c2)=NO1.O=C(O)C(F)(F)F";"Ki";"'='";"200.0";"nM";"6.70";"";"";"UO_0000065";"11.97";"0.23";"4.92";"3.28";"0";"CHEMBL824706";"Binding affinity towards trypsin obtained from human purified enzymes";"B";"BAO_0000357";"single protein format";"None";"None";"None";"None";"None";"";"";"";"CHEMBL209";"Serine protease 1";"Homo sapiens";"SINGLE PROTEIN";"CHEMBL1132652";"1";"Scientific Literature";"J Med Chem";"1999";"None";"";"";"";"200.0"
"CHEMBL32541";"";"None";"433.53";"0";"0.91";"2h";"Cc1nc(N)ccc1CNC(=O)Cn1c(C)cc(S(=O)(=O)CC2CCC2)c(N)c1=O";"Ki";"'='";"550.0";"nM";"6.26";"";"";"UO_0000065";"14.44";"0.28";"5.35";"4.17";"0";"CHEMBL817816";"Inhibitory activity against human trypsin";"B";"BAO_0000357";"single protein format";"None";"None";"None";"None";"None";"";"";"";"CHEMBL209";"Serine protease 1";"Homo sapiens";"SINGLE PROTEIN";"CHEMBL1136704";"1";"Scientific Literature";"Bioorg Med Chem Lett";"2003";"None";"";"";"";"550.0"
"CHEMBL162924";"";"None";"419.60";"0";"1.70";"5";"CSCC[C@@H](NC(=O)c1cccc(C(=N)N)c1)C(=O)NCC1CCC(CN)CC1";"Ki";"'='";"10000.0";"nM";"5.00";"";"";"UO_0000065";"11.92";"0.24";"3.30";"3.73";"0";"CHEMBL818185";"Binding affinity against human trypsin";"B";"BAO_0000357";"single protein format";"None";"None";"None";"None";"None";"";"";"";"CHEMBL209";"Serine protease 1";"Homo sapiens";"SINGLE PROTEIN";"CHEMBL1134227";"1";"Scientific Literature";"Bioorg Med Chem Lett";"2001";"None";"";"";"";"10.0"
"CHEMBL111338";"";"None";"412.54";"0";"4.75";"47c";"N=C(N)c1ccc2cc(C(=O)Nc3ccc4c(c3)C(C3CCCC3)NCC4)ccc2c1";"Ki";"'='";"39.0";"nM";"7.41";"";"";"UO_0000065";"17.96";"0.33";"2.66";"8.14";"0";"CHEMBL819934";"Binding affinity against porcine trypsin was determined.";"B";"BAO_0000357";"single protein format";"Sus scrofa";"None";"None";"None";"None";"";"";"";"CHEMBL209";"Serine protease 1";"Homo sapiens";"SINGLE PROTEIN";"CHEMBL1148377";"1";"Scientific Literature";"J Med Chem";"2004";"None";"";"";"";"39.0"
"CHEMBL3667893";"";"None";"493.56";"0";"2.69";"BDBM158087";"CCC(CC)(Cc1ccc(C(=O)Oc2ccc(C(=N)N)cc2F)s1)C(=O)N[C@H](C(=O)O)C(C)O";"Ki";"'='";"1.74";"nM";"8.76";"";"355633";"UO_0000065";"17.75";"0.35";"6.07";"5.38";"1";"CHEMBL3887805";"Trypsin Inhibition Assay: Using a 96 well plate (#3915, Costar), a test compound (25 uL) was mixed with 20 uM fluorescence enzyme substrate (Boc-Phe-Ser-Arg-AMC, 50 uL) mixed with 200 mM Tris-HCl buffer (pH 8.0), and human trypsin (Sigma, 25 uL) was added. Using a fluorescence plate reader fmax (Molecular Devices, Inc.), the reaction rate was measured from the time-course changes at excitation wavelength 355 nm and fluorescence wavelength 460 nm.";"B";"BAO_0000357";"single protein format";"Homo sapiens";"None";"None";"None";"None";"";"";"";"CHEMBL209";"Serine protease 1";"Homo sapiens";"SINGLE PROTEIN";"CHEMBL3886456";"37";"BindingDB Patent Bioactivity Data";"";"2016";"None";"";"";"";"1.74"
"CHEMBL3667898";"";"None";"491.59";"0";"4.06";"BDBM158092";"CCCN(CC(=O)O)C(=O)C(CC)(CC)Cc1ccc(C(=O)Oc2ccc(C(=N)N)cc2F)s1";"Ki";"'='";"7.91";"nM";"8.10";"";"355638";"UO_0000065";"16.48";"0.33";"4.04";"6.06";"1";"CHEMBL3887805";"Trypsin Inhibition Assay: Using a 96 well plate (#3915, Costar), a test compound (25 uL) was mixed with 20 uM fluorescence enzyme substrate (Boc-Phe-Ser-Arg-AMC, 50 uL) mixed with 200 mM Tris-HCl buffer (pH 8.0), and human trypsin (Sigma, 25 uL) was added. Using a fluorescence plate reader fmax (Molecular Devices, Inc.), the reaction rate was measured from the time-course changes at excitation wavelength 355 nm and fluorescence wavelength 460 nm.";"B";"BAO_0000357";"single protein format";"Homo sapiens";"None";"None";"None";"None";"";"";"";"CHEMBL209";"Serine protease 1";"Homo sapiens";"SINGLE PROTEIN";"CHEMBL3886456";"37";"BindingDB Patent Bioactivity Data";"";"2016";"None";"";"";"";"7.91"
"CHEMBL3957967";"";"None";"519.64";"1";"4.74";"BDBM158121";"CCC(C)[C@H](CC(=O)O)NC(=O)C(CC)(CC)Cc1ccc(C(=O)Oc2ccc(C(=N)N)cc2F)s1";"Ki";"'='";"1.97";"nM";"8.71";"";"300482";"UO_0000065";"16.75";"0.33";"3.97";"6.11";"0";"CHEMBL3705369";"Inhibition Assay: Using a 96 well plate (#3915, Costar), a test compound (25 μL) was mixed with 20 μM fluorescence enzyme substrate (Boc-Phe-Ser-Arg-AMC, 50 μL) mixed with 200 mM Tris-HCl buffer (pH 8.0), and human trypsin (Sigma, 25 μL) was added. Using a fluorescence plate reader fmax (Molecular Devices, Inc.), the reaction rate was measured from the time-course changes at excitation wavelength 355 nm and fluorescence wavelength 460 nm.";"B";"BAO_0000357";"single protein format";"Homo sapiens";"None";"None";"None";"None";"";"";"";"CHEMBL209";"Serine protease 1";"Homo sapiens";"SINGLE PROTEIN";"CHEMBL3639122";"37";"BindingDB Patent Bioactivity Data";"";"2015";"None";"";"";"";"1.97"
"CHEMBL3667889";"";"None";"479.53";"0";"2.30";"BDBM158083";"CCC(CC)(Cc1ccc(C(=O)Oc2ccc(C(=N)N)cc2F)s1)C(=O)N[C@@H](CO)C(=O)O";"Ki";"'='";"1.87";"nM";"8.73";"";"300444";"UO_0000065";"18.20";"0.36";"6.43";"5.36";"0";"CHEMBL3705369";"Inhibition Assay: Using a 96 well plate (#3915, Costar), a test compound (25 μL) was mixed with 20 μM fluorescence enzyme substrate (Boc-Phe-Ser-Arg-AMC, 50 μL) mixed with 200 mM Tris-HCl buffer (pH 8.0), and human trypsin (Sigma, 25 μL) was added. Using a fluorescence plate reader fmax (Molecular Devices, Inc.), the reaction rate was measured from the time-course changes at excitation wavelength 355 nm and fluorescence wavelength 460 nm.";"B";"BAO_0000357";"single protein format";"Homo sapiens";"None";"None";"None";"None";"";"";"";"CHEMBL209";"Serine protease 1";"Homo sapiens";"SINGLE PROTEIN";"CHEMBL3639122";"37";"BindingDB Patent Bioactivity Data";"";"2015";"None";"";"";"";"1.87"
"CHEMBL3672866";"";"None";"525.60";"1";"4.75";"BDBM158125";"CCC(CC)(Cc1ccc(C(=O)Oc2ccc(C(=N)N)cc2F)s1)C(=O)NCc1ccc(C(=O)O)cc1";"Ki";"'='";"9.27";"nM";"8.03";"";"300486";"UO_0000065";"15.28";"0.30";"3.28";"5.63";"0";"CHEMBL3705369";"Inhibition Assay: Using a 96 well plate (#3915, Costar), a test compound (25 μL) was mixed with 20 μM fluorescence enzyme substrate (Boc-Phe-Ser-Arg-AMC, 50 μL) mixed with 200 mM Tris-HCl buffer (pH 8.0), and human trypsin (Sigma, 25 μL) was added. Using a fluorescence plate reader fmax (Molecular Devices, Inc.), the reaction rate was measured from the time-course changes at excitation wavelength 355 nm and fluorescence wavelength 460 nm.";"B";"BAO_0000357";"single protein format";"Homo sapiens";"None";"None";"None";"None";"";"";"";"CHEMBL209";"Serine protease 1";"Homo sapiens";"SINGLE PROTEIN";"CHEMBL3639122";"37";"BindingDB Patent Bioactivity Data";"";"2015";"None";"";"";"";"9.27"
"CHEMBL3642912";"";"None";"431.40";"0";"1.01";"BDBM109639";"C[C@H](Cc1ccc(C(=O)Oc2ccc(C(=N)N)cc2)o1)C(=O)N[C@H](CC(=O)O)C(=O)O";"Ki";"'='";"0.47";"nM";"9.33";"";"230118";"UO_0000065";"21.62";"0.41";"8.32";"4.83";"0";"CHEMBL3705715";"Inhibition Assay: Inhibition assay using human trysin.";"B";"BAO_0000357";"single protein format";"Homo sapiens";"None";"None";"None";"None";"";"";"";"CHEMBL209";"Serine protease 1";"Homo sapiens";"SINGLE PROTEIN";"CHEMBL3638962";"37";"BindingDB Patent Bioactivity Data";"";"2013";"None";"";"";"";"0.47"
"CHEMBL3642896";"";"None";"492.51";"0";"1.63";"BDBM109623";"CC(Cc1ccc(C(=O)Oc2ccc(C(=N)N)cc2[N+](=O)[O-])s1)C(=O)N(CCCO)CC(=O)O";"Ki";"'='";"2.39";"nM";"8.62";"";"230151";"UO_0000065";"17.51";"0.35";"6.99";"4.37";"0";"CHEMBL3705715";"Inhibition Assay: Inhibition assay using human trysin.";"B";"BAO_0000357";"single protein format";"Homo sapiens";"None";"None";"None";"None";"";"";"";"CHEMBL209";"Serine protease 1";"Homo sapiens";"SINGLE PROTEIN";"CHEMBL3638962";"37";"BindingDB Patent Bioactivity Data";"";"2013";"None";"";"";"";"2.39"
"CHEMBL3642857";"";"None";"371.35";"0";"1.39";"BDBM109583";"C/C(=C\c1ccc(C(=O)Oc2ccc(C(=N)N)cc2)o1)C(=O)NCC(=O)O";"Ki";"'='";"0.44";"nM";"9.36";"";"230078";"UO_0000065";"25.20";"0.47";"7.97";"6.01";"0";"CHEMBL3705715";"Inhibition Assay: Inhibition assay using human trysin.";"B";"BAO_0000357";"single protein format";"Homo sapiens";"None";"None";"None";"None";"";"";"";"CHEMBL209";"Serine protease 1";"Homo sapiens";"SINGLE PROTEIN";"CHEMBL3638962";"37";"BindingDB Patent Bioactivity Data";"";"2013";"None";"";"";"";"0.44"
"CHEMBL3642867";"";"None";"445.43";"0";"1.40";"BDBM109593";"CC(Cc1ccc(C(=O)Oc2ccc(C(=N)N)cc2)o1)C(=O)N[C@@H](CCC(=O)O)C(=O)O";"Ki";"'='";"1.16";"nM";"8.94";"";"230088";"UO_0000065";"20.06";"0.38";"7.54";"4.63";"0";"CHEMBL3705715";"Inhibition Assay: Inhibition assay using human trysin.";"B";"BAO_0000357";"single protein format";"Homo sapiens";"None";"None";"None";"None";"";"";"";"CHEMBL209";"Serine protease 1";"Homo sapiens";"SINGLE PROTEIN";"CHEMBL3638962";"37";"BindingDB Patent Bioactivity Data";"";"2013";"None";"";"";"";"1.16"
"CHEMBL329568";"";"None";"628.56";"1";"3.49";"25";"COC(=O)CC1(C(=O)Nc2ccc(-c3ccccc3C(=O)OC)cc2)CC(c2cccc(C(=N)N)c2)=NO1.O=C(O)C(F)(F)F";"Ki";"'='";"300.0";"nM";"6.52";"";"";"UO_0000065";"12.68";"0.23";"3.03";"4.26";"0";"CHEMBL824708";"The binding affinity was measured towards human purified trypsin";"B";"BAO_0000357";"single protein format";"None";"None";"None";"None";"None";"";"";"";"CHEMBL209";"Serine protease 1";"Homo sapiens";"SINGLE PROTEIN";"CHEMBL1132311";"1";"Scientific Literature";"J Med Chem";"1999";"None";"";"";"";"300.0"
"CHEMBL3667910";"";"None";"483.52";"0";"4.30";"BDBM158104";"CC(C)(Cc1ccc(C(=O)Oc2ccc(C(=N)N)cc2F)s1)C(=O)Nc1cccc(C(=O)O)c1";"Ki";"'='";"0.7";"nM";"9.15";"";"355650";"UO_0000065";"18.93";"0.37";"4.85";"6.42";"1";"CHEMBL3887805";"Trypsin Inhibition Assay: Using a 96 well plate (#3915, Costar), a test compound (25 uL) was mixed with 20 uM fluorescence enzyme substrate (Boc-Phe-Ser-Arg-AMC, 50 uL) mixed with 200 mM Tris-HCl buffer (pH 8.0), and human trypsin (Sigma, 25 uL) was added. Using a fluorescence plate reader fmax (Molecular Devices, Inc.), the reaction rate was measured from the time-course changes at excitation wavelength 355 nm and fluorescence wavelength 460 nm.";"B";"BAO_0000357";"single protein format";"Homo sapiens";"None";"None";"None";"None";"";"";"";"CHEMBL209";"Serine protease 1";"Homo sapiens";"SINGLE PROTEIN";"CHEMBL3886456";"37";"BindingDB Patent Bioactivity Data";"";"2016";"None";"";"";"";"0.7"
"CHEMBL3672854";"";"None";"475.54";"0";"3.42";"BDBM158113";"CC(C)(Cc1ccc(C(=O)Oc2ccc(C(=N)N)cc2F)s1)C(=O)N1CCC[C@H]1CC(=O)O";"Ki";"'='";"3.88";"nM";"8.41";"";"355659";"UO_0000065";"17.69";"0.35";"4.99";"6.29";"1";"CHEMBL3887805";"Trypsin Inhibition Assay: Using a 96 well plate (#3915, Costar), a test compound (25 uL) was mixed with 20 uM fluorescence enzyme substrate (Boc-Phe-Ser-Arg-AMC, 50 uL) mixed with 200 mM Tris-HCl buffer (pH 8.0), and human trypsin (Sigma, 25 uL) was added. Using a fluorescence plate reader fmax (Molecular Devices, Inc.), the reaction rate was measured from the time-course changes at excitation wavelength 355 nm and fluorescence wavelength 460 nm.";"B";"BAO_0000357";"single protein format";"Homo sapiens";"None";"None";"None";"None";"";"";"";"CHEMBL209";"Serine protease 1";"Homo sapiens";"SINGLE PROTEIN";"CHEMBL3886456";"37";"BindingDB Patent Bioactivity Data";"";"2016";"None";"";"";"";"3.88"
"CHEMBL3672863";"";"None";"523.59";"1";"4.24";"BDBM158122";"CC(C)(Cc1ccc(C(=O)Oc2ccc(C(=N)N)cc2F)s1)C(=O)N1CCc2ccc(C(=O)O)cc2C1";"Ki";"'='";"3.49";"nM";"8.46";"";"355668";"UO_0000065";"16.15";"0.31";"4.22";"6.32";"1";"CHEMBL3887805";"Trypsin Inhibition Assay: Using a 96 well plate (#3915, Costar), a test compound (25 uL) was mixed with 20 uM fluorescence enzyme substrate (Boc-Phe-Ser-Arg-AMC, 50 uL) mixed with 200 mM Tris-HCl buffer (pH 8.0), and human trypsin (Sigma, 25 uL) was added. Using a fluorescence plate reader fmax (Molecular Devices, Inc.), the reaction rate was measured from the time-course changes at excitation wavelength 355 nm and fluorescence wavelength 460 nm.";"B";"BAO_0000357";"single protein format";"Homo sapiens";"None";"None";"None";"None";"";"";"";"CHEMBL209";"Serine protease 1";"Homo sapiens";"SINGLE PROTEIN";"CHEMBL3886456";"37";"BindingDB Patent Bioactivity Data";"";"2016";"None";"";"";"";"3.49"
"CHEMBL3891548";"";"None";"545.60";"1";"2.97";"BDBM199974";"CCC(CC)(Cc1ccc(C(=O)Oc2ccc(C(=N)N)cc2F)s1)C(=O)N[C@@H](CCC(=O)O)c1nnn[nH]1";"Ki";"'='";"3.27";"nM";"8.48";"";"355702";"UO_0000065";"15.55";"0.30";"5.52";"4.31";"0";"CHEMBL3887805";"Trypsin Inhibition Assay: Using a 96 well plate (#3915, Costar), a test compound (25 uL) was mixed with 20 uM fluorescence enzyme substrate (Boc-Phe-Ser-Arg-AMC, 50 uL) mixed with 200 mM Tris-HCl buffer (pH 8.0), and human trypsin (Sigma, 25 uL) was added. Using a fluorescence plate reader fmax (Molecular Devices, Inc.), the reaction rate was measured from the time-course changes at excitation wavelength 355 nm and fluorescence wavelength 460 nm.";"B";"BAO_0000357";"single protein format";"Homo sapiens";"None";"None";"None";"None";"";"";"";"CHEMBL209";"Serine protease 1";"Homo sapiens";"SINGLE PROTEIN";"CHEMBL3886456";"37";"BindingDB Patent Bioactivity Data";"";"2016";"None";"";"";"";"3.27"
"CHEMBL3897603";"";"None";"364.40";"0";"3.04";"BDBM199977";"CC(C)(Cc1ccc(C(=O)Oc2ccc(C(=N)N)cc2F)s1)C(=O)O";"Ki";"'='";"1.3";"nM";"8.89";"";"355705";"UO_0000065";"24.39";"0.49";"5.85";"7.83";"0";"CHEMBL3887805";"Trypsin Inhibition Assay: Using a 96 well plate (#3915, Costar), a test compound (25 uL) was mixed with 20 uM fluorescence enzyme substrate (Boc-Phe-Ser-Arg-AMC, 50 uL) mixed with 200 mM Tris-HCl buffer (pH 8.0), and human trypsin (Sigma, 25 uL) was added. Using a fluorescence plate reader fmax (Molecular Devices, Inc.), the reaction rate was measured from the time-course changes at excitation wavelength 355 nm and fluorescence wavelength 460 nm.";"B";"BAO_0000357";"single protein format";"Homo sapiens";"None";"None";"None";"None";"";"";"";"CHEMBL209";"Serine protease 1";"Homo sapiens";"SINGLE PROTEIN";"CHEMBL3886456";"37";"BindingDB Patent Bioactivity Data";"";"2016";"None";"";"";"";"1.3"
"CHEMBL3975448";"";"None";"555.58";"1";"4.77";"BDBM199980";"CCC(CC)(Cc1ccc(C(=O)Oc2ccc(C(=N)N)cc2F)s1)C(=O)Nc1ccc(C(=O)O)c(C(=O)O)c1";"Ki";"'='";"1.7";"nM";"8.77";"";"355708";"UO_0000065";"15.78";"0.31";"4.00";"4.88";"0";"CHEMBL3887805";"Trypsin Inhibition Assay: Using a 96 well plate (#3915, Costar), a test compound (25 uL) was mixed with 20 uM fluorescence enzyme substrate (Boc-Phe-Ser-Arg-AMC, 50 uL) mixed with 200 mM Tris-HCl buffer (pH 8.0), and human trypsin (Sigma, 25 uL) was added. Using a fluorescence plate reader fmax (Molecular Devices, Inc.), the reaction rate was measured from the time-course changes at excitation wavelength 355 nm and fluorescence wavelength 460 nm.";"B";"BAO_0000357";"single protein format";"Homo sapiens";"None";"None";"None";"None";"";"";"";"CHEMBL209";"Serine protease 1";"Homo sapiens";"SINGLE PROTEIN";"CHEMBL3886456";"37";"BindingDB Patent Bioactivity Data";"";"2016";"None";"";"";"";"1.7"
"CHEMBL4113254";"";"None";"487.55";"0";"3.49";"BDBM199984";"CC(C)(Cc1ccc(C(=O)Oc2ccc(C(=N)N)cc2F)s1)C(=O)N[C@H]1CC=CC[C@H]1C(=O)O";"Ki";"'='";"1.98";"nM";"8.70";"";"355712";"UO_0000065";"17.85";"0.35";"5.21";"6.10";"0";"CHEMBL3887805";"Trypsin Inhibition Assay: Using a 96 well plate (#3915, Costar), a test compound (25 uL) was mixed with 20 uM fluorescence enzyme substrate (Boc-Phe-Ser-Arg-AMC, 50 uL) mixed with 200 mM Tris-HCl buffer (pH 8.0), and human trypsin (Sigma, 25 uL) was added. Using a fluorescence plate reader fmax (Molecular Devices, Inc.), the reaction rate was measured from the time-course changes at excitation wavelength 355 nm and fluorescence wavelength 460 nm.";"B";"BAO_0000357";"single protein format";"Homo sapiens";"None";"None";"None";"None";"";"";"";"CHEMBL209";"Serine protease 1";"Homo sapiens";"SINGLE PROTEIN";"CHEMBL3886456";"37";"BindingDB Patent Bioactivity Data";"";"2016";"None";"";"";"";"1.98"
"CHEMBL19740";"";"None";"447.42";"0";"1.58";"NC18";"Cc1cnc(NCC(F)(F)c2ccc(F)cc2)c(=O)n1CC(=O)NCc1cnc(N)cn1";"Ki";"";"";"nM";"";"";"Not Active";"UO_0000065";"";"";"";"";"0";"CHEMBL817810";"In vitro inhibitory constant against trypsin; Inactive";"B";"BAO_0000357";"single protein format";"None";"None";"None";"None";"None";"";"";"";"CHEMBL209";"Serine protease 1";"Homo sapiens";"SINGLE PROTEIN";"CHEMBL1136066";"1";"Scientific Literature";"Bioorg Med Chem Lett";"2002";"None";"";"";"";""
"CHEMBL327600";"";"None";"452.54";"0";"2.21";"1a";"COc1ccc2ccc(S(=O)(=O)N[C@H]3CCN(Cc4cccc(C(=N)N)c4)C3=O)cc2c1";"Ki";"'='";"850.0";"nM";"6.07";"";"";"UO_0000065";"13.41";"0.26";"3.86";"4.83";"0";"CHEMBL811783";"In vitro evaluation of inhibitory activity against trypsin";"B";"BAO_0000357";"single protein format";"None";"None";"None";"None";"None";"";"";"";"CHEMBL209";"Serine protease 1";"Homo sapiens";"SINGLE PROTEIN";"CHEMBL1132509";"1";"Scientific Literature";"Bioorg Med Chem Lett";"1999";"None";"";"";"";"0.85"
"CHEMBL151627";"";"None";"545.54";"1";"3.93";"34a";"COc1ccc(-n2nc(C(F)(F)F)cc2C(=O)Nc2ccc(-c3ccccc3S(N)(=O)=O)cc2)c(CN)c1";"Ki";"'>'";"1600.0";"nM";"";"";"";"UO_0000065";"";"";"";"";"0";"CHEMBL817826";"Tested in vitro for inhibition of human trypsin";"B";"BAO_0000357";"single protein format";"None";"None";"None";"None";"None";"";"";"";"CHEMBL209";"Serine protease 1";"Homo sapiens";"SINGLE PROTEIN";"CHEMBL1145914";"1";"Scientific Literature";"J Med Chem";"2003";"None";"";"";"";"1600.0"
"CHEMBL422533";"";"None";"427.46";"1";"-0.01";"9";"N=C(N)c1ccc(CNC(=O)CNC(=O)[C@@H](CO)NC(=O)OCc2ccccc2)cc1";"Ki";"'='";"4300.0";"nM";"5.37";"";"";"UO_0000065";"12.55";"0.24";"5.38";"3.22";"0";"CHEMBL811611";"In vitro inhibition of trypsin.";"B";"BAO_0000357";"single protein format";"None";"None";"None";"None";"None";"";"";"";"CHEMBL209";"Serine protease 1";"Homo sapiens";"SINGLE PROTEIN";"CHEMBL1135855";"1";"Scientific Literature";"Bioorg Med Chem Lett";"2002";"None";"";"";"";"4.3"
"CHEMBL4162159";"";"None";"1457.70";"None";"None";"SFTI-Gly7";"CC[C@H](C)[C@@H]1NC(=O)[C@@H]2CCCN2C(=O)[C@@H]2CCCN2C(=O)CNC(=O)[C@H](CO)NC(=O)[C@H](CCCCN)NC(=O)[C@H]([C@@H](C)O)NC(=O)[C@@H]2CSSC[C@H](NC1=O)C(=O)N[C@@H](Cc1ccccc1)C(=O)N1CCC[C@H]1C(=O)N[C@@H](CC(=O)O)C(=O)NCC(=O)N[C@@H](CCCNC(=N)N)C(=O)N2";"Ki";"'='";"49.0";"nM";"7.31";"";"";"UO_0000065";"5.01";"None";"None";"None";"0";"CHEMBL4156165";"Inhibition of human cationic trypsin using Boc-VPR-MCA as substrate measured every 30 secs for 10 mins";"B";"BAO_0000357";"single protein format";"Homo sapiens";"None";"None";"None";"None";"";"";"";"CHEMBL209";"Serine protease 1";"Homo sapiens";"SINGLE PROTEIN";"CHEMBL4152317";"1";"Scientific Literature";"Eur J Med Chem";"2018";"None";"";"";"";"49.0"
"CHEMBL50924";"";"None";"478.35";"0";"4.80";"10";"N=C(N)c1ccc2[nH]c(-c3cc(CC(=O)O)cc(Br)c3O)c(Cc3ccccc3)c2c1";"Ki";"'='";"1200.0";"nM";"5.92";"";"";"UO_0000065";"12.38";"0.26";"1.12";"4.81";"0";"CHEMBL874090";"Inhibitory activity against trypsin in human plasma";"B";"BAO_0000366";"cell-free format";"None";"CHEMBL3559721";"Plasma";"None";"None";"";"";"";"CHEMBL209";"Serine protease 1";"Homo sapiens";"SINGLE PROTEIN";"CHEMBL1134132";"1";"Scientific Literature";"Bioorg Med Chem Lett";"2001";"None";"";"";"";"1.2"
"CHEMBL149440";"";"None";"150.18";"0";"0.24";"18 (table 3)";"NCc1ccc(C(N)=O)cc1";"Ki";"'='";"399944749.76";"nM";"";"Outside typical range";"";"UO_0000065";"";"";"";"";"0";"CHEMBL858270";"Inhibition of trypsin";"B";"BAO_0000357";"single protein format";"None";"None";"None";"None";"None";"";"";"";"CHEMBL209";"Serine protease 1";"Homo sapiens";"SINGLE PROTEIN";"CHEMBL1132536";"1";"Scientific Literature";"J Med Chem";"1999";"None";"";"";"";"0.398"
"CHEMBL414810";"";"None";"1038.30";"None";"None";"3";"CC[C@@H](C)[C@@H](NC(=O)[C@@H](C)NC(=O)[C@@H](CCC(=O)O)NC(=O)[C@@H](CC(C)C)NC(=O)[C@@H](Cc1ccccc1)NC(=O)[C@H](N)CCSC)C(=O)N1CCC[C@H]1C(=O)N[C@@H](CCSC)C(=O)N[C@@H](CO)C(=O)O";"Ki";"";"";"nM";"";"";"Not Active";"UO_0000065";"";"";"";"";"0";"CHEMBL821462";"Competitive inhibition constant against trypsin using the reporter substrate Ac-R-pNa; No inhibition";"B";"BAO_0000357";"single protein format";"None";"None";"None";"None";"None";"";"";"";"CHEMBL209";"Serine protease 1";"Homo sapiens";"SINGLE PROTEIN";"CHEMBL1132903";"1";"Scientific Literature";"Bioorg Med Chem Lett";"2000";"None";"";"";"";""
"CHEMBL172928";"";"None";"420.90";"0";"3.19";"28";"Nc1ncnc2cc(CN3CCN(Cc4cc5cc(Cl)ccc5[nH]4)CC3=O)ccc12";"Ki";"'>'";"2900.0";"nM";"";"";"";"UO_0000065";"";"";"";"";"0";"CHEMBL845149";"Tested for inhibitory activity against trypsin";"B";"BAO_0000357";"single protein format";"None";"None";"None";"None";"None";"";"";"";"CHEMBL209";"Serine protease 1";"Homo sapiens";"SINGLE PROTEIN";"CHEMBL1135247";"1";"Scientific Literature";"Bioorg Med Chem Lett";"2002";"None";"";"";"";"2900.0"
"CHEMBL4167071";"";"None";"1651.94";"None";"None";"SFTI-Arg5Bip7";"CC[C@H](C)[C@@H]1NC(=O)[C@@H]2CCCN2C(=O)[C@@H]2CCCN2C(=O)[C@H](Cc2ccc(-c3ccccc3)cc2)NC(=O)[C@H](CO)NC(=O)[C@H](CCCNC(=N)N)NC(=O)[C@H]([C@@H](C)O)NC(=O)[C@@H]2CSSC[C@H](NC1=O)C(=O)N[C@@H](Cc1ccccc1)C(=O)N1CCC[C@H]1C(=O)N[C@@H](CC(=O)O)C(=O)NCC(=O)N[C@@H](CCCNC(=N)N)C(=O)N2";"Ki";"'='";"1.9";"nM";"8.72";"";"";"UO_0000065";"5.28";"None";"None";"None";"0";"CHEMBL4156165";"Inhibition of human cationic trypsin using Boc-VPR-MCA as substrate measured every 30 secs for 10 mins";"B";"BAO_0000357";"single protein format";"Homo sapiens";"None";"None";"None";"None";"";"";"";"CHEMBL209";"Serine protease 1";"Homo sapiens";"SINGLE PROTEIN";"CHEMBL4152317";"1";"Scientific Literature";"Eur J Med Chem";"2018";"None";"";"";"";"1.9"
"CHEMBL283555";"";"None";"503.97";"1";"1.91";"NC2";"COc1cccc(S(=O)(=O)Nc2cccn(CC(=O)NCc3ccc(C(=N)N)cc3Cl)c2=O)c1";"Ki";"'='";"76.5";"nM";"7.12";"";"";"UO_0000065";"14.12";"0.29";"5.21";"4.55";"0";"CHEMBL817809";"In vitro inhibitory constant against trypsin";"B";"BAO_0000357";"single protein format";"Homo sapiens";"None";"None";"None";"None";"";"";"";"CHEMBL209";"Serine protease 1";"Homo sapiens";"SINGLE PROTEIN";"CHEMBL1136066";"1";"Scientific Literature";"Bioorg Med Chem Lett";"2002";"None";"";"";"";"76.5"
"CHEMBL96801";"";"None";"539.04";"1";"1.68";"29";"CN1CCOc2ccccc2CNC(=O)Cn2c(Cl)cnc(c2=O)N[C@@H](Cc2ccccc2)CNC(=O)C1";"Ki";"'='";"17000.0";"nM";"4.77";"";"";"UO_0000065";"8.85";"0.17";"3.09";"4.06";"0";"CHEMBL817817";"Inhibitory activity against human trypsin";"B";"BAO_0000357";"single protein format";"None";"None";"None";"None";"None";"";"";"";"CHEMBL209";"Serine protease 1";"Homo sapiens";"SINGLE PROTEIN";"CHEMBL1136169";"1";"Scientific Literature";"Bioorg Med Chem Lett";"2003";"None";"";"";"";"17.0"
"CHEMBL173419";"";"None";"382.47";"0";"3.81";"7c";"N=C(N)c1ccc(-n2ccc3ccc(NCc4cccc(C(=N)N)c4)cc32)cc1";"Ki";"'='";"1620.0";"nM";"5.79";"";"";"UO_0000065";"15.14";"0.27";"1.98";"4.96";"0";"CHEMBL815755";"In vitro inhibition of bovine trypsin.";"B";"BAO_0000357";"single protein format";"None";"None";"None";"None";"None";"";"";"";"CHEMBL209";"Serine protease 1";"Homo sapiens";"SINGLE PROTEIN";"CHEMBL1133499";"1";"Scientific Literature";"Bioorg Med Chem Lett";"2000";"None";"";"";"";"1620.0"
"CHEMBL328805";"";"None";"685.66";"1";"1.01";"61";"CCS(=O)(=O)CC1(C(=O)Nc2ncc(-c3ccccc3S(N)(=O)=O)cn2)CC(c2cccc(C(=N)N)c2)=NO1.O=C(O)C(F)(F)F";"Ki";"'='";"290.0";"nM";"6.54";"";"";"UO_0000065";"11.44";"0.23";"5.53";"2.96";"0";"CHEMBL824706";"Binding affinity towards trypsin obtained from human purified enzymes";"B";"BAO_0000357";"single protein format";"None";"None";"None";"None";"None";"";"";"";"CHEMBL209";"Serine protease 1";"Homo sapiens";"SINGLE PROTEIN";"CHEMBL1132652";"1";"Scientific Literature";"J Med Chem";"1999";"None";"";"";"";"290.0"
"CHEMBL2315239";"";"None";"907.97";"2";"1.55";"4.3TFA";"N=C(N)c1ccc(CNC(=O)[C@@H]2Cc3ccc(cc3)NC(=O)CN3CCN(CC3)CC(=O)Nc3ccc(cc3)C[C@@H](NS(=O)(=O)Cc3ccccc3)C(=O)N2)cc1.O=C(O)C(F)(F)F";"Ki";"'='";"44.0";"nM";"7.36";"";"";"UO_0000065";"9.27";"0.18";"5.81";"3.36";"0";"CHEMBL2318522";"Inhibition of human trypsin";"B";"BAO_0000357";"single protein format";"Homo sapiens";"None";"None";"None";"None";"";"";"";"CHEMBL209";"Serine protease 1";"Homo sapiens";"SINGLE PROTEIN";"CHEMBL2311491";"1";"Scientific Literature";"J Med Chem";"2013";"None";"";"";"";"44.0"
"CHEMBL320817";"";"None";"270.33";"0";"2.64";"5";"COc1ccc2ccc(C(=N)N)cc2c1C1CCOC1";"Ki";"'='";"320.0";"nM";"6.50";"";"";"UO_0000065";"24.03";"0.44";"3.85";"9.51";"0";"CHEMBL817133";"Binding affinity against trypsin";"B";"BAO_0000357";"single protein format";"None";"None";"None";"None";"None";"";"";"";"CHEMBL209";"Serine protease 1";"Homo sapiens";"SINGLE PROTEIN";"CHEMBL1146777";"1";"Scientific Literature";"Bioorg Med Chem Lett";"2004";"None";"";"";"";"0.32"
"CHEMBL433600";"";"None";"511.63";"2";"5.14";"18b";"CCOC(=O)c1cc2ccc(OC3CCN(C(C)=N)CC3)cc2n1Cc1ccc2ccc(C(=N)N)cc2c1";"Ki";"'='";"20.0";"nM";"7.70";"";"";"UO_0000065";"15.05";"0.28";"2.56";"6.56";"0";"CHEMBL815755";"In vitro inhibition of bovine trypsin.";"B";"BAO_0000357";"single protein format";"None";"None";"None";"None";"None";"";"";"";"CHEMBL209";"Serine protease 1";"Homo sapiens";"SINGLE PROTEIN";"CHEMBL1133499";"1";"Scientific Literature";"Bioorg Med Chem Lett";"2000";"None";"";"";"";"20.0"
"CHEMBL308400";"";"None";"450.52";"0";"2.43";"9m";"N=C(N)c1ccc(O)c(/C=C/CNC(=O)c2ccc(-c3ccccc3S(N)(=O)=O)cc2)c1";"Ki";"'='";"1500.0";"nM";"5.82";"";"";"UO_0000065";"12.93";"0.25";"3.39";"3.65";"0";"CHEMBL817143";"In vitro inhibition of trypsin.";"B";"BAO_0000357";"single protein format";"None";"None";"None";"None";"None";"";"";"";"CHEMBL209";"Serine protease 1";"Homo sapiens";"SINGLE PROTEIN";"CHEMBL1133371";"1";"Scientific Literature";"Bioorg Med Chem Lett";"2000";"None";"";"";"";"1500.0"
"CHEMBL3907536";"";"None";"522.56";"1";"1.89";"BDBM234254";"CC(C)[C@H](C(=O)N[C@@H](CC(=O)O)C(=O)O)N(C)Cc1ccc(C(=O)Oc2ccc(C(=N)N)cc2F)s1";"Ki";"'='";"0.68";"nM";"9.17";"";"408296";"UO_0000065";"17.54";"0.35";"7.28";"5.01";"0";"CHEMBL3888548";"Inhibition Assay: Using a 96 well plate (#3915, Costar), a test compound (25 μL), 400 mM Tris-HCl buffer (pH 8.0, 25 μL) and 0.5 mg/mL fluorescence enzyme substrate (Gly-Asp-Asp-Asp-Asp-Lys-β-Naphtylamide, 25 μL) were mixed, and recombinant human enteropeptidase (R&D Systems, Inc., 25 μL) was added. Using a fluorescence plate reader fmax (Molecular Devices, Inc.), the reaction rate was measured from the time-course changes at excitation wavelength 320 nm and fluorescence wavelength 405 nm. The Ki value was calculated from the concentration of the test compound, reciprocal of reaction rate, and Km value of the enzyme substrate, and by using Dixon plot.";"B";"BAO_0000357";"single protein format";"Homo sapiens";"None";"None";"None";"None";"";"";"";"CHEMBL209";"Serine protease 1";"Homo sapiens";"SINGLE PROTEIN";"CHEMBL3886757";"37";"BindingDB Patent Bioactivity Data";"";"2016";"None";"";"";"";"0.68"
"CHEMBL4108694";"";"None";"550.61";"1";"2.67";"BDBM234258";"CC(C)C[C@@H](C(=O)N[C@H](CCC(=O)O)C(=O)O)N(C)Cc1ccc(C(=O)Oc2ccc(C(=N)N)cc2F)s1";"Ki";"'='";"0.89";"nM";"9.05";"";"408300";"UO_0000065";"16.44";"0.33";"6.38";"4.94";"0";"CHEMBL3888548";"Inhibition Assay: Using a 96 well plate (#3915, Costar), a test compound (25 μL), 400 mM Tris-HCl buffer (pH 8.0, 25 μL) and 0.5 mg/mL fluorescence enzyme substrate (Gly-Asp-Asp-Asp-Asp-Lys-β-Naphtylamide, 25 μL) were mixed, and recombinant human enteropeptidase (R&D Systems, Inc., 25 μL) was added. Using a fluorescence plate reader fmax (Molecular Devices, Inc.), the reaction rate was measured from the time-course changes at excitation wavelength 320 nm and fluorescence wavelength 405 nm. The Ki value was calculated from the concentration of the test compound, reciprocal of reaction rate, and Km value of the enzyme substrate, and by using Dixon plot.";"B";"BAO_0000357";"single protein format";"Homo sapiens";"None";"None";"None";"None";"";"";"";"CHEMBL209";"Serine protease 1";"Homo sapiens";"SINGLE PROTEIN";"CHEMBL3886757";"37";"BindingDB Patent Bioactivity Data";"";"2016";"None";"";"";"";"0.89"
"CHEMBL3957106";"";"None";"546.58";"1";"2.08";"BDBM234263";"C=CCN(C(=O)CN1CCc2cc(C(=O)Oc3ccc(C(=N)N)cc3F)sc2C1)[C@@H](CCC(=O)O)C(=O)O";"Ki";"'='";"0.71";"nM";"9.15";"";"408305";"UO_0000065";"16.74";"0.33";"7.07";"5.25";"0";"CHEMBL3888548";"Inhibition Assay: Using a 96 well plate (#3915, Costar), a test compound (25 μL), 400 mM Tris-HCl buffer (pH 8.0, 25 μL) and 0.5 mg/mL fluorescence enzyme substrate (Gly-Asp-Asp-Asp-Asp-Lys-β-Naphtylamide, 25 μL) were mixed, and recombinant human enteropeptidase (R&D Systems, Inc., 25 μL) was added. Using a fluorescence plate reader fmax (Molecular Devices, Inc.), the reaction rate was measured from the time-course changes at excitation wavelength 320 nm and fluorescence wavelength 405 nm. The Ki value was calculated from the concentration of the test compound, reciprocal of reaction rate, and Km value of the enzyme substrate, and by using Dixon plot.";"B";"BAO_0000357";"single protein format";"Homo sapiens";"None";"None";"None";"None";"";"";"";"CHEMBL209";"Serine protease 1";"Homo sapiens";"SINGLE PROTEIN";"CHEMBL3886757";"37";"BindingDB Patent Bioactivity Data";"";"2016";"None";"";"";"";"0.71"
"CHEMBL276881";"";"None";"609.60";"None";"None";"11";"CC(C)(C)OC(=O)Nc1cccc(-c2ccc(C(=O)N[C@@H](CCCN=C(N)N)B3O[C@@H]4CC5CC(C5(C)C)[C@]4(C)O3)s2)c1";"Ki";"'='";"13.0";"nM";"7.89";"";"";"UO_0000065";"12.94";"None";"None";"None";"0";"CHEMBL811780";"Inhibition of trypsin";"B";"BAO_0000357";"single protein format";"None";"None";"None";"None";"None";"";"";"";"CHEMBL209";"Serine protease 1";"Homo sapiens";"SINGLE PROTEIN";"CHEMBL1151536";"1";"Scientific Literature";"Bioorg Med Chem Lett";"1997";"None";"";"";"";"13.0"
"CHEMBL3642872";"";"None";"429.43";"0";"1.01";"BDBM109598";"CC(Cc1ccc(C(=O)Oc2ccc(C(=N)N)cc2)o1)C(=O)N1C[C@H](O)C[C@@H]1C(=O)O";"Ki";"'='";"1.88";"nM";"8.73";"";"230093";"UO_0000065";"20.32";"0.38";"7.72";"5.22";"0";"CHEMBL3705715";"Inhibition Assay: Inhibition assay using human trysin.";"B";"BAO_0000357";"single protein format";"Homo sapiens";"None";"None";"None";"None";"";"";"";"CHEMBL209";"Serine protease 1";"Homo sapiens";"SINGLE PROTEIN";"CHEMBL3638962";"37";"BindingDB Patent Bioactivity Data";"";"2013";"None";"";"";"";"1.88"
"CHEMBL3667884";"";"None";"449.50";"0";"2.94";"BDBM158078";"CC(C)(Cc1ccc(C(=O)Oc2ccc(C(=N)N)cc2F)s1)C(=O)NC(C)(C)C(=O)O";"Ki";"'='";"0.95";"nM";"9.02";"";"591846";"UO_0000065";"20.07";"0.40";"6.08";"6.33";"1";"CHEMBL5731810";"Inhibitory Activity Assay: Using a 96 well plate (#3915, Costar), a test compound (25 μL), 400 mM Tris-HCl buffer (pH 8.0, 25 μL) and 0.5 mg/mL fluorescence enzyme substrate (Gly-Asp-Asp-Asp-Asp-Lys-β-Naphtylamide, 25 μL) were mixed, and recombinant human enteropeptidase (R&D Systems, Inc., 25 μL) was added. Using a fluorescence plate reader fmax (Molecular Devices, Inc.), the reaction rate was measured from the time-course changes at excitation wavelength 320 nm and fluorescence wavelength 405 nm. The Ki value was calculated from the concentration of the test compound, reciprocal of reaction rate, and Km value of the enzyme substrate, and by using Dixon plot.";"B";"BAO_0000357";"single protein format";"Homo sapiens";"None";"None";"None";"None";"";"";"";"CHEMBL209";"Serine protease 1";"Homo sapiens";"SINGLE PROTEIN";"CHEMBL5725983";"37";"BindingDB Patent Bioactivity Data";"";"2017";"None";"";"";"";"0.95"
"CHEMBL6015794";"";"None";"528.05";"0";"4.11";"BDBM308445";"CCC[C@H](NC(=O)C(CC)(CC)Cc1ccc(C(=O)Oc2ccc(C(=N)N)cc2F)s1)C(=O)O.Cl";"Ki";"'='";"3.84";"nM";"8.42";"";"591892";"UO_0000065";"17.12";"0.34";"4.31";"5.90";"0";"CHEMBL5731810";"Inhibitory Activity Assay: Using a 96 well plate (#3915, Costar), a test compound (25 μL), 400 mM Tris-HCl buffer (pH 8.0, 25 μL) and 0.5 mg/mL fluorescence enzyme substrate (Gly-Asp-Asp-Asp-Asp-Lys-β-Naphtylamide, 25 μL) were mixed, and recombinant human enteropeptidase (R&D Systems, Inc., 25 μL) was added. Using a fluorescence plate reader fmax (Molecular Devices, Inc.), the reaction rate was measured from the time-course changes at excitation wavelength 320 nm and fluorescence wavelength 405 nm. The Ki value was calculated from the concentration of the test compound, reciprocal of reaction rate, and Km value of the enzyme substrate, and by using Dixon plot.";"B";"BAO_0000357";"single protein format";"Homo sapiens";"None";"None";"None";"None";"";"";"";"CHEMBL209";"Serine protease 1";"Homo sapiens";"SINGLE PROTEIN";"CHEMBL5725983";"37";"BindingDB Patent Bioactivity Data";"";"2017";"None";"";"";"";"3.84"
"CHEMBL307597";"";"None";"748.97";"1";"3.49";"38";"NCCc1ccc(CCNC(=O)N2CCN(C(=O)O[C@H]3CCC[C@@H](OC(=O)N4CCN(C(=O)NCCc5ccc(CCN)cc5)CC4)CCC3)CC2)cc1";"Ki";"'>'";"1000000.0";"nM";"";"Outside typical range";"";"UO_0000065";"";"";"";"";"0";"CHEMBL824723";"Compound was evaluated for its inhibitory potency against trypsin";"B";"BAO_0000357";"single protein format";"None";"None";"None";"None";"None";"";"";"";"CHEMBL209";"Serine protease 1";"Homo sapiens";"SINGLE PROTEIN";"CHEMBL1132784";"1";"Scientific Literature";"Bioorg Med Chem Lett";"2000";"None";"";"";"";"1000.0"
"CHEMBL33839";"";"None";"447.54";"0";"1.24";"2d";"Cc1nc(N)ccc1CNC(=O)Cn1c(C)cc(S(=O)(=O)c2cccs2)c(N)c1=O";"Ki";"'='";"340.0";"nM";"6.47";"";"";"UO_0000065";"14.45";"0.29";"5.23";"4.31";"0";"CHEMBL817816";"Inhibitory activity against human trypsin";"B";"BAO_0000357";"single protein format";"None";"None";"None";"None";"None";"";"";"";"CHEMBL209";"Serine protease 1";"Homo sapiens";"SINGLE PROTEIN";"CHEMBL1136704";"1";"Scientific Literature";"Bioorg Med Chem Lett";"2003";"None";"";"";"";"340.0"
"CHEMBL286634";"";"None";"405.48";"0";"0.28";"2f";"Cc1nc(N)ccc1CNC(=O)Cn1c(C)cc(S(=O)(=O)C2CC2)c(N)c1=O";"Ki";"'='";"2800.0";"nM";"5.55";"";"";"UO_0000065";"13.69";"0.27";"5.27";"3.70";"0";"CHEMBL817816";"Inhibitory activity against human trypsin";"B";"BAO_0000357";"single protein format";"None";"None";"None";"None";"None";"";"";"";"CHEMBL209";"Serine protease 1";"Homo sapiens";"SINGLE PROTEIN";"CHEMBL1136704";"1";"Scientific Literature";"Bioorg Med Chem Lett";"2003";"None";"";"";"";"2800.0"
"CHEMBL39760";"";"None";"479.61";"0";"3.81";"7b";"CC1CCCCN1C(=O)N(Cc1ccc(C(=N)N)cc1)NS(=O)(=O)c1ccc2ccccc2c1";"Ki";"'='";"26000.0";"nM";"4.58";"";"";"UO_0000065";"9.56";"0.18";"0.78";"3.83";"0";"CHEMBL815009";"In vitro inhibition of trypsin";"B";"BAO_0000357";"single protein format";"None";"None";"None";"None";"None";"";"";"";"CHEMBL209";"Serine protease 1";"Homo sapiens";"SINGLE PROTEIN";"CHEMBL1137966";"1";"Scientific Literature";"Bioorg Med Chem Lett";"2004";"None";"";"";"";"26.0"
"CHEMBL342994";"";"None";"464.86";"0";"2.22";"30";"COc1cccnc1CNC(=O)Cn1c(Cl)cnc(NCC(F)(F)c2ccccn2)c1=O";"Ki";"'='";"706000.0";"nM";"";"Outside typical range";"";"UO_0000065";"";"";"";"";"0";"CHEMBL815470";"Inhibitory constant against human trypsin";"B";"BAO_0000357";"single protein format";"None";"None";"None";"None";"None";"";"";"";"CHEMBL209";"Serine protease 1";"Homo sapiens";"SINGLE PROTEIN";"CHEMBL1145961";"1";"Scientific Literature";"J Med Chem";"2003";"None";"";"";"";"706.0"
"CHEMBL71418";"";"None";"450.52";"0";"2.43";"9l";"N=C(N)c1ccc(O)c(/C=C/CNC(=O)c2ccc(-c3cccc(S(N)(=O)=O)c3)cc2)c1";"Ki";"'='";"240.0";"nM";"6.62";"";"";"UO_0000065";"14.69";"0.28";"4.19";"4.15";"0";"CHEMBL817143";"In vitro inhibition of trypsin.";"B";"BAO_0000357";"single protein format";"None";"None";"None";"None";"None";"";"";"";"CHEMBL209";"Serine protease 1";"Homo sapiens";"SINGLE PROTEIN";"CHEMBL1133371";"1";"Scientific Literature";"Bioorg Med Chem Lett";"2000";"None";"";"";"";"240.0"
"CHEMBL3891548";"";"None";"545.60";"1";"2.97";"BDBM199974";"CCC(CC)(Cc1ccc(C(=O)Oc2ccc(C(=N)N)cc2F)s1)C(=O)N[C@@H](CCC(=O)O)c1nnn[nH]1";"Ki";"'='";"3.27";"nM";"8.48";"";"592002";"UO_0000065";"15.55";"0.30";"5.52";"4.31";"1";"CHEMBL5731810";"Inhibitory Activity Assay: Using a 96 well plate (#3915, Costar), a test compound (25 μL), 400 mM Tris-HCl buffer (pH 8.0, 25 μL) and 0.5 mg/mL fluorescence enzyme substrate (Gly-Asp-Asp-Asp-Asp-Lys-β-Naphtylamide, 25 μL) were mixed, and recombinant human enteropeptidase (R&D Systems, Inc., 25 μL) was added. Using a fluorescence plate reader fmax (Molecular Devices, Inc.), the reaction rate was measured from the time-course changes at excitation wavelength 320 nm and fluorescence wavelength 405 nm. The Ki value was calculated from the concentration of the test compound, reciprocal of reaction rate, and Km value of the enzyme substrate, and by using Dixon plot.";"B";"BAO_0000357";"single protein format";"Homo sapiens";"None";"None";"None";"None";"";"";"";"CHEMBL209";"Serine protease 1";"Homo sapiens";"SINGLE PROTEIN";"CHEMBL5725983";"37";"BindingDB Patent Bioactivity Data";"";"2017";"None";"";"";"";"3.27"
"CHEMBL5799213";"";"None";"550.01";"1";"3.61";"BDBM308556";"CC(C)(Cc1ccc(C(=O)Oc2ccc(C(=N)N)cc2F)s1)C(=O)N[C@H](C(=O)O)c1ccc(O)cc1.Cl";"Ki";"'='";"0.96";"nM";"9.02";"";"592018";"UO_0000065";"17.56";"0.34";"5.41";"5.54";"0";"CHEMBL5731810";"Inhibitory Activity Assay: Using a 96 well plate (#3915, Costar), a test compound (25 μL), 400 mM Tris-HCl buffer (pH 8.0, 25 μL) and 0.5 mg/mL fluorescence enzyme substrate (Gly-Asp-Asp-Asp-Asp-Lys-β-Naphtylamide, 25 μL) were mixed, and recombinant human enteropeptidase (R&D Systems, Inc., 25 μL) was added. Using a fluorescence plate reader fmax (Molecular Devices, Inc.), the reaction rate was measured from the time-course changes at excitation wavelength 320 nm and fluorescence wavelength 405 nm. The Ki value was calculated from the concentration of the test compound, reciprocal of reaction rate, and Km value of the enzyme substrate, and by using Dixon plot.";"B";"BAO_0000357";"single protein format";"Homo sapiens";"None";"None";"None";"None";"";"";"";"CHEMBL209";"Serine protease 1";"Homo sapiens";"SINGLE PROTEIN";"CHEMBL5725983";"37";"BindingDB Patent Bioactivity Data";"";"2017";"None";"";"";"";"0.96"
"CHEMBL3672884";"";"None";"447.49";"0";"2.50";"BDBM158144";"CC(C)(Cc1ccc(C(=O)Oc2ccc(C(=N)N)cc2F)s1)C(=O)N1CC(C(=O)O)C1";"Ki";"'='";"1.85";"nM";"8.73";"";"591978";"UO_0000065";"19.52";"0.38";"6.23";"6.53";"1";"CHEMBL5731810";"Inhibitory Activity Assay: Using a 96 well plate (#3915, Costar), a test compound (25 μL), 400 mM Tris-HCl buffer (pH 8.0, 25 μL) and 0.5 mg/mL fluorescence enzyme substrate (Gly-Asp-Asp-Asp-Asp-Lys-β-Naphtylamide, 25 μL) were mixed, and recombinant human enteropeptidase (R&D Systems, Inc., 25 μL) was added. Using a fluorescence plate reader fmax (Molecular Devices, Inc.), the reaction rate was measured from the time-course changes at excitation wavelength 320 nm and fluorescence wavelength 405 nm. The Ki value was calculated from the concentration of the test compound, reciprocal of reaction rate, and Km value of the enzyme substrate, and by using Dixon plot.";"B";"BAO_0000357";"single protein format";"Homo sapiens";"None";"None";"None";"None";"";"";"";"CHEMBL209";"Serine protease 1";"Homo sapiens";"SINGLE PROTEIN";"CHEMBL5725983";"37";"BindingDB Patent Bioactivity Data";"";"2017";"None";"";"";"";"1.85"
"CHEMBL3667882";"";"None";"451.48";"0";"1.52";"BDBM158076";"CC(C)(Cc1ccc(C(=O)Oc2ccc(C(=N)N)cc2F)s1)C(=O)N[C@@H](CO)C(=O)O";"Ki";"'='";"0.75";"nM";"9.12";"";"355622";"UO_0000065";"20.21";"0.40";"7.60";"5.60";"1";"CHEMBL3887805";"Trypsin Inhibition Assay: Using a 96 well plate (#3915, Costar), a test compound (25 uL) was mixed with 20 uM fluorescence enzyme substrate (Boc-Phe-Ser-Arg-AMC, 50 uL) mixed with 200 mM Tris-HCl buffer (pH 8.0), and human trypsin (Sigma, 25 uL) was added. Using a fluorescence plate reader fmax (Molecular Devices, Inc.), the reaction rate was measured from the time-course changes at excitation wavelength 355 nm and fluorescence wavelength 460 nm.";"B";"BAO_0000357";"single protein format";"Homo sapiens";"None";"None";"None";"None";"";"";"";"CHEMBL209";"Serine protease 1";"Homo sapiens";"SINGLE PROTEIN";"CHEMBL3886456";"37";"BindingDB Patent Bioactivity Data";"";"2016";"None";"";"";"";"0.75"
"CHEMBL155871";"";"None";"353.42";"0";"2.35";"19";"COC(=O)CC(CCc1ccc(C(N)=O)cc1)c1cccc(C(=N)N)c1";"Ki";"'='";"870.0";"nM";"6.06";"";"";"UO_0000065";"17.15";"0.32";"3.71";"5.08";"0";"CHEMBL811612";"In vitro inhibition of trypsin";"B";"BAO_0000357";"single protein format";"None";"None";"None";"None";"None";"";"";"";"CHEMBL209";"Serine protease 1";"Homo sapiens";"SINGLE PROTEIN";"CHEMBL1131205";"1";"Scientific Literature";"J Med Chem";"1998";"None";"";"";"";"870.0"
"CHEMBL263557";"";"None";"722.89";"1";"3.79";"28";"N=C(N)Nc1ccc(CNC(=O)N2CCN(C(=O)O[C@H]3CCC[C@@H](OC(=O)N4CCN(C(=O)CCCCCn5ccnc5)CC4)CCC3)CC2)cc1";"Ki";"'='";"171000.0";"nM";"";"Outside typical range";"";"UO_0000065";"";"";"";"";"0";"CHEMBL824723";"Compound was evaluated for its inhibitory potency against trypsin";"B";"BAO_0000357";"single protein format";"None";"None";"None";"None";"None";"";"";"";"CHEMBL209";"Serine protease 1";"Homo sapiens";"SINGLE PROTEIN";"CHEMBL1132784";"1";"Scientific Literature";"Bioorg Med Chem Lett";"2000";"None";"";"";"";"171.0"
"CHEMBL442201";"";"None";"386.50";"0";"4.22";"47a";"CC(C)C1NCCc2ccc(NC(=O)c3ccc4cc(C(=N)N)ccc4c3)cc21";"Ki";"'='";"43.0";"nM";"7.37";"";"";"UO_0000065";"19.06";"0.35";"3.15";"8.10";"0";"CHEMBL819934";"Binding affinity against porcine trypsin was determined.";"B";"BAO_0000357";"single protein format";"Sus scrofa";"None";"None";"None";"None";"";"";"";"CHEMBL209";"Serine protease 1";"Homo sapiens";"SINGLE PROTEIN";"CHEMBL1148377";"1";"Scientific Literature";"J Med Chem";"2004";"None";"";"";"";"43.0"
"CHEMBL2448529";"";"None";"1351.60";"None";"None";"3";"C[C@@H]1NC(=O)[C@@H]2CCCN2C(=O)[C@@H]2CCCN2C(=O)[C@@H]2CSCc3cc(cc(c3)CSC[C@@H](C(=O)NCC(=O)O)NC(=O)[C@H](Cc3ccc(O)cc3)NC1=O)CSC[C@H](NC(=O)CN)C(=O)NCC(=O)NCC(=O)N[C@@H](CCCNC(=N)N)C(=O)N1CCC[C@H]1C(=O)N2";"Ki";"'>'";"120000.0";"nM";"";"Outside typical range";"";"UO_0000065";"";"";"";"";"0";"CHEMBL2340209";"Inhibition of human trypsin using Z-Gly-Gly-Arg-AMC as substrate assessed as residual activity by fluorescence plate reader analysis";"B";"BAO_0000357";"single protein format";"Homo sapiens";"None";"None";"None";"None";"";"";"";"CHEMBL209";"Serine protease 1";"Homo sapiens";"SINGLE PROTEIN";"CHEMBL2331474";"1";"Scientific Literature";"J Med Chem";"2013";"None";"";"";"";"120.0"
"CHEMBL332870";"";"None";"548.61";"0";"3.23";"15 (diastereomer 2)";"NC1CCC(CNC(=O)[C@@H]2CCCN2C(=O)CC(c2ccccc2)c2ccccn2)CC1.O=C(O)C(F)(F)F";"Ki";"'='";"5000.0";"nM";"5.30";"";"";"UO_0000065";"12.20";"0.23";"2.07";"6.00";"0";"CHEMBL817812";"In vitro inhibition of human trypsin.";"B";"BAO_0000357";"single protein format";"None";"None";"None";"None";"None";"";"";"";"CHEMBL209";"Serine protease 1";"Homo sapiens";"SINGLE PROTEIN";"CHEMBL1130225";"1";"Scientific Literature";"J Med Chem";"1997";"None";"";"";"";"5000.0"
"CHEMBL319264";"";"None";"185.23";"0";"1.71";"24";"N=C(N)c1ccc2cccc(N)c2c1";"Ki";"'='";"200.0";"nM";"6.70";"";"";"UO_0000065";"36.17";"0.65";"4.99";"8.83";"0";"CHEMBL817133";"Binding affinity against trypsin";"B";"BAO_0000357";"single protein format";"None";"None";"None";"None";"None";"";"";"";"CHEMBL209";"Serine protease 1";"Homo sapiens";"SINGLE PROTEIN";"CHEMBL1146777";"1";"Scientific Literature";"Bioorg Med Chem Lett";"2004";"None";"";"";"";"0.2"
"CHEMBL3667901";"";"None";"511.60";"1";"2.86";"BDBM158095";"C=CCN(CCS(=O)(=O)O)C(=O)C(C)(C)Cc1ccc(C(=O)Oc2ccc(C(=N)N)cc2F)s1";"Ki";"'='";"3.17";"nM";"8.50";"";"591880";"UO_0000065";"16.61";"0.34";"5.64";"5.63";"1";"CHEMBL5731810";"Inhibitory Activity Assay: Using a 96 well plate (#3915, Costar), a test compound (25 μL), 400 mM Tris-HCl buffer (pH 8.0, 25 μL) and 0.5 mg/mL fluorescence enzyme substrate (Gly-Asp-Asp-Asp-Asp-Lys-β-Naphtylamide, 25 μL) were mixed, and recombinant human enteropeptidase (R&D Systems, Inc., 25 μL) was added. Using a fluorescence plate reader fmax (Molecular Devices, Inc.), the reaction rate was measured from the time-course changes at excitation wavelength 320 nm and fluorescence wavelength 405 nm. The Ki value was calculated from the concentration of the test compound, reciprocal of reaction rate, and Km value of the enzyme substrate, and by using Dixon plot.";"B";"BAO_0000357";"single protein format";"Homo sapiens";"None";"None";"None";"None";"";"";"";"CHEMBL209";"Serine protease 1";"Homo sapiens";"SINGLE PROTEIN";"CHEMBL5725983";"37";"BindingDB Patent Bioactivity Data";"";"2017";"None";"";"";"";"3.17"
"CHEMBL5858642";"";"None";"485.97";"0";"2.94";"BDBM308547";"CCC(CC)(Cc1ccc(C(=O)Oc2ccc(C(=N)N)cc2F)s1)C(=O)NCC(=O)O.Cl";"Ki";"'='";"1.42";"nM";"8.85";"";"592000";"UO_0000065";"19.68";"0.39";"5.91";"6.21";"0";"CHEMBL5731810";"Inhibitory Activity Assay: Using a 96 well plate (#3915, Costar), a test compound (25 μL), 400 mM Tris-HCl buffer (pH 8.0, 25 μL) and 0.5 mg/mL fluorescence enzyme substrate (Gly-Asp-Asp-Asp-Asp-Lys-β-Naphtylamide, 25 μL) were mixed, and recombinant human enteropeptidase (R&D Systems, Inc., 25 μL) was added. Using a fluorescence plate reader fmax (Molecular Devices, Inc.), the reaction rate was measured from the time-course changes at excitation wavelength 320 nm and fluorescence wavelength 405 nm. The Ki value was calculated from the concentration of the test compound, reciprocal of reaction rate, and Km value of the enzyme substrate, and by using Dixon plot.";"B";"BAO_0000357";"single protein format";"Homo sapiens";"None";"None";"None";"None";"";"";"";"CHEMBL209";"Serine protease 1";"Homo sapiens";"SINGLE PROTEIN";"CHEMBL5725983";"37";"BindingDB Patent Bioactivity Data";"";"2017";"None";"";"";"";"1.42"
"CHEMBL6024187";"";"None";"511.48";"1";"2.28";"BDBM387082";"COc1ccc(-n2nc(C(F)(F)F)c3c2C(=O)N(C2CCN(N4CCOCC4=O)CC2)CC3)cc1F";"Ki";"'>'";"1000.0";"nM";"";"";"772931";"UO_0000065";"";"";"";"";"0";"CHEMBL5733701";"In Vitro Assay: Trypsin: In the assay for measuring the inhibition of human trypsin activity buffer (50 mM Tris, pH 8.2, and 20 mM CaCl2) is used. The IC50 is measured by selecting the appropriate wells of a Greiner 384 microtiter plate. 50 μL the assay buffer containing human trypsin (Sigma; T6424), of which the final concentration is 0.39 BAEE units/ml; 2 μL the assay buffer containing 2% (V/V) DMSO (uninhibited control) or various concentrations of the compounds to be tested diluted in the assay buffer containing 2% (V/V) DMSO; and the assay buffer containing substrate S-2222 (Chromogenix). The assay is performed by pre-incubating the tested compounds with enzyme for 10 minutes. Then the assay is initiated by adding 48 μL substrate to obtain a final volume of 100 μL.";"B";"BAO_0000357";"single protein format";"Homo sapiens";"None";"None";"None";"None";"";"";"";"CHEMBL209";"Serine protease 1";"Homo sapiens";"SINGLE PROTEIN";"CHEMBL5726935";"37";"BindingDB Patent Bioactivity Data";"";"2018";"None";"";"";"";"1000.0"
"CHEMBL5775818";"";"None";"531.51";"1";"3.42";"BDBM387083";"O=C1c2c(c(C(F)(F)F)nn2-c2cc3ccccc3cc2F)CCN1C1CCN(N2CCOCC2=O)CC1";"Ki";"'>'";"1000.0";"nM";"";"";"772936";"UO_0000065";"";"";"";"";"0";"CHEMBL5733701";"In Vitro Assay: Trypsin: In the assay for measuring the inhibition of human trypsin activity buffer (50 mM Tris, pH 8.2, and 20 mM CaCl2) is used. The IC50 is measured by selecting the appropriate wells of a Greiner 384 microtiter plate. 50 μL the assay buffer containing human trypsin (Sigma; T6424), of which the final concentration is 0.39 BAEE units/ml; 2 μL the assay buffer containing 2% (V/V) DMSO (uninhibited control) or various concentrations of the compounds to be tested diluted in the assay buffer containing 2% (V/V) DMSO; and the assay buffer containing substrate S-2222 (Chromogenix). The assay is performed by pre-incubating the tested compounds with enzyme for 10 minutes. Then the assay is initiated by adding 48 μL substrate to obtain a final volume of 100 μL.";"B";"BAO_0000357";"single protein format";"Homo sapiens";"None";"None";"None";"None";"";"";"";"CHEMBL209";"Serine protease 1";"Homo sapiens";"SINGLE PROTEIN";"CHEMBL5726935";"37";"BindingDB Patent Bioactivity Data";"";"2018";"None";"";"";"";"1000.0"
"CHEMBL6013950";"";"None";"506.49";"1";"1.23";"BDBM387085";"NC(=O)c1cccc(-n2nc(C(F)(F)F)c3c2C(=O)N(C2CCN(N4CCOCC4=O)CC2)CC3)c1";"Ki";"'>'";"1000.0";"nM";"";"";"772942";"UO_0000065";"";"";"";"";"0";"CHEMBL5733701";"In Vitro Assay: Trypsin: In the assay for measuring the inhibition of human trypsin activity buffer (50 mM Tris, pH 8.2, and 20 mM CaCl2) is used. The IC50 is measured by selecting the appropriate wells of a Greiner 384 microtiter plate. 50 μL the assay buffer containing human trypsin (Sigma; T6424), of which the final concentration is 0.39 BAEE units/ml; 2 μL the assay buffer containing 2% (V/V) DMSO (uninhibited control) or various concentrations of the compounds to be tested diluted in the assay buffer containing 2% (V/V) DMSO; and the assay buffer containing substrate S-2222 (Chromogenix). The assay is performed by pre-incubating the tested compounds with enzyme for 10 minutes. Then the assay is initiated by adding 48 μL substrate to obtain a final volume of 100 μL.";"B";"BAO_0000357";"single protein format";"Homo sapiens";"None";"None";"None";"None";"";"";"";"CHEMBL209";"Serine protease 1";"Homo sapiens";"SINGLE PROTEIN";"CHEMBL5726935";"37";"BindingDB Patent Bioactivity Data";"";"2018";"None";"";"";"";"1000.0"
"CHEMBL5958470";"";"None";"468.51";"0";"0.22";"BDBM387058";"COc1ccc(-n2nc(C(N)=O)c3c2C(=O)N(C2CCN(N4CCOCC4=O)CC2)CC3)cc1";"Ki";"'>'";"1000.0";"nM";"";"";"772875";"UO_0000065";"";"";"";"";"0";"CHEMBL5733701";"In Vitro Assay: Trypsin: In the assay for measuring the inhibition of human trypsin activity buffer (50 mM Tris, pH 8.2, and 20 mM CaCl2) is used. The IC50 is measured by selecting the appropriate wells of a Greiner 384 microtiter plate. 50 μL the assay buffer containing human trypsin (Sigma; T6424), of which the final concentration is 0.39 BAEE units/ml; 2 μL the assay buffer containing 2% (V/V) DMSO (uninhibited control) or various concentrations of the compounds to be tested diluted in the assay buffer containing 2% (V/V) DMSO; and the assay buffer containing substrate S-2222 (Chromogenix). The assay is performed by pre-incubating the tested compounds with enzyme for 10 minutes. Then the assay is initiated by adding 48 μL substrate to obtain a final volume of 100 μL.";"B";"BAO_0000357";"single protein format";"Homo sapiens";"None";"None";"None";"None";"";"";"";"CHEMBL209";"Serine protease 1";"Homo sapiens";"SINGLE PROTEIN";"CHEMBL5726935";"37";"BindingDB Patent Bioactivity Data";"";"2018";"None";"";"";"";"1000.0"
"CHEMBL2047998";"";"None";"294.34";"0";"0.77";"2";"CCOC(=O)Cn1/c(=N\C(=N)N)sc2cc(O)ccc21";"Ki";"'='";"198000.0";"nM";"";"Outside typical range";"";"UO_0000065";"";"";"";"";"0";"CHEMBL2051531";"Inhibition of human recombinant trypsin 1 using tosyl-GPR-pNA substrate by spectrophotometry";"B";"BAO_0000357";"single protein format";"Homo sapiens";"None";"None";"None";"None";"";"";"";"CHEMBL209";"Serine protease 1";"Homo sapiens";"SINGLE PROTEIN";"CHEMBL2046377";"1";"Scientific Literature";"Bioorg Med Chem Lett";"2012";"None";"";"";"";"198.0"
"CHEMBL5877639";"";"None";"522.48";"1";"1.11";"BDBM387064";"NC(=O)c1nn(-c2ccc(OC(F)(F)F)cc2)c2c1CCN(C1CCN(N3CCOCC3=O)CC1)C2=O";"Ki";"'>'";"1000.0";"nM";"";"";"772888";"UO_0000065";"";"";"";"";"0";"CHEMBL5733701";"In Vitro Assay: Trypsin: In the assay for measuring the inhibition of human trypsin activity buffer (50 mM Tris, pH 8.2, and 20 mM CaCl2) is used. The IC50 is measured by selecting the appropriate wells of a Greiner 384 microtiter plate. 50 μL the assay buffer containing human trypsin (Sigma; T6424), of which the final concentration is 0.39 BAEE units/ml; 2 μL the assay buffer containing 2% (V/V) DMSO (uninhibited control) or various concentrations of the compounds to be tested diluted in the assay buffer containing 2% (V/V) DMSO; and the assay buffer containing substrate S-2222 (Chromogenix). The assay is performed by pre-incubating the tested compounds with enzyme for 10 minutes. Then the assay is initiated by adding 48 μL substrate to obtain a final volume of 100 μL.";"B";"BAO_0000357";"single protein format";"Homo sapiens";"None";"None";"None";"None";"";"";"";"CHEMBL209";"Serine protease 1";"Homo sapiens";"SINGLE PROTEIN";"CHEMBL5726935";"37";"BindingDB Patent Bioactivity Data";"";"2018";"None";"";"";"";"1000.0"
"CHEMBL3667895";"";"None";"489.57";"0";"3.81";"BDBM158089";"CCC(CC)(Cc1ccc(C(=O)Oc2ccc(C(=N)N)cc2F)s1)C(=O)N1CCC[C@H]1C(=O)O";"Ki";"'='";"6.38";"nM";"8.20";"";"355635";"UO_0000065";"16.74";"0.33";"4.39";"6.13";"1";"CHEMBL3887805";"Trypsin Inhibition Assay: Using a 96 well plate (#3915, Costar), a test compound (25 uL) was mixed with 20 uM fluorescence enzyme substrate (Boc-Phe-Ser-Arg-AMC, 50 uL) mixed with 200 mM Tris-HCl buffer (pH 8.0), and human trypsin (Sigma, 25 uL) was added. Using a fluorescence plate reader fmax (Molecular Devices, Inc.), the reaction rate was measured from the time-course changes at excitation wavelength 355 nm and fluorescence wavelength 460 nm.";"B";"BAO_0000357";"single protein format";"Homo sapiens";"None";"None";"None";"None";"";"";"";"CHEMBL209";"Serine protease 1";"Homo sapiens";"SINGLE PROTEIN";"CHEMBL3886456";"37";"BindingDB Patent Bioactivity Data";"";"2016";"None";"";"";"";"6.38"
"CHEMBL5923977";"";"None";"519.48";"1";"1.85";"BDBM387080";"Nc1noc2ccc(-n3nc(C(F)(F)F)c4c3C(=O)N(C3CCN(N5CCOCC5=O)CC3)CC4)cc12";"Ki";"'>'";"1000.0";"nM";"";"";"772925";"UO_0000065";"";"";"";"";"0";"CHEMBL5733701";"In Vitro Assay: Trypsin: In the assay for measuring the inhibition of human trypsin activity buffer (50 mM Tris, pH 8.2, and 20 mM CaCl2) is used. The IC50 is measured by selecting the appropriate wells of a Greiner 384 microtiter plate. 50 μL the assay buffer containing human trypsin (Sigma; T6424), of which the final concentration is 0.39 BAEE units/ml; 2 μL the assay buffer containing 2% (V/V) DMSO (uninhibited control) or various concentrations of the compounds to be tested diluted in the assay buffer containing 2% (V/V) DMSO; and the assay buffer containing substrate S-2222 (Chromogenix). The assay is performed by pre-incubating the tested compounds with enzyme for 10 minutes. Then the assay is initiated by adding 48 μL substrate to obtain a final volume of 100 μL.";"B";"BAO_0000357";"single protein format";"Homo sapiens";"None";"None";"None";"None";"";"";"";"CHEMBL209";"Serine protease 1";"Homo sapiens";"SINGLE PROTEIN";"CHEMBL5726935";"37";"BindingDB Patent Bioactivity Data";"";"2018";"None";"";"";"";"1000.0"
"CHEMBL36960";"";"None";"481.58";"0";"3.24";"6a";"N/C(=N\O)c1ccc(CN(NS(=O)(=O)c2ccc3ccccc3c2)C(=O)N2CCCCC2)cc1";"Ki";"'>'";"68000.0";"nM";"";"";"";"UO_0000065";"";"";"";"";"0";"CHEMBL815009";"In vitro inhibition of trypsin";"B";"BAO_0000357";"single protein format";"None";"None";"None";"None";"None";"";"";"";"CHEMBL209";"Serine protease 1";"Homo sapiens";"SINGLE PROTEIN";"CHEMBL1137966";"1";"Scientific Literature";"Bioorg Med Chem Lett";"2004";"None";"";"";"";"68.0"
"CHEMBL172147";"";"None";"382.47";"0";"3.81";"7d";"N=C(N)c1cccc(CNc2ccc3ccn(-c4cccc(C(=N)N)c4)c3c2)c1";"Ki";"'='";"410.0";"nM";"6.39";"";"";"UO_0000065";"16.70";"0.30";"2.58";"5.47";"0";"CHEMBL815755";"In vitro inhibition of bovine trypsin.";"B";"BAO_0000357";"single protein format";"None";"None";"None";"None";"None";"";"";"";"CHEMBL209";"Serine protease 1";"Homo sapiens";"SINGLE PROTEIN";"CHEMBL1133499";"1";"Scientific Literature";"Bioorg Med Chem Lett";"2000";"None";"";"";"";"410.0"
"CHEMBL431675";"";"None";"548.61";"0";"3.23";"19 (diastereomer 2)";"NC1CCC(CNC(=O)[C@@H]2CCCN2C(=O)CC(c2ccccc2)c2ccncc2)CC1.O=C(O)C(F)(F)F";"Ki";"'='";"2200.0";"nM";"5.66";"";"";"UO_0000065";"13.02";"0.24";"2.43";"6.41";"0";"CHEMBL817812";"In vitro inhibition of human trypsin.";"B";"BAO_0000357";"single protein format";"None";"None";"None";"None";"None";"";"";"";"CHEMBL209";"Serine protease 1";"Homo sapiens";"SINGLE PROTEIN";"CHEMBL1130225";"1";"Scientific Literature";"J Med Chem";"1997";"None";"";"";"";"2.2"
"CHEMBL3667890";"";"None";"479.53";"0";"2.30";"BDBM158084";"CCC(CC)(Cc1ccc(C(=O)Oc2ccc(C(=N)N)cc2F)s1)C(=O)N[C@H](CO)C(=O)O";"Ki";"'='";"1.78";"nM";"8.75";"";"355630";"UO_0000065";"18.25";"0.36";"6.45";"5.37";"0";"CHEMBL3887805";"Trypsin Inhibition Assay: Using a 96 well plate (#3915, Costar), a test compound (25 uL) was mixed with 20 uM fluorescence enzyme substrate (Boc-Phe-Ser-Arg-AMC, 50 uL) mixed with 200 mM Tris-HCl buffer (pH 8.0), and human trypsin (Sigma, 25 uL) was added. Using a fluorescence plate reader fmax (Molecular Devices, Inc.), the reaction rate was measured from the time-course changes at excitation wavelength 355 nm and fluorescence wavelength 460 nm.";"B";"BAO_0000357";"single protein format";"Homo sapiens";"None";"None";"None";"None";"";"";"";"CHEMBL209";"Serine protease 1";"Homo sapiens";"SINGLE PROTEIN";"CHEMBL3886456";"37";"BindingDB Patent Bioactivity Data";"";"2016";"None";"";"";"";"1.78"
"CHEMBL3667913";"";"None";"503.60";"1";"4.11";"BDBM158107";"CC(C)(Cc1ccc(C(=O)Oc2ccc(C(=N)N)cc2F)s1)C(=O)N[C@H](C(=O)O)C1CCCCC1";"Ki";"'='";"3.04";"nM";"8.52";"";"355653";"UO_0000065";"16.91";"0.33";"4.41";"5.97";"1";"CHEMBL3887805";"Trypsin Inhibition Assay: Using a 96 well plate (#3915, Costar), a test compound (25 uL) was mixed with 20 uM fluorescence enzyme substrate (Boc-Phe-Ser-Arg-AMC, 50 uL) mixed with 200 mM Tris-HCl buffer (pH 8.0), and human trypsin (Sigma, 25 uL) was added. Using a fluorescence plate reader fmax (Molecular Devices, Inc.), the reaction rate was measured from the time-course changes at excitation wavelength 355 nm and fluorescence wavelength 460 nm.";"B";"BAO_0000357";"single protein format";"Homo sapiens";"None";"None";"None";"None";"";"";"";"CHEMBL209";"Serine protease 1";"Homo sapiens";"SINGLE PROTEIN";"CHEMBL3886456";"37";"BindingDB Patent Bioactivity Data";"";"2016";"None";"";"";"";"3.04"
"CHEMBL3667914";"";"None";"503.60";"1";"4.11";"BDBM158108";"CC(C)(Cc1ccc(C(=O)Oc2ccc(C(=N)N)cc2F)s1)C(=O)N[C@@H](C(=O)O)C1CCCCC1";"Ki";"'='";"3.07";"nM";"8.51";"";"355654";"UO_0000065";"16.90";"0.33";"4.40";"5.97";"1";"CHEMBL3887805";"Trypsin Inhibition Assay: Using a 96 well plate (#3915, Costar), a test compound (25 uL) was mixed with 20 uM fluorescence enzyme substrate (Boc-Phe-Ser-Arg-AMC, 50 uL) mixed with 200 mM Tris-HCl buffer (pH 8.0), and human trypsin (Sigma, 25 uL) was added. Using a fluorescence plate reader fmax (Molecular Devices, Inc.), the reaction rate was measured from the time-course changes at excitation wavelength 355 nm and fluorescence wavelength 460 nm.";"B";"BAO_0000357";"single protein format";"Homo sapiens";"None";"None";"None";"None";"";"";"";"CHEMBL209";"Serine protease 1";"Homo sapiens";"SINGLE PROTEIN";"CHEMBL3886456";"37";"BindingDB Patent Bioactivity Data";"";"2016";"None";"";"";"";"3.07"
"CHEMBL3672853";"";"None";"456.50";"0";"3.29";"BDBM158112";"CC(C)(Cc1ccc(C(=O)Oc2ccc(C(=N)N)cc2F)s1)C(=O)Nc1ccc[nH]c1=O";"Ki";"'='";"4.54";"nM";"8.34";"";"355658";"UO_0000065";"18.28";"0.36";"5.05";"6.04";"1";"CHEMBL3887805";"Trypsin Inhibition Assay: Using a 96 well plate (#3915, Costar), a test compound (25 uL) was mixed with 20 uM fluorescence enzyme substrate (Boc-Phe-Ser-Arg-AMC, 50 uL) mixed with 200 mM Tris-HCl buffer (pH 8.0), and human trypsin (Sigma, 25 uL) was added. Using a fluorescence plate reader fmax (Molecular Devices, Inc.), the reaction rate was measured from the time-course changes at excitation wavelength 355 nm and fluorescence wavelength 460 nm.";"B";"BAO_0000357";"single protein format";"Homo sapiens";"None";"None";"None";"None";"";"";"";"CHEMBL209";"Serine protease 1";"Homo sapiens";"SINGLE PROTEIN";"CHEMBL3886456";"37";"BindingDB Patent Bioactivity Data";"";"2016";"None";"";"";"";"4.54"
"CHEMBL3672857";"";"None";"506.56";"1";"2.18";"BDBM158116";"CCC(CC)(Cc1ccc(C(=O)Oc2ccc(C(=N)N)cc2F)s1)C(=O)N[C@@H](CC(N)=O)C(=O)O";"Ki";"'='";"1.69";"nM";"8.77";"";"355662";"UO_0000065";"17.32";"0.34";"6.59";"4.72";"1";"CHEMBL3887805";"Trypsin Inhibition Assay: Using a 96 well plate (#3915, Costar), a test compound (25 uL) was mixed with 20 uM fluorescence enzyme substrate (Boc-Phe-Ser-Arg-AMC, 50 uL) mixed with 200 mM Tris-HCl buffer (pH 8.0), and human trypsin (Sigma, 25 uL) was added. Using a fluorescence plate reader fmax (Molecular Devices, Inc.), the reaction rate was measured from the time-course changes at excitation wavelength 355 nm and fluorescence wavelength 460 nm.";"B";"BAO_0000357";"single protein format";"Homo sapiens";"None";"None";"None";"None";"";"";"";"CHEMBL209";"Serine protease 1";"Homo sapiens";"SINGLE PROTEIN";"CHEMBL3886456";"37";"BindingDB Patent Bioactivity Data";"";"2016";"None";"";"";"";"1.69"
"CHEMBL3672864";"";"None";"470.53";"0";"4.00";"BDBM158123";"COc1ncccc1NC(=O)C(C)(C)Cc1ccc(C(=O)Oc2ccc(C(=N)N)cc2F)s1";"Ki";"'='";"1.87";"nM";"8.73";"";"355669";"UO_0000065";"18.55";"0.36";"4.73";"6.85";"1";"CHEMBL3887805";"Trypsin Inhibition Assay: Using a 96 well plate (#3915, Costar), a test compound (25 uL) was mixed with 20 uM fluorescence enzyme substrate (Boc-Phe-Ser-Arg-AMC, 50 uL) mixed with 200 mM Tris-HCl buffer (pH 8.0), and human trypsin (Sigma, 25 uL) was added. Using a fluorescence plate reader fmax (Molecular Devices, Inc.), the reaction rate was measured from the time-course changes at excitation wavelength 355 nm and fluorescence wavelength 460 nm.";"B";"BAO_0000357";"single protein format";"Homo sapiens";"None";"None";"None";"None";"";"";"";"CHEMBL209";"Serine protease 1";"Homo sapiens";"SINGLE PROTEIN";"CHEMBL3886456";"37";"BindingDB Patent Bioactivity Data";"";"2016";"None";"";"";"";"1.87"
"CHEMBL3639717";"";"None";"491.59";"0";"4.11";"BDBM158134";"CCC(CC)(Cc1ccc(C(=O)Oc2ccc(C(=N)N)cc2F)s1)C(=O)NCCCCC(=O)O";"Ki";"'='";"5.17";"nM";"8.29";"";"355680";"UO_0000065";"16.86";"0.33";"4.18";"5.81";"1";"CHEMBL3887805";"Trypsin Inhibition Assay: Using a 96 well plate (#3915, Costar), a test compound (25 uL) was mixed with 20 uM fluorescence enzyme substrate (Boc-Phe-Ser-Arg-AMC, 50 uL) mixed with 200 mM Tris-HCl buffer (pH 8.0), and human trypsin (Sigma, 25 uL) was added. Using a fluorescence plate reader fmax (Molecular Devices, Inc.), the reaction rate was measured from the time-course changes at excitation wavelength 355 nm and fluorescence wavelength 460 nm.";"B";"BAO_0000357";"single protein format";"Homo sapiens";"None";"None";"None";"None";"";"";"";"CHEMBL209";"Serine protease 1";"Homo sapiens";"SINGLE PROTEIN";"CHEMBL3886456";"37";"BindingDB Patent Bioactivity Data";"";"2016";"None";"";"";"";"5.17"
"CHEMBL3920800";"";"None";"449.50";"0";"2.94";"BDBM199973";"CCC(CC)(Cc1ccc(C(=O)Oc2ccc(C(=N)N)cc2F)s1)C(=O)NCC(=O)O";"Ki";"'='";"1.42";"nM";"8.85";"";"355701";"UO_0000065";"19.68";"0.39";"5.91";"6.21";"0";"CHEMBL3887805";"Trypsin Inhibition Assay: Using a 96 well plate (#3915, Costar), a test compound (25 uL) was mixed with 20 uM fluorescence enzyme substrate (Boc-Phe-Ser-Arg-AMC, 50 uL) mixed with 200 mM Tris-HCl buffer (pH 8.0), and human trypsin (Sigma, 25 uL) was added. Using a fluorescence plate reader fmax (Molecular Devices, Inc.), the reaction rate was measured from the time-course changes at excitation wavelength 355 nm and fluorescence wavelength 460 nm.";"B";"BAO_0000357";"single protein format";"Homo sapiens";"None";"None";"None";"None";"";"";"";"CHEMBL209";"Serine protease 1";"Homo sapiens";"SINGLE PROTEIN";"CHEMBL3886456";"37";"BindingDB Patent Bioactivity Data";"";"2016";"None";"";"";"";"1.42"
"CHEMBL3893916";"";"None";"547.63";"1";"4.62";"BDBM199979";"CCC(CC)(Cc1ccc(C(=O)Oc2ccc(C(=N)N)cc2F)s1)C(=O)Nc1cccc(S(=O)(=O)O)c1";"Ki";"'='";"1.17";"nM";"8.93";"";"355707";"UO_0000065";"16.31";"0.33";"4.31";"5.59";"0";"CHEMBL3887805";"Trypsin Inhibition Assay: Using a 96 well plate (#3915, Costar), a test compound (25 uL) was mixed with 20 uM fluorescence enzyme substrate (Boc-Phe-Ser-Arg-AMC, 50 uL) mixed with 200 mM Tris-HCl buffer (pH 8.0), and human trypsin (Sigma, 25 uL) was added. Using a fluorescence plate reader fmax (Molecular Devices, Inc.), the reaction rate was measured from the time-course changes at excitation wavelength 355 nm and fluorescence wavelength 460 nm.";"B";"BAO_0000357";"single protein format";"Homo sapiens";"None";"None";"None";"None";"";"";"";"CHEMBL209";"Serine protease 1";"Homo sapiens";"SINGLE PROTEIN";"CHEMBL3886456";"37";"BindingDB Patent Bioactivity Data";"";"2016";"None";"";"";"";"1.17"
"CHEMBL6006753";"";"None";"499.99";"0";"3.28";"BDBM308242";"CCCN(CC(=O)O)C(=O)C(C)(C)Cc1ccc(C(=O)Oc2ccc(C(=N)N)cc2F)s1.Cl";"Ki";"'='";"1.5";"nM";"8.82";"";"591854";"UO_0000065";"19.04";"0.38";"5.54";"6.60";"0";"CHEMBL5731810";"Inhibitory Activity Assay: Using a 96 well plate (#3915, Costar), a test compound (25 μL), 400 mM Tris-HCl buffer (pH 8.0, 25 μL) and 0.5 mg/mL fluorescence enzyme substrate (Gly-Asp-Asp-Asp-Asp-Lys-β-Naphtylamide, 25 μL) were mixed, and recombinant human enteropeptidase (R&D Systems, Inc., 25 μL) was added. Using a fluorescence plate reader fmax (Molecular Devices, Inc.), the reaction rate was measured from the time-course changes at excitation wavelength 320 nm and fluorescence wavelength 405 nm. The Ki value was calculated from the concentration of the test compound, reciprocal of reaction rate, and Km value of the enzyme substrate, and by using Dixon plot.";"B";"BAO_0000357";"single protein format";"Homo sapiens";"None";"None";"None";"None";"";"";"";"CHEMBL209";"Serine protease 1";"Homo sapiens";"SINGLE PROTEIN";"CHEMBL5725983";"37";"BindingDB Patent Bioactivity Data";"";"2017";"None";"";"";"";"1.5"
"CHEMBL5765374";"";"None";"515.99";"0";"2.30";"BDBM308248";"CCC(CC)(Cc1ccc(C(=O)Oc2ccc(C(=N)N)cc2F)s1)C(=O)N[C@H](CO)C(=O)O.Cl";"Ki";"'='";"1.78";"nM";"8.75";"";"591858";"UO_0000065";"18.25";"0.36";"6.45";"5.37";"0";"CHEMBL5731810";"Inhibitory Activity Assay: Using a 96 well plate (#3915, Costar), a test compound (25 μL), 400 mM Tris-HCl buffer (pH 8.0, 25 μL) and 0.5 mg/mL fluorescence enzyme substrate (Gly-Asp-Asp-Asp-Asp-Lys-β-Naphtylamide, 25 μL) were mixed, and recombinant human enteropeptidase (R&D Systems, Inc., 25 μL) was added. Using a fluorescence plate reader fmax (Molecular Devices, Inc.), the reaction rate was measured from the time-course changes at excitation wavelength 320 nm and fluorescence wavelength 405 nm. The Ki value was calculated from the concentration of the test compound, reciprocal of reaction rate, and Km value of the enzyme substrate, and by using Dixon plot.";"B";"BAO_0000357";"single protein format";"Homo sapiens";"None";"None";"None";"None";"";"";"";"CHEMBL209";"Serine protease 1";"Homo sapiens";"SINGLE PROTEIN";"CHEMBL5725983";"37";"BindingDB Patent Bioactivity Data";"";"2017";"None";"";"";"";"1.78"
"CHEMBL6014166";"";"None";"530.02";"0";"2.69";"BDBM308321";"CCC(CC)(Cc1ccc(C(=O)Oc2ccc(C(=N)N)cc2F)s1)C(=O)N[C@H](C(=O)O)C(C)O.Cl";"Ki";"'='";"1.74";"nM";"8.76";"";"591864";"UO_0000065";"17.75";"0.35";"6.07";"5.38";"0";"CHEMBL5731810";"Inhibitory Activity Assay: Using a 96 well plate (#3915, Costar), a test compound (25 μL), 400 mM Tris-HCl buffer (pH 8.0, 25 μL) and 0.5 mg/mL fluorescence enzyme substrate (Gly-Asp-Asp-Asp-Asp-Lys-β-Naphtylamide, 25 μL) were mixed, and recombinant human enteropeptidase (R&D Systems, Inc., 25 μL) was added. Using a fluorescence plate reader fmax (Molecular Devices, Inc.), the reaction rate was measured from the time-course changes at excitation wavelength 320 nm and fluorescence wavelength 405 nm. The Ki value was calculated from the concentration of the test compound, reciprocal of reaction rate, and Km value of the enzyme substrate, and by using Dixon plot.";"B";"BAO_0000357";"single protein format";"Homo sapiens";"None";"None";"None";"None";"";"";"";"CHEMBL209";"Serine protease 1";"Homo sapiens";"SINGLE PROTEIN";"CHEMBL5725983";"37";"BindingDB Patent Bioactivity Data";"";"2017";"None";"";"";"";"1.74"
"CHEMBL4110371";"";"None";"506.51";"1";"1.40";"BDBM234248";"N=C(N)c1ccc(OC(=O)c2ccc(CN3CCC[C@@H]3C(=O)N[C@H](CC(=O)O)C(=O)O)s2)c(F)c1";"Ki";"'='";"0.52";"nM";"9.28";"";"408290";"UO_0000065";"18.33";"0.36";"7.88";"5.07";"0";"CHEMBL3888548";"Inhibition Assay: Using a 96 well plate (#3915, Costar), a test compound (25 μL), 400 mM Tris-HCl buffer (pH 8.0, 25 μL) and 0.5 mg/mL fluorescence enzyme substrate (Gly-Asp-Asp-Asp-Asp-Lys-β-Naphtylamide, 25 μL) were mixed, and recombinant human enteropeptidase (R&D Systems, Inc., 25 μL) was added. Using a fluorescence plate reader fmax (Molecular Devices, Inc.), the reaction rate was measured from the time-course changes at excitation wavelength 320 nm and fluorescence wavelength 405 nm. The Ki value was calculated from the concentration of the test compound, reciprocal of reaction rate, and Km value of the enzyme substrate, and by using Dixon plot.";"B";"BAO_0000357";"single protein format";"Homo sapiens";"None";"None";"None";"None";"";"";"";"CHEMBL209";"Serine protease 1";"Homo sapiens";"SINGLE PROTEIN";"CHEMBL3886757";"37";"BindingDB Patent Bioactivity Data";"";"2016";"None";"";"";"";"0.52"
"CHEMBL3920627";"";"None";"466.45";"0";"1.46";"BDBM234264";"CN(Cc1ccc(C(=O)Oc2ccc(C(=N)N)cc2F)s1)C(=O)N[C@@H](CC(=O)O)C(=O)O";"Ki";"'='";"0.87";"nM";"9.06";"";"408306";"UO_0000065";"19.42";"0.39";"7.60";"4.95";"0";"CHEMBL3888548";"Inhibition Assay: Using a 96 well plate (#3915, Costar), a test compound (25 μL), 400 mM Tris-HCl buffer (pH 8.0, 25 μL) and 0.5 mg/mL fluorescence enzyme substrate (Gly-Asp-Asp-Asp-Asp-Lys-β-Naphtylamide, 25 μL) were mixed, and recombinant human enteropeptidase (R&D Systems, Inc., 25 μL) was added. Using a fluorescence plate reader fmax (Molecular Devices, Inc.), the reaction rate was measured from the time-course changes at excitation wavelength 320 nm and fluorescence wavelength 405 nm. The Ki value was calculated from the concentration of the test compound, reciprocal of reaction rate, and Km value of the enzyme substrate, and by using Dixon plot.";"B";"BAO_0000357";"single protein format";"Homo sapiens";"None";"None";"None";"None";"";"";"";"CHEMBL209";"Serine protease 1";"Homo sapiens";"SINGLE PROTEIN";"CHEMBL3886757";"37";"BindingDB Patent Bioactivity Data";"";"2016";"None";"";"";"";"0.87"
"CHEMBL103043";"";"None";"263.30";"0";"2.66";"2";"N=C(N)c1ccc2cccc(Nc3ncccn3)c2c1";"Ki";"'='";"1700.0";"nM";"5.77";"";"";"UO_0000065";"21.91";"0.39";"3.11";"6.58";"0";"CHEMBL817133";"Binding affinity against trypsin";"B";"BAO_0000357";"single protein format";"None";"None";"None";"None";"None";"";"";"";"CHEMBL209";"Serine protease 1";"Homo sapiens";"SINGLE PROTEIN";"CHEMBL1146777";"1";"Scientific Literature";"Bioorg Med Chem Lett";"2004";"None";"";"";"";"1.7"
"CHEMBL3667899";"";"None";"463.53";"0";"3.28";"BDBM158093";"CCC(CC)(Cc1ccc(C(=O)Oc2ccc(C(=N)N)cc2F)s1)C(=O)N(C)CC(=O)O";"Ki";"'='";"1.76";"nM";"8.75";"";"300454";"UO_0000065";"18.89";"0.37";"5.47";"6.54";"0";"CHEMBL3705369";"Inhibition Assay: Using a 96 well plate (#3915, Costar), a test compound (25 μL) was mixed with 20 μM fluorescence enzyme substrate (Boc-Phe-Ser-Arg-AMC, 50 μL) mixed with 200 mM Tris-HCl buffer (pH 8.0), and human trypsin (Sigma, 25 μL) was added. Using a fluorescence plate reader fmax (Molecular Devices, Inc.), the reaction rate was measured from the time-course changes at excitation wavelength 355 nm and fluorescence wavelength 460 nm.";"B";"BAO_0000357";"single protein format";"Homo sapiens";"None";"None";"None";"None";"";"";"";"CHEMBL209";"Serine protease 1";"Homo sapiens";"SINGLE PROTEIN";"CHEMBL3639122";"37";"BindingDB Patent Bioactivity Data";"";"2015";"None";"";"";"";"1.76"
"CHEMBL3672855";"";"None";"520.58";"1";"2.57";"BDBM158114";"CCC(CC)(Cc1ccc(C(=O)Oc2ccc(C(=N)N)cc2F)s1)C(=O)N[C@@H](CCC(N)=O)C(=O)O";"Ki";"'='";"3.88";"nM";"8.41";"";"300475";"UO_0000065";"16.16";"0.32";"5.84";"4.53";"0";"CHEMBL3705369";"Inhibition Assay: Using a 96 well plate (#3915, Costar), a test compound (25 μL) was mixed with 20 μM fluorescence enzyme substrate (Boc-Phe-Ser-Arg-AMC, 50 μL) mixed with 200 mM Tris-HCl buffer (pH 8.0), and human trypsin (Sigma, 25 μL) was added. Using a fluorescence plate reader fmax (Molecular Devices, Inc.), the reaction rate was measured from the time-course changes at excitation wavelength 355 nm and fluorescence wavelength 460 nm.";"B";"BAO_0000357";"single protein format";"Homo sapiens";"None";"None";"None";"None";"";"";"";"CHEMBL209";"Serine protease 1";"Homo sapiens";"SINGLE PROTEIN";"CHEMBL3639122";"37";"BindingDB Patent Bioactivity Data";"";"2015";"None";"";"";"";"3.88"
"CHEMBL48610";"";"None";"472.59";"0";"3.64";"16";"CC[C@@H](NC(=O)c1ccc(-c2cccc(CN)c2)cc1)[C@@H](Cc1cccc(C(=N)N)c1)C(=O)OC";"Ki";"'='";"63.0";"nM";"7.20";"";"";"UO_0000065";"15.24";"0.28";"3.56";"5.48";"0";"CHEMBL817805";"In vitro inhibitory activity against human trypsin";"B";"BAO_0000357";"single protein format";"None";"None";"None";"None";"None";"";"";"";"CHEMBL209";"Serine protease 1";"Homo sapiens";"SINGLE PROTEIN";"CHEMBL1135154";"1";"Scientific Literature";"Bioorg Med Chem Lett";"2002";"None";"";"";"";"63.0"
"CHEMBL75624";"";"None";"674.93";"1";"3.98";"52";"O=C(CCCC1CCNCC1)N1CCN(C(=O)O[C@H]2CCC[C@@H](OC(=O)N3CCN(C(=O)CCCC4CCNCC4)CC3)CCC2)CC1";"Ki";"'>'";"1000000.0";"nM";"";"Outside typical range";"";"UO_0000065";"";"";"";"";"0";"CHEMBL824723";"Compound was evaluated for its inhibitory potency against trypsin";"B";"BAO_0000357";"single protein format";"None";"None";"None";"None";"None";"";"";"";"CHEMBL209";"Serine protease 1";"Homo sapiens";"SINGLE PROTEIN";"CHEMBL1132784";"1";"Scientific Literature";"Bioorg Med Chem Lett";"2000";"None";"";"";"";"1000.0"
"CHEMBL3642931";"";"None";"449.39";"0";"1.14";"BDBM109658";"CC(Cc1cc(C(=O)Oc2ccc(C(=N)N)cc2F)co1)C(=O)N[C@@H](CC(=O)O)C(=O)O";"Ki";"'='";"0.44";"nM";"9.36";"";"230137";"UO_0000065";"20.82";"0.40";"8.22";"4.85";"0";"CHEMBL3705715";"Inhibition Assay: Inhibition assay using human trysin.";"B";"BAO_0000357";"single protein format";"Homo sapiens";"None";"None";"None";"None";"";"";"";"CHEMBL209";"Serine protease 1";"Homo sapiens";"SINGLE PROTEIN";"CHEMBL3638962";"37";"BindingDB Patent Bioactivity Data";"";"2013";"None";"";"";"";"0.44"
"CHEMBL3642935";"";"None";"443.35";"0";"2.31";"BDBM109662";"N=C(N)c1ccc(OC(=O)c2ccc(-c3ccc(C(=O)NCP(=O)(O)O)cc3)o2)cc1";"Ki";"'='";"0.3";"nM";"9.52";"";"230141";"UO_0000065";"21.48";"0.42";"7.21";"5.41";"0";"CHEMBL3705715";"Inhibition Assay: Inhibition assay using human trysin.";"B";"BAO_0000357";"single protein format";"Homo sapiens";"None";"None";"None";"None";"";"";"";"CHEMBL209";"Serine protease 1";"Homo sapiens";"SINGLE PROTEIN";"CHEMBL3638962";"37";"BindingDB Patent Bioactivity Data";"";"2013";"None";"";"";"";"0.3"
"CHEMBL3642891";"";"None";"387.42";"0";"1.86";"BDBM109618";"C/C(=C\c1ccc(C(=O)Oc2ccc(C(=N)N)cc2)s1)C(=O)NCC(=O)O";"Ki";"'='";"6.34";"nM";"8.20";"";"230146";"UO_0000065";"21.16";"0.41";"6.34";"5.75";"0";"CHEMBL3705715";"Inhibition Assay: Inhibition assay using human trysin.";"B";"BAO_0000357";"single protein format";"Homo sapiens";"None";"None";"None";"None";"";"";"";"CHEMBL209";"Serine protease 1";"Homo sapiens";"SINGLE PROTEIN";"CHEMBL3638962";"37";"BindingDB Patent Bioactivity Data";"";"2013";"None";"";"";"";"6.34"
"CHEMBL3642893";"";"None";"332.38";"0";"2.51";"BDBM109620";"CC(Cc1ccc(C(=O)Oc2ccc(C(=N)N)cc2)s1)C(=O)O";"Ki";"'='";"7.19";"nM";"8.14";"";"230148";"UO_0000065";"24.50";"0.48";"5.63";"7.18";"0";"CHEMBL3705715";"Inhibition Assay: Inhibition assay using human trysin.";"B";"BAO_0000357";"single protein format";"Homo sapiens";"None";"None";"None";"None";"";"";"";"CHEMBL209";"Serine protease 1";"Homo sapiens";"SINGLE PROTEIN";"CHEMBL3638962";"37";"BindingDB Patent Bioactivity Data";"";"2013";"None";"";"";"";"7.19"
"CHEMBL3642941";"";"None";"465.46";"0";"1.61";"BDBM109668";"C[C@H](Cc1ccc(C(=O)Oc2ccc(C(=N)N)cc2F)s1)C(=O)N[C@@H](CC(=O)O)C(=O)O";"Ki";"'='";"0.19";"nM";"9.72";"";"230162";"UO_0000065";"20.89";"0.41";"8.11";"5.40";"0";"CHEMBL3705715";"Inhibition Assay: Inhibition assay using human trysin.";"B";"BAO_0000357";"single protein format";"Homo sapiens";"None";"None";"None";"None";"";"";"";"CHEMBL209";"Serine protease 1";"Homo sapiens";"SINGLE PROTEIN";"CHEMBL3638962";"37";"BindingDB Patent Bioactivity Data";"";"2013";"None";"";"";"";"0.19"
"CHEMBL3642958";"";"None";"443.39";"0";"1.82";"BDBM109685";"CC(Cc1ccc(C(=O)Oc2ccc(C(=N)N)cc2F)s1)C(=O)NCP(=O)(O)O";"Ki";"'='";"0.22";"nM";"9.66";"";"230179";"UO_0000065";"21.78";"0.45";"7.84";"5.93";"0";"CHEMBL3705715";"Inhibition Assay: Inhibition assay using human trysin.";"B";"BAO_0000357";"single protein format";"Homo sapiens";"None";"None";"None";"None";"";"";"";"CHEMBL209";"Serine protease 1";"Homo sapiens";"SINGLE PROTEIN";"CHEMBL3638962";"37";"BindingDB Patent Bioactivity Data";"";"2013";"None";"";"";"";"0.22"
"CHEMBL3642959";"";"None";"459.85";"0";"2.33";"BDBM109686";"CC(Cc1ccc(C(=O)Oc2ccc(C(=N)N)cc2Cl)s1)C(=O)NCP(=O)(O)O";"Ki";"'='";"0.49";"nM";"9.31";"";"230180";"UO_0000065";"20.25";"0.44";"6.98";"5.72";"0";"CHEMBL3705715";"Inhibition Assay: Inhibition assay using human trysin.";"B";"BAO_0000357";"single protein format";"Homo sapiens";"None";"None";"None";"None";"";"";"";"CHEMBL209";"Serine protease 1";"Homo sapiens";"SINGLE PROTEIN";"CHEMBL3638962";"37";"BindingDB Patent Bioactivity Data";"";"2013";"None";"";"";"";"0.49"
"CHEMBL3642975";"";"None";"487.52";"0";"2.64";"BDBM109702";"N=C(N)c1ccc(OC(=O)c2ccc(-c3ccc(C(=O)N[C@@H](CC(=O)O)C(=O)O)s3)s2)cc1";"Ki";"'='";"4.4";"nM";"8.36";"";"230196";"UO_0000065";"17.14";"0.35";"5.72";"4.65";"0";"CHEMBL3705715";"Inhibition Assay: Inhibition assay using human trysin.";"B";"BAO_0000357";"single protein format";"Homo sapiens";"None";"None";"None";"None";"";"";"";"CHEMBL209";"Serine protease 1";"Homo sapiens";"SINGLE PROTEIN";"CHEMBL3638962";"37";"BindingDB Patent Bioactivity Data";"";"2013";"None";"";"";"";"4.4"
"CHEMBL6003452";"";"None";"329.38";"0";"3.59";"BDBM113295";"COc1cc2nc(-c3ccccc3SC)oc(=O)c2cc1OC";"Ki";"'>'";"10000.0";"nM";"";"";"461973";"UO_0000065";"";"";"";"";"0";"CHEMBL5730557";"Trypsin Assay: Materials: Trypsin, 100 ug (Roche, sequence grade, Mw 23500), Substrate S-2288 (Chromogenics, cat. no. 820852). Trypsin activity was determined at 37° C. in 10 mM Na phosphate pH 7.2, 0.5 M NaCl, with final concentrations of 0.8 ug/ml (34 nM) of Trypsin, 1 mM substrate, 5% DMSO in the presence of 0 uM, 0.1 uM, 1.0 uM and 10 uM of inhibitor, in 96 well plates by measuring absorbance at 405 nm in a plate reader (Spectramax).";"B";"BAO_0000357";"single protein format";"Homo sapiens";"None";"None";"None";"None";"";"";"";"CHEMBL209";"Serine protease 1";"Homo sapiens";"SINGLE PROTEIN";"CHEMBL5725320";"37";"BindingDB Patent Bioactivity Data";"";"2017";"None";"";"";"";"10000.0"
"CHEMBL5774461";"";"None";"311.29";"0";"2.63";"BDBM113296";"COc1ccccc1-c1nc2cc3c(cc2c(=O)o1)OCCO3";"Ki";"'='";"1800.0";"nM";"5.75";"";"461980";"UO_0000065";"18.45";"0.34";"3.11";"8.12";"0";"CHEMBL5730557";"Trypsin Assay: Materials: Trypsin, 100 ug (Roche, sequence grade, Mw 23500), Substrate S-2288 (Chromogenics, cat. no. 820852). Trypsin activity was determined at 37° C. in 10 mM Na phosphate pH 7.2, 0.5 M NaCl, with final concentrations of 0.8 ug/ml (34 nM) of Trypsin, 1 mM substrate, 5% DMSO in the presence of 0 uM, 0.1 uM, 1.0 uM and 10 uM of inhibitor, in 96 well plates by measuring absorbance at 405 nm in a plate reader (Spectramax).";"B";"BAO_0000357";"single protein format";"Homo sapiens";"None";"None";"None";"None";"";"";"";"CHEMBL209";"Serine protease 1";"Homo sapiens";"SINGLE PROTEIN";"CHEMBL5725320";"37";"BindingDB Patent Bioactivity Data";"";"2017";"None";"";"";"";"1800.0"
"CHEMBL77074";"";"None";"707.84";"1";"2.33";"25";"N=C(N)Nc1ccc(CNC(=O)N2CCN(C(=O)O[C@H]3CCC[C@@H](OC(=O)N4CCN(C(=O)CCc5cnc(N)nc5)CC4)CCC3)CC2)cc1";"Ki";"'='";"165000.0";"nM";"";"Outside typical range";"";"UO_0000065";"";"";"";"";"0";"CHEMBL824723";"Compound was evaluated for its inhibitory potency against trypsin";"B";"BAO_0000357";"single protein format";"None";"None";"None";"None";"None";"";"";"";"CHEMBL209";"Serine protease 1";"Homo sapiens";"SINGLE PROTEIN";"CHEMBL1132784";"1";"Scientific Literature";"Bioorg Med Chem Lett";"2000";"None";"";"";"";"165.0"
"CHEMBL77326";"";"None";"759.01";"1";"4.20";"35";"CC(=N)N1CCC(CCNC(=O)N2CCN(C(=O)O[C@H]3CCC[C@@H](OC(=O)N4CCN(C(=O)NCCC5CCN(C(C)=N)CC5)CC4)CCC3)CC2)CC1";"Ki";"'>'";"1000000.0";"nM";"";"Outside typical range";"";"UO_0000065";"";"";"";"";"0";"CHEMBL824723";"Compound was evaluated for its inhibitory potency against trypsin";"B";"BAO_0000357";"single protein format";"None";"None";"None";"None";"None";"";"";"";"CHEMBL209";"Serine protease 1";"Homo sapiens";"SINGLE PROTEIN";"CHEMBL1132784";"1";"Scientific Literature";"Bioorg Med Chem Lett";"2000";"None";"";"";"";"1000.0"
"CHEMBL43463";"";"None";"634.78";"1";"4.41";"29";"O=C(NCc1ccccc1)N1CCN(C(=O)O[C@H]2CCC[C@@H](OC(=O)N3CCN(C(=O)NCc4ccccc4)CC3)CCC2)CC1";"Ki";"'='";"44000.0";"nM";"4.36";"";"";"UO_0000065";"6.86";"0.13";"-0.05";"3.52";"1";"CHEMBL824723";"Compound was evaluated for its inhibitory potency against trypsin";"B";"BAO_0000357";"single protein format";"None";"None";"None";"None";"None";"";"";"";"CHEMBL209";"Serine protease 1";"Homo sapiens";"SINGLE PROTEIN";"CHEMBL1132784";"1";"Scientific Literature";"Bioorg Med Chem Lett";"2000";"None";"";"";"";"44.0"
"CHEMBL431535";"";"None";"481.58";"0";"2.27";"3";"Cc1nc(N)ccc1CNC(=O)Cn1c(C2CC2)ccc(NS(=O)(=O)Cc2ccccc2)c1=O";"Ki";"'='";"1700.0";"nM";"5.77";"";"";"UO_0000065";"11.98";"0.23";"3.50";"4.24";"0";"CHEMBL817281";"Compound was evaluated to inhibit the trypsin enzyme";"B";"BAO_0000357";"single protein format";"None";"None";"None";"None";"None";"";"";"";"CHEMBL209";"Serine protease 1";"Homo sapiens";"SINGLE PROTEIN";"CHEMBL1130870";"1";"Scientific Literature";"Bioorg Med Chem Lett";"1998";"None";"";"";"";"1700.0"
"CHEMBL5845354";"";"None";"526.03";"0";"3.86";"BDBM308544";"CCC(CC)(Cc1ccc(C(=O)Oc2ccc(C(=N)N)cc2F)s1)C(=O)NC1(C(=O)O)CCC1.Cl";"Ki";"'='";"4.67";"nM";"8.33";"";"591994";"UO_0000065";"17.02";"0.33";"4.47";"5.84";"0";"CHEMBL5731810";"Inhibitory Activity Assay: Using a 96 well plate (#3915, Costar), a test compound (25 μL), 400 mM Tris-HCl buffer (pH 8.0, 25 μL) and 0.5 mg/mL fluorescence enzyme substrate (Gly-Asp-Asp-Asp-Asp-Lys-β-Naphtylamide, 25 μL) were mixed, and recombinant human enteropeptidase (R&D Systems, Inc., 25 μL) was added. Using a fluorescence plate reader fmax (Molecular Devices, Inc.), the reaction rate was measured from the time-course changes at excitation wavelength 320 nm and fluorescence wavelength 405 nm. The Ki value was calculated from the concentration of the test compound, reciprocal of reaction rate, and Km value of the enzyme substrate, and by using Dixon plot.";"B";"BAO_0000357";"single protein format";"Homo sapiens";"None";"None";"None";"None";"";"";"";"CHEMBL209";"Serine protease 1";"Homo sapiens";"SINGLE PROTEIN";"CHEMBL5725983";"37";"BindingDB Patent Bioactivity Data";"";"2017";"None";"";"";"";"4.67"
"CHEMBL3642890";"";"None";"403.35";"0";"0.37";"BDBM109617";"N=C(N)c1ccc(OC(=O)c2ccc(CC(=O)N[C@@H](CC(=O)O)C(=O)O)o2)cc1";"Ki";"'='";"1.6";"nM";"8.80";"";"230112";"UO_0000065";"21.81";"0.41";"8.43";"4.56";"0";"CHEMBL3705715";"Inhibition Assay: Inhibition assay using human trysin.";"B";"BAO_0000357";"single protein format";"Homo sapiens";"None";"None";"None";"None";"";"";"";"CHEMBL209";"Serine protease 1";"Homo sapiens";"SINGLE PROTEIN";"CHEMBL3638962";"37";"BindingDB Patent Bioactivity Data";"";"2013";"None";"";"";"";"1.6"
"CHEMBL3642928";"";"None";"334.30";"0";"2.19";"BDBM109655";"CC(Cc1cc(C(=O)Oc2ccc(C(=N)N)cc2F)co1)C(=O)O";"Ki";"'='";"0.92";"nM";"9.04";"";"230134";"UO_0000065";"27.03";"0.51";"6.85";"7.14";"0";"CHEMBL3705715";"Inhibition Assay: Inhibition assay using human trysin.";"B";"BAO_0000357";"single protein format";"Homo sapiens";"None";"None";"None";"None";"";"";"";"CHEMBL209";"Serine protease 1";"Homo sapiens";"SINGLE PROTEIN";"CHEMBL3638962";"37";"BindingDB Patent Bioactivity Data";"";"2013";"None";"";"";"";"0.92"
"CHEMBL3672889";"";"None";"506.56";"1";"2.06";"BDBM158149";"CCC(CC)(Cc1ccc(C(=O)Oc2ccc(C(=N)N)cc2F)s1)C(=O)NCC(=O)NCC(=O)O";"Ki";"'='";"1.42";"nM";"8.85";"";"300510";"UO_0000065";"17.47";"0.35";"6.79";"5.15";"0";"CHEMBL3705369";"Inhibition Assay: Using a 96 well plate (#3915, Costar), a test compound (25 μL) was mixed with 20 μM fluorescence enzyme substrate (Boc-Phe-Ser-Arg-AMC, 50 μL) mixed with 200 mM Tris-HCl buffer (pH 8.0), and human trypsin (Sigma, 25 μL) was added. Using a fluorescence plate reader fmax (Molecular Devices, Inc.), the reaction rate was measured from the time-course changes at excitation wavelength 355 nm and fluorescence wavelength 460 nm.";"B";"BAO_0000357";"single protein format";"Homo sapiens";"None";"None";"None";"None";"";"";"";"CHEMBL209";"Serine protease 1";"Homo sapiens";"SINGLE PROTEIN";"CHEMBL3639122";"37";"BindingDB Patent Bioactivity Data";"";"2015";"None";"";"";"";"1.42"
"CHEMBL3672891";"";"None";"475.54";"0";"3.47";"BDBM158151";"CCC(CC)(Cc1ccc(C(=O)Oc2ccc(C(=N)N)cc2F)s1)C(=O)NC1(C(=O)O)CC1";"Ki";"'='";"2.19";"nM";"8.66";"";"300512";"UO_0000065";"18.21";"0.36";"5.19";"6.07";"0";"CHEMBL3705369";"Inhibition Assay: Using a 96 well plate (#3915, Costar), a test compound (25 μL) was mixed with 20 μM fluorescence enzyme substrate (Boc-Phe-Ser-Arg-AMC, 50 μL) mixed with 200 mM Tris-HCl buffer (pH 8.0), and human trypsin (Sigma, 25 μL) was added. Using a fluorescence plate reader fmax (Molecular Devices, Inc.), the reaction rate was measured from the time-course changes at excitation wavelength 355 nm and fluorescence wavelength 460 nm.";"B";"BAO_0000357";"single protein format";"Homo sapiens";"None";"None";"None";"None";"";"";"";"CHEMBL209";"Serine protease 1";"Homo sapiens";"SINGLE PROTEIN";"CHEMBL3639122";"37";"BindingDB Patent Bioactivity Data";"";"2015";"None";"";"";"";"2.19"
"CHEMBL5830970";"";"None";"343.40";"0";"3.98";"BDBM113060";"CCOc1cc2c(=O)oc(-c3ccccc3SC)nc2cc1OC";"Ki";"'>'";"10000.0";"nM";"";"";"461896";"UO_0000065";"";"";"";"";"0";"CHEMBL5730557";"Trypsin Assay: Materials: Trypsin, 100 ug (Roche, sequence grade, Mw 23500), Substrate S-2288 (Chromogenics, cat. no. 820852). Trypsin activity was determined at 37° C. in 10 mM Na phosphate pH 7.2, 0.5 M NaCl, with final concentrations of 0.8 ug/ml (34 nM) of Trypsin, 1 mM substrate, 5% DMSO in the presence of 0 uM, 0.1 uM, 1.0 uM and 10 uM of inhibitor, in 96 well plates by measuring absorbance at 405 nm in a plate reader (Spectramax).";"B";"BAO_0000357";"single protein format";"Homo sapiens";"None";"None";"None";"None";"";"";"";"CHEMBL209";"Serine protease 1";"Homo sapiens";"SINGLE PROTEIN";"CHEMBL5725320";"37";"BindingDB Patent Bioactivity Data";"";"2017";"None";"";"";"";"10000.0"
"CHEMBL3667888";"";"None";"463.53";"0";"3.28";"BDBM158082";"CCCN(CC(=O)O)C(=O)C(C)(C)Cc1ccc(C(=O)Oc2ccc(C(=N)N)cc2F)s1";"Ki";"'='";"1.5";"nM";"8.82";"";"355628";"UO_0000065";"19.04";"0.38";"5.54";"6.60";"1";"CHEMBL3887805";"Trypsin Inhibition Assay: Using a 96 well plate (#3915, Costar), a test compound (25 uL) was mixed with 20 uM fluorescence enzyme substrate (Boc-Phe-Ser-Arg-AMC, 50 uL) mixed with 200 mM Tris-HCl buffer (pH 8.0), and human trypsin (Sigma, 25 uL) was added. Using a fluorescence plate reader fmax (Molecular Devices, Inc.), the reaction rate was measured from the time-course changes at excitation wavelength 355 nm and fluorescence wavelength 460 nm.";"B";"BAO_0000357";"single protein format";"Homo sapiens";"None";"None";"None";"None";"";"";"";"CHEMBL209";"Serine protease 1";"Homo sapiens";"SINGLE PROTEIN";"CHEMBL3886456";"37";"BindingDB Patent Bioactivity Data";"";"2016";"None";"";"";"";"1.5"
"CHEMBL4443619";"";"None";"470.96";"0";"2.76";"2";"CC1=C(CC(=O)NCc2cc(Cl)ccc2CN)C(=O)N(NCc2cccc(C(=O)O)c2)CC1";"Ki";"'>'";"5400.0";"nM";"";"";"";"UO_0000065";"";"";"";"";"0";"CHEMBL4426683";"Inhibition of human trypsin 1 using S-2222 as substrate preincubated for 300 secs followed by substrate addition measured after 40 mins";"B";"BAO_0000357";"single protein format";"Homo sapiens";"None";"None";"None";"None";"";"";"";"CHEMBL209";"Serine protease 1";"Homo sapiens";"SINGLE PROTEIN";"CHEMBL4425130";"1";"Scientific Literature";"J Med Chem";"2016";"None";"";"";"";"5.4"
"CHEMBL3944540";"";"None";"558.57";"1";"1.36";"BDBM234238";"N=C(N)c1ccc2cc(OC(=O)c3ccc(CN4CCC[C@@H]4C(=O)N[C@@H](CS(=O)(=O)O)C(=O)O)o3)ccc2c1";"Ki";"'='";"0.08";"nM";"10.10";"";"408280";"UO_0000065";"18.08";"0.35";"8.74";"4.73";"0";"CHEMBL3888548";"Inhibition Assay: Using a 96 well plate (#3915, Costar), a test compound (25 μL), 400 mM Tris-HCl buffer (pH 8.0, 25 μL) and 0.5 mg/mL fluorescence enzyme substrate (Gly-Asp-Asp-Asp-Asp-Lys-β-Naphtylamide, 25 μL) were mixed, and recombinant human enteropeptidase (R&D Systems, Inc., 25 μL) was added. Using a fluorescence plate reader fmax (Molecular Devices, Inc.), the reaction rate was measured from the time-course changes at excitation wavelength 320 nm and fluorescence wavelength 405 nm. The Ki value was calculated from the concentration of the test compound, reciprocal of reaction rate, and Km value of the enzyme substrate, and by using Dixon plot.";"B";"BAO_0000357";"single protein format";"Homo sapiens";"None";"None";"None";"None";"";"";"";"CHEMBL209";"Serine protease 1";"Homo sapiens";"SINGLE PROTEIN";"CHEMBL3886757";"37";"BindingDB Patent Bioactivity Data";"";"2016";"None";"";"";"";"0.08"
"CHEMBL3967865";"";"None";"460.44";"0";"1.63";"BDBM234242";"CC(C)N(Cc1ccc(C(=O)Oc2ccc(C(=N)N)cc2)o1)C(=O)N[C@@H](CC(=O)O)C(=O)O";"Ki";"'='";"0.84";"nM";"9.08";"";"408284";"UO_0000065";"19.71";"0.38";"7.45";"4.62";"0";"CHEMBL3888548";"Inhibition Assay: Using a 96 well plate (#3915, Costar), a test compound (25 μL), 400 mM Tris-HCl buffer (pH 8.0, 25 μL) and 0.5 mg/mL fluorescence enzyme substrate (Gly-Asp-Asp-Asp-Asp-Lys-β-Naphtylamide, 25 μL) were mixed, and recombinant human enteropeptidase (R&D Systems, Inc., 25 μL) was added. Using a fluorescence plate reader fmax (Molecular Devices, Inc.), the reaction rate was measured from the time-course changes at excitation wavelength 320 nm and fluorescence wavelength 405 nm. The Ki value was calculated from the concentration of the test compound, reciprocal of reaction rate, and Km value of the enzyme substrate, and by using Dixon plot.";"B";"BAO_0000357";"single protein format";"Homo sapiens";"None";"None";"None";"None";"";"";"";"CHEMBL209";"Serine protease 1";"Homo sapiens";"SINGLE PROTEIN";"CHEMBL3886757";"37";"BindingDB Patent Bioactivity Data";"";"2016";"None";"";"";"";"0.84"
"CHEMBL3914629";"";"None";"542.57";"1";"0.81";"BDBM234247";"N=C(N)c1ccc(OC(=O)c2ccc(CN3CCC[C@@H]3C(=O)N[C@@H](CS(=O)(=O)O)C(=O)O)s2)c(F)c1";"Ki";"'='";"0.19";"nM";"9.72";"";"408289";"UO_0000065";"17.92";"0.37";"8.91";"4.86";"0";"CHEMBL3888548";"Inhibition Assay: Using a 96 well plate (#3915, Costar), a test compound (25 μL), 400 mM Tris-HCl buffer (pH 8.0, 25 μL) and 0.5 mg/mL fluorescence enzyme substrate (Gly-Asp-Asp-Asp-Asp-Lys-β-Naphtylamide, 25 μL) were mixed, and recombinant human enteropeptidase (R&D Systems, Inc., 25 μL) was added. Using a fluorescence plate reader fmax (Molecular Devices, Inc.), the reaction rate was measured from the time-course changes at excitation wavelength 320 nm and fluorescence wavelength 405 nm. The Ki value was calculated from the concentration of the test compound, reciprocal of reaction rate, and Km value of the enzyme substrate, and by using Dixon plot.";"B";"BAO_0000357";"single protein format";"Homo sapiens";"None";"None";"None";"None";"";"";"";"CHEMBL209";"Serine protease 1";"Homo sapiens";"SINGLE PROTEIN";"CHEMBL3886757";"37";"BindingDB Patent Bioactivity Data";"";"2016";"None";"";"";"";"0.19"
"CHEMBL143024";"";"None";"443.39";"0";"1.56";"25";"N#Cc1cnc(NCC(F)(F)c2ccccn2)c(=O)n1CC(=O)NCc1ncccc1F";"Ki";"'='";"213000.0";"nM";"";"Outside typical range";"";"UO_0000065";"";"";"";"";"0";"CHEMBL815470";"Inhibitory constant against human trypsin";"B";"BAO_0000357";"single protein format";"None";"None";"None";"None";"None";"";"";"";"CHEMBL209";"Serine protease 1";"Homo sapiens";"SINGLE PROTEIN";"CHEMBL1145961";"1";"Scientific Literature";"J Med Chem";"2003";"None";"";"";"";"213.0"
"CHEMBL39078";"";"None";"495.61";"0";"3.63";"6k";"N/C(=N\O)c1cccc(CN(NS(=O)(=O)c2ccc3ccccc3c2)C(=O)N2CCCCCC2)c1";"Ki";"'='";"32000.0";"nM";"4.50";"";"";"UO_0000065";"9.07";"0.18";"0.86";"3.50";"0";"CHEMBL815009";"In vitro inhibition of trypsin";"B";"BAO_0000357";"single protein format";"None";"None";"None";"None";"None";"";"";"";"CHEMBL209";"Serine protease 1";"Homo sapiens";"SINGLE PROTEIN";"CHEMBL1137966";"1";"Scientific Literature";"Bioorg Med Chem Lett";"2004";"None";"";"";"";"32.0"
"CHEMBL3672868";"";"None";"458.49";"0";"4.13";"BDBM158127";"CC(C)(Cc1ccc(C(=O)Oc2ccc(C(=N)N)cc2F)s1)C(=O)Nc1ccc(F)nc1";"Ki";"'='";"3.3";"nM";"8.48";"";"591944";"UO_0000065";"18.50";"0.36";"4.35";"7.18";"1";"CHEMBL5731810";"Inhibitory Activity Assay: Using a 96 well plate (#3915, Costar), a test compound (25 μL), 400 mM Tris-HCl buffer (pH 8.0, 25 μL) and 0.5 mg/mL fluorescence enzyme substrate (Gly-Asp-Asp-Asp-Asp-Lys-β-Naphtylamide, 25 μL) were mixed, and recombinant human enteropeptidase (R&D Systems, Inc., 25 μL) was added. Using a fluorescence plate reader fmax (Molecular Devices, Inc.), the reaction rate was measured from the time-course changes at excitation wavelength 320 nm and fluorescence wavelength 405 nm. The Ki value was calculated from the concentration of the test compound, reciprocal of reaction rate, and Km value of the enzyme substrate, and by using Dixon plot.";"B";"BAO_0000357";"single protein format";"Homo sapiens";"None";"None";"None";"None";"";"";"";"CHEMBL209";"Serine protease 1";"Homo sapiens";"SINGLE PROTEIN";"CHEMBL5725983";"37";"BindingDB Patent Bioactivity Data";"";"2017";"None";"";"";"";"3.3"
"CHEMBL3672881";"";"None";"513.55";"1";"3.61";"BDBM158141";"CC(C)(Cc1ccc(C(=O)Oc2ccc(C(=N)N)cc2F)s1)C(=O)N[C@@H](C(=O)O)c1ccc(O)cc1";"Ki";"'='";"1.14";"nM";"8.94";"";"591972";"UO_0000065";"17.41";"0.34";"5.33";"5.49";"1";"CHEMBL5731810";"Inhibitory Activity Assay: Using a 96 well plate (#3915, Costar), a test compound (25 μL), 400 mM Tris-HCl buffer (pH 8.0, 25 μL) and 0.5 mg/mL fluorescence enzyme substrate (Gly-Asp-Asp-Asp-Asp-Lys-β-Naphtylamide, 25 μL) were mixed, and recombinant human enteropeptidase (R&D Systems, Inc., 25 μL) was added. Using a fluorescence plate reader fmax (Molecular Devices, Inc.), the reaction rate was measured from the time-course changes at excitation wavelength 320 nm and fluorescence wavelength 405 nm. The Ki value was calculated from the concentration of the test compound, reciprocal of reaction rate, and Km value of the enzyme substrate, and by using Dixon plot.";"B";"BAO_0000357";"single protein format";"Homo sapiens";"None";"None";"None";"None";"";"";"";"CHEMBL209";"Serine protease 1";"Homo sapiens";"SINGLE PROTEIN";"CHEMBL5725983";"37";"BindingDB Patent Bioactivity Data";"";"2017";"None";"";"";"";"1.14"
"CHEMBL5996770";"";"None";"526.03";"0";"3.72";"BDBM308549";"CC(C)(Cc1ccc(C(=O)Oc2ccc(C(=N)N)cc2F)s1)C(=O)N[C@H]1CCC[C@@H](C(=O)O)C1.Cl";"Ki";"'='";"0.69";"nM";"9.16";"";"592004";"UO_0000065";"18.71";"0.37";"5.44";"6.43";"0";"CHEMBL5731810";"Inhibitory Activity Assay: Using a 96 well plate (#3915, Costar), a test compound (25 μL), 400 mM Tris-HCl buffer (pH 8.0, 25 μL) and 0.5 mg/mL fluorescence enzyme substrate (Gly-Asp-Asp-Asp-Asp-Lys-β-Naphtylamide, 25 μL) were mixed, and recombinant human enteropeptidase (R&D Systems, Inc., 25 μL) was added. Using a fluorescence plate reader fmax (Molecular Devices, Inc.), the reaction rate was measured from the time-course changes at excitation wavelength 320 nm and fluorescence wavelength 405 nm. The Ki value was calculated from the concentration of the test compound, reciprocal of reaction rate, and Km value of the enzyme substrate, and by using Dixon plot.";"B";"BAO_0000357";"single protein format";"Homo sapiens";"None";"None";"None";"None";"";"";"";"CHEMBL209";"Serine protease 1";"Homo sapiens";"SINGLE PROTEIN";"CHEMBL5725983";"37";"BindingDB Patent Bioactivity Data";"";"2017";"None";"";"";"";"0.69"
"CHEMBL5945917";"";"None";"524.01";"0";"3.49";"BDBM308558";"CC(C)(Cc1ccc(C(=O)Oc2ccc(C(=N)N)cc2F)s1)C(=O)N[C@H]1CC=CC[C@H]1C(=O)O.Cl";"Ki";"'='";"1.98";"nM";"8.70";"";"592022";"UO_0000065";"17.85";"0.35";"5.21";"6.10";"0";"CHEMBL5731810";"Inhibitory Activity Assay: Using a 96 well plate (#3915, Costar), a test compound (25 μL), 400 mM Tris-HCl buffer (pH 8.0, 25 μL) and 0.5 mg/mL fluorescence enzyme substrate (Gly-Asp-Asp-Asp-Asp-Lys-β-Naphtylamide, 25 μL) were mixed, and recombinant human enteropeptidase (R&D Systems, Inc., 25 μL) was added. Using a fluorescence plate reader fmax (Molecular Devices, Inc.), the reaction rate was measured from the time-course changes at excitation wavelength 320 nm and fluorescence wavelength 405 nm. The Ki value was calculated from the concentration of the test compound, reciprocal of reaction rate, and Km value of the enzyme substrate, and by using Dixon plot.";"B";"BAO_0000357";"single protein format";"Homo sapiens";"None";"None";"None";"None";"";"";"";"CHEMBL209";"Serine protease 1";"Homo sapiens";"SINGLE PROTEIN";"CHEMBL5725983";"37";"BindingDB Patent Bioactivity Data";"";"2017";"None";"";"";"";"1.98"
"CHEMBL5914411";"";"None";"None";"None";"None";"BDBM158073";"";"Ki";"'='";"0.61";"nM";"9.21";"";"591836";"UO_0000065";"";"";"";"";"1";"CHEMBL5731810";"Inhibitory Activity Assay: Using a 96 well plate (#3915, Costar), a test compound (25 μL), 400 mM Tris-HCl buffer (pH 8.0, 25 μL) and 0.5 mg/mL fluorescence enzyme substrate (Gly-Asp-Asp-Asp-Asp-Lys-β-Naphtylamide, 25 μL) were mixed, and recombinant human enteropeptidase (R&D Systems, Inc., 25 μL) was added. Using a fluorescence plate reader fmax (Molecular Devices, Inc.), the reaction rate was measured from the time-course changes at excitation wavelength 320 nm and fluorescence wavelength 405 nm. The Ki value was calculated from the concentration of the test compound, reciprocal of reaction rate, and Km value of the enzyme substrate, and by using Dixon plot.";"B";"BAO_0000357";"single protein format";"Homo sapiens";"None";"None";"None";"None";"";"";"";"CHEMBL209";"Serine protease 1";"Homo sapiens";"SINGLE PROTEIN";"CHEMBL5725983";"37";"BindingDB Patent Bioactivity Data";"";"2017";"None";"";"";"";"0.61"
"CHEMBL3667882";"";"None";"451.48";"0";"1.52";"BDBM158076";"CC(C)(Cc1ccc(C(=O)Oc2ccc(C(=N)N)cc2F)s1)C(=O)N[C@@H](CO)C(=O)O";"Ki";"'='";"0.75";"nM";"9.12";"";"591842";"UO_0000065";"20.21";"0.40";"7.60";"5.60";"1";"CHEMBL5731810";"Inhibitory Activity Assay: Using a 96 well plate (#3915, Costar), a test compound (25 μL), 400 mM Tris-HCl buffer (pH 8.0, 25 μL) and 0.5 mg/mL fluorescence enzyme substrate (Gly-Asp-Asp-Asp-Asp-Lys-β-Naphtylamide, 25 μL) were mixed, and recombinant human enteropeptidase (R&D Systems, Inc., 25 μL) was added. Using a fluorescence plate reader fmax (Molecular Devices, Inc.), the reaction rate was measured from the time-course changes at excitation wavelength 320 nm and fluorescence wavelength 405 nm. The Ki value was calculated from the concentration of the test compound, reciprocal of reaction rate, and Km value of the enzyme substrate, and by using Dixon plot.";"B";"BAO_0000357";"single protein format";"Homo sapiens";"None";"None";"None";"None";"";"";"";"CHEMBL209";"Serine protease 1";"Homo sapiens";"SINGLE PROTEIN";"CHEMBL5725983";"37";"BindingDB Patent Bioactivity Data";"";"2017";"None";"";"";"";"0.75"
"CHEMBL5790489";"";"None";"359.36";"0";"2.03";"BDBM113297";"CS(=O)(=O)c1ccccc1-c1nc2cc3c(cc2c(=O)o1)OCCO3";"Ki";"'='";"1800.0";"nM";"5.75";"";"461987";"UO_0000065";"15.99";"0.31";"3.71";"6.00";"0";"CHEMBL5730557";"Trypsin Assay: Materials: Trypsin, 100 ug (Roche, sequence grade, Mw 23500), Substrate S-2288 (Chromogenics, cat. no. 820852). Trypsin activity was determined at 37° C. in 10 mM Na phosphate pH 7.2, 0.5 M NaCl, with final concentrations of 0.8 ug/ml (34 nM) of Trypsin, 1 mM substrate, 5% DMSO in the presence of 0 uM, 0.1 uM, 1.0 uM and 10 uM of inhibitor, in 96 well plates by measuring absorbance at 405 nm in a plate reader (Spectramax).";"B";"BAO_0000357";"single protein format";"Homo sapiens";"None";"None";"None";"None";"";"";"";"CHEMBL209";"Serine protease 1";"Homo sapiens";"SINGLE PROTEIN";"CHEMBL5725320";"37";"BindingDB Patent Bioactivity Data";"";"2017";"None";"";"";"";"1800.0"
"CHEMBL349763";"";"None";"409.18";"0";"3.48";"BDBM50289001";"COc1cc2nc(-c3ccccc3I)oc(=O)c2cc1OC";"Ki";"'>'";"10000.0";"nM";"";"";"462015";"UO_0000065";"";"";"";"";"0";"CHEMBL5730557";"Trypsin Assay: Materials: Trypsin, 100 ug (Roche, sequence grade, Mw 23500), Substrate S-2288 (Chromogenics, cat. no. 820852). Trypsin activity was determined at 37° C. in 10 mM Na phosphate pH 7.2, 0.5 M NaCl, with final concentrations of 0.8 ug/ml (34 nM) of Trypsin, 1 mM substrate, 5% DMSO in the presence of 0 uM, 0.1 uM, 1.0 uM and 10 uM of inhibitor, in 96 well plates by measuring absorbance at 405 nm in a plate reader (Spectramax).";"B";"BAO_0000357";"single protein format";"Homo sapiens";"None";"None";"None";"None";"";"";"";"CHEMBL209";"Serine protease 1";"Homo sapiens";"SINGLE PROTEIN";"CHEMBL5725320";"37";"BindingDB Patent Bioactivity Data";"";"2017";"None";"";"";"";"10000.0"
"CHEMBL5769437";"";"None";"542.07";"1";"4.50";"BDBM308535";"CCC(CC)(Cc1ccc(C(=O)Oc2ccc(C(=N)N)cc2F)s1)C(=O)NCCCCCC(=O)O.Cl";"Ki";"'='";"8.01";"nM";"8.10";"";"591976";"UO_0000065";"16.01";"0.32";"3.60";"5.68";"0";"CHEMBL5731810";"Inhibitory Activity Assay: Using a 96 well plate (#3915, Costar), a test compound (25 μL), 400 mM Tris-HCl buffer (pH 8.0, 25 μL) and 0.5 mg/mL fluorescence enzyme substrate (Gly-Asp-Asp-Asp-Asp-Lys-β-Naphtylamide, 25 μL) were mixed, and recombinant human enteropeptidase (R&D Systems, Inc., 25 μL) was added. Using a fluorescence plate reader fmax (Molecular Devices, Inc.), the reaction rate was measured from the time-course changes at excitation wavelength 320 nm and fluorescence wavelength 405 nm. The Ki value was calculated from the concentration of the test compound, reciprocal of reaction rate, and Km value of the enzyme substrate, and by using Dixon plot.";"B";"BAO_0000357";"single protein format";"Homo sapiens";"None";"None";"None";"None";"";"";"";"CHEMBL209";"Serine protease 1";"Homo sapiens";"SINGLE PROTEIN";"CHEMBL5725983";"37";"BindingDB Patent Bioactivity Data";"";"2017";"None";"";"";"";"8.01"
"CHEMBL3667887";"";"None";"463.53";"0";"3.18";"BDBM158081";"CC(C)[C@H](NC(=O)C(C)(C)Cc1ccc(C(=O)Oc2ccc(C(=N)N)cc2F)s1)C(=O)O";"Ki";"'='";"2.02";"nM";"8.70";"";"355627";"UO_0000065";"18.76";"0.37";"5.51";"6.10";"1";"CHEMBL3887805";"Trypsin Inhibition Assay: Using a 96 well plate (#3915, Costar), a test compound (25 uL) was mixed with 20 uM fluorescence enzyme substrate (Boc-Phe-Ser-Arg-AMC, 50 uL) mixed with 200 mM Tris-HCl buffer (pH 8.0), and human trypsin (Sigma, 25 uL) was added. Using a fluorescence plate reader fmax (Molecular Devices, Inc.), the reaction rate was measured from the time-course changes at excitation wavelength 355 nm and fluorescence wavelength 460 nm.";"B";"BAO_0000357";"single protein format";"Homo sapiens";"None";"None";"None";"None";"";"";"";"CHEMBL209";"Serine protease 1";"Homo sapiens";"SINGLE PROTEIN";"CHEMBL3886456";"37";"BindingDB Patent Bioactivity Data";"";"2016";"None";"";"";"";"2.02"
"CHEMBL3667886";"";"None";"461.52";"0";"3.03";"BDBM158080";"CC(C)(Cc1ccc(C(=O)Oc2ccc(C(=N)N)cc2F)s1)C(=O)N1CCC[C@H]1C(=O)O";"Ki";"'='";"1.69";"nM";"8.77";"";"300441";"UO_0000065";"19.01";"0.37";"5.74";"6.56";"0";"CHEMBL3705369";"Inhibition Assay: Using a 96 well plate (#3915, Costar), a test compound (25 μL) was mixed with 20 μM fluorescence enzyme substrate (Boc-Phe-Ser-Arg-AMC, 50 μL) mixed with 200 mM Tris-HCl buffer (pH 8.0), and human trypsin (Sigma, 25 μL) was added. Using a fluorescence plate reader fmax (Molecular Devices, Inc.), the reaction rate was measured from the time-course changes at excitation wavelength 355 nm and fluorescence wavelength 460 nm.";"B";"BAO_0000357";"single protein format";"Homo sapiens";"None";"None";"None";"None";"";"";"";"CHEMBL209";"Serine protease 1";"Homo sapiens";"SINGLE PROTEIN";"CHEMBL3639122";"37";"BindingDB Patent Bioactivity Data";"";"2015";"None";"";"";"";"1.69"
"CHEMBL3667889";"";"None";"479.53";"0";"2.30";"BDBM158084";"CCC(CC)(Cc1ccc(C(=O)Oc2ccc(C(=N)N)cc2F)s1)C(=O)N[C@@H](CO)C(=O)O";"Ki";"'='";"1.78";"nM";"8.75";"";"300445";"UO_0000065";"18.25";"0.36";"6.45";"5.37";"0";"CHEMBL3705369";"Inhibition Assay: Using a 96 well plate (#3915, Costar), a test compound (25 μL) was mixed with 20 μM fluorescence enzyme substrate (Boc-Phe-Ser-Arg-AMC, 50 μL) mixed with 200 mM Tris-HCl buffer (pH 8.0), and human trypsin (Sigma, 25 μL) was added. Using a fluorescence plate reader fmax (Molecular Devices, Inc.), the reaction rate was measured from the time-course changes at excitation wavelength 355 nm and fluorescence wavelength 460 nm.";"B";"BAO_0000357";"single protein format";"Homo sapiens";"None";"None";"None";"None";"";"";"";"CHEMBL209";"Serine protease 1";"Homo sapiens";"SINGLE PROTEIN";"CHEMBL3639122";"37";"BindingDB Patent Bioactivity Data";"";"2015";"None";"";"";"";"1.78"
"CHEMBL3667896";"";"None";"392.45";"0";"3.82";"BDBM158090";"CCC(CC)(Cc1ccc(C(=O)Oc2ccc(C(=N)N)cc2F)s1)C(=O)O";"Ki";"'='";"2.49";"nM";"8.60";"";"300451";"UO_0000065";"21.92";"0.44";"4.78";"7.58";"0";"CHEMBL3705369";"Inhibition Assay: Using a 96 well plate (#3915, Costar), a test compound (25 μL) was mixed with 20 μM fluorescence enzyme substrate (Boc-Phe-Ser-Arg-AMC, 50 μL) mixed with 200 mM Tris-HCl buffer (pH 8.0), and human trypsin (Sigma, 25 μL) was added. Using a fluorescence plate reader fmax (Molecular Devices, Inc.), the reaction rate was measured from the time-course changes at excitation wavelength 355 nm and fluorescence wavelength 460 nm.";"B";"BAO_0000357";"single protein format";"Homo sapiens";"None";"None";"None";"None";"";"";"";"CHEMBL209";"Serine protease 1";"Homo sapiens";"SINGLE PROTEIN";"CHEMBL3639122";"37";"BindingDB Patent Bioactivity Data";"";"2015";"None";"";"";"";"2.49"
"CHEMBL3667898";"";"None";"491.59";"0";"4.06";"BDBM158092";"CCCN(CC(=O)O)C(=O)C(CC)(CC)Cc1ccc(C(=O)Oc2ccc(C(=N)N)cc2F)s1";"Ki";"'='";"7.91";"nM";"8.10";"";"300453";"UO_0000065";"16.48";"0.33";"4.04";"6.06";"0";"CHEMBL3705369";"Inhibition Assay: Using a 96 well plate (#3915, Costar), a test compound (25 μL) was mixed with 20 μM fluorescence enzyme substrate (Boc-Phe-Ser-Arg-AMC, 50 μL) mixed with 200 mM Tris-HCl buffer (pH 8.0), and human trypsin (Sigma, 25 μL) was added. Using a fluorescence plate reader fmax (Molecular Devices, Inc.), the reaction rate was measured from the time-course changes at excitation wavelength 355 nm and fluorescence wavelength 460 nm.";"B";"BAO_0000357";"single protein format";"Homo sapiens";"None";"None";"None";"None";"";"";"";"CHEMBL209";"Serine protease 1";"Homo sapiens";"SINGLE PROTEIN";"CHEMBL3639122";"37";"BindingDB Patent Bioactivity Data";"";"2015";"None";"";"";"";"7.91"
"CHEMBL3672887";"";"None";"527.53";"1";"3.99";"BDBM158147";"CC(C)(Cc1ccc(C(=O)Oc2ccc(C(=N)N)cc2F)s1)C(=O)Nc1cc(C(=O)O)ccc1C(=O)O";"Ki";"'='";"3.72";"nM";"8.43";"";"591984";"UO_0000065";"15.98";"0.31";"4.44";"4.69";"1";"CHEMBL5731810";"Inhibitory Activity Assay: Using a 96 well plate (#3915, Costar), a test compound (25 μL), 400 mM Tris-HCl buffer (pH 8.0, 25 μL) and 0.5 mg/mL fluorescence enzyme substrate (Gly-Asp-Asp-Asp-Asp-Lys-β-Naphtylamide, 25 μL) were mixed, and recombinant human enteropeptidase (R&D Systems, Inc., 25 μL) was added. Using a fluorescence plate reader fmax (Molecular Devices, Inc.), the reaction rate was measured from the time-course changes at excitation wavelength 320 nm and fluorescence wavelength 405 nm. The Ki value was calculated from the concentration of the test compound, reciprocal of reaction rate, and Km value of the enzyme substrate, and by using Dixon plot.";"B";"BAO_0000357";"single protein format";"Homo sapiens";"None";"None";"None";"None";"";"";"";"CHEMBL209";"Serine protease 1";"Homo sapiens";"SINGLE PROTEIN";"CHEMBL5725983";"37";"BindingDB Patent Bioactivity Data";"";"2017";"None";"";"";"";"3.72"
"CHEMBL3667881";"";"None";"421.45";"0";"2.16";"BDBM158075";"CC(C)(Cc1ccc(C(=O)Oc2ccc(C(=N)N)cc2F)s1)C(=O)NCC(=O)O";"Ki";"'='";"0.42";"nM";"9.38";"";"355621";"UO_0000065";"22.25";"0.44";"7.22";"6.58";"1";"CHEMBL3887805";"Trypsin Inhibition Assay: Using a 96 well plate (#3915, Costar), a test compound (25 uL) was mixed with 20 uM fluorescence enzyme substrate (Boc-Phe-Ser-Arg-AMC, 50 uL) mixed with 200 mM Tris-HCl buffer (pH 8.0), and human trypsin (Sigma, 25 uL) was added. Using a fluorescence plate reader fmax (Molecular Devices, Inc.), the reaction rate was measured from the time-course changes at excitation wavelength 355 nm and fluorescence wavelength 460 nm.";"B";"BAO_0000357";"single protein format";"Homo sapiens";"None";"None";"None";"None";"";"";"";"CHEMBL209";"Serine protease 1";"Homo sapiens";"SINGLE PROTEIN";"CHEMBL3886456";"37";"BindingDB Patent Bioactivity Data";"";"2016";"None";"";"";"";"0.42"
"CHEMBL3667885";"";"None";"435.48";"0";"2.50";"BDBM158079";"CN(CC(=O)O)C(=O)C(C)(C)Cc1ccc(C(=O)Oc2ccc(C(=N)N)cc2F)s1";"Ki";"'='";"1.33";"nM";"8.88";"";"355625";"UO_0000065";"20.38";"0.40";"6.38";"6.63";"1";"CHEMBL3887805";"Trypsin Inhibition Assay: Using a 96 well plate (#3915, Costar), a test compound (25 uL) was mixed with 20 uM fluorescence enzyme substrate (Boc-Phe-Ser-Arg-AMC, 50 uL) mixed with 200 mM Tris-HCl buffer (pH 8.0), and human trypsin (Sigma, 25 uL) was added. Using a fluorescence plate reader fmax (Molecular Devices, Inc.), the reaction rate was measured from the time-course changes at excitation wavelength 355 nm and fluorescence wavelength 460 nm.";"B";"BAO_0000357";"single protein format";"Homo sapiens";"None";"None";"None";"None";"";"";"";"CHEMBL209";"Serine protease 1";"Homo sapiens";"SINGLE PROTEIN";"CHEMBL3886456";"37";"BindingDB Patent Bioactivity Data";"";"2016";"None";"";"";"";"1.33"
"CHEMBL3667894";"";"None";"539.63";"1";"4.55";"BDBM158088";"CCC(CC)(Cc1ccc(C(=O)Oc2ccc(C(=N)N)cc2F)s1)C(=O)N[C@@H](Cc1ccccc1)C(=O)O";"Ki";"'='";"8.3";"nM";"8.08";"";"355634";"UO_0000065";"14.97";"0.29";"3.53";"5.67";"1";"CHEMBL3887805";"Trypsin Inhibition Assay: Using a 96 well plate (#3915, Costar), a test compound (25 uL) was mixed with 20 uM fluorescence enzyme substrate (Boc-Phe-Ser-Arg-AMC, 50 uL) mixed with 200 mM Tris-HCl buffer (pH 8.0), and human trypsin (Sigma, 25 uL) was added. Using a fluorescence plate reader fmax (Molecular Devices, Inc.), the reaction rate was measured from the time-course changes at excitation wavelength 355 nm and fluorescence wavelength 460 nm.";"B";"BAO_0000357";"single protein format";"Homo sapiens";"None";"None";"None";"None";"";"";"";"CHEMBL209";"Serine protease 1";"Homo sapiens";"SINGLE PROTEIN";"CHEMBL3886456";"37";"BindingDB Patent Bioactivity Data";"";"2016";"None";"";"";"";"8.3"
"CHEMBL6040416";"";"None";"448.53";"0";"2.14";"BDBM387056";"COc1ccc(-n2nc(C#N)c3c2C(=O)N(C2CCN(N4CCCCC4=O)CC2)CC3)cc1";"Ki";"'>'";"1000.0";"nM";"";"";"772865";"UO_0000065";"";"";"";"";"0";"CHEMBL5733701";"In Vitro Assay: Trypsin: In the assay for measuring the inhibition of human trypsin activity buffer (50 mM Tris, pH 8.2, and 20 mM CaCl2) is used. The IC50 is measured by selecting the appropriate wells of a Greiner 384 microtiter plate. 50 μL the assay buffer containing human trypsin (Sigma; T6424), of which the final concentration is 0.39 BAEE units/ml; 2 μL the assay buffer containing 2% (V/V) DMSO (uninhibited control) or various concentrations of the compounds to be tested diluted in the assay buffer containing 2% (V/V) DMSO; and the assay buffer containing substrate S-2222 (Chromogenix). The assay is performed by pre-incubating the tested compounds with enzyme for 10 minutes. Then the assay is initiated by adding 48 μL substrate to obtain a final volume of 100 μL.";"B";"BAO_0000357";"single protein format";"Homo sapiens";"None";"None";"None";"None";"";"";"";"CHEMBL209";"Serine protease 1";"Homo sapiens";"SINGLE PROTEIN";"CHEMBL5726935";"37";"BindingDB Patent Bioactivity Data";"";"2018";"None";"";"";"";"1000.0"
"CHEMBL5930579";"";"None";"490.57";"0";"1.46";"BDBM387057";"COc1ccc(-n2nc(/C(N)=N\C#N)c3c2C(=O)N(C2CCN(N4CCCCC4=O)CC2)CC3)cc1";"Ki";"'>'";"1000.0";"nM";"";"";"772870";"UO_0000065";"";"";"";"";"0";"CHEMBL5733701";"In Vitro Assay: Trypsin: In the assay for measuring the inhibition of human trypsin activity buffer (50 mM Tris, pH 8.2, and 20 mM CaCl2) is used. The IC50 is measured by selecting the appropriate wells of a Greiner 384 microtiter plate. 50 μL the assay buffer containing human trypsin (Sigma; T6424), of which the final concentration is 0.39 BAEE units/ml; 2 μL the assay buffer containing 2% (V/V) DMSO (uninhibited control) or various concentrations of the compounds to be tested diluted in the assay buffer containing 2% (V/V) DMSO; and the assay buffer containing substrate S-2222 (Chromogenix). The assay is performed by pre-incubating the tested compounds with enzyme for 10 minutes. Then the assay is initiated by adding 48 μL substrate to obtain a final volume of 100 μL.";"B";"BAO_0000357";"single protein format";"Homo sapiens";"None";"None";"None";"None";"";"";"";"CHEMBL209";"Serine protease 1";"Homo sapiens";"SINGLE PROTEIN";"CHEMBL5726935";"37";"BindingDB Patent Bioactivity Data";"";"2018";"None";"";"";"";"1000.0"
"CHEMBL3977688";"";"None";"531.57";"1";"2.06";"BDBM199976";"CCC(CC)(Cc1ccc(C(=O)Oc2ccc(C(=N)N)cc2F)s1)C(=O)N[C@@H](Cc1nn[nH]n1)C(=O)O";"Ki";"'='";"3.4";"nM";"8.47";"";"355704";"UO_0000065";"15.93";"0.31";"6.41";"4.30";"0";"CHEMBL3887805";"Trypsin Inhibition Assay: Using a 96 well plate (#3915, Costar), a test compound (25 uL) was mixed with 20 uM fluorescence enzyme substrate (Boc-Phe-Ser-Arg-AMC, 50 uL) mixed with 200 mM Tris-HCl buffer (pH 8.0), and human trypsin (Sigma, 25 uL) was added. Using a fluorescence plate reader fmax (Molecular Devices, Inc.), the reaction rate was measured from the time-course changes at excitation wavelength 355 nm and fluorescence wavelength 460 nm.";"B";"BAO_0000357";"single protein format";"Homo sapiens";"None";"None";"None";"None";"";"";"";"CHEMBL209";"Serine protease 1";"Homo sapiens";"SINGLE PROTEIN";"CHEMBL3886456";"37";"BindingDB Patent Bioactivity Data";"";"2016";"None";"";"";"";"3.4"
"CHEMBL5775259";"";"None";"462.92";"0";"2.84";"BDBM294041";"O=C(NC[C@@H]1OC(=O)N2c3ccc(N4CCCNC4=O)cc3OC[C@@H]12)c1ccc(Cl)s1";"Ki";"'>'";"20000.0";"nM";"";"";"560183";"UO_0000065";"";"";"";"";"0";"CHEMBL5731530";"Human Trypsin Assay: The inhibitory activity on human trypsin was determined by using buffer (50 mM Tris, pH 8.2, and 20 mM CaCl2). Appropriate wells in the Greiner 384 microtiter plate were used to determine IC50. A buffer containing 50 μL human trypsin (Sigma; T6424), the final concentration was 0.39 BAEE unit/mL, a buffer containing 2 μL 2% (V/V) DMSO (control group which was free of inhibition) or various concentration of the compound to be tested was diluted in the buffer containing 2% (V/V) DMSO. A buffer containing substrate S-2222 (Chromogenix), the final concentration was 30 μM. In this assay, the compound to be tested and the enzyme were pre-incubated for 10 minutes and then 48 μL substrate was added to give a final volume of 100 μL to start the assay.";"B";"BAO_0000357";"single protein format";"Homo sapiens";"None";"None";"None";"None";"";"";"";"CHEMBL209";"Serine protease 1";"Homo sapiens";"SINGLE PROTEIN";"CHEMBL5725816";"37";"BindingDB Patent Bioactivity Data";"";"2018";"None";"";"";"";"20000.0"
"CHEMBL5871396";"";"None";"477.97";"0";"3.53";"BDBM294043";"COC[C@H]1CCCN1c1ccc2c(c1)OC[C@H]1[C@H](CNC(=O)c3ccc(Cl)s3)OC(=O)N21";"Ki";"'>'";"20000.0";"nM";"";"";"560193";"UO_0000065";"";"";"";"";"0";"CHEMBL5731530";"Human Trypsin Assay: The inhibitory activity on human trypsin was determined by using buffer (50 mM Tris, pH 8.2, and 20 mM CaCl2). Appropriate wells in the Greiner 384 microtiter plate were used to determine IC50. A buffer containing 50 μL human trypsin (Sigma; T6424), the final concentration was 0.39 BAEE unit/mL, a buffer containing 2 μL 2% (V/V) DMSO (control group which was free of inhibition) or various concentration of the compound to be tested was diluted in the buffer containing 2% (V/V) DMSO. A buffer containing substrate S-2222 (Chromogenix), the final concentration was 30 μM. In this assay, the compound to be tested and the enzyme were pre-incubated for 10 minutes and then 48 μL substrate was added to give a final volume of 100 μL to start the assay.";"B";"BAO_0000357";"single protein format";"Homo sapiens";"None";"None";"None";"None";"";"";"";"CHEMBL209";"Serine protease 1";"Homo sapiens";"SINGLE PROTEIN";"CHEMBL5725816";"37";"BindingDB Patent Bioactivity Data";"";"2018";"None";"";"";"";"20000.0"
"CHEMBL3951843";"";"None";"494.50";"0";"2.24";"BDBM234265";"CC(C)N(Cc1ccc(C(=O)Oc2ccc(C(=N)N)cc2F)s1)C(=O)N[C@@H](CC(=O)O)C(=O)O";"Ki";"'='";"0.69";"nM";"9.16";"";"408307";"UO_0000065";"18.53";"0.37";"6.92";"5.00";"0";"CHEMBL3888548";"Inhibition Assay: Using a 96 well plate (#3915, Costar), a test compound (25 μL), 400 mM Tris-HCl buffer (pH 8.0, 25 μL) and 0.5 mg/mL fluorescence enzyme substrate (Gly-Asp-Asp-Asp-Asp-Lys-β-Naphtylamide, 25 μL) were mixed, and recombinant human enteropeptidase (R&D Systems, Inc., 25 μL) was added. Using a fluorescence plate reader fmax (Molecular Devices, Inc.), the reaction rate was measured from the time-course changes at excitation wavelength 320 nm and fluorescence wavelength 405 nm. The Ki value was calculated from the concentration of the test compound, reciprocal of reaction rate, and Km value of the enzyme substrate, and by using Dixon plot.";"B";"BAO_0000357";"single protein format";"Homo sapiens";"None";"None";"None";"None";"";"";"";"CHEMBL209";"Serine protease 1";"Homo sapiens";"SINGLE PROTEIN";"CHEMBL3886757";"37";"BindingDB Patent Bioactivity Data";"";"2016";"None";"";"";"";"0.69"
"CHEMBL3943096";"";"None";"548.55";"1";"1.38";"BDBM234267";"C=CCN(CC(=O)N[C@@H](CC(=O)O)C(=O)O)C(=O)CCc1ccc(C(=O)Oc2ccc(C(=N)N)cc2F)s1";"Ki";"'='";"0.43";"nM";"9.37";"";"408309";"UO_0000065";"17.08";"0.34";"7.99";"4.68";"0";"CHEMBL3888548";"Inhibition Assay: Using a 96 well plate (#3915, Costar), a test compound (25 μL), 400 mM Tris-HCl buffer (pH 8.0, 25 μL) and 0.5 mg/mL fluorescence enzyme substrate (Gly-Asp-Asp-Asp-Asp-Lys-β-Naphtylamide, 25 μL) were mixed, and recombinant human enteropeptidase (R&D Systems, Inc., 25 μL) was added. Using a fluorescence plate reader fmax (Molecular Devices, Inc.), the reaction rate was measured from the time-course changes at excitation wavelength 320 nm and fluorescence wavelength 405 nm. The Ki value was calculated from the concentration of the test compound, reciprocal of reaction rate, and Km value of the enzyme substrate, and by using Dixon plot.";"B";"BAO_0000357";"single protein format";"Homo sapiens";"None";"None";"None";"None";"";"";"";"CHEMBL209";"Serine protease 1";"Homo sapiens";"SINGLE PROTEIN";"CHEMBL3886757";"37";"BindingDB Patent Bioactivity Data";"";"2016";"None";"";"";"";"0.43"
"CHEMBL3672877";"";"None";"445.48";"0";"1.79";"BDBM158137";"CC(C)(Cc1ccc(C(=O)Oc2ccc(C(=N)N)cc2F)s1)C(=O)NCc1nnn[nH]1";"Ki";"'='";"0.75";"nM";"9.12";"";"300498";"UO_0000065";"20.48";"0.40";"7.33";"5.71";"0";"CHEMBL3705369";"Inhibition Assay: Using a 96 well plate (#3915, Costar), a test compound (25 μL) was mixed with 20 μM fluorescence enzyme substrate (Boc-Phe-Ser-Arg-AMC, 50 μL) mixed with 200 mM Tris-HCl buffer (pH 8.0), and human trypsin (Sigma, 25 μL) was added. Using a fluorescence plate reader fmax (Molecular Devices, Inc.), the reaction rate was measured from the time-course changes at excitation wavelength 355 nm and fluorescence wavelength 460 nm.";"B";"BAO_0000357";"single protein format";"Homo sapiens";"None";"None";"None";"None";"";"";"";"CHEMBL209";"Serine protease 1";"Homo sapiens";"SINGLE PROTEIN";"CHEMBL3639122";"37";"BindingDB Patent Bioactivity Data";"";"2015";"None";"";"";"";"0.75"
"CHEMBL5884467";"";"None";"515.99";"0";"2.30";"BDBM308247";"CCC(CC)(Cc1ccc(C(=O)Oc2ccc(C(=N)N)cc2F)s1)C(=O)N[C@@H](CO)C(=O)O.Cl";"Ki";"'='";"1.87";"nM";"8.73";"";"591856";"UO_0000065";"18.20";"0.36";"6.43";"5.36";"0";"CHEMBL5731810";"Inhibitory Activity Assay: Using a 96 well plate (#3915, Costar), a test compound (25 μL), 400 mM Tris-HCl buffer (pH 8.0, 25 μL) and 0.5 mg/mL fluorescence enzyme substrate (Gly-Asp-Asp-Asp-Asp-Lys-β-Naphtylamide, 25 μL) were mixed, and recombinant human enteropeptidase (R&D Systems, Inc., 25 μL) was added. Using a fluorescence plate reader fmax (Molecular Devices, Inc.), the reaction rate was measured from the time-course changes at excitation wavelength 320 nm and fluorescence wavelength 405 nm. The Ki value was calculated from the concentration of the test compound, reciprocal of reaction rate, and Km value of the enzyme substrate, and by using Dixon plot.";"B";"BAO_0000357";"single protein format";"Homo sapiens";"None";"None";"None";"None";"";"";"";"CHEMBL209";"Serine protease 1";"Homo sapiens";"SINGLE PROTEIN";"CHEMBL5725983";"37";"BindingDB Patent Bioactivity Data";"";"2017";"None";"";"";"";"1.87"
"CHEMBL5940470";"";"None";"499.99";"0";"3.33";"BDBM308253";"CCC(CC)(Cc1ccc(C(=O)Oc2ccc(C(=N)N)cc2F)s1)C(=O)NCCC(=O)O.Cl";"Ki";"'='";"2.5";"nM";"8.60";"";"591862";"UO_0000065";"18.56";"0.37";"5.27";"6.03";"0";"CHEMBL5731810";"Inhibitory Activity Assay: Using a 96 well plate (#3915, Costar), a test compound (25 μL), 400 mM Tris-HCl buffer (pH 8.0, 25 μL) and 0.5 mg/mL fluorescence enzyme substrate (Gly-Asp-Asp-Asp-Asp-Lys-β-Naphtylamide, 25 μL) were mixed, and recombinant human enteropeptidase (R&D Systems, Inc., 25 μL) was added. Using a fluorescence plate reader fmax (Molecular Devices, Inc.), the reaction rate was measured from the time-course changes at excitation wavelength 320 nm and fluorescence wavelength 405 nm. The Ki value was calculated from the concentration of the test compound, reciprocal of reaction rate, and Km value of the enzyme substrate, and by using Dixon plot.";"B";"BAO_0000357";"single protein format";"Homo sapiens";"None";"None";"None";"None";"";"";"";"CHEMBL209";"Serine protease 1";"Homo sapiens";"SINGLE PROTEIN";"CHEMBL5725983";"37";"BindingDB Patent Bioactivity Data";"";"2017";"None";"";"";"";"2.5"
"CHEMBL5922172";"";"None";"576.09";"1";"4.55";"BDBM308322";"CCC(CC)(Cc1ccc(C(=O)Oc2ccc(C(=N)N)cc2F)s1)C(=O)N[C@@H](Cc1ccccc1)C(=O)O.Cl";"Ki";"'='";"8.3";"nM";"8.08";"";"591866";"UO_0000065";"14.97";"0.29";"3.53";"5.67";"0";"CHEMBL5731810";"Inhibitory Activity Assay: Using a 96 well plate (#3915, Costar), a test compound (25 μL), 400 mM Tris-HCl buffer (pH 8.0, 25 μL) and 0.5 mg/mL fluorescence enzyme substrate (Gly-Asp-Asp-Asp-Asp-Lys-β-Naphtylamide, 25 μL) were mixed, and recombinant human enteropeptidase (R&D Systems, Inc., 25 μL) was added. Using a fluorescence plate reader fmax (Molecular Devices, Inc.), the reaction rate was measured from the time-course changes at excitation wavelength 320 nm and fluorescence wavelength 405 nm. The Ki value was calculated from the concentration of the test compound, reciprocal of reaction rate, and Km value of the enzyme substrate, and by using Dixon plot.";"B";"BAO_0000357";"single protein format";"Homo sapiens";"None";"None";"None";"None";"";"";"";"CHEMBL209";"Serine protease 1";"Homo sapiens";"SINGLE PROTEIN";"CHEMBL5725983";"37";"BindingDB Patent Bioactivity Data";"";"2017";"None";"";"";"";"8.3"
"CHEMBL5829824";"";"None";"499.99";"0";"3.33";"BDBM308435";"CCC(CC)(Cc1ccc(C(=O)Oc2ccc(C(=N)N)cc2F)s1)C(=O)N[C@@H](C)C(=O)O.Cl";"Ki";"'='";"1.67";"nM";"8.78";"";"591888";"UO_0000065";"18.94";"0.37";"5.45";"6.16";"0";"CHEMBL5731810";"Inhibitory Activity Assay: Using a 96 well plate (#3915, Costar), a test compound (25 μL), 400 mM Tris-HCl buffer (pH 8.0, 25 μL) and 0.5 mg/mL fluorescence enzyme substrate (Gly-Asp-Asp-Asp-Asp-Lys-β-Naphtylamide, 25 μL) were mixed, and recombinant human enteropeptidase (R&D Systems, Inc., 25 μL) was added. Using a fluorescence plate reader fmax (Molecular Devices, Inc.), the reaction rate was measured from the time-course changes at excitation wavelength 320 nm and fluorescence wavelength 405 nm. The Ki value was calculated from the concentration of the test compound, reciprocal of reaction rate, and Km value of the enzyme substrate, and by using Dixon plot.";"B";"BAO_0000357";"single protein format";"Homo sapiens";"None";"None";"None";"None";"";"";"";"CHEMBL209";"Serine protease 1";"Homo sapiens";"SINGLE PROTEIN";"CHEMBL5725983";"37";"BindingDB Patent Bioactivity Data";"";"2017";"None";"";"";"";"1.67"
"CHEMBL3672850";"";"None";"497.55";"0";"3.90";"BDBM158109";"CC(C)(Cc1ccc(C(=O)Oc2ccc(C(=N)N)cc2F)s1)C(=O)N[C@H](C(=O)O)c1ccccc1";"Ki";"'='";"1.51";"nM";"8.82";"";"591908";"UO_0000065";"17.73";"0.34";"4.92";"6.19";"1";"CHEMBL5731810";"Inhibitory Activity Assay: Using a 96 well plate (#3915, Costar), a test compound (25 μL), 400 mM Tris-HCl buffer (pH 8.0, 25 μL) and 0.5 mg/mL fluorescence enzyme substrate (Gly-Asp-Asp-Asp-Asp-Lys-β-Naphtylamide, 25 μL) were mixed, and recombinant human enteropeptidase (R&D Systems, Inc., 25 μL) was added. Using a fluorescence plate reader fmax (Molecular Devices, Inc.), the reaction rate was measured from the time-course changes at excitation wavelength 320 nm and fluorescence wavelength 405 nm. The Ki value was calculated from the concentration of the test compound, reciprocal of reaction rate, and Km value of the enzyme substrate, and by using Dixon plot.";"B";"BAO_0000357";"single protein format";"Homo sapiens";"None";"None";"None";"None";"";"";"";"CHEMBL209";"Serine protease 1";"Homo sapiens";"SINGLE PROTEIN";"CHEMBL5725983";"37";"BindingDB Patent Bioactivity Data";"";"2017";"None";"";"";"";"1.51"
"CHEMBL3672851";"";"None";"497.55";"0";"3.90";"BDBM158110";"CC(C)(Cc1ccc(C(=O)Oc2ccc(C(=N)N)cc2F)s1)C(=O)N[C@@H](C(=O)O)c1ccccc1";"Ki";"'='";"1.45";"nM";"8.84";"";"591910";"UO_0000065";"17.76";"0.34";"4.94";"6.20";"1";"CHEMBL5731810";"Inhibitory Activity Assay: Using a 96 well plate (#3915, Costar), a test compound (25 μL), 400 mM Tris-HCl buffer (pH 8.0, 25 μL) and 0.5 mg/mL fluorescence enzyme substrate (Gly-Asp-Asp-Asp-Asp-Lys-β-Naphtylamide, 25 μL) were mixed, and recombinant human enteropeptidase (R&D Systems, Inc., 25 μL) was added. Using a fluorescence plate reader fmax (Molecular Devices, Inc.), the reaction rate was measured from the time-course changes at excitation wavelength 320 nm and fluorescence wavelength 405 nm. The Ki value was calculated from the concentration of the test compound, reciprocal of reaction rate, and Km value of the enzyme substrate, and by using Dixon plot.";"B";"BAO_0000357";"single protein format";"Homo sapiens";"None";"None";"None";"None";"";"";"";"CHEMBL209";"Serine protease 1";"Homo sapiens";"SINGLE PROTEIN";"CHEMBL5725983";"37";"BindingDB Patent Bioactivity Data";"";"2017";"None";"";"";"";"1.45"
"CHEMBL5974987";"";"None";"562.06";"2";"5.01";"BDBM308512";"CCC(CC)(Cc1ccc(C(=O)Oc2ccc(C(=N)N)cc2F)s1)C(=O)Nc1ccc(CC(=O)O)cc1.Cl";"Ki";"'='";"3.35";"nM";"8.47";"";"591930";"UO_0000065";"16.12";"0.31";"3.46";"5.94";"0";"CHEMBL5731810";"Inhibitory Activity Assay: Using a 96 well plate (#3915, Costar), a test compound (25 μL), 400 mM Tris-HCl buffer (pH 8.0, 25 μL) and 0.5 mg/mL fluorescence enzyme substrate (Gly-Asp-Asp-Asp-Asp-Lys-β-Naphtylamide, 25 μL) were mixed, and recombinant human enteropeptidase (R&D Systems, Inc., 25 μL) was added. Using a fluorescence plate reader fmax (Molecular Devices, Inc.), the reaction rate was measured from the time-course changes at excitation wavelength 320 nm and fluorescence wavelength 405 nm. The Ki value was calculated from the concentration of the test compound, reciprocal of reaction rate, and Km value of the enzyme substrate, and by using Dixon plot.";"B";"BAO_0000357";"single protein format";"Homo sapiens";"None";"None";"None";"None";"";"";"";"CHEMBL209";"Serine protease 1";"Homo sapiens";"SINGLE PROTEIN";"CHEMBL5725983";"37";"BindingDB Patent Bioactivity Data";"";"2017";"None";"";"";"";"3.35"
"CHEMBL5949696";"";"None";"562.06";"1";"4.75";"BDBM308517";"CCC(CC)(Cc1ccc(C(=O)Oc2ccc(C(=N)N)cc2F)s1)C(=O)NCc1ccc(C(=O)O)cc1.Cl";"Ki";"'='";"9.27";"nM";"8.03";"";"591940";"UO_0000065";"15.28";"0.30";"3.28";"5.63";"0";"CHEMBL5731810";"Inhibitory Activity Assay: Using a 96 well plate (#3915, Costar), a test compound (25 μL), 400 mM Tris-HCl buffer (pH 8.0, 25 μL) and 0.5 mg/mL fluorescence enzyme substrate (Gly-Asp-Asp-Asp-Asp-Lys-β-Naphtylamide, 25 μL) were mixed, and recombinant human enteropeptidase (R&D Systems, Inc., 25 μL) was added. Using a fluorescence plate reader fmax (Molecular Devices, Inc.), the reaction rate was measured from the time-course changes at excitation wavelength 320 nm and fluorescence wavelength 405 nm. The Ki value was calculated from the concentration of the test compound, reciprocal of reaction rate, and Km value of the enzyme substrate, and by using Dixon plot.";"B";"BAO_0000357";"single protein format";"Homo sapiens";"None";"None";"None";"None";"";"";"";"CHEMBL209";"Serine protease 1";"Homo sapiens";"SINGLE PROTEIN";"CHEMBL5725983";"37";"BindingDB Patent Bioactivity Data";"";"2017";"None";"";"";"";"9.27"
"CHEMBL3672877";"";"None";"445.48";"0";"1.79";"BDBM158137";"CC(C)(Cc1ccc(C(=O)Oc2ccc(C(=N)N)cc2F)s1)C(=O)NCc1nnn[nH]1";"Ki";"'='";"0.75";"nM";"9.12";"";"591964";"UO_0000065";"20.48";"0.40";"7.33";"5.71";"1";"CHEMBL5731810";"Inhibitory Activity Assay: Using a 96 well plate (#3915, Costar), a test compound (25 μL), 400 mM Tris-HCl buffer (pH 8.0, 25 μL) and 0.5 mg/mL fluorescence enzyme substrate (Gly-Asp-Asp-Asp-Asp-Lys-β-Naphtylamide, 25 μL) were mixed, and recombinant human enteropeptidase (R&D Systems, Inc., 25 μL) was added. Using a fluorescence plate reader fmax (Molecular Devices, Inc.), the reaction rate was measured from the time-course changes at excitation wavelength 320 nm and fluorescence wavelength 405 nm. The Ki value was calculated from the concentration of the test compound, reciprocal of reaction rate, and Km value of the enzyme substrate, and by using Dixon plot.";"B";"BAO_0000357";"single protein format";"Homo sapiens";"None";"None";"None";"None";"";"";"";"CHEMBL209";"Serine protease 1";"Homo sapiens";"SINGLE PROTEIN";"CHEMBL5725983";"37";"BindingDB Patent Bioactivity Data";"";"2017";"None";"";"";"";"0.75"
"CHEMBL5914341";"";"None";"457.90";"0";"3.07";"BDBM294042";"O=C(NC[C@@H]1OC(=O)N2c3ccc(-n4ccccc4=O)cc3OC[C@@H]12)c1ccc(Cl)s1";"Ki";"'>'";"20000.0";"nM";"";"";"560188";"UO_0000065";"";"";"";"";"0";"CHEMBL5731530";"Human Trypsin Assay: The inhibitory activity on human trypsin was determined by using buffer (50 mM Tris, pH 8.2, and 20 mM CaCl2). Appropriate wells in the Greiner 384 microtiter plate were used to determine IC50. A buffer containing 50 μL human trypsin (Sigma; T6424), the final concentration was 0.39 BAEE unit/mL, a buffer containing 2 μL 2% (V/V) DMSO (control group which was free of inhibition) or various concentration of the compound to be tested was diluted in the buffer containing 2% (V/V) DMSO. A buffer containing substrate S-2222 (Chromogenix), the final concentration was 30 μM. In this assay, the compound to be tested and the enzyme were pre-incubated for 10 minutes and then 48 μL substrate was added to give a final volume of 100 μL to start the assay.";"B";"BAO_0000357";"single protein format";"Homo sapiens";"None";"None";"None";"None";"";"";"";"CHEMBL209";"Serine protease 1";"Homo sapiens";"SINGLE PROTEIN";"CHEMBL5725816";"37";"BindingDB Patent Bioactivity Data";"";"2018";"None";"";"";"";"20000.0"
"CHEMBL94622";"";"None";"505.02";"1";"1.91";"8";"O=C1COc2ccc(Cl)cc2CNC(=O)[C@@H]2CCCN2C(=O)C(C2CCCCC2)NC(=O)CCN1";"Ki";"'='";"21500.0";"nM";"4.67";"";"";"UO_0000065";"9.24";"0.18";"2.76";"3.99";"0";"CHEMBL817817";"Inhibitory activity against human trypsin";"B";"BAO_0000357";"single protein format";"None";"None";"None";"None";"None";"";"";"";"CHEMBL209";"Serine protease 1";"Homo sapiens";"SINGLE PROTEIN";"CHEMBL1136169";"1";"Scientific Literature";"Bioorg Med Chem Lett";"2003";"None";"";"";"";"21.5"
"CHEMBL5870684";"";"None";"433.46";"0";"2.25";"BDBM308518";"CC(C)(Cc1ccc(C(=O)Oc2ccc(C(=N)N)cc2F)s1)C(=O)N1CC1C(=O)O";"Ki";"'='";"1.53";"nM";"8.81";"";"591942";"UO_0000065";"20.34";"0.40";"6.57";"6.60";"0";"CHEMBL5731810";"Inhibitory Activity Assay: Using a 96 well plate (#3915, Costar), a test compound (25 μL), 400 mM Tris-HCl buffer (pH 8.0, 25 μL) and 0.5 mg/mL fluorescence enzyme substrate (Gly-Asp-Asp-Asp-Asp-Lys-β-Naphtylamide, 25 μL) were mixed, and recombinant human enteropeptidase (R&D Systems, Inc., 25 μL) was added. Using a fluorescence plate reader fmax (Molecular Devices, Inc.), the reaction rate was measured from the time-course changes at excitation wavelength 320 nm and fluorescence wavelength 405 nm. The Ki value was calculated from the concentration of the test compound, reciprocal of reaction rate, and Km value of the enzyme substrate, and by using Dixon plot.";"B";"BAO_0000357";"single protein format";"Homo sapiens";"None";"None";"None";"None";"";"";"";"CHEMBL209";"Serine protease 1";"Homo sapiens";"SINGLE PROTEIN";"CHEMBL5725983";"37";"BindingDB Patent Bioactivity Data";"";"2017";"None";"";"";"";"1.53"
"CHEMBL5959342";"";"None";"497.98";"0";"3.08";"BDBM308520";"CC(C)(Cc1ccc(C(=O)Oc2ccc(C(=N)N)cc2F)s1)C(=O)NC1(C(=O)O)CCC1.Cl";"Ki";"'='";"1.49";"nM";"8.83";"";"591946";"UO_0000065";"19.13";"0.38";"5.75";"6.19";"0";"CHEMBL5731810";"Inhibitory Activity Assay: Using a 96 well plate (#3915, Costar), a test compound (25 μL), 400 mM Tris-HCl buffer (pH 8.0, 25 μL) and 0.5 mg/mL fluorescence enzyme substrate (Gly-Asp-Asp-Asp-Asp-Lys-β-Naphtylamide, 25 μL) were mixed, and recombinant human enteropeptidase (R&D Systems, Inc., 25 μL) was added. Using a fluorescence plate reader fmax (Molecular Devices, Inc.), the reaction rate was measured from the time-course changes at excitation wavelength 320 nm and fluorescence wavelength 405 nm. The Ki value was calculated from the concentration of the test compound, reciprocal of reaction rate, and Km value of the enzyme substrate, and by using Dixon plot.";"B";"BAO_0000357";"single protein format";"Homo sapiens";"None";"None";"None";"None";"";"";"";"CHEMBL209";"Serine protease 1";"Homo sapiens";"SINGLE PROTEIN";"CHEMBL5725983";"37";"BindingDB Patent Bioactivity Data";"";"2017";"None";"";"";"";"1.49"
"CHEMBL3672874";"";"None";"433.46";"0";"2.25";"BDBM158133";"CC(C)(Cc1ccc(C(=O)Oc2ccc(C(=N)N)cc2F)s1)C(=O)N1C[C@H]1C(=O)O";"Ki";"'='";"0.96";"nM";"9.02";"";"591956";"UO_0000065";"20.80";"0.41";"6.77";"6.75";"1";"CHEMBL5731810";"Inhibitory Activity Assay: Using a 96 well plate (#3915, Costar), a test compound (25 μL), 400 mM Tris-HCl buffer (pH 8.0, 25 μL) and 0.5 mg/mL fluorescence enzyme substrate (Gly-Asp-Asp-Asp-Asp-Lys-β-Naphtylamide, 25 μL) were mixed, and recombinant human enteropeptidase (R&D Systems, Inc., 25 μL) was added. Using a fluorescence plate reader fmax (Molecular Devices, Inc.), the reaction rate was measured from the time-course changes at excitation wavelength 320 nm and fluorescence wavelength 405 nm. The Ki value was calculated from the concentration of the test compound, reciprocal of reaction rate, and Km value of the enzyme substrate, and by using Dixon plot.";"B";"BAO_0000357";"single protein format";"Homo sapiens";"None";"None";"None";"None";"";"";"";"CHEMBL209";"Serine protease 1";"Homo sapiens";"SINGLE PROTEIN";"CHEMBL5725983";"37";"BindingDB Patent Bioactivity Data";"";"2017";"None";"";"";"";"0.96"
"CHEMBL3672889";"";"None";"506.56";"1";"2.06";"BDBM158149";"CCC(CC)(Cc1ccc(C(=O)Oc2ccc(C(=N)N)cc2F)s1)C(=O)NCC(=O)NCC(=O)O";"Ki";"'='";"1.42";"nM";"8.85";"";"591988";"UO_0000065";"17.47";"0.35";"6.79";"5.15";"1";"CHEMBL5731810";"Inhibitory Activity Assay: Using a 96 well plate (#3915, Costar), a test compound (25 μL), 400 mM Tris-HCl buffer (pH 8.0, 25 μL) and 0.5 mg/mL fluorescence enzyme substrate (Gly-Asp-Asp-Asp-Asp-Lys-β-Naphtylamide, 25 μL) were mixed, and recombinant human enteropeptidase (R&D Systems, Inc., 25 μL) was added. Using a fluorescence plate reader fmax (Molecular Devices, Inc.), the reaction rate was measured from the time-course changes at excitation wavelength 320 nm and fluorescence wavelength 405 nm. The Ki value was calculated from the concentration of the test compound, reciprocal of reaction rate, and Km value of the enzyme substrate, and by using Dixon plot.";"B";"BAO_0000357";"single protein format";"Homo sapiens";"None";"None";"None";"None";"";"";"";"CHEMBL209";"Serine protease 1";"Homo sapiens";"SINGLE PROTEIN";"CHEMBL5725983";"37";"BindingDB Patent Bioactivity Data";"";"2017";"None";"";"";"";"1.42"
"CHEMBL5968103";"";"None";"512.00";"0";"3.28";"BDBM308552";"CCC(CC)(Cc1ccc(C(=O)Oc2ccc(C(=N)N)cc2F)s1)C(=O)N1CC(C(=O)O)C1.Cl";"Ki";"'='";"2.87";"nM";"8.54";"";"592010";"UO_0000065";"17.96";"0.35";"5.26";"6.39";"0";"CHEMBL5731810";"Inhibitory Activity Assay: Using a 96 well plate (#3915, Costar), a test compound (25 μL), 400 mM Tris-HCl buffer (pH 8.0, 25 μL) and 0.5 mg/mL fluorescence enzyme substrate (Gly-Asp-Asp-Asp-Asp-Lys-β-Naphtylamide, 25 μL) were mixed, and recombinant human enteropeptidase (R&D Systems, Inc., 25 μL) was added. Using a fluorescence plate reader fmax (Molecular Devices, Inc.), the reaction rate was measured from the time-course changes at excitation wavelength 320 nm and fluorescence wavelength 405 nm. The Ki value was calculated from the concentration of the test compound, reciprocal of reaction rate, and Km value of the enzyme substrate, and by using Dixon plot.";"B";"BAO_0000357";"single protein format";"Homo sapiens";"None";"None";"None";"None";"";"";"";"CHEMBL209";"Serine protease 1";"Homo sapiens";"SINGLE PROTEIN";"CHEMBL5725983";"37";"BindingDB Patent Bioactivity Data";"";"2017";"None";"";"";"";"2.87"
"CHEMBL3642884";"";"None";"334.30";"0";"2.19";"BDBM109611";"CC(Cc1ccc(C(=O)Oc2ccc(C(=N)N)cc2F)o1)C(=O)O";"Ki";"'='";"0.79";"nM";"9.10";"";"230106";"UO_0000065";"27.23";"0.52";"6.91";"7.19";"0";"CHEMBL3705715";"Inhibition Assay: Inhibition assay using human trysin.";"B";"BAO_0000357";"single protein format";"Homo sapiens";"None";"None";"None";"None";"";"";"";"CHEMBL209";"Serine protease 1";"Homo sapiens";"SINGLE PROTEIN";"CHEMBL3638962";"37";"BindingDB Patent Bioactivity Data";"";"2013";"None";"";"";"";"0.79"
"CHEMBL3642886";"";"None";"449.39";"0";"1.14";"BDBM109613";"CC(Cc1ccc(C(=O)Oc2ccc(C(=N)N)cc2F)o1)C(=O)N[C@H](CC(=O)O)C(=O)O";"Ki";"'='";"0.38";"nM";"9.42";"";"230108";"UO_0000065";"20.96";"0.40";"8.28";"4.88";"0";"CHEMBL3705715";"Inhibition Assay: Inhibition assay using human trysin.";"B";"BAO_0000357";"single protein format";"Homo sapiens";"None";"None";"None";"None";"";"";"";"CHEMBL209";"Serine protease 1";"Homo sapiens";"SINGLE PROTEIN";"CHEMBL3638962";"37";"BindingDB Patent Bioactivity Data";"";"2013";"None";"";"";"";"0.38"
"CHEMBL3642887";"";"None";"352.37";"0";"1.60";"BDBM109614";"CC(Cc1ccc(C(=O)Oc2ccc(C(=N)N)cc2)o1)S(=O)(=O)O";"Ki";"'='";"1.33";"nM";"8.88";"";"230109";"UO_0000065";"25.19";"0.51";"7.28";"6.18";"0";"CHEMBL3705715";"Inhibition Assay: Inhibition assay using human trysin.";"B";"BAO_0000357";"single protein format";"Homo sapiens";"None";"None";"None";"None";"";"";"";"CHEMBL209";"Serine protease 1";"Homo sapiens";"SINGLE PROTEIN";"CHEMBL3638962";"37";"BindingDB Patent Bioactivity Data";"";"2013";"None";"";"";"";"1.33"
"CHEMBL3642868";"";"None";"417.42";"0";"0.91";"BDBM109594";"CC(Cc1ccc(C(=O)Oc2ccc(C(=N)N)cc2)o1)C(=O)N[C@H](C(=O)O)C(C)O";"Ki";"'='";"1.84";"nM";"8.73";"";"230089";"UO_0000065";"20.93";"0.40";"7.83";"4.96";"0";"CHEMBL3705715";"Inhibition Assay: Inhibition assay using human trysin.";"B";"BAO_0000357";"single protein format";"Homo sapiens";"None";"None";"None";"None";"";"";"";"CHEMBL209";"Serine protease 1";"Homo sapiens";"SINGLE PROTEIN";"CHEMBL3638962";"37";"BindingDB Patent Bioactivity Data";"";"2013";"None";"";"";"";"1.84"
"CHEMBL5963073";"";"None";"331.75";"0";"3.92";"BDBM113065";"CCOc1cc2c(=O)oc(-c3ccccc3Cl)nc2cc1OC";"Ki";"'>'";"10000.0";"nM";"";"";"461903";"UO_0000065";"";"";"";"";"0";"CHEMBL5730557";"Trypsin Assay: Materials: Trypsin, 100 ug (Roche, sequence grade, Mw 23500), Substrate S-2288 (Chromogenics, cat. no. 820852). Trypsin activity was determined at 37° C. in 10 mM Na phosphate pH 7.2, 0.5 M NaCl, with final concentrations of 0.8 ug/ml (34 nM) of Trypsin, 1 mM substrate, 5% DMSO in the presence of 0 uM, 0.1 uM, 1.0 uM and 10 uM of inhibitor, in 96 well plates by measuring absorbance at 405 nm in a plate reader (Spectramax).";"B";"BAO_0000357";"single protein format";"Homo sapiens";"None";"None";"None";"None";"";"";"";"CHEMBL209";"Serine protease 1";"Homo sapiens";"SINGLE PROTEIN";"CHEMBL5725320";"37";"BindingDB Patent Bioactivity Data";"";"2017";"None";"";"";"";"10000.0"
"CHEMBL3672862";"";"None";"519.64";"1";"4.74";"BDBM158121";"CCC(C)[C@@H](CC(=O)O)NC(=O)C(CC)(CC)Cc1ccc(C(=O)Oc2ccc(C(=N)N)cc2F)s1";"Ki";"'='";"1.97";"nM";"8.71";"";"355667";"UO_0000065";"16.75";"0.33";"3.97";"6.11";"0";"CHEMBL3887805";"Trypsin Inhibition Assay: Using a 96 well plate (#3915, Costar), a test compound (25 uL) was mixed with 20 uM fluorescence enzyme substrate (Boc-Phe-Ser-Arg-AMC, 50 uL) mixed with 200 mM Tris-HCl buffer (pH 8.0), and human trypsin (Sigma, 25 uL) was added. Using a fluorescence plate reader fmax (Molecular Devices, Inc.), the reaction rate was measured from the time-course changes at excitation wavelength 355 nm and fluorescence wavelength 460 nm.";"B";"BAO_0000357";"single protein format";"Homo sapiens";"None";"None";"None";"None";"";"";"";"CHEMBL209";"Serine protease 1";"Homo sapiens";"SINGLE PROTEIN";"CHEMBL3886456";"37";"BindingDB Patent Bioactivity Data";"";"2016";"None";"";"";"";"1.97"
"CHEMBL5896668";"";"None";"592.05";"1";"4.77";"BDBM308554";"CCC(CC)(Cc1ccc(C(=O)Oc2ccc(C(=N)N)cc2F)s1)C(=O)Nc1ccc(C(=O)O)c(C(=O)O)c1.Cl";"Ki";"'='";"1.7";"nM";"8.77";"";"592014";"UO_0000065";"15.78";"0.31";"4.00";"4.88";"0";"CHEMBL5731810";"Inhibitory Activity Assay: Using a 96 well plate (#3915, Costar), a test compound (25 μL), 400 mM Tris-HCl buffer (pH 8.0, 25 μL) and 0.5 mg/mL fluorescence enzyme substrate (Gly-Asp-Asp-Asp-Asp-Lys-β-Naphtylamide, 25 μL) were mixed, and recombinant human enteropeptidase (R&D Systems, Inc., 25 μL) was added. Using a fluorescence plate reader fmax (Molecular Devices, Inc.), the reaction rate was measured from the time-course changes at excitation wavelength 320 nm and fluorescence wavelength 405 nm. The Ki value was calculated from the concentration of the test compound, reciprocal of reaction rate, and Km value of the enzyme substrate, and by using Dixon plot.";"B";"BAO_0000357";"single protein format";"Homo sapiens";"None";"None";"None";"None";"";"";"";"CHEMBL209";"Serine protease 1";"Homo sapiens";"SINGLE PROTEIN";"CHEMBL5725983";"37";"BindingDB Patent Bioactivity Data";"";"2017";"None";"";"";"";"1.7"
"CHEMBL5911047";"";"None";"497.98";"0";"2.89";"BDBM308555";"CC(C)(Cc1ccc(C(=O)Oc2ccc(C(=N)N)cc2F)s1)C(=O)N1CC[C@H](C(=O)O)C1.Cl";"Ki";"'='";"1.33";"nM";"8.88";"";"592016";"UO_0000065";"19.23";"0.38";"5.99";"6.63";"0";"CHEMBL5731810";"Inhibitory Activity Assay: Using a 96 well plate (#3915, Costar), a test compound (25 μL), 400 mM Tris-HCl buffer (pH 8.0, 25 μL) and 0.5 mg/mL fluorescence enzyme substrate (Gly-Asp-Asp-Asp-Asp-Lys-β-Naphtylamide, 25 μL) were mixed, and recombinant human enteropeptidase (R&D Systems, Inc., 25 μL) was added. Using a fluorescence plate reader fmax (Molecular Devices, Inc.), the reaction rate was measured from the time-course changes at excitation wavelength 320 nm and fluorescence wavelength 405 nm. The Ki value was calculated from the concentration of the test compound, reciprocal of reaction rate, and Km value of the enzyme substrate, and by using Dixon plot.";"B";"BAO_0000357";"single protein format";"Homo sapiens";"None";"None";"None";"None";"";"";"";"CHEMBL209";"Serine protease 1";"Homo sapiens";"SINGLE PROTEIN";"CHEMBL5725983";"37";"BindingDB Patent Bioactivity Data";"";"2017";"None";"";"";"";"1.33"
"CHEMBL3672878";"";"None";"555.58";"1";"4.77";"BDBM158138";"CCC(CC)(Cc1ccc(C(=O)Oc2ccc(C(=N)N)cc2F)s1)C(=O)Nc1cc(C(=O)O)cc(C(=O)O)c1";"Ki";"'='";"1.58";"nM";"8.80";"";"591966";"UO_0000065";"15.84";"0.31";"4.03";"4.89";"1";"CHEMBL5731810";"Inhibitory Activity Assay: Using a 96 well plate (#3915, Costar), a test compound (25 μL), 400 mM Tris-HCl buffer (pH 8.0, 25 μL) and 0.5 mg/mL fluorescence enzyme substrate (Gly-Asp-Asp-Asp-Asp-Lys-β-Naphtylamide, 25 μL) were mixed, and recombinant human enteropeptidase (R&D Systems, Inc., 25 μL) was added. Using a fluorescence plate reader fmax (Molecular Devices, Inc.), the reaction rate was measured from the time-course changes at excitation wavelength 320 nm and fluorescence wavelength 405 nm. The Ki value was calculated from the concentration of the test compound, reciprocal of reaction rate, and Km value of the enzyme substrate, and by using Dixon plot.";"B";"BAO_0000357";"single protein format";"Homo sapiens";"None";"None";"None";"None";"";"";"";"CHEMBL209";"Serine protease 1";"Homo sapiens";"SINGLE PROTEIN";"CHEMBL5725983";"37";"BindingDB Patent Bioactivity Data";"";"2017";"None";"";"";"";"1.58"
"CHEMBL3667909";"";"None";"483.52";"0";"4.30";"BDBM158103";"CC(C)(Cc1ccc(C(=O)Oc2ccc(C(=N)N)cc2F)s1)C(=O)Nc1ccc(C(=O)O)cc1";"Ki";"'='";"2.89";"nM";"8.54";"";"355649";"UO_0000065";"17.66";"0.34";"4.24";"5.99";"1";"CHEMBL3887805";"Trypsin Inhibition Assay: Using a 96 well plate (#3915, Costar), a test compound (25 uL) was mixed with 20 uM fluorescence enzyme substrate (Boc-Phe-Ser-Arg-AMC, 50 uL) mixed with 200 mM Tris-HCl buffer (pH 8.0), and human trypsin (Sigma, 25 uL) was added. Using a fluorescence plate reader fmax (Molecular Devices, Inc.), the reaction rate was measured from the time-course changes at excitation wavelength 355 nm and fluorescence wavelength 460 nm.";"B";"BAO_0000357";"single protein format";"Homo sapiens";"None";"None";"None";"None";"";"";"";"CHEMBL209";"Serine protease 1";"Homo sapiens";"SINGLE PROTEIN";"CHEMBL3886456";"37";"BindingDB Patent Bioactivity Data";"";"2016";"None";"";"";"";"2.89"
"CHEMBL3672856";"";"None";"521.57";"1";"3.17";"BDBM158115";"CCC(CC)(Cc1ccc(C(=O)Oc2ccc(C(=N)N)cc2F)s1)C(=O)N[C@H](CCC(=O)O)C(=O)O";"Ki";"'='";"1.96";"nM";"8.71";"";"355661";"UO_0000065";"16.70";"0.33";"5.54";"4.84";"0";"CHEMBL3887805";"Trypsin Inhibition Assay: Using a 96 well plate (#3915, Costar), a test compound (25 uL) was mixed with 20 uM fluorescence enzyme substrate (Boc-Phe-Ser-Arg-AMC, 50 uL) mixed with 200 mM Tris-HCl buffer (pH 8.0), and human trypsin (Sigma, 25 uL) was added. Using a fluorescence plate reader fmax (Molecular Devices, Inc.), the reaction rate was measured from the time-course changes at excitation wavelength 355 nm and fluorescence wavelength 460 nm.";"B";"BAO_0000357";"single protein format";"Homo sapiens";"None";"None";"None";"None";"";"";"";"CHEMBL209";"Serine protease 1";"Homo sapiens";"SINGLE PROTEIN";"CHEMBL3886456";"37";"BindingDB Patent Bioactivity Data";"";"2016";"None";"";"";"";"1.96"
"CHEMBL3667891";"";"None";"491.59";"0";"3.96";"BDBM158085";"CCC(CC)(Cc1ccc(C(=O)Oc2ccc(C(=N)N)cc2F)s1)C(=O)N[C@H](C(=O)O)C(C)C";"Ki";"'='";"5.18";"nM";"8.29";"";"355631";"UO_0000065";"16.85";"0.33";"4.33";"5.81";"1";"CHEMBL3887805";"Trypsin Inhibition Assay: Using a 96 well plate (#3915, Costar), a test compound (25 uL) was mixed with 20 uM fluorescence enzyme substrate (Boc-Phe-Ser-Arg-AMC, 50 uL) mixed with 200 mM Tris-HCl buffer (pH 8.0), and human trypsin (Sigma, 25 uL) was added. Using a fluorescence plate reader fmax (Molecular Devices, Inc.), the reaction rate was measured from the time-course changes at excitation wavelength 355 nm and fluorescence wavelength 460 nm.";"B";"BAO_0000357";"single protein format";"Homo sapiens";"None";"None";"None";"None";"";"";"";"CHEMBL209";"Serine protease 1";"Homo sapiens";"SINGLE PROTEIN";"CHEMBL3886456";"37";"BindingDB Patent Bioactivity Data";"";"2016";"None";"";"";"";"5.18"
"CHEMBL3667900";"";"None";"489.57";"0";"3.81";"BDBM158094";"CCC(CC)(Cc1ccc(C(=O)Oc2ccc(C(=N)N)cc2F)s1)C(=O)N1CCC[C@@H]1C(=O)O";"Ki";"'='";"3.57";"nM";"8.45";"";"355640";"UO_0000065";"17.25";"0.34";"4.64";"6.31";"0";"CHEMBL3887805";"Trypsin Inhibition Assay: Using a 96 well plate (#3915, Costar), a test compound (25 uL) was mixed with 20 uM fluorescence enzyme substrate (Boc-Phe-Ser-Arg-AMC, 50 uL) mixed with 200 mM Tris-HCl buffer (pH 8.0), and human trypsin (Sigma, 25 uL) was added. Using a fluorescence plate reader fmax (Molecular Devices, Inc.), the reaction rate was measured from the time-course changes at excitation wavelength 355 nm and fluorescence wavelength 460 nm.";"B";"BAO_0000357";"single protein format";"Homo sapiens";"None";"None";"None";"None";"";"";"";"CHEMBL209";"Serine protease 1";"Homo sapiens";"SINGLE PROTEIN";"CHEMBL3886456";"37";"BindingDB Patent Bioactivity Data";"";"2016";"None";"";"";"";"3.57"
"CHEMBL3672851";"";"None";"497.55";"0";"3.90";"BDBM158110";"CC(C)(Cc1ccc(C(=O)Oc2ccc(C(=N)N)cc2F)s1)C(=O)N[C@@H](C(=O)O)c1ccccc1";"Ki";"'='";"1.45";"nM";"8.84";"";"355656";"UO_0000065";"17.76";"0.34";"4.94";"6.20";"1";"CHEMBL3887805";"Trypsin Inhibition Assay: Using a 96 well plate (#3915, Costar), a test compound (25 uL) was mixed with 20 uM fluorescence enzyme substrate (Boc-Phe-Ser-Arg-AMC, 50 uL) mixed with 200 mM Tris-HCl buffer (pH 8.0), and human trypsin (Sigma, 25 uL) was added. Using a fluorescence plate reader fmax (Molecular Devices, Inc.), the reaction rate was measured from the time-course changes at excitation wavelength 355 nm and fluorescence wavelength 460 nm.";"B";"BAO_0000357";"single protein format";"Homo sapiens";"None";"None";"None";"None";"";"";"";"CHEMBL209";"Serine protease 1";"Homo sapiens";"SINGLE PROTEIN";"CHEMBL3886456";"37";"BindingDB Patent Bioactivity Data";"";"2016";"None";"";"";"";"1.45"
"CHEMBL3672859";"";"None";"439.46";"0";"3.44";"BDBM158118";"CC(C)(Cc1ccc(C(=O)Oc2ccc(C(=N)N)cc2F)s1)C(=O)N1CC(F)(F)C1";"Ki";"'='";"3.89";"nM";"8.41";"";"355664";"UO_0000065";"19.14";"0.38";"4.97";"8.72";"1";"CHEMBL3887805";"Trypsin Inhibition Assay: Using a 96 well plate (#3915, Costar), a test compound (25 uL) was mixed with 20 uM fluorescence enzyme substrate (Boc-Phe-Ser-Arg-AMC, 50 uL) mixed with 200 mM Tris-HCl buffer (pH 8.0), and human trypsin (Sigma, 25 uL) was added. Using a fluorescence plate reader fmax (Molecular Devices, Inc.), the reaction rate was measured from the time-course changes at excitation wavelength 355 nm and fluorescence wavelength 460 nm.";"B";"BAO_0000357";"single protein format";"Homo sapiens";"None";"None";"None";"None";"";"";"";"CHEMBL209";"Serine protease 1";"Homo sapiens";"SINGLE PROTEIN";"CHEMBL3886456";"37";"BindingDB Patent Bioactivity Data";"";"2016";"None";"";"";"";"3.89"
"CHEMBL3672861";"";"None";"525.60";"2";"5.01";"BDBM158120";"CCC(CC)(Cc1ccc(C(=O)Oc2ccc(C(=N)N)cc2F)s1)C(=O)Nc1ccc(CC(=O)O)cc1";"Ki";"'='";"3.35";"nM";"8.47";"";"355666";"UO_0000065";"16.12";"0.31";"3.46";"5.94";"1";"CHEMBL3887805";"Trypsin Inhibition Assay: Using a 96 well plate (#3915, Costar), a test compound (25 uL) was mixed with 20 uM fluorescence enzyme substrate (Boc-Phe-Ser-Arg-AMC, 50 uL) mixed with 200 mM Tris-HCl buffer (pH 8.0), and human trypsin (Sigma, 25 uL) was added. Using a fluorescence plate reader fmax (Molecular Devices, Inc.), the reaction rate was measured from the time-course changes at excitation wavelength 355 nm and fluorescence wavelength 460 nm.";"B";"BAO_0000357";"single protein format";"Homo sapiens";"None";"None";"None";"None";"";"";"";"CHEMBL209";"Serine protease 1";"Homo sapiens";"SINGLE PROTEIN";"CHEMBL3886456";"37";"BindingDB Patent Bioactivity Data";"";"2016";"None";"";"";"";"3.35"
"CHEMBL3672874";"";"None";"433.46";"0";"2.25";"BDBM158133";"CC(C)(Cc1ccc(C(=O)Oc2ccc(C(=N)N)cc2F)s1)C(=O)N1C[C@H]1C(=O)O";"Ki";"'='";"0.96";"nM";"9.02";"";"355679";"UO_0000065";"20.80";"0.41";"6.77";"6.75";"1";"CHEMBL3887805";"Trypsin Inhibition Assay: Using a 96 well plate (#3915, Costar), a test compound (25 uL) was mixed with 20 uM fluorescence enzyme substrate (Boc-Phe-Ser-Arg-AMC, 50 uL) mixed with 200 mM Tris-HCl buffer (pH 8.0), and human trypsin (Sigma, 25 uL) was added. Using a fluorescence plate reader fmax (Molecular Devices, Inc.), the reaction rate was measured from the time-course changes at excitation wavelength 355 nm and fluorescence wavelength 460 nm.";"B";"BAO_0000357";"single protein format";"Homo sapiens";"None";"None";"None";"None";"";"";"";"CHEMBL209";"Serine protease 1";"Homo sapiens";"SINGLE PROTEIN";"CHEMBL3886456";"37";"BindingDB Patent Bioactivity Data";"";"2016";"None";"";"";"";"0.96"
"CHEMBL3672876";"";"None";"459.51";"0";"1.83";"BDBM158136";"CC(C)(Cc1ccc(C(=O)Oc2ccc(C(=N)N)cc2F)s1)C(=O)NCCc1nnn[nH]1";"Ki";"'='";"1.6";"nM";"8.80";"";"355682";"UO_0000065";"19.14";"0.38";"6.97";"5.51";"1";"CHEMBL3887805";"Trypsin Inhibition Assay: Using a 96 well plate (#3915, Costar), a test compound (25 uL) was mixed with 20 uM fluorescence enzyme substrate (Boc-Phe-Ser-Arg-AMC, 50 uL) mixed with 200 mM Tris-HCl buffer (pH 8.0), and human trypsin (Sigma, 25 uL) was added. Using a fluorescence plate reader fmax (Molecular Devices, Inc.), the reaction rate was measured from the time-course changes at excitation wavelength 355 nm and fluorescence wavelength 460 nm.";"B";"BAO_0000357";"single protein format";"Homo sapiens";"None";"None";"None";"None";"";"";"";"CHEMBL209";"Serine protease 1";"Homo sapiens";"SINGLE PROTEIN";"CHEMBL3886456";"37";"BindingDB Patent Bioactivity Data";"";"2016";"None";"";"";"";"1.6"
"CHEMBL3672880";"";"None";"527.53";"1";"3.99";"BDBM158140";"CC(C)(Cc1ccc(C(=O)Oc2ccc(C(=N)N)cc2F)s1)C(=O)Nc1ccc(C(=O)O)c(C(=O)O)c1";"Ki";"'='";"0.21";"nM";"9.68";"";"355686";"UO_0000065";"18.35";"0.36";"5.69";"5.38";"1";"CHEMBL3887805";"Trypsin Inhibition Assay: Using a 96 well plate (#3915, Costar), a test compound (25 uL) was mixed with 20 uM fluorescence enzyme substrate (Boc-Phe-Ser-Arg-AMC, 50 uL) mixed with 200 mM Tris-HCl buffer (pH 8.0), and human trypsin (Sigma, 25 uL) was added. Using a fluorescence plate reader fmax (Molecular Devices, Inc.), the reaction rate was measured from the time-course changes at excitation wavelength 355 nm and fluorescence wavelength 460 nm.";"B";"BAO_0000357";"single protein format";"Homo sapiens";"None";"None";"None";"None";"";"";"";"CHEMBL209";"Serine protease 1";"Homo sapiens";"SINGLE PROTEIN";"CHEMBL3886456";"37";"BindingDB Patent Bioactivity Data";"";"2016";"None";"";"";"";"0.21"
"CHEMBL3672885";"";"None";"483.52";"0";"4.30";"BDBM158145";"CC(C)(Cc1ccc(C(=O)Oc2ccc(C(=N)N)cc2F)s1)C(=O)Nc1ccccc1C(=O)O";"Ki";"'='";"3.65";"nM";"8.44";"";"355691";"UO_0000065";"17.45";"0.34";"4.14";"5.92";"1";"CHEMBL3887805";"Trypsin Inhibition Assay: Using a 96 well plate (#3915, Costar), a test compound (25 uL) was mixed with 20 uM fluorescence enzyme substrate (Boc-Phe-Ser-Arg-AMC, 50 uL) mixed with 200 mM Tris-HCl buffer (pH 8.0), and human trypsin (Sigma, 25 uL) was added. Using a fluorescence plate reader fmax (Molecular Devices, Inc.), the reaction rate was measured from the time-course changes at excitation wavelength 355 nm and fluorescence wavelength 460 nm.";"B";"BAO_0000357";"single protein format";"Homo sapiens";"None";"None";"None";"None";"";"";"";"CHEMBL209";"Serine protease 1";"Homo sapiens";"SINGLE PROTEIN";"CHEMBL3886456";"37";"BindingDB Patent Bioactivity Data";"";"2016";"None";"";"";"";"3.65"
"CHEMBL3672891";"";"None";"475.54";"0";"3.47";"BDBM158151";"CCC(CC)(Cc1ccc(C(=O)Oc2ccc(C(=N)N)cc2F)s1)C(=O)NC1(C(=O)O)CC1";"Ki";"'='";"2.19";"nM";"8.66";"";"355697";"UO_0000065";"18.21";"0.36";"5.19";"6.07";"1";"CHEMBL3887805";"Trypsin Inhibition Assay: Using a 96 well plate (#3915, Costar), a test compound (25 uL) was mixed with 20 uM fluorescence enzyme substrate (Boc-Phe-Ser-Arg-AMC, 50 uL) mixed with 200 mM Tris-HCl buffer (pH 8.0), and human trypsin (Sigma, 25 uL) was added. Using a fluorescence plate reader fmax (Molecular Devices, Inc.), the reaction rate was measured from the time-course changes at excitation wavelength 355 nm and fluorescence wavelength 460 nm.";"B";"BAO_0000357";"single protein format";"Homo sapiens";"None";"None";"None";"None";"";"";"";"CHEMBL209";"Serine protease 1";"Homo sapiens";"SINGLE PROTEIN";"CHEMBL3886456";"37";"BindingDB Patent Bioactivity Data";"";"2016";"None";"";"";"";"2.19"
"CHEMBL3949541";"";"None";"461.52";"0";"2.89";"BDBM199981";"CC(C)(Cc1ccc(C(=O)Oc2ccc(C(=N)N)cc2F)s1)C(=O)N1CC[C@H](C(=O)O)C1";"Ki";"'='";"1.33";"nM";"8.88";"";"355709";"UO_0000065";"19.23";"0.38";"5.99";"6.63";"0";"CHEMBL3887805";"Trypsin Inhibition Assay: Using a 96 well plate (#3915, Costar), a test compound (25 uL) was mixed with 20 uM fluorescence enzyme substrate (Boc-Phe-Ser-Arg-AMC, 50 uL) mixed with 200 mM Tris-HCl buffer (pH 8.0), and human trypsin (Sigma, 25 uL) was added. Using a fluorescence plate reader fmax (Molecular Devices, Inc.), the reaction rate was measured from the time-course changes at excitation wavelength 355 nm and fluorescence wavelength 460 nm.";"B";"BAO_0000357";"single protein format";"Homo sapiens";"None";"None";"None";"None";"";"";"";"CHEMBL209";"Serine protease 1";"Homo sapiens";"SINGLE PROTEIN";"CHEMBL3886456";"37";"BindingDB Patent Bioactivity Data";"";"2016";"None";"";"";"";"1.33"
"CHEMBL314535";"";"None";"517.46";"0";"3.99";"2";"CC(=N)N1CC[C@H](Oc2ccc(C(Cc3ccc4ccc(C(=N)N)cc4c3)C(=O)O)cc2)C1.Cl.Cl";"Ki";"'='";"1100.0";"nM";"5.96";"";"";"UO_0000065";"13.40";"0.25";"1.97";"4.83";"0";"CHEMBL811615";"Compound was tested for inhibition of trypsin";"B";"BAO_0000357";"single protein format";"None";"None";"None";"None";"None";"";"";"";"CHEMBL209";"Serine protease 1";"Homo sapiens";"SINGLE PROTEIN";"CHEMBL1131265";"1";"Scientific Literature";"Bioorg Med Chem Lett";"1998";"None";"";"";"";"1100.0"
"CHEMBL92530";"";"None";"445.53";"0";"1.37";"1v";"N=C(N)c1ccc(O)c(CN2CC[C@H](NS(=O)(=O)c3cc4ccncc4s3)C2=O)c1";"Ki";"'>'";"2900.0";"nM";"";"";"";"UO_0000065";"";"";"";"";"0";"CHEMBL811610";"Binding affinity against trypsin";"B";"BAO_0000357";"single protein format";"None";"None";"None";"None";"None";"";"";"";"CHEMBL209";"Serine protease 1";"Homo sapiens";"SINGLE PROTEIN";"CHEMBL1131988";"1";"Scientific Literature";"Bioorg Med Chem Lett";"1999";"None";"";"";"";"2900.0"
"CHEMBL327404";"";"None";"650.59";"1";"1.75";"30";"COC(=O)CC1(C(=O)Nc2ccc(-c3ccccc3S(N)(=O)=O)cn2)CC(c2cccc(C(=N)N)c2)=NO1.O=C(O)C(F)(F)F";"Ki";"'='";"25.0";"nM";"7.60";"";"";"UO_0000065";"14.17";"0.27";"5.85";"3.80";"0";"CHEMBL824708";"The binding affinity was measured towards human purified trypsin";"B";"BAO_0000357";"single protein format";"None";"None";"None";"None";"None";"";"";"";"CHEMBL209";"Serine protease 1";"Homo sapiens";"SINGLE PROTEIN";"CHEMBL1132311";"1";"Scientific Literature";"J Med Chem";"1999";"None";"";"";"";"25.0"
"CHEMBL19080";"L-375378";"None";"406.49";"0";"1.81";"L-375378";"Cc1nc(N)ccc1CNC(=O)Cn1c(C)cnc(NCCc2ccccc2)c1=O";"Ki";"";"";"nM";"";"";"Not Active";"UO_0000065";"";"";"";"";"0";"CHEMBL817810";"In vitro inhibitory constant against trypsin; Inactive";"B";"BAO_0000357";"single protein format";"None";"None";"None";"None";"None";"";"";"";"CHEMBL209";"Serine protease 1";"Homo sapiens";"SINGLE PROTEIN";"CHEMBL1136066";"1";"Scientific Literature";"Bioorg Med Chem Lett";"2002";"None";"";"";"";""
"CHEMBL282028";"";"None";"429.43";"0";"1.44";"NC16";"Cc1cnc(NCC(F)(F)c2ccccc2)c(=O)n1CC(=O)NCc1cnc(N)cn1";"Ki";"";"";"nM";"";"";"Not Active";"UO_0000065";"";"";"";"";"0";"CHEMBL817810";"In vitro inhibitory constant against trypsin; Inactive";"B";"BAO_0000357";"single protein format";"None";"None";"None";"None";"None";"";"";"";"CHEMBL209";"Serine protease 1";"Homo sapiens";"SINGLE PROTEIN";"CHEMBL1136066";"1";"Scientific Literature";"Bioorg Med Chem Lett";"2002";"None";"";"";"";""
"CHEMBL3672890";"";"None";"489.57";"0";"3.72";"BDBM158150";"CC(C)(Cc1ccc(C(=O)Oc2ccc(C(=N)N)cc2F)s1)C(=O)N[C@H]1CC[C@H](C(=O)O)CC1";"Ki";"'='";"2.57";"nM";"8.59";"";"355696";"UO_0000065";"17.55";"0.35";"4.87";"6.03";"1";"CHEMBL3887805";"Trypsin Inhibition Assay: Using a 96 well plate (#3915, Costar), a test compound (25 uL) was mixed with 20 uM fluorescence enzyme substrate (Boc-Phe-Ser-Arg-AMC, 50 uL) mixed with 200 mM Tris-HCl buffer (pH 8.0), and human trypsin (Sigma, 25 uL) was added. Using a fluorescence plate reader fmax (Molecular Devices, Inc.), the reaction rate was measured from the time-course changes at excitation wavelength 355 nm and fluorescence wavelength 460 nm.";"B";"BAO_0000357";"single protein format";"Homo sapiens";"None";"None";"None";"None";"";"";"";"CHEMBL209";"Serine protease 1";"Homo sapiens";"SINGLE PROTEIN";"CHEMBL3886456";"37";"BindingDB Patent Bioactivity Data";"";"2016";"None";"";"";"";"2.57"
"CHEMBL3672892";"";"None";"489.57";"0";"3.86";"BDBM158152";"CCC(CC)(Cc1ccc(C(=O)Oc2ccc(C(=N)N)cc2F)s1)C(=O)NC1(C(=O)O)CCC1";"Ki";"'='";"4.67";"nM";"8.33";"";"355698";"UO_0000065";"17.02";"0.33";"4.47";"5.84";"1";"CHEMBL3887805";"Trypsin Inhibition Assay: Using a 96 well plate (#3915, Costar), a test compound (25 uL) was mixed with 20 uM fluorescence enzyme substrate (Boc-Phe-Ser-Arg-AMC, 50 uL) mixed with 200 mM Tris-HCl buffer (pH 8.0), and human trypsin (Sigma, 25 uL) was added. Using a fluorescence plate reader fmax (Molecular Devices, Inc.), the reaction rate was measured from the time-course changes at excitation wavelength 355 nm and fluorescence wavelength 460 nm.";"B";"BAO_0000357";"single protein format";"Homo sapiens";"None";"None";"None";"None";"";"";"";"CHEMBL209";"Serine protease 1";"Homo sapiens";"SINGLE PROTEIN";"CHEMBL3886456";"37";"BindingDB Patent Bioactivity Data";"";"2016";"None";"";"";"";"4.67"
"CHEMBL3903777";"";"None";"513.55";"1";"3.61";"BDBM199982";"CC(C)(Cc1ccc(C(=O)Oc2ccc(C(=N)N)cc2F)s1)C(=O)N[C@H](C(=O)O)c1ccc(O)cc1";"Ki";"'='";"0.96";"nM";"9.02";"";"355710";"UO_0000065";"17.56";"0.34";"5.41";"5.54";"0";"CHEMBL3887805";"Trypsin Inhibition Assay: Using a 96 well plate (#3915, Costar), a test compound (25 uL) was mixed with 20 uM fluorescence enzyme substrate (Boc-Phe-Ser-Arg-AMC, 50 uL) mixed with 200 mM Tris-HCl buffer (pH 8.0), and human trypsin (Sigma, 25 uL) was added. Using a fluorescence plate reader fmax (Molecular Devices, Inc.), the reaction rate was measured from the time-course changes at excitation wavelength 355 nm and fluorescence wavelength 460 nm.";"B";"BAO_0000357";"single protein format";"Homo sapiens";"None";"None";"None";"None";"";"";"";"CHEMBL209";"Serine protease 1";"Homo sapiens";"SINGLE PROTEIN";"CHEMBL3886456";"37";"BindingDB Patent Bioactivity Data";"";"2016";"None";"";"";"";"0.96"
"CHEMBL94952";"";"None";"572.45";"1";"3.56";"24";"O=C1Cn2c(Cl)cnc(c2=O)N[C@@H](Cc2ccccc2)CNC(=O)OC/C=C\COc2ccc(Cl)cc2CN1";"Ki";"'='";"110.0";"nM";"6.96";"";"";"UO_0000065";"12.16";"0.24";"3.40";"5.63";"0";"CHEMBL817817";"Inhibitory activity against human trypsin";"B";"BAO_0000357";"single protein format";"None";"None";"None";"None";"None";"";"";"";"CHEMBL209";"Serine protease 1";"Homo sapiens";"SINGLE PROTEIN";"CHEMBL1136169";"1";"Scientific Literature";"Bioorg Med Chem Lett";"2003";"None";"";"";"";"0.11"
"CHEMBL2047997";"";"None";"208.25";"0";"1.31";"1";"N=C(N)Nc1nc2ccc(O)cc2s1";"Ki";"";"";"";"";"";"Not Active";"";"";"";"";"";"0";"CHEMBL2051531";"Inhibition of human recombinant trypsin 1 using tosyl-GPR-pNA substrate by spectrophotometry";"B";"BAO_0000357";"single protein format";"Homo sapiens";"None";"None";"None";"None";"";"";"";"CHEMBL209";"Serine protease 1";"Homo sapiens";"SINGLE PROTEIN";"CHEMBL2046377";"1";"Scientific Literature";"Bioorg Med Chem Lett";"2012";"None";"";"";"";""
"CHEMBL2048003";"";"None";"222.27";"0";"1.62";"7";"Cc1cc(O)cc2sc(NC(=N)N)nc12";"Ki";"";"";"";"";"";"Not Active";"";"";"";"";"";"0";"CHEMBL2051531";"Inhibition of human recombinant trypsin 1 using tosyl-GPR-pNA substrate by spectrophotometry";"B";"BAO_0000357";"single protein format";"Homo sapiens";"None";"None";"None";"None";"";"";"";"CHEMBL209";"Serine protease 1";"Homo sapiens";"SINGLE PROTEIN";"CHEMBL2046377";"1";"Scientific Literature";"Bioorg Med Chem Lett";"2012";"None";"";"";"";""
"CHEMBL3642859";"";"None";"373.37";"0";"1.16";"BDBM109585";"CC(Cc1ccc(C(=O)Oc2ccc(C(=N)N)cc2)o1)C(=O)NCC(=O)O";"Ki";"'='";"1.26";"nM";"8.90";"";"230080";"UO_0000065";"23.84";"0.45";"7.74";"5.72";"0";"CHEMBL3705715";"Inhibition Assay: Inhibition assay using human trysin.";"B";"BAO_0000357";"single protein format";"Homo sapiens";"None";"None";"None";"None";"";"";"";"CHEMBL209";"Serine protease 1";"Homo sapiens";"SINGLE PROTEIN";"CHEMBL3638962";"37";"BindingDB Patent Bioactivity Data";"";"2013";"None";"";"";"";"1.26"
"CHEMBL3642862";"";"None";"429.43";"0";"1.48";"BDBM109588";"C/C(=C\c1ccc(C(=O)Oc2ccc(C(=N)N)cc2)o1)C(=O)N(CCCO)CC(=O)O";"Ki";"'='";"1.01";"nM";"9.00";"";"230083";"UO_0000065";"20.95";"0.40";"7.52";"5.38";"0";"CHEMBL3705715";"Inhibition Assay: Inhibition assay using human trysin.";"B";"BAO_0000357";"single protein format";"Homo sapiens";"None";"None";"None";"None";"";"";"";"CHEMBL209";"Serine protease 1";"Homo sapiens";"SINGLE PROTEIN";"CHEMBL3638962";"37";"BindingDB Patent Bioactivity Data";"";"2013";"None";"";"";"";"1.01"
"CHEMBL3642865";"";"None";"443.46";"0";"1.87";"BDBM109591";"C/C(=C\c1ccc(C(=O)Oc2ccc(C(=N)N)cc2)o1)C(=O)N(CCCO)CCC(=O)O";"Ki";"'='";"1.13";"nM";"8.95";"";"230086";"UO_0000065";"20.18";"0.38";"7.08";"5.35";"0";"CHEMBL3705715";"Inhibition Assay: Inhibition assay using human trysin.";"B";"BAO_0000357";"single protein format";"Homo sapiens";"None";"None";"None";"None";"";"";"";"CHEMBL209";"Serine protease 1";"Homo sapiens";"SINGLE PROTEIN";"CHEMBL3638962";"37";"BindingDB Patent Bioactivity Data";"";"2013";"None";"";"";"";"1.13"
"CHEMBL3642875";"";"None";"430.42";"0";"0.41";"BDBM109601";"C[C@@H](Cc1ccc(C(=O)Oc2ccc(C(=N)N)cc2)o1)C(=O)N[C@@H](CC(N)=O)C(=O)O";"Ki";"'='";"1.3";"nM";"8.89";"";"230096";"UO_0000065";"20.65";"0.39";"8.48";"4.47";"0";"CHEMBL3705715";"Inhibition Assay: Inhibition assay using human trysin.";"B";"BAO_0000357";"single protein format";"Homo sapiens";"None";"None";"None";"None";"";"";"";"CHEMBL209";"Serine protease 1";"Homo sapiens";"SINGLE PROTEIN";"CHEMBL3638962";"37";"BindingDB Patent Bioactivity Data";"";"2013";"None";"";"";"";"1.3"
"CHEMBL105395";"";"None";"359.43";"0";"3.88";"16a";"N=C(N)c1ccc2cc(C(=O)Nc3ccccc3)cc(C3CCOC3)c2c1";"Ki";"'='";"30.0";"nM";"7.52";"";"";"UO_0000065";"20.93";"0.38";"3.64";"8.53";"0";"CHEMBL817133";"Binding affinity against trypsin";"B";"BAO_0000357";"single protein format";"None";"None";"None";"None";"None";"";"";"";"CHEMBL209";"Serine protease 1";"Homo sapiens";"SINGLE PROTEIN";"CHEMBL1146777";"1";"Scientific Literature";"Bioorg Med Chem Lett";"2004";"None";"";"";"";"0.03"
"CHEMBL111660";"";"None";"317.39";"0";"3.94";"31a";"CCc1ccc(NC(=O)c2ccc3cc(C(=N)N)ccc3c2)cc1";"Ki";"'='";"1320.0";"nM";"5.88";"";"";"UO_0000065";"18.52";"0.33";"1.94";"7.45";"0";"CHEMBL819934";"Binding affinity against porcine trypsin was determined.";"B";"BAO_0000357";"single protein format";"Sus scrofa";"None";"None";"None";"None";"";"";"";"CHEMBL209";"Serine protease 1";"Homo sapiens";"SINGLE PROTEIN";"CHEMBL1148377";"1";"Scientific Literature";"J Med Chem";"2004";"None";"";"";"";"1320.0"
"CHEMBL308632";"";"None";"748.89";"2";"2.73";"57";"N=C(N)Nc1ccc(CNC(=O)N2CCN(C(=O)OC[C@H]3CC[C@H](COC(=O)N4CCN(C(=O)NCc5ccc(NC(=N)N)cc5)CC4)CC3)CC2)cc1";"Ki";"'='";"28000.0";"nM";"4.55";"";"";"UO_0000065";"6.08";"0.12";"1.82";"1.84";"0";"CHEMBL824723";"Compound was evaluated for its inhibitory potency against trypsin";"B";"BAO_0000357";"single protein format";"None";"None";"None";"None";"None";"";"";"";"CHEMBL209";"Serine protease 1";"Homo sapiens";"SINGLE PROTEIN";"CHEMBL1132784";"1";"Scientific Literature";"Bioorg Med Chem Lett";"2000";"None";"";"";"";"28.0"
"CHEMBL263454";"";"None";"704.96";"1";"3.54";"40";"NC[C@H]1CC[C@H](CNC(=O)N2CCN(C(=O)O[C@H]3CCC[C@@H](OC(=O)N4CCN(C(=O)NC[C@H]5CC[C@H](CN)CC5)CC4)CCC3)CC2)CC1";"Ki";"'>'";"1000000.0";"nM";"";"Outside typical range";"";"UO_0000065";"";"";"";"";"0";"CHEMBL824723";"Compound was evaluated for its inhibitory potency against trypsin";"B";"BAO_0000357";"single protein format";"None";"None";"None";"None";"None";"";"";"";"CHEMBL209";"Serine protease 1";"Homo sapiens";"SINGLE PROTEIN";"CHEMBL1132784";"1";"Scientific Literature";"Bioorg Med Chem Lett";"2000";"None";"";"";"";"1000.0"
"CHEMBL177038";"";"None";"388.47";"0";"3.05";"10";"N=C(N)c1ccc2c(ccn2CC(=O)N2CCC(C(=O)c3ccccc3)CC2)c1";"Ki";"'>'";"15000.0";"nM";"";"";"";"UO_0000065";"";"";"";"";"0";"CHEMBL812713";"Inhibitory activity against trypsin";"B";"BAO_0000357";"single protein format";"None";"None";"None";"None";"None";"";"";"";"CHEMBL209";"Serine protease 1";"Homo sapiens";"SINGLE PROTEIN";"CHEMBL1131664";"1";"Scientific Literature";"Bioorg Med Chem Lett";"1999";"None";"";"";"";"15000.0"
"CHEMBL5751980";"";"None";"357.36";"0";"3.28";"BDBM113067";"CCOc1cc2c(=O)oc(-c3ccc(OC)cc3OC)nc2cc1OC";"Ki";"'>'";"10000.0";"nM";"";"";"461910";"UO_0000065";"";"";"";"";"0";"CHEMBL5730557";"Trypsin Assay: Materials: Trypsin, 100 ug (Roche, sequence grade, Mw 23500), Substrate S-2288 (Chromogenics, cat. no. 820852). Trypsin activity was determined at 37° C. in 10 mM Na phosphate pH 7.2, 0.5 M NaCl, with final concentrations of 0.8 ug/ml (34 nM) of Trypsin, 1 mM substrate, 5% DMSO in the presence of 0 uM, 0.1 uM, 1.0 uM and 10 uM of inhibitor, in 96 well plates by measuring absorbance at 405 nm in a plate reader (Spectramax).";"B";"BAO_0000357";"single protein format";"Homo sapiens";"None";"None";"None";"None";"";"";"";"CHEMBL209";"Serine protease 1";"Homo sapiens";"SINGLE PROTEIN";"CHEMBL5725320";"37";"BindingDB Patent Bioactivity Data";"";"2017";"None";"";"";"";"10000.0"
"CHEMBL3672872";"";"None";"527.53";"1";"3.99";"BDBM158131";"CC(C)(Cc1ccc(C(=O)Oc2ccc(C(=N)N)cc2F)s1)C(=O)Nc1cc(C(=O)O)cc(C(=O)O)c1";"Ki";"'='";"0.49";"nM";"9.31";"";"591952";"UO_0000065";"17.65";"0.34";"5.32";"5.18";"1";"CHEMBL5731810";"Inhibitory Activity Assay: Using a 96 well plate (#3915, Costar), a test compound (25 μL), 400 mM Tris-HCl buffer (pH 8.0, 25 μL) and 0.5 mg/mL fluorescence enzyme substrate (Gly-Asp-Asp-Asp-Asp-Lys-β-Naphtylamide, 25 μL) were mixed, and recombinant human enteropeptidase (R&D Systems, Inc., 25 μL) was added. Using a fluorescence plate reader fmax (Molecular Devices, Inc.), the reaction rate was measured from the time-course changes at excitation wavelength 320 nm and fluorescence wavelength 405 nm. The Ki value was calculated from the concentration of the test compound, reciprocal of reaction rate, and Km value of the enzyme substrate, and by using Dixon plot.";"B";"BAO_0000357";"single protein format";"Homo sapiens";"None";"None";"None";"None";"";"";"";"CHEMBL209";"Serine protease 1";"Homo sapiens";"SINGLE PROTEIN";"CHEMBL5725983";"37";"BindingDB Patent Bioactivity Data";"";"2017";"None";"";"";"";"0.49"
"CHEMBL6060700";"";"None";"519.98";"0";"4.30";"BDBM308495";"CC(C)(Cc1ccc(C(=O)Oc2ccc(C(=N)N)cc2F)s1)C(=O)Nc1ccc(C(=O)O)cc1.Cl";"Ki";"'='";"2.89";"nM";"8.54";"";"591896";"UO_0000065";"17.66";"0.34";"4.24";"5.99";"0";"CHEMBL5731810";"Inhibitory Activity Assay: Using a 96 well plate (#3915, Costar), a test compound (25 μL), 400 mM Tris-HCl buffer (pH 8.0, 25 μL) and 0.5 mg/mL fluorescence enzyme substrate (Gly-Asp-Asp-Asp-Asp-Lys-β-Naphtylamide, 25 μL) were mixed, and recombinant human enteropeptidase (R&D Systems, Inc., 25 μL) was added. Using a fluorescence plate reader fmax (Molecular Devices, Inc.), the reaction rate was measured from the time-course changes at excitation wavelength 320 nm and fluorescence wavelength 405 nm. The Ki value was calculated from the concentration of the test compound, reciprocal of reaction rate, and Km value of the enzyme substrate, and by using Dixon plot.";"B";"BAO_0000357";"single protein format";"Homo sapiens";"None";"None";"None";"None";"";"";"";"CHEMBL209";"Serine protease 1";"Homo sapiens";"SINGLE PROTEIN";"CHEMBL5725983";"37";"BindingDB Patent Bioactivity Data";"";"2017";"None";"";"";"";"2.89"
"CHEMBL3667913";"";"None";"503.60";"1";"4.11";"BDBM158107";"CC(C)(Cc1ccc(C(=O)Oc2ccc(C(=N)N)cc2F)s1)C(=O)N[C@H](C(=O)O)C1CCCCC1";"Ki";"'='";"3.04";"nM";"8.52";"";"591904";"UO_0000065";"16.91";"0.33";"4.41";"5.97";"1";"CHEMBL5731810";"Inhibitory Activity Assay: Using a 96 well plate (#3915, Costar), a test compound (25 μL), 400 mM Tris-HCl buffer (pH 8.0, 25 μL) and 0.5 mg/mL fluorescence enzyme substrate (Gly-Asp-Asp-Asp-Asp-Lys-β-Naphtylamide, 25 μL) were mixed, and recombinant human enteropeptidase (R&D Systems, Inc., 25 μL) was added. Using a fluorescence plate reader fmax (Molecular Devices, Inc.), the reaction rate was measured from the time-course changes at excitation wavelength 320 nm and fluorescence wavelength 405 nm. The Ki value was calculated from the concentration of the test compound, reciprocal of reaction rate, and Km value of the enzyme substrate, and by using Dixon plot.";"B";"BAO_0000357";"single protein format";"Homo sapiens";"None";"None";"None";"None";"";"";"";"CHEMBL209";"Serine protease 1";"Homo sapiens";"SINGLE PROTEIN";"CHEMBL5725983";"37";"BindingDB Patent Bioactivity Data";"";"2017";"None";"";"";"";"3.04"
"CHEMBL3672853";"";"None";"456.50";"0";"3.29";"BDBM158112";"CC(C)(Cc1ccc(C(=O)Oc2ccc(C(=N)N)cc2F)s1)C(=O)Nc1ccc[nH]c1=O";"Ki";"'='";"4.54";"nM";"8.34";"";"591914";"UO_0000065";"18.28";"0.36";"5.05";"6.04";"1";"CHEMBL5731810";"Inhibitory Activity Assay: Using a 96 well plate (#3915, Costar), a test compound (25 μL), 400 mM Tris-HCl buffer (pH 8.0, 25 μL) and 0.5 mg/mL fluorescence enzyme substrate (Gly-Asp-Asp-Asp-Asp-Lys-β-Naphtylamide, 25 μL) were mixed, and recombinant human enteropeptidase (R&D Systems, Inc., 25 μL) was added. Using a fluorescence plate reader fmax (Molecular Devices, Inc.), the reaction rate was measured from the time-course changes at excitation wavelength 320 nm and fluorescence wavelength 405 nm. The Ki value was calculated from the concentration of the test compound, reciprocal of reaction rate, and Km value of the enzyme substrate, and by using Dixon plot.";"B";"BAO_0000357";"single protein format";"Homo sapiens";"None";"None";"None";"None";"";"";"";"CHEMBL209";"Serine protease 1";"Homo sapiens";"SINGLE PROTEIN";"CHEMBL5725983";"37";"BindingDB Patent Bioactivity Data";"";"2017";"None";"";"";"";"4.54"
"CHEMBL5826563";"";"None";"556.10";"1";"4.74";"BDBM308513";"CCC(C)[C@@H](CC(=O)O)NC(=O)C(CC)(CC)Cc1ccc(C(=O)Oc2ccc(C(=N)N)cc2F)s1.Cl";"Ki";"'='";"1.97";"nM";"8.71";"";"591932";"UO_0000065";"16.75";"0.33";"3.97";"6.11";"0";"CHEMBL5731810";"Inhibitory Activity Assay: Using a 96 well plate (#3915, Costar), a test compound (25 μL), 400 mM Tris-HCl buffer (pH 8.0, 25 μL) and 0.5 mg/mL fluorescence enzyme substrate (Gly-Asp-Asp-Asp-Asp-Lys-β-Naphtylamide, 25 μL) were mixed, and recombinant human enteropeptidase (R&D Systems, Inc., 25 μL) was added. Using a fluorescence plate reader fmax (Molecular Devices, Inc.), the reaction rate was measured from the time-course changes at excitation wavelength 320 nm and fluorescence wavelength 405 nm. The Ki value was calculated from the concentration of the test compound, reciprocal of reaction rate, and Km value of the enzyme substrate, and by using Dixon plot.";"B";"BAO_0000357";"single protein format";"Homo sapiens";"None";"None";"None";"None";"";"";"";"CHEMBL209";"Serine protease 1";"Homo sapiens";"SINGLE PROTEIN";"CHEMBL5725983";"37";"BindingDB Patent Bioactivity Data";"";"2017";"None";"";"";"";"1.97"
"CHEMBL5876576";"";"None";"512.00";"0";"3.17";"BDBM308498";"CCC(CC)(Cc1ccc(C(=O)Oc2ccc(C(=N)N)cc2F)s1)C(=O)N[C@@H]1COC(=O)C1.Cl";"Ki";"'='";"2.73";"nM";"8.56";"";"591902";"UO_0000065";"18.01";"0.35";"5.39";"6.51";"0";"CHEMBL5731810";"Inhibitory Activity Assay: Using a 96 well plate (#3915, Costar), a test compound (25 μL), 400 mM Tris-HCl buffer (pH 8.0, 25 μL) and 0.5 mg/mL fluorescence enzyme substrate (Gly-Asp-Asp-Asp-Asp-Lys-β-Naphtylamide, 25 μL) were mixed, and recombinant human enteropeptidase (R&D Systems, Inc., 25 μL) was added. Using a fluorescence plate reader fmax (Molecular Devices, Inc.), the reaction rate was measured from the time-course changes at excitation wavelength 320 nm and fluorescence wavelength 405 nm. The Ki value was calculated from the concentration of the test compound, reciprocal of reaction rate, and Km value of the enzyme substrate, and by using Dixon plot.";"B";"BAO_0000357";"single protein format";"Homo sapiens";"None";"None";"None";"None";"";"";"";"CHEMBL209";"Serine protease 1";"Homo sapiens";"SINGLE PROTEIN";"CHEMBL5725983";"37";"BindingDB Patent Bioactivity Data";"";"2017";"None";"";"";"";"2.73"
"CHEMBL6021647";"";"None";"497.98";"0";"3.03";"BDBM308240";"CC(C)(Cc1ccc(C(=O)Oc2ccc(C(=N)N)cc2F)s1)C(=O)N1CCC[C@H]1C(=O)O.Cl";"Ki";"'='";"1.69";"nM";"8.77";"";"591850";"UO_0000065";"19.01";"0.37";"5.74";"6.56";"0";"CHEMBL5731810";"Inhibitory Activity Assay: Using a 96 well plate (#3915, Costar), a test compound (25 μL), 400 mM Tris-HCl buffer (pH 8.0, 25 μL) and 0.5 mg/mL fluorescence enzyme substrate (Gly-Asp-Asp-Asp-Asp-Lys-β-Naphtylamide, 25 μL) were mixed, and recombinant human enteropeptidase (R&D Systems, Inc., 25 μL) was added. Using a fluorescence plate reader fmax (Molecular Devices, Inc.), the reaction rate was measured from the time-course changes at excitation wavelength 320 nm and fluorescence wavelength 405 nm. The Ki value was calculated from the concentration of the test compound, reciprocal of reaction rate, and Km value of the enzyme substrate, and by using Dixon plot.";"B";"BAO_0000357";"single protein format";"Homo sapiens";"None";"None";"None";"None";"";"";"";"CHEMBL209";"Serine protease 1";"Homo sapiens";"SINGLE PROTEIN";"CHEMBL5725983";"37";"BindingDB Patent Bioactivity Data";"";"2017";"None";"";"";"";"1.69"
"CHEMBL5810351";"";"None";"483.95";"0";"2.69";"BDBM308521";"CC(C)(Cc1ccc(C(=O)Oc2ccc(C(=N)N)cc2F)s1)C(=O)NC1(C(=O)O)CC1.Cl";"Ki";"'='";"1.01";"nM";"9.00";"";"591948";"UO_0000065";"20.10";"0.40";"6.31";"6.31";"0";"CHEMBL5731810";"Inhibitory Activity Assay: Using a 96 well plate (#3915, Costar), a test compound (25 μL), 400 mM Tris-HCl buffer (pH 8.0, 25 μL) and 0.5 mg/mL fluorescence enzyme substrate (Gly-Asp-Asp-Asp-Asp-Lys-β-Naphtylamide, 25 μL) were mixed, and recombinant human enteropeptidase (R&D Systems, Inc., 25 μL) was added. Using a fluorescence plate reader fmax (Molecular Devices, Inc.), the reaction rate was measured from the time-course changes at excitation wavelength 320 nm and fluorescence wavelength 405 nm. The Ki value was calculated from the concentration of the test compound, reciprocal of reaction rate, and Km value of the enzyme substrate, and by using Dixon plot.";"B";"BAO_0000357";"single protein format";"Homo sapiens";"None";"None";"None";"None";"";"";"";"CHEMBL209";"Serine protease 1";"Homo sapiens";"SINGLE PROTEIN";"CHEMBL5725983";"37";"BindingDB Patent Bioactivity Data";"";"2017";"None";"";"";"";"1.01"
"CHEMBL3672873";"";"None";"555.58";"1";"4.17";"BDBM158132";"COC(=O)c1cc(NC(=O)C(C)(C)Cc2ccc(C(=O)Oc3ccc(C(=N)N)cc3F)s2)cc(C(=O)OC)c1";"Ki";"'='";"1.02";"nM";"8.99";"";"591954";"UO_0000065";"16.18";"0.31";"4.82";"5.70";"1";"CHEMBL5731810";"Inhibitory Activity Assay: Using a 96 well plate (#3915, Costar), a test compound (25 μL), 400 mM Tris-HCl buffer (pH 8.0, 25 μL) and 0.5 mg/mL fluorescence enzyme substrate (Gly-Asp-Asp-Asp-Asp-Lys-β-Naphtylamide, 25 μL) were mixed, and recombinant human enteropeptidase (R&D Systems, Inc., 25 μL) was added. Using a fluorescence plate reader fmax (Molecular Devices, Inc.), the reaction rate was measured from the time-course changes at excitation wavelength 320 nm and fluorescence wavelength 405 nm. The Ki value was calculated from the concentration of the test compound, reciprocal of reaction rate, and Km value of the enzyme substrate, and by using Dixon plot.";"B";"BAO_0000357";"single protein format";"Homo sapiens";"None";"None";"None";"None";"";"";"";"CHEMBL209";"Serine protease 1";"Homo sapiens";"SINGLE PROTEIN";"CHEMBL5725983";"37";"BindingDB Patent Bioactivity Data";"";"2017";"None";"";"";"";"1.02"
"CHEMBL5901964";"";"None";"452.94";"0";"2.99";"BDBM308527";"CC(C)(Cc1ccc(C(=O)Oc2ccc(C(=N)N)cc2F)s1)C(=O)NCCC#N.Cl";"Ki";"'='";"3.65";"nM";"8.44";"";"591960";"UO_0000065";"20.26";"0.40";"5.45";"6.54";"0";"CHEMBL5731810";"Inhibitory Activity Assay: Using a 96 well plate (#3915, Costar), a test compound (25 μL), 400 mM Tris-HCl buffer (pH 8.0, 25 μL) and 0.5 mg/mL fluorescence enzyme substrate (Gly-Asp-Asp-Asp-Asp-Lys-β-Naphtylamide, 25 μL) were mixed, and recombinant human enteropeptidase (R&D Systems, Inc., 25 μL) was added. Using a fluorescence plate reader fmax (Molecular Devices, Inc.), the reaction rate was measured from the time-course changes at excitation wavelength 320 nm and fluorescence wavelength 405 nm. The Ki value was calculated from the concentration of the test compound, reciprocal of reaction rate, and Km value of the enzyme substrate, and by using Dixon plot.";"B";"BAO_0000357";"single protein format";"Homo sapiens";"None";"None";"None";"None";"";"";"";"CHEMBL209";"Serine protease 1";"Homo sapiens";"SINGLE PROTEIN";"CHEMBL5725983";"37";"BindingDB Patent Bioactivity Data";"";"2017";"None";"";"";"";"3.65"
"CHEMBL6015377";"";"None";"495.97";"0";"1.83";"BDBM308528";"CC(C)(Cc1ccc(C(=O)Oc2ccc(C(=N)N)cc2F)s1)C(=O)NCCc1nnn[nH]1.Cl";"Ki";"'='";"1.6";"nM";"8.80";"";"591962";"UO_0000065";"19.14";"0.38";"6.97";"5.51";"0";"CHEMBL5731810";"Inhibitory Activity Assay: Using a 96 well plate (#3915, Costar), a test compound (25 μL), 400 mM Tris-HCl buffer (pH 8.0, 25 μL) and 0.5 mg/mL fluorescence enzyme substrate (Gly-Asp-Asp-Asp-Asp-Lys-β-Naphtylamide, 25 μL) were mixed, and recombinant human enteropeptidase (R&D Systems, Inc., 25 μL) was added. Using a fluorescence plate reader fmax (Molecular Devices, Inc.), the reaction rate was measured from the time-course changes at excitation wavelength 320 nm and fluorescence wavelength 405 nm. The Ki value was calculated from the concentration of the test compound, reciprocal of reaction rate, and Km value of the enzyme substrate, and by using Dixon plot.";"B";"BAO_0000357";"single protein format";"Homo sapiens";"None";"None";"None";"None";"";"";"";"CHEMBL209";"Serine protease 1";"Homo sapiens";"SINGLE PROTEIN";"CHEMBL5725983";"37";"BindingDB Patent Bioactivity Data";"";"2017";"None";"";"";"";"1.6"
"CHEMBL5833800";"";"None";"564.04";"1";"4.78";"BDBM308546";"CCC(CC)(Cc1ccc(C(=O)Oc2ccc(C(=N)N)cc2F)s1)C(=O)Nc1ccc(O)c(C(=O)O)c1.Cl";"Ki";"'='";"5.32";"nM";"8.27";"";"591998";"UO_0000065";"15.68";"0.31";"3.49";"5.08";"0";"CHEMBL5731810";"Inhibitory Activity Assay: Using a 96 well plate (#3915, Costar), a test compound (25 μL), 400 mM Tris-HCl buffer (pH 8.0, 25 μL) and 0.5 mg/mL fluorescence enzyme substrate (Gly-Asp-Asp-Asp-Asp-Lys-β-Naphtylamide, 25 μL) were mixed, and recombinant human enteropeptidase (R&D Systems, Inc., 25 μL) was added. Using a fluorescence plate reader fmax (Molecular Devices, Inc.), the reaction rate was measured from the time-course changes at excitation wavelength 320 nm and fluorescence wavelength 405 nm. The Ki value was calculated from the concentration of the test compound, reciprocal of reaction rate, and Km value of the enzyme substrate, and by using Dixon plot.";"B";"BAO_0000357";"single protein format";"Homo sapiens";"None";"None";"None";"None";"";"";"";"CHEMBL209";"Serine protease 1";"Homo sapiens";"SINGLE PROTEIN";"CHEMBL5725983";"37";"BindingDB Patent Bioactivity Data";"";"2017";"None";"";"";"";"5.32"
"CHEMBL5846119";"";"None";"528.05";"0";"4.06";"BDBM308403";"CCCN(CC(=O)O)C(=O)C(CC)(CC)Cc1ccc(C(=O)Oc2ccc(C(=N)N)cc2F)s1.Cl";"Ki";"'='";"7.91";"nM";"8.10";"";"591874";"UO_0000065";"16.48";"0.33";"4.04";"6.06";"0";"CHEMBL5731810";"Inhibitory Activity Assay: Using a 96 well plate (#3915, Costar), a test compound (25 μL), 400 mM Tris-HCl buffer (pH 8.0, 25 μL) and 0.5 mg/mL fluorescence enzyme substrate (Gly-Asp-Asp-Asp-Asp-Lys-β-Naphtylamide, 25 μL) were mixed, and recombinant human enteropeptidase (R&D Systems, Inc., 25 μL) was added. Using a fluorescence plate reader fmax (Molecular Devices, Inc.), the reaction rate was measured from the time-course changes at excitation wavelength 320 nm and fluorescence wavelength 405 nm. The Ki value was calculated from the concentration of the test compound, reciprocal of reaction rate, and Km value of the enzyme substrate, and by using Dixon plot.";"B";"BAO_0000357";"single protein format";"Homo sapiens";"None";"None";"None";"None";"";"";"";"CHEMBL209";"Serine protease 1";"Homo sapiens";"SINGLE PROTEIN";"CHEMBL5725983";"37";"BindingDB Patent Bioactivity Data";"";"2017";"None";"";"";"";"7.91"
